gene_id,gene_name,chromosome,is_X,is_Y,CO_Mega,TE_mean
OR4F5,OR4F5,1,0,0,1.123931216673352,
OR4F29,OR4F29,1,0,0,0.5947256024870491,
OR4F16,OR4F16,1,0,0,0.5947256024870491,
SAMD11,SAMD11,1,0,0,-3.4705844135649677,-4.59579147796782
NOC2L,NOC2L,1,0,0,-2.1877050557464024,-1.55875699878706
KLHL17,KLHL17,1,0,0,-2.9123795904143446,-4.59009445829123
PLEKHN1,PLEKHN1,1,0,0,-3.8316460462066306,
PERM1,PERM1,1,0,0,-3.3183507388320397,
HES4,HES4,1,0,0,-2.9839710692268913,-4.66400061023622
ISG15,ISG15,1,0,0,-2.8829310560605403,-1.19481853312263
AGRN,AGRN,1,0,0,-3.056177567514114,-2.41086475654204
RNF223,RNF223,1,0,0,-2.9937854276011304,
C1orf159,C1orf159,1,0,0,-2.6150006458855266,-2.47980040742032
TTLL10,TTLL10,1,0,0,-3.129895368047954,
TNFRSF18,TNFRSF18,1,0,0,-2.76704748485348,-1.47678133342444
TNFRSF4,TNFRSF4,1,0,0,-3.7247227562821603,
SDF4,SDF4,1,0,0,-2.540992814343298,-2.16944706021195
B3GALT6,B3GALT6,1,0,0,-2.620146846452343,-3.18158462956421
C1QTNF12,C1QTNF12,1,0,0,-3.4087696705796304,
UBE2J2,UBE2J2,1,0,0,-1.6927944977432805,-1.29358638793497
SCNN1D,SCNN1D,1,0,0,-3.384093840634561,-6.2483925880866
ACAP3,ACAP3,1,0,0,-2.666077315258491,-3.36789746012488
PUSL1,PUSL1,1,0,0,-2.9122993370548507,-1.88410134315404
INTS11,INTS11,1,0,0,-1.9169936335261326,-1.37555696065734
CPTP,CPTP,1,0,0,-2.634470583558505,-2.0230235314953
TAS1R3,TAS1R3,1,0,0,-2.6653560509000727,
DVL1,DVL1,1,0,0,-3.39920083906841,-4.73424455053906
MXRA8,MXRA8,1,0,0,-2.550331026118897,-2.09609832843968
AURKAIP1,AURKAIP1,1,0,0,-2.3735041775715793,-1.57111487450519
CCNL2,CCNL2,1,0,0,-2.113313259637156,-3.14916968834397
MRPL20,MRPL20,1,0,0,-0.619805979112737,-0.525341800841141
ANKRD65,ANKRD65,1,0,0,-3.336698341797801,-2.19437797852651
TMEM88B,TMEM88B,1,0,0,-3.3680268206212656,
VWA1,VWA1,1,0,0,-3.2234964778190687,-1.53126368235822
ATAD3C,ATAD3C,1,0,0,-2.256819123948672,-4.15844156931191
ATAD3B,ATAD3B,1,0,0,-2.6137915774966327,-4.40976699063236
ATAD3A,ATAD3A,1,0,0,-2.5576525149928724,-1.9680444300904
TMEM240,TMEM240,1,0,0,-2.0811897168373754,
SSU72,SSU72,1,0,0,-1.3026176860806196,-1.55897176247282
FNDC10,FNDC10,1,0,0,-2.500127788148937,
MIB2,MIB2,1,0,0,-2.9855166643580375,-3.64011631731471
MMP23B,MMP23B,1,0,0,-2.8231120707672464,
CDK11B,CDK11B,1,0,0,-2.610978252740294,-1.51653961962706
SLC35E2B,SLC35E2B,1,0,0,-1.5069333767400135,-3.40874071901696
CDK11A,CDK11A,1,0,0,-2.6089768188748312,-1.72706195002858
NADK,NADK,1,0,0,-1.9837851095892969,-2.39435607479464
GNB1,GNB1,1,0,0,-1.1312974201130004,-1.69643930130202
CALML6,CALML6,1,0,0,-1.1773492934510568,
TMEM52,TMEM52,1,0,0,-2.8166892481866572,-2.76392082871115
CFAP74,CFAP74,1,0,0,-2.4365770207471975,
GABRD,GABRD,1,0,0,-2.0043436634887595,
PRKCZ,PRKCZ,1,0,0,-1.826092890692987,-2.4247333865304
FAAP20,FAAP20,1,0,0,-3.3981202830856976,-2.58682435365863
SKI,SKI,1,0,0,-2.8982888914330633,-3.94604415850126
MORN1,MORN1,1,0,0,-2.5666315387489718,-2.0610446066664
RER1,RER1,1,0,0,0.4156909274692495,0.432941436370246
PEX10,PEX10,1,0,0,-3.0401005887297394,-3.22335067728942
PLCH2,PLCH2,1,0,0,-2.8653506917548075,-5.15432443814924
PANK4,PANK4,1,0,0,-1.9817642324908693,-1.73928790985649
HES5,HES5,1,0,0,-3.266640202784762,
TNFRSF14,TNFRSF14,1,0,0,-2.5616039449898462,-3.54606132857016
PRXL2B,PRXL2B,1,0,0,-2.296924187191401,-1.13700462965369
MMEL1,MMEL1,1,0,0,-1.9462875617002808,
TTC34,TTC34,1,0,0,-3.103930956074219,
ACTRT2,ACTRT2,1,0,0,-2.2688387243450734,
PRDM16,PRDM16,1,0,0,-2.933467427539343,
ARHGEF16,ARHGEF16,1,0,0,-3.0934116857982588,-2.29132466973638
MEGF6,MEGF6,1,0,0,-3.23019489138321,-2.40207887558608
TPRG1L,TPRG1L,1,0,0,-1.7902758614411862,-0.997356588397012
WRAP73,WRAP73,1,0,0,-1.5715185316345721,-1.06108444155134
TP73,TP73,1,0,0,-2.9838121266083313,
CCDC27,CCDC27,1,0,0,-2.99947392871532,
SMIM1,SMIM1,1,0,0,-2.66844190511506,-1.14141839897613
LRRC47,LRRC47,1,0,0,-2.498343940645027,-1.87109259800676
CEP104,CEP104,1,0,0,-0.6073770425182197,-2.80557300371019
DFFB,DFFB,1,0,0,-2.462153371608675,-2.65387565620084
C1orf174,C1orf174,1,0,0,-1.5673220276002002,-0.736874960591379
AJAP1,AJAP1,1,0,0,-3.248134221888918,
NPHP4,NPHP4,1,0,0,-2.395517161526609,
KCNAB2,KCNAB2,1,0,0,-1.7577793399679322,-2.84756792134027
CHD5,CHD5,1,0,0,-2.1302311852678777,
RPL22,RPL22,1,0,0,0.45205985800839166,0.564486602888907
RNF207,RNF207,1,0,0,-2.7998702753742517,-4.14381563613212
ICMT,ICMT,1,0,0,-0.4118579136164442,-0.0314085471848329
HES3,HES3,1,0,0,-3.4448584304226664,
GPR153,GPR153,1,0,0,-2.5199354856830123,-6.05892569352424
ACOT7,ACOT7,1,0,0,-2.223357184396159,-1.1518533536361
HES2,HES2,1,0,0,-2.9415647060722563,
ESPN,ESPN,1,0,0,-3.2460457564842944,-1.74952182775094
TNFRSF25,TNFRSF25,1,0,0,-2.2159805957158962,
PLEKHG5,PLEKHG5,1,0,0,-3.1528287883050687,-4.39544849335426
NOL9,NOL9,1,0,0,-0.6608629918788189,-0.145201211133495
TAS1R1,TAS1R1,1,0,0,-1.4874905170857566,
ZBTB48,ZBTB48,1,0,0,-2.5698228109877483,-2.36540816868702
KLHL21,KLHL21,1,0,0,-1.9873602750129553,-1.86571048427769
PHF13,PHF13,1,0,0,-1.8005899356048385,-1.22774289997195
THAP3,THAP3,1,0,0,-2.5639545847616176,-1.68005670727666
DNAJC11,DNAJC11,1,0,0,-1.1683196782808682,-1.32898149031654
CAMTA1,CAMTA1,1,0,0,-2.226586304292697,1.51909671428101
VAMP3,VAMP3,1,0,0,0.2883462523680862,0.351409549544101
PER3,PER3,1,0,0,-1.420214337588547,-3.16104877333361
UTS2,UTS2,1,0,0,0.012815184265837942,
TNFRSF9,TNFRSF9,1,0,0,-0.7979631574272936,
PARK7,PARK7,1,0,0,0.366603955106795,0.244815197780173
ERRFI1,ERRFI1,1,0,0,-0.7505042318362118,-0.379530255416294
SLC45A1,SLC45A1,1,0,0,-2.4081505506343603,
RERE,RERE,1,0,0,-2.9755484664752156,-3.51098821216918
ENO1,ENO1,1,0,0,-0.25339640540969555,0.262473574369641
CA6,CA6,1,0,0,-0.9624376258022824,
SLC2A7,SLC2A7,1,0,0,-1.3118689890641164,
SLC2A5,SLC2A5,1,0,0,-0.9238625328051953,
GPR157,GPR157,1,0,0,-1.8148607282792675,-2.2937563760222
H6PD,H6PD,1,0,0,-2.488529487259868,-1.79166571485553
SPSB1,SPSB1,1,0,0,-1.6859149660956891,-2.18457084927779
SLC25A33,SLC25A33,1,0,0,0.4115126980402142,-1.27149432487308
TMEM201,TMEM201,1,0,0,-2.9941076045337827,-2.38945675110722
PIK3CD,PIK3CD,1,0,0,-2.087353551047771,-2.5510158789002
CLSTN1,CLSTN1,1,0,0,-1.7777902387065883,-1.21322098487223
CTNNBIP1,CTNNBIP1,1,0,0,-2.5211002285945714,-2.25667509850944
LZIC,LZIC,1,0,0,0.6152003593087247,1.80033207560958
NMNAT1,NMNAT1,1,0,0,-0.26356003837331876,1.56741732163323
RBP7,RBP7,1,0,0,-0.5214192170004566,-0.0826513690040229
UBE4B,UBE4B,1,0,0,-0.8150855709903073,-1.42695757715958
KIF1B,KIF1B,1,0,0,-0.660773505049395,-1.38102938773199
PGD,PGD,1,0,0,-0.331601680833824,-0.396321499126959
CENPS,CENPS,1,0,0,-0.43052244419187247,
CORT,CORT,1,0,0,-2.803100524897003,
DFFA,DFFA,1,0,0,-1.8300351234757866,-1.1024848814962
PEX14,PEX14,1,0,0,-3.343409543928246,-1.37186011579696
CASZ1,CASZ1,1,0,0,-2.714987104131408,
C1orf127,C1orf127,1,0,0,-2.560593962698226,
TARDBP,TARDBP,1,0,0,0.239062946040276,0.77587444509622
MASP2,MASP2,1,0,0,-0.7537060533705446,-0.213188744058937
SRM,SRM,1,0,0,-2.041938007022358,-2.200879255462
EXOSC10,EXOSC10,1,0,0,-0.7240587562684642,-0.83024928219824
MTOR,MTOR,1,0,0,-0.907819591814123,-1.96002597934105
ANGPTL7,ANGPTL7,1,0,0,-1.2329583654286331,
UBIAD1,UBIAD1,1,0,0,-1.3634213685349792,-1.11386130700312
DISP3,DISP3,1,0,0,-2.0855475165204975,
FBXO2,FBXO2,1,0,0,-2.933966364351406,-1.01989101414251
FBXO44,FBXO44,1,0,0,-1.8724763001649478,-1.9346598674649
FBXO6,FBXO6,1,0,0,-1.4528637505338882,-1.00419431223897
MAD2L2,MAD2L2,1,0,0,-1.5240987942293671,-1.17627374723868
DRAXIN,DRAXIN,1,0,0,-2.9723470128829472,
AGTRAP,AGTRAP,1,0,0,-1.5332448309288331,-0.179361286244911
C1orf167,C1orf167,1,0,0,-3.1005916406918406,
MTHFR,MTHFR,1,0,0,-1.719932240073069,-1.86315627332301
CLCN6,CLCN6,1,0,0,-0.8024195932639611,-1.61901785055718
NPPA,NPPA,1,0,0,-1.9296520294099526,
NPPB,NPPB,1,0,0,-3.135872381844816,
KIAA2013,KIAA2013,1,0,0,-2.6442925239119717,-2.90498988319978
PLOD1,PLOD1,1,0,0,-1.7042319993492487,-0.97473060282958
MFN2,MFN2,1,0,0,-1.316781220938056,-1.6144026373432
MIIP,MIIP,1,0,0,-3.758504067112879,-2.9049017299484
TNFRSF8,TNFRSF8,1,0,0,-2.7495553574807072,
TNFRSF1B,TNFRSF1B,1,0,0,-2.8076776565402692,-1.91145226480344
VPS13D,VPS13D,1,0,0,-0.33402230293101987,-3.02929157699733
DHRS3,DHRS3,1,0,0,-1.640541772502532,-0.987113919740668
AADACL4,AADACL4,1,0,0,-0.23679734502896643,
AADACL3,AADACL3,1,0,0,-0.37755155541429986,
CFAP107,CFAP107,1,0,0,-1.3645853618198647,
PRAMEF12,PRAMEF12,1,0,0,-1.820434053617996,
PRAMEF1,PRAMEF1,1,0,0,-1.2518102569229015,
PRAMEF11,PRAMEF11,1,0,0,-0.8656845949058773,
HNRNPCL1,HNRNPCL1,1,0,0,0.1790266391224904,
PRAMEF2,PRAMEF2,1,0,0,-1.4230319219235934,
PRAMEF4,PRAMEF4,1,0,0,-0.7061970167007043,
PRAMEF10,PRAMEF10,1,0,0,-1.1176341606561344,
PRAMEF7,PRAMEF7,1,0,0,-1.7889956785775425,
PRAMEF6,PRAMEF6,1,0,0,-0.894071848366039,
PRAMEF27,PRAMEF27,1,0,0,-0.7098854736573141,
HNRNPCL3,HNRNPCL3,1,0,0,0.2118413199360294,
PRAMEF25,PRAMEF25,1,0,0,-0.8183269904775923,
HNRNPCL2,HNRNPCL2,1,0,0,0.12419879002789536,
PRAMEF26,PRAMEF26,1,0,0,-0.8183269904775923,
HNRNPCL4,HNRNPCL4,1,0,0,0.20207757707934348,
PRAMEF9,PRAMEF9,1,0,0,-0.8008594718465112,
PRAMEF13,PRAMEF13,1,0,0,-1.3429663679006616,
PRAMEF18,PRAMEF18,1,0,0,-1.1216041531317789,
PRAMEF5,PRAMEF5,1,0,0,-0.9225167063093593,
PRAMEF8,PRAMEF8,1,0,0,-1.7545454820467974,
PRAMEF33,PRAMEF33,1,0,0,-1.116551334157771,
PRAMEF15,PRAMEF15,1,0,0,-0.7481028710256439,
PRAMEF14,PRAMEF14,1,0,0,-1.205331910772145,
PRAMEF19,PRAMEF19,1,0,0,-1.0256051635246894,
PRAMEF17,PRAMEF17,1,0,0,-1.1593235576201746,
PRAMEF20,PRAMEF20,1,0,0,-1.0505528718665378,
LRRC38,LRRC38,1,0,0,-2.5752642832382655,
PDPN,PDPN,1,0,0,-0.7206876099139503,
PRDM2,PRDM2,1,0,0,-0.9966497826783378,-2.44441812788274
KAZN,KAZN,1,0,0,-2.7968559204883547,-5.11466286481748
TMEM51,TMEM51,1,0,0,-2.4763508630569078,-1.80591289324787
FHAD1,FHAD1,1,0,0,-1.706897068429706,
EFHD2,EFHD2,1,0,0,-2.2641609610416964,-1.78565539932985
CTRC,CTRC,1,0,0,-1.8879089526289672,
CELA2A,CELA2A,1,0,0,-1.939566335793911,
CELA2B,CELA2B,1,0,0,-1.5314285382251676,
CASP9,CASP9,1,0,0,-1.5586716092454722,-1.12251492701232
DNAJC16,DNAJC16,1,0,0,-0.3059497171471719,0.325428634044905
AGMAT,AGMAT,1,0,0,-1.2543632099231168,-0.725427557001227
DDI2,DDI2,1,0,0,-1.1256827090755177,-1.36085960613005
RSC1A1,RSC1A1,1,0,0,-0.38950589179485284,-3.82943558671289
PLEKHM2,PLEKHM2,1,0,0,-2.5655173361561765,-3.96363478100298
SLC25A34,SLC25A34,1,0,0,-1.8789036444011753,-3.49195471716861
TMEM82,TMEM82,1,0,0,-2.9484385195370066,-1.29119964325173
FBLIM1,FBLIM1,1,0,0,-2.5378336715986016,-2.47867181494031
UQCRHL,UQCRHL,1,0,0,-1.9251873564089212,
SPEN,SPEN,1,0,0,-1.566567232922127,-3.09183522534829
ZBTB17,ZBTB17,1,0,0,-2.922179974210451,-3.69208413407708
SRARP,SRARP,1,0,0,-2.22612302625444,
HSPB7,HSPB7,1,0,0,-2.3998875317638557,0.009168252915881
CLCNKA,CLCNKA,1,0,0,-1.3875536061479412,
CLCNKB,CLCNKB,1,0,0,-1.3572088515461438,
FAM131C,FAM131C,1,0,0,-3.300816189738372,
EPHA2,EPHA2,1,0,0,-1.7882121130552697,-1.91994482744628
ARHGEF19,ARHGEF19,1,0,0,-3.110397414986638,-4.28123565733103
CPLANE2,CPLANE2,1,0,0,-1.8915917800312787,-3.50743766472056
FBXO42,FBXO42,1,0,0,-1.0560048950360663,-1.56601431591453
SZRD1,SZRD1,1,0,0,-3.5158497080143167,-2.23844524479779
SPATA21,SPATA21,1,0,0,-2.3276459364151414,
NECAP2,NECAP2,1,0,0,-1.8243749159533476,-0.993559776231005
CROCC,CROCC,1,0,0,-3.9784351312589177,-3.64690980520198
MFAP2,MFAP2,1,0,0,-2.091347348176294,-0.729552663887569
ATP13A2,ATP13A2,1,0,0,-2.2067544443528817,-3.85606731716027
SDHB,SDHB,1,0,0,0.28373009445185815,0.784985400815613
PADI2,PADI2,1,0,0,-1.44618952568689,
PADI1,PADI1,1,0,0,-1.497339454151989,
PADI3,PADI3,1,0,0,-1.7317420888768513,
PADI4,PADI4,1,0,0,-1.689984254545175,-4.25071518516909
PADI6,PADI6,1,0,0,-1.1741747468441872,
RCC2,RCC2,1,0,0,-1.663618131388148,-2.32563329593825
ARHGEF10L,ARHGEF10L,1,0,0,-2.730654392798863,-3.0153355295986
ACTL8,ACTL8,1,0,0,-1.8371632071882917,
IGSF21,IGSF21,1,0,0,-2.1241198907657903,
KLHDC7A,KLHDC7A,1,0,0,-2.72137732868665,-1.74507857158053
PAX7,PAX7,1,0,0,-2.4549631150717133,
TAS1R2,TAS1R2,1,0,0,-1.4376900643849453,
ALDH4A1,ALDH4A1,1,0,0,-1.8745927812339502,-0.895675789442175
IFFO2,IFFO2,1,0,0,-2.5469074570755215,-2.13031952861539
UBR4,UBR4,1,0,0,-0.8434693973412539,-2.28949649520459
EMC1,EMC1,1,0,0,-0.9391940139570689,0.0992914295949318
MRTO4,MRTO4,1,0,0,-0.9538041210718884,-0.147261268314753
AKR7A3,AKR7A3,1,0,0,-2.2146876545454433,-0.454030808405527
AKR7A2,AKR7A2,1,0,0,-2.09220865037309,-0.760227763098271
SLC66A1,SLC66A1,1,0,0,-1.7701297408034389,-1.62006748385312
CAPZB,CAPZB,1,0,0,-0.7212414514320056,0.618300208522636
MICOS10,MICOS10,1,0,0,1.267153603530378,-0.81337768965643
NBL1,NBL1,1,0,0,-3.5418208956564765,
HTR6,HTR6,1,0,0,-2.4312928880618117,
TMCO4,TMCO4,1,0,0,-1.904642739048585,-2.21257534307361
RNF186,RNF186,1,0,0,-2.367378739032823,
OTUD3,OTUD3,1,0,0,-1.3626075303455032,-3.17169015233335
PLA2G2E,PLA2G2E,1,0,0,-1.0876712999209204,
PLA2G2A,PLA2G2A,1,0,0,-0.24872175159302223,1.26246612350547
PLA2G5,PLA2G5,1,0,0,-0.8398341266309508,-3.55347945470036
PLA2G2D,PLA2G2D,1,0,0,-1.287118307023908,
PLA2G2F,PLA2G2F,1,0,0,-1.8430254822206535,
PLA2G2C,PLA2G2C,1,0,0,-2.053275661241287,
UBXN10,UBXN10,1,0,0,-1.8511412169597108,-1.07571049153413
VWA5B1,VWA5B1,1,0,0,-2.3019226210980506,
CAMK2N1,CAMK2N1,1,0,0,-1.4996351688586067,-2.10933842291685
MUL1,MUL1,1,0,0,-1.6994755849812542,-0.997143378271048
FAM43B,FAM43B,1,0,0,-3.063342889845888,-2.44563753023407
CDA,CDA,1,0,0,-1.2087429277292454,-0.435702352229035
PINK1,PINK1,1,0,0,-1.9230951352260757,-1.89139087323737
DDOST,DDOST,1,0,0,-1.0956668612049292,-0.280998415552883
KIF17,KIF17,1,0,0,-2.6232045394149086,
SH2D5,SH2D5,1,0,0,-3.1604727542929005,
HP1BP3,HP1BP3,1,0,0,-0.5307835063911543,-0.352627020724295
EIF4G3,EIF4G3,1,0,0,-0.670213959190125,-1.78195999473346
ECE1,ECE1,1,0,0,-1.6016293438444862,-0.566154794518207
NBPF3,NBPF3,1,0,0,-1.6754158110544939,
ALPL,ALPL,1,0,0,-1.7610658626036706,-1.6279269860469
RAP1GAP,RAP1GAP,1,0,0,-2.3494798025995696,-2.9236970351405
USP48,USP48,1,0,0,0.3602655423233312,-0.505150582807203
LDLRAD2,LDLRAD2,1,0,0,-2.316071066599699,
HSPG2,HSPG2,1,0,0,-2.9992169663183077,-1.64216537278619
CELA3B,CELA3B,1,0,0,-1.9769514664288508,
CELA3A,CELA3A,1,0,0,-1.7156428388829728,
CDC42,CDC42,1,0,0,0.7897123220192306,0.41579834304376
WNT4,WNT4,1,0,0,-2.5858232168825417,
ZBTB40,ZBTB40,1,0,0,-1.2396724229268283,-1.79338864659505
EPHA8,EPHA8,1,0,0,-2.500536183381067,
C1QA,C1QA,1,0,0,-2.4572727619730887,-0.61224230677259
C1QC,C1QC,1,0,0,-2.2580384208110473,-0.228150734630806
C1QB,C1QB,1,0,0,-1.6869196993716287,-0.602081121583211
EPHB2,EPHB2,1,0,0,-1.5153796241963775,
LACTBL1,LACTBL1,1,0,0,-2.2624436404845554,
TEX46,TEX46,1,0,0,-0.9644517978998639,
KDM1A,KDM1A,1,0,0,-0.38631759356831985,-0.651030337321473
LUZP1,LUZP1,1,0,0,-1.6069676788302178,-1.28203412629237
HTR1D,HTR1D,1,0,0,-1.4627337572716979,
HNRNPR,HNRNPR,1,0,0,0.5792337037450181,-0.249428110600416
ZNF436,ZNF436,1,0,0,-1.6540437410492572,-0.529200681047217
TCEA3,TCEA3,1,0,0,-1.6299443883463098,-1.32801948010536
ASAP3,ASAP3,1,0,0,-2.6013272766801414,-2.21826034932836
E2F2,E2F2,1,0,0,-2.6741117479654406,
ID3,ID3,1,0,0,-2.4074030395856454,-1.26933123597109
RPL11,RPL11,1,0,0,-0.7692571082308373,-2.07657960989994
ELOA,ELOA,1,0,0,-1.4308818800382141,-1.62779658077653
PITHD1,PITHD1,1,0,0,-1.124465371602117,-0.131567583566024
LYPLA2,LYPLA2,1,0,0,-1.7108481005270946,-0.853296571459047
GALE,GALE,1,0,0,-1.3282734066813422,-0.429734576428547
HMGCL,HMGCL,1,0,0,-0.08750128798986445,0.372409125560704
FUCA1,FUCA1,1,0,0,-0.11013726340591568,0.919375241626901
CNR2,CNR2,1,0,0,-0.7998810530274039,
PNRC2,PNRC2,1,0,0,0.05428151149817673,-3.21706853506953
SRSF10,SRSF10,1,0,0,-0.5944240003045174,0.433469662478961
MYOM3,MYOM3,1,0,0,-1.905378776645792,
IL22RA1,IL22RA1,1,0,0,-2.2745313483937863,-1.25992495290485
IFNLR1,IFNLR1,1,0,0,-2.376330273775748,-3.11071940889654
GRHL3,GRHL3,1,0,0,-1.331918366209134,
STPG1,STPG1,1,0,0,-0.1035756349993111,-0.0559785946272723
NIPAL3,NIPAL3,1,0,0,-0.3105787603985952,-1.83347800234418
RCAN3,RCAN3,1,0,0,-0.28527338800266655,-0.879245903321946
NCMAP,NCMAP,1,0,0,-1.1470564459811623,-0.412878946828077
SRRM1,SRRM1,1,0,0,-2.2862981220164365,-0.757901547372679
CLIC4,CLIC4,1,0,0,0.32437037037864336,0.512821595595565
RUNX3,RUNX3,1,0,0,-3.16056700397181,-4.13258387159179
SYF2,SYF2,1,0,0,0.2860523529666814,0.483564004460666
RSRP1,RSRP1,1,0,0,-2.234354023768077,-2.46569038402101
RHD,RHD,1,0,0,-0.27969129553877004,
TMEM50A,TMEM50A,1,0,0,2.546404597778979,3.26066954309103
RHCE,RHCE,1,0,0,-0.34970890552636824,-0.169825166754494
MACO1,MACO1,1,0,0,-0.5949312633887693,-0.0089910609555879
LDLRAP1,LDLRAP1,1,0,0,-2.401763468581615,-2.07014158531352
MAN1C1,MAN1C1,1,0,0,-2.1139353354224877,-2.34443670179529
SELENON,SELENON,1,0,0,-2.4816267324655055,-3.22391461625303
MTFR1L,MTFR1L,1,0,0,-1.5853161590486682,-2.39436515792603
AUNIP,AUNIP,1,0,0,-0.9517004931901205,
PAQR7,PAQR7,1,0,0,-1.2354954837834278,-0.464775116585365
STMN1,STMN1,1,0,0,-0.8555003736587015,0.686427727136654
PAFAH2,PAFAH2,1,0,0,-0.618020393237126,-0.0440526458209605
EXTL1,EXTL1,1,0,0,-2.1565870685678945,
SLC30A2,SLC30A2,1,0,0,-1.4646764570905244,
TRIM63,TRIM63,1,0,0,-1.7490762226600403,
PDIK1L,PDIK1L,1,0,0,0.39273907543461917,0.83292426748171
FAM110D,FAM110D,1,0,0,-3.3224925525452953,
C1orf232,C1orf232,1,0,0,-1.7725721085850825,
ZNF593,ZNF593,1,0,0,-2.6321929126566967,-1.27469798222485
ZNF593OS,ZNF593OS,1,0,0,-0.9441076003867224,
CNKSR1,CNKSR1,1,0,0,-2.8011193509900814,-4.01446857179793
CATSPER4,CATSPER4,1,0,0,-1.0414425673113872,
CEP85,CEP85,1,0,0,-1.8841970616417427,-1.2663986793216
SH3BGRL3,SH3BGRL3,1,0,0,-2.2820342917087473,-0.837000765069556
UBXN11,UBXN11,1,0,0,-2.5686363879997476,-3.02349548130831
CD52,CD52,1,0,0,-0.8694497067124871,-0.585705314296738
CRYBG2,CRYBG2,1,0,0,-2.7615249894433145,
ZNF683,ZNF683,1,0,0,-2.595881494540752,
LIN28A,LIN28A,1,0,0,-1.6951900372097715,
DHDDS,DHDDS,1,0,0,-1.4084946659791893,-1.25686128643462
HMGN2,HMGN2,1,0,0,0.06410463522469279,-0.98921047327677
RPS6KA1,RPS6KA1,1,0,0,-1.4645475893408726,-1.63063947767193
ARID1A,ARID1A,1,0,0,-2.183535931385576,-2.67632322921391
PIGV,PIGV,1,0,0,-0.12204904588496568,-0.0027580706983861
ZDHHC18,ZDHHC18,1,0,0,-2.304686856872843,-2.691241936615
SFN,SFN,1,0,0,-2.6973043313167757,
GPN2,GPN2,1,0,0,-1.5776694267595648,-1.78175941039419
GPATCH3,GPATCH3,1,0,0,-1.9813670661453937,-2.14491032483755
NR0B2,NR0B2,1,0,0,-2.4993766214307307,-0.610878806339231
NUDC,NUDC,1,0,0,-1.6242399485068493,-0.382695623499313
KDF1,KDF1,1,0,0,-2.5679850463804677,-2.05754067997119
TRNP1,TRNP1,1,0,0,-3.379583504213457,-3.02574921794541
TENT5B,TENT5B,1,0,0,-2.6889547914891896,
SLC9A1,SLC9A1,1,0,0,-1.9363537134043192,-2.35134651660903
WDTC1,WDTC1,1,0,0,-1.6626724404947097,-3.05358892020339
TMEM222,TMEM222,1,0,0,-1.1392502078497238,-0.387496400290531
SYTL1,SYTL1,1,0,0,-3.124109658020041,-5.33267289561225
MAP3K6,MAP3K6,1,0,0,-2.3598061121691245,-3.33815774641249
FCN3,FCN3,1,0,0,-1.7086523035843832,-0.215364165809777
CD164L2,CD164L2,1,0,0,-2.114252825589089,
GPR3,GPR3,1,0,0,-0.8378764837601533,
WASF2,WASF2,1,0,0,-1.7864242000178798,-1.05817914643785
AHDC1,AHDC1,1,0,0,-3.1972729775614948,-3.44029769501241
FGR,FGR,1,0,0,-1.4732721315185682,-4.65673063237107
IFI6,IFI6,1,0,0,-1.3288847034569518,-0.375427121040341
FAM76A,FAM76A,1,0,0,-0.4614237224158053,-0.0289393403006057
STX12,STX12,1,0,0,-1.0388835502403495,0.427197375474059
PPP1R8,PPP1R8,1,0,0,-0.990772217261279,-0.773382780926356
THEMIS2,THEMIS2,1,0,0,-2.6904558283876767,-1.61282627150077
RPA2,RPA2,1,0,0,-0.3873884879567644,0.811326874338832
SMPDL3B,SMPDL3B,1,0,0,-0.8692980330894322,-0.822347044147064
XKR8,XKR8,1,0,0,-1.8067938023816978,-2.4652278313217
EYA3,EYA3,1,0,0,-0.19187189951280814,-0.45005986124575
PTAFR,PTAFR,1,0,0,-0.338131823078367,0.729121303708626
DNAJC8,DNAJC8,1,0,0,-0.1675924843469634,0.233842548261518
ATP5IF1,ATP5IF1,1,0,0,-0.9199447180853113,-0.233085901318078
SESN2,SESN2,1,0,0,-2.3795089941840395,-1.89954675702871
MED18,MED18,1,0,0,-0.36716598434929715,0.277166259127958
PHACTR4,PHACTR4,1,0,0,-1.5923042851834524,-1.33263268611831
RCC1,RCC1,1,0,0,-1.4713362067130564,-2.33412117890302
TRNAU1AP,TRNAU1AP,1,0,0,0.008779829526583072,-0.477721873582895
RAB42,RAB42,1,0,0,-2.5752438380603753,
TAF12,TAF12,1,0,0,-0.674294541383011,-0.353785483943871
GMEB1,GMEB1,1,0,0,-0.9064254630321464,-0.971755419547495
YTHDF2,YTHDF2,1,0,0,-0.29505523790788146,0.702610536891248
OPRD1,OPRD1,1,0,0,-1.632068068074366,
EPB41,EPB41,1,0,0,-0.42086032405995866,-0.592253271501297
TMEM200B,TMEM200B,1,0,0,-3.48535408046944,
SRSF4,SRSF4,1,0,0,-3.08365193555327,-1.99611896546694
MECR,MECR,1,0,0,-1.1958857795611042,-1.02051384474697
PTPRU,PTPRU,1,0,0,-1.991974515311064,-5.32422247482014
MATN1,MATN1,1,0,0,-1.9792747487539373,
LAPTM5,LAPTM5,1,0,0,-0.926292004812467,-0.181562088628278
SDC3,SDC3,1,0,0,-2.6290600246773614,-1.78782154274968
PUM1,PUM1,1,0,0,-0.6285042672141277,-0.725840389401452
NKAIN1,NKAIN1,1,0,0,-1.0765033600927847,
SNRNP40,SNRNP40,1,0,0,-0.3222188865068354,0.225344706910496
ZCCHC17,ZCCHC17,1,0,0,-0.33973811182688074,-0.0938634853713465
FABP3,FABP3,1,0,0,-0.1979847542864217,1.27777349024718
SERINC2,SERINC2,1,0,0,-1.5197621173648912,-1.96362816631441
TINAGL1,TINAGL1,1,0,0,-1.7786883110735747,-1.68642124431121
HCRTR1,HCRTR1,1,0,0,-1.41442019221126,
PEF1,PEF1,1,0,0,-0.9070951926390922,-0.576867672359743
COL16A1,COL16A1,1,0,0,-2.4291780703297032,-2.37535259807613
ADGRB2,ADGRB2,1,0,0,-2.303107805454948,
SPOCD1,SPOCD1,1,0,0,-2.931462320828759,
PTP4A2,PTP4A2,1,0,0,1.3153973985624727,-2.25325442665579
LOC128031832,LOC128031832,1,0,0,-0.19926384104494055,
KHDRBS1,KHDRBS1,1,0,0,-1.1238188208513247,-0.470713707535301
TMEM39B,TMEM39B,1,0,0,-1.5043349645790922,-0.624882482992285
KPNA6,KPNA6,1,0,0,-0.5479706325374032,0.0786985383240742
TXLNA,TXLNA,1,0,0,-2.4800625827355915,-1.37110954952025
CCDC28B,CCDC28B,1,0,0,-2.56806442404927,-1.94854023244034
IQCC,IQCC,1,0,0,-2.4714168743954836,-2.34667319771476
DCDC2B,DCDC2B,1,0,0,-1.9935705229099927,
TMEM234,TMEM234,1,0,0,-0.3164316192493235,-0.727237440723826
EIF3I,EIF3I,1,0,0,-0.7756225618642372,0.192209052236391
FAM167B,FAM167B,1,0,0,-3.3760287561260114,-2.26792705331817
LCK,LCK,1,0,0,-1.6893867107228395,-2.45460728492192
HDAC1,HDAC1,1,0,0,-0.33017989757232513,-0.0695475470369252
MARCKSL1,MARCKSL1,1,0,0,-3.244813512509694,-2.25281163514359
FAM229A,FAM229A,1,0,0,-3.5310332817318173,
TSSK3,TSSK3,1,0,0,-1.398158914972461,
BSDC1,BSDC1,1,0,0,-2.2350344692783466,-2.31312870767003
ZBTB8B,ZBTB8B,1,0,0,-1.4476717655666,
ZBTB8A,ZBTB8A,1,0,0,-0.14721118734984273,
ZBTB8OS,ZBTB8OS,1,0,0,1.0666106926390206,1.64789003393648
RBBP4,RBBP4,1,0,0,0.05920896897267802,0.857179923443117
SYNC,SYNC,1,0,0,-2.389101008048744,
NHSL3,NHSL3,1,0,0,-3.5783045555557873,-3.85549704744755
YARS1,YARS1,1,0,0,-0.49631269112908605,-0.309953890031202
S100PBP,S100PBP,1,0,0,-0.5623507901782929,-0.500943575391873
FNDC5,FNDC5,1,0,0,-1.8121565197141294,-3.11001956074947
HPCA,HPCA,1,0,0,-1.4247808753008666,
TMEM54,TMEM54,1,0,0,-1.7698598746726422,-3.62459944439125
RNF19B,RNF19B,1,0,0,-1.6693601943072256,-2.62206011068154
AK2,AK2,1,0,0,-0.8783560668280987,0.233578038572943
AZIN2,AZIN2,1,0,0,-1.2962145221765198,
TRIM62,TRIM62,1,0,0,-2.4017571834822533,-2.46851197333636
ZNF362,ZNF362,1,0,0,-3.090278482982594,-3.52662049686843
A3GALT2,A3GALT2,1,0,0,-1.3465403506227016,
PHC2,PHC2,1,0,0,-2.948091913677107,-2.62112587459828
ZSCAN20,ZSCAN20,1,0,0,-1.8439423364779035,
CSMD2,CSMD2,1,0,0,-1.7755893853553086,
HMGB4,HMGB4,1,0,0,-0.2971746562487194,
C1orf94,C1orf94,1,0,0,-1.9983272563167862,
GJB5,GJB5,1,0,0,-1.5397454014188092,
GJB4,GJB4,1,0,0,-1.503012670615334,
GJB3,GJB3,1,0,0,-1.6431876173699518,
GJA4,GJA4,1,0,0,-1.9834888674258284,-0.959490158095237
SMIM12,SMIM12,1,0,0,-0.7130723161808685,-0.986134905646786
DLGAP3,DLGAP3,1,0,0,-3.3170253061292225,
TMEM35B,TMEM35B,1,0,0,-0.13388942388708003,0.875795989498534
ZMYM6,ZMYM6,1,0,0,0.5615938836175527,
ZMYM1,ZMYM1,1,0,0,0.8531478066025713,
SFPQ,SFPQ,1,0,0,-1.339456678394093,-0.908018264965498
ZMYM4,ZMYM4,1,0,0,0.22176914980281914,-1.91772685819609
KIAA0319L,KIAA0319L,1,0,0,-0.916378184245298,-0.847802876179602
NCDN,NCDN,1,0,0,-1.961123266072459,-1.80788997106677
TFAP2E,TFAP2E,1,0,0,-2.6916901577376517,
PSMB2,PSMB2,1,0,0,-0.11743009512796831,0.917247249767108
C1orf216,C1orf216,1,0,0,-3.358226680919639,-1.20483991313502
CLSPN,CLSPN,1,0,0,-0.51022497797174,
AGO4,AGO4,1,0,0,0.0646031382222283,-2.2509198263723
AGO1,AGO1,1,0,0,-0.9425996488102619,-2.84741858856864
AGO3,AGO3,1,0,0,0.37647008076625,-1.77307102436144
TEKT2,TEKT2,1,0,0,-2.119299759348399,
ADPRS,ADPRS,1,0,0,-1.6273781647204544,-1.46389494822953
COL8A2,COL8A2,1,0,0,-3.048969742075208,
TRAPPC3,TRAPPC3,1,0,0,0.27287892068595987,-0.463836838604096
MAP7D1,MAP7D1,1,0,0,-3.969482335169202,-3.33993315059929
THRAP3,THRAP3,1,0,0,-1.6077717085808718,-0.898380959411361
SH3D21,SH3D21,1,0,0,-2.7716826551868845,-4.33662956824657
EVA1B,EVA1B,1,0,0,-3.779471592171438,
STK40,STK40,1,0,0,-2.119192285992135,-4.1172377579983
LSM10,LSM10,1,0,0,-1.5888945351291657,-2.72468512825777
OSCP1,OSCP1,1,0,0,-0.5224476775559435,-0.928080127594832
MRPS15,MRPS15,1,0,0,-0.7844624294392997,-0.703604949282908
CSF3R,CSF3R,1,0,0,-2.7237341487194104,-4.79277431316981
GRIK3,GRIK3,1,0,0,-1.3579097885392564,
ZC3H12A,ZC3H12A,1,0,0,-3.0439668593539455,-3.72262592564916
MEAF6,MEAF6,1,0,0,-1.202472788413134,-1.10362762709325
SNIP1,SNIP1,1,0,0,-2.4360594185567415,-1.17847606743088
DNALI1,DNALI1,1,0,0,-2.7818426757097185,-1.42891697160041
GNL2,GNL2,1,0,0,-0.08938438411056993,0.0132736052706609
RSPO1,RSPO1,1,0,0,-3.081731932102901,
AIRIM,AIRIM,1,0,0,-1.2264019033063622,-1.24364997226546
CDCA8,CDCA8,1,0,0,-1.5663952673968975,
EPHA10,EPHA10,1,0,0,-2.5740335511015484,
MANEAL,MANEAL,1,0,0,-2.104259934317504,-2.38928769909507
YRDC,YRDC,1,0,0,-1.8499974061902442,-0.497988930893192
C1orf122,C1orf122,1,0,0,-3.328453251018823,-2.60518923414409
MTF1,MTF1,1,0,0,-1.5751788266352165,-2.61386611938121
INPP5B,INPP5B,1,0,0,-0.5072921613281292,-1.50061818326387
SF3A3,SF3A3,1,0,0,-0.43577514764030134,-0.0090452843817314
FHL3,FHL3,1,0,0,-1.5181083789277512,-1.5091649737262
UTP11,UTP11,1,0,0,0.6257276115214747,1.63113257827767
POU3F1,POU3F1,1,0,0,-2.7169580203053627,
RRAGC,RRAGC,1,0,0,0.08961992802673002,-0.193642195455995
MYCBP,MYCBP,1,0,0,-0.303287065713846,0.78450816804968
GJA9,GJA9,1,0,0,0.18373196747184473,
RHBDL2,RHBDL2,1,0,0,0.6870455763808998,
AKIRIN1,AKIRIN1,1,0,0,-1.8019997060151027,-0.686359618561586
NDUFS5,NDUFS5,1,0,0,-0.31391375550371237,0.338889501405554
MACF1,MACF1,1,0,0,-0.5109931766710076,-2.67468947664398
BMP8A,BMP8A,1,0,0,-2.5556567739490728,
PABPC4,PABPC4,1,0,0,-0.2869653426493688,-1.55514740354447
HEYL,HEYL,1,0,0,-3.0914114576011524,-1.51317083756426
NT5C1A,NT5C1A,1,0,0,-1.908081064690272,
HPCAL4,HPCAL4,1,0,0,-1.3694130431238634,
PPIE,PPIE,1,0,0,-0.12256920347939726,0.0744857326107452
BMP8B,BMP8B,1,0,0,-2.538215909678625,
OXCT2,OXCT2,1,0,0,-2.0394409424948634,
TRIT1,TRIT1,1,0,0,-0.40179720994274604,0.157254949955569
MYCL,MYCL,1,0,0,-2.358970961149918,-2.43222659339041
MFSD2A,MFSD2A,1,0,0,-0.6518959697160103,-0.536817070258611
CAP1,CAP1,1,0,0,-0.3938708785455667,0.864808120352288
PPT1,PPT1,1,0,0,-0.0868997479237894,1.10990142771377
RLF,RLF,1,0,0,0.01391005403145229,0.469276640266992
TMCO2,TMCO2,1,0,0,-0.18442326707674184,
ZMPSTE24,ZMPSTE24,1,0,0,1.398143360255311,1.57906886483423
COL9A2,COL9A2,1,0,0,-2.743417452393915,
SMAP2,SMAP2,1,0,0,0.2280993456426259,-0.188929102267199
ZFP69B,ZFP69B,1,0,0,-0.3277040834744742,
ZFP69,ZFP69,1,0,0,-0.5830887327158347,-1.77822980932591
EXO5,EXO5,1,0,0,-0.4257041839091986,-0.952613855200221
ZNF684,ZNF684,1,0,0,0.12068932900491625,-0.47522051962204
RIMS3,RIMS3,1,0,0,-2.349705404885892,
NFYC,NFYC,1,0,0,-1.1767586169200808,-0.926649622999765
KCNQ4,KCNQ4,1,0,0,-2.1759058160858213,
CITED4,CITED4,1,0,0,-3.2899102915044036,-1.92956755593998
CTPS1,CTPS1,1,0,0,-0.41178944616674507,0.309829658551818
SLFNL1,SLFNL1,1,0,0,-3.2522260881899374,
SCMH1,SCMH1,1,0,0,-1.401066403448839,-4.98259414164163
EDN2,EDN2,1,0,0,-2.6311147280025295,
HIVEP3,HIVEP3,1,0,0,-3.2240621615131424,
GUCA2B,GUCA2B,1,0,0,-2.539203883878475,-0.916520074926077
GUCA2A,GUCA2A,1,0,0,-1.7879869093275431,
FOXJ3,FOXJ3,1,0,0,-1.183212347516653,-0.691799888631418
RIMKLA,RIMKLA,1,0,0,-1.1626893894554584,
ZMYND12,ZMYND12,1,0,0,-0.18638281537180923,0.275421093618218
PPCS,PPCS,1,0,0,-0.15509569247723398,0.668070760931347
CCDC30,CCDC30,1,0,0,-0.5420937403821995,
PPIH,PPIH,1,0,0,0.4813333348131952,1.02020957380731
YBX1,YBX1,1,0,0,-1.312474093945493,-2.22764696541147
CLDN19,CLDN19,1,0,0,-1.6339221958211194,
P3H1,P3H1,1,0,0,-1.1578961282632694,-0.673093087914076
C1orf50,C1orf50,1,0,0,-1.4063001546668268,-0.414473205035415
TMEM269,TMEM269,1,0,0,0.15001364338347578,
SVBP,SVBP,1,0,0,-0.5753639908099597,0.554242069043185
ERMAP,ERMAP,1,0,0,-1.0811877595218373,-3.12929953842641
ZNF691,ZNF691,1,0,0,-3.077141486767289,-1.76044429136983
SLC2A1,SLC2A1,1,0,0,-1.0042156366053714,
CFAP144,CFAP144,1,0,0,-1.5398479903876208,
EBNA1BP2,EBNA1BP2,1,0,0,-0.4117687856700343,-2.12689244978808
CFAP57,CFAP57,1,0,0,-0.5062750340116189,
TMEM125,TMEM125,1,0,0,-2.4454236217750065,-2.734356513414
C1orf210,C1orf210,1,0,0,-1.8036948672404396,-0.359574574400393
TIE1,TIE1,1,0,0,-2.1353016175094677,-1.67495670554732
MPL,MPL,1,0,0,-2.2648810587806683,
CDC20,CDC20,1,0,0,-1.8417491603048362,-0.389623421696886
ELOVL1,ELOVL1,1,0,0,0.4071358239139702,0.731606662612763
MED8,MED8,1,0,0,-1.278690785992909,-0.826170414288375
SZT2,SZT2,1,0,0,-2.1366715563539795,-2.8354962334889
HYI,HYI,1,0,0,-1.823096964034825,-1.86354170603937
PTPRF,PTPRF,1,0,0,-1.9187956886754005,-3.19767534054694
KDM4A,KDM4A,1,0,0,-0.7567181550437247,-0.92573858648669
ST3GAL3,ST3GAL3,1,0,0,-0.6084464237028193,-4.80931665953918
ARTN,ARTN,1,0,0,-3.334105020170073,
IPO13,IPO13,1,0,0,-1.312602985537806,-2.5117107542324
DPH2,DPH2,1,0,0,-2.052655154180023,-2.76355131708552
ATP6V0B,ATP6V0B,1,0,0,-0.3082362193875916,0.523193487596509
B4GALT2,B4GALT2,1,0,0,-2.2730815279520495,-5.6808294546309
CCDC24,CCDC24,1,0,0,-3.416046554006744,-1.29788065294133
SLC6A9,SLC6A9,1,0,0,-0.9881443227284805,-1.99991058655682
KLF17,KLF17,1,0,0,-1.9161306876200417,
KLF18,KLF18,1,0,0,-1.4270860370313176,
DMAP1,DMAP1,1,0,0,-1.6200296515007082,-1.51994447055847
ERI3,ERI3,1,0,0,-0.7508669001830057,-0.465964424813187
RNF220,RNF220,1,0,0,-1.7053486046161392,-3.17489256402758
TMEM53,TMEM53,1,0,0,-1.2843894607981934,-0.732688853468952
ARMH1,ARMH1,1,0,0,-1.1075770502959141,-0.691761235488155
KIF2C,KIF2C,1,0,0,-0.9740840932435404,-1.11814928604436
RPS8,RPS8,1,0,0,-0.6545196332356884,-2.39313189058296
BEST4,BEST4,1,0,0,-1.5236330915411251,
PLK3,PLK3,1,0,0,-2.069535177137663,-3.37192889205178
DYNLT4,DYNLT4,1,0,0,-3.0144432264612693,-2.47979978230516
BTBD19,BTBD19,1,0,0,-1.9882996601098206,-2.84215681239308
PTCH2,PTCH2,1,0,0,-1.8933023234466084,-2.91669887663127
EIF2B3,EIF2B3,1,0,0,0.08617912839441644,1.07298078406631
HECTD3,HECTD3,1,0,0,-1.4321043204874737,-1.90691041957873
UROD,UROD,1,0,0,-0.9035859671231901,-0.644512724982674
ZSWIM5,ZSWIM5,1,0,0,-1.4258234149900506,-2.78617578679508
HPDL,HPDL,1,0,0,-2.3684197463293355,
MUTYH,MUTYH,1,0,0,-2.1446395964776706,-2.75531739805319
TOE1,TOE1,1,0,0,-1.1961099177210173,-1.16597166625134
TESK2,TESK2,1,0,0,-0.9710220071333122,-2.88900320100077
CCDC163,CCDC163,1,0,0,-1.224864333602392,
MMACHC,MMACHC,1,0,0,-2.0678321099307677,-0.457811048420742
PRDX1,PRDX1,1,0,0,0.8173709340984399,1.77331301420883
AKR1A1,AKR1A1,1,0,0,-0.6970893131337892,-0.184975965203758
NASP,NASP,1,0,0,-0.21371767177424417,-0.127904332305283
CCDC17,CCDC17,1,0,0,-2.3571264492101225,
GPBP1L1,GPBP1L1,1,0,0,-1.1179196166386536,-3.23581965437109
TMEM69,TMEM69,1,0,0,0.5205659486164098,0.686839091564592
IPP,IPP,1,0,0,1.1922849294365303,0.545644590567832
MAST2,MAST2,1,0,0,-2.5454466828182536,-4.82646239301323
PIK3R3,PIK3R3,1,0,0,0.6092124818901343,-0.511446643930744
P3R3URF,P3R3URF,1,0,0,-2.0607363760333595,
TSPAN1,TSPAN1,1,0,0,0.6557580638563252,-0.499595491138769
POMGNT1,POMGNT1,1,0,0,-1.5752130465398455,-3.32775835457335
LURAP1,LURAP1,1,0,0,-2.942337282183731,
RAD54L,RAD54L,1,0,0,-1.238894505782195,
LRRC41,LRRC41,1,0,0,-1.8600166023441922,-0.940493779841196
UQCRH,UQCRH,1,0,0,-2.105558465070109,-1.06214054280005
NSUN4,NSUN4,1,0,0,-0.6859545155456228,
FAAH,FAAH,1,0,0,-1.8073272870402235,-1.65586126948551
DMBX1,DMBX1,1,0,0,-2.6694382721237435,
TMEM275,TMEM275,1,0,0,-2.8944311163181844,
KNCN,KNCN,1,0,0,-2.232652340382444,
MKNK1,MKNK1,1,0,0,-1.8464274297082266,-1.49374399401708
MOB3C,MOB3C,1,0,0,-1.6971516227817354,-1.88371414789781
ATPAF1,ATPAF1,1,0,0,-0.438067429548493,-0.235380882224262
TEX38,TEX38,1,0,0,-1.6577563998341365,
EFCAB14,EFCAB14,1,0,0,-0.3042023459904506,-2.52878467307198
CYP4B1,CYP4B1,1,0,0,-1.2359028772358176,
CYP4A11,CYP4A11,1,0,0,-1.7181692158535586,0.772051846366522
CYP4X1,CYP4X1,1,0,0,-0.38788397205699,0.0395673085313799
CYP4Z1,CYP4Z1,1,0,0,-0.3377224052390737,
CYP4A22,CYP4A22,1,0,0,-1.7658187872581212,0.983069031756278
PDZK1IP1,PDZK1IP1,1,0,0,-1.4920379182157344,-1.29420419712607
TAL1,TAL1,1,0,0,-2.8524560754743042,-3.74645855577936
STIL,STIL,1,0,0,-0.09527781507192401,
CMPK1,CMPK1,1,0,0,0.23656938622595902,-0.141024262523798
FOXE3,FOXE3,1,0,0,-2.5985480373742345,
FOXD2,FOXD2,1,0,0,-2.8431254277134137,-1.84683786778175
TRABD2B,TRABD2B,1,0,0,-2.8766584374809696,-3.20738196199831
SLC5A9,SLC5A9,1,0,0,-1.3241098550657462,-0.84612017992811
SPATA6,SPATA6,1,0,0,-0.6475481304737478,-0.822559075819565
AGBL4,AGBL4,1,0,0,-0.32415134786527844,
BEND5,BEND5,1,0,0,-1.2226506710859244,
ELAVL4,ELAVL4,1,0,0,-0.4800297391579651,
DMRTA2,DMRTA2,1,0,0,-2.560975637006999,
FAF1,FAF1,1,0,0,-0.06547338670235803,-0.801346832669418
CDKN2C,CDKN2C,1,0,0,-0.5597850700030218,-1.83833953211506
C1orf185,C1orf185,1,0,0,0.7850538765200064,
RNF11,RNF11,1,0,0,-0.8632212355620457,-2.63075041952929
TTC39A,TTC39A,1,0,0,-1.19640132896979,-2.33809483598547
EPS15,EPS15,1,0,0,-0.11649395890582248,-0.528670799117198
OSBPL9,OSBPL9,1,0,0,0.16155140128856793,-0.322162046766802
NRDC,NRDC,1,0,0,0.49696562500663966,-0.311637123171605
RAB3B,RAB3B,1,0,0,-0.1967993691786205,
TXNDC12,TXNDC12,1,0,0,0.04815868066675755,0.653308592542223
KTI12,KTI12,1,0,0,-1.8832426275823764,-1.37348113750908
BTF3L4,BTF3L4,1,0,0,0.6664616993572778,0.746439568556203
ZFYVE9,ZFYVE9,1,0,0,0.327536795345571,-1.44748463446697
CC2D1B,CC2D1B,1,0,0,-2.361562062493851,-2.66551680596593
ORC1,ORC1,1,0,0,-1.1431542558424148,
PRPF38A,PRPF38A,1,0,0,-1.6692133947487484,-0.424446767479448
TUT4,TUT4,1,0,0,0.1418831596024379,-2.68054775374756
GPX7,GPX7,1,0,0,-1.3083134368188247,-0.801119124370025
SHISAL2A,SHISAL2A,1,0,0,-2.027291692543347,
COA7,COA7,1,0,0,-0.4954351569314035,-0.420358657111651
ZYG11B,ZYG11B,1,0,0,0.004051334350208435,0.599430982792306
ZYG11A,ZYG11A,1,0,0,0.0683299214894788,-0.860963715729346
ECHDC2,ECHDC2,1,0,0,-1.8226284380460047,-1.73700959381351
SCP2,SCP2,1,0,0,1.0529550204736537,0.969721037904497
PODN,PODN,1,0,0,-2.838784886064083,-2.16376541079562
SLC1A7,SLC1A7,1,0,0,-1.3685774857419837,
CPT2,CPT2,1,0,0,-1.0000254711114511,0.252232577883227
CZIB,CZIB,1,0,0,-0.805861399813196,0.22993666673015
MAGOH,MAGOH,1,0,0,0.33883036202354333,1.06545169638084
LRP8,LRP8,1,0,0,-1.9638442043898685,
DMRTB1,DMRTB1,1,0,0,-2.718777834481168,
GLIS1,GLIS1,1,0,0,-3.5374029425534115,
NDC1,NDC1,1,0,0,0.3050083154085126,1.53448388096682
YIPF1,YIPF1,1,0,0,0.6582212143620243,1.58228163118001
DIO1,DIO1,1,0,0,-1.0044722137251405,-0.192798936869644
IFT25,IFT25,1,0,0,0.3538198387939868,2.25267550403679
LRRC42,LRRC42,1,0,0,-0.7796875663698639,0.0604704716238948
LDLRAD1,LDLRAD1,1,0,0,-1.9437483574400556,
TMEM59,TMEM59,1,0,0,0.3177540069337965,1.37796091089448
TCEANC2,TCEANC2,1,0,0,-0.3122895936514656,1.35462011634897
CDCP2,CDCP2,1,0,0,-2.0034120131267965,
CYB5RL,CYB5RL,1,0,0,-1.3989168152729299,-4.80669083768857
MRPL37,MRPL37,1,0,0,-1.0166098762663829,-1.26004403231344
SSBP3,SSBP3,1,0,0,-1.4306874753645662,-1.36831844886139
ACOT11,ACOT11,1,0,0,-2.0436381493603886,-1.88478505724318
FAM151A,FAM151A,1,0,0,-1.8461038050420449,-0.0974934170713079
MROH7,MROH7,1,0,0,-1.9573954482112441,
TTC4,TTC4,1,0,0,-0.3686713326086135,0.533482929529212
PARS2,PARS2,1,0,0,-1.5283583550327666,-0.851630722847479
TTC22,TTC22,1,0,0,-2.1388630536956637,-2.4004163215495
CIMAP2,CIMAP2,1,0,0,-1.4937098802029052,
DHCR24,DHCR24,1,0,0,-1.2916029834066585,-0.787310856042518
TMEM61,TMEM61,1,0,0,-2.907594295704696,
BSND,BSND,1,0,0,-2.2292233825554195,
PCSK9,PCSK9,1,0,0,-3.017864888357968,-1.46975539550865
USP24,USP24,1,0,0,0.1672189880067414,-1.93997893584602
PLPP3,PLPP3,1,0,0,-0.8605070887824482,0.690278867726515
PRKAA2,PRKAA2,1,0,0,0.26006263051912804,
FYB2,FYB2,1,0,0,-0.47479439706170723,-1.23050062154032
C8A,C8A,1,0,0,-0.3399740727555294,0.260826627515199
C8B,C8B,1,0,0,-0.47516592515607137,0.786618160179599
DAB1,DAB1,1,0,0,-0.9346180625759573,-1.75902511665632
OMA1,OMA1,1,0,0,0.7156519819162028,2.42440623066353
TACSTD2,TACSTD2,1,0,0,-2.310408547729727,-0.701182453515764
MYSM1,MYSM1,1,0,0,0.5131313665532549,-0.720961193513046
JUN,JUN,1,0,0,-2.8171848324635604,-2.32585014207239
FGGY,FGGY,1,0,0,0.1636836637618515,1.53047885724454
HOOK1,HOOK1,1,0,0,0.37019785737440003,1.65698805304912
CYP2J2,CYP2J2,1,0,0,-0.3643163470764943,0.680581983565276
C1orf87,C1orf87,1,0,0,-0.9422560865784977,
NFIA,NFIA,1,0,0,-1.4415297540109542,-1.3503104713815
TM2D1,TM2D1,1,0,0,0.9262356791807278,
PATJ,PATJ,1,0,0,-0.12361840931177959,-0.214660979157196
L1TD1,L1TD1,1,0,0,0.09480971954314299,
KANK4,KANK4,1,0,0,-2.5850078889900843,-2.43460040509447
USP1,USP1,1,0,0,0.6323904892345222,1.8966408999701
DOCK7,DOCK7,1,0,0,0.33185756007310907,0.0047524343089135
ANGPTL3,ANGPTL3,1,0,0,0.6724738266125385,2.22184915948474
ATG4C,ATG4C,1,0,0,1.4841317012311261,1.58674944720584
FOXD3,FOXD3,1,0,0,-2.4041645244238303,-2.96179929226472
ALG6,ALG6,1,0,0,1.6455440057252737,
ITGB3BP,ITGB3BP,1,0,0,0.4514380847191344,
EFCAB7,EFCAB7,1,0,0,1.0558155982950659,1.79300377795266
PGM1,PGM1,1,0,0,-0.2504433940420352,-0.201013626859611
ROR1,ROR1,1,0,0,-0.5926967129309997,
UBE2U,UBE2U,1,0,0,0.637422972060973,
CACHD1,CACHD1,1,0,0,-0.6609283443180125,-2.1070209303536
RAVER2,RAVER2,1,0,0,-0.4352620288041429,0.417564941306625
JAK1,JAK1,1,0,0,-0.42234925964575787,-0.50579017909859
AK4,AK4,1,0,0,-0.9261378404972849,0.156091796152619
DNAJC6,DNAJC6,1,0,0,-0.6918263201355721,
LEPROT,LEPROT,1,0,0,1.4912204581674953,2.27942742401543
LEPR,LEPR,1,0,0,0.8552022033830582,3.12966798938309
PDE4B,PDE4B,1,0,0,-0.6542517425465935,-0.914194356728757
SGIP1,SGIP1,1,0,0,-0.769757502600088,
DYNLT5,DYNLT5,1,0,0,1.33962661375808,
INSL5,INSL5,1,0,0,-0.6375693120122161,
DNAI4,DNAI4,1,0,0,0.6128381609825517,
MIER1,MIER1,1,0,0,0.45354736229819004,1.0831947110552
SLC35D1,SLC35D1,1,0,0,1.3344345336507608,1.01670796671655
C1orf141,C1orf141,1,0,0,1.0784361915071408,
IL23R,IL23R,1,0,0,0.7560810751671649,
IL12RB2,IL12RB2,1,0,0,-0.6369612435673524,
SERBP1,SERBP1,1,0,0,-0.8772654667438964,0.367343187694471
GADD45A,GADD45A,1,0,0,-1.5864966213464555,-1.01557692401691
GNG12,GNG12,1,0,0,-0.9547225473633194,1.8575676506448
DIRAS3,DIRAS3,1,0,0,-0.9932714419518209,0.434364069992649
WLS,WLS,1,0,0,0.17130760367476938,1.60242471553823
RPE65,RPE65,1,0,0,0.5577638343862805,
DEPDC1,DEPDC1,1,0,0,0.5374842005435205,
LRRC7,LRRC7,1,0,0,-0.5734651048474522,
LRRC40,LRRC40,1,0,0,0.49980445382206895,1.01527186655122
SRSF11,SRSF11,1,0,0,-0.9583604709077029,-0.74183707216169
ANKRD13C,ANKRD13C,1,0,0,-0.44879566269575655,-2.7682502574503
CTH,CTH,1,0,0,0.4748960437121781,1.12694897595396
PTGER3,PTGER3,1,0,0,-1.3641249337257992,-2.00549790979466
ZRANB2,ZRANB2,1,0,0,-0.6482823687784673,1.15017287288941
NEGR1,NEGR1,1,0,0,0.3812728691237055,
LRRIQ3,LRRIQ3,1,0,0,1.5811948541478866,
FPGT,FPGT,1,0,0,1.0931885282603826,0.832359475111173
TNNI3K,TNNI3K,1,0,0,0.44311595432126616,
LRRC53,LRRC53,1,0,0,-0.4638360577657554,
ERICH3,ERICH3,1,0,0,-0.9074910262217557,
CRYZ,CRYZ,1,0,0,1.1193541606755986,3.06769428932527
TYW3,TYW3,1,0,0,0.627388933258004,-1.37879920984121
LHX8,LHX8,1,0,0,-1.1851223943546092,
SLC44A5,SLC44A5,1,0,0,1.2911518242088267,
ACADM,ACADM,1,0,0,1.952483423770735,2.0316058998147
RABGGTB,RABGGTB,1,0,0,1.317997032817937,0.445308720154848
MSH4,MSH4,1,0,0,1.0174052356579733,
ASB17,ASB17,1,0,0,1.096197792813907,
ST6GALNAC3,ST6GALNAC3,1,0,0,1.253897108640592,
ST6GALNAC5,ST6GALNAC5,1,0,0,-1.7476941271515596,
PIGK,PIGK,1,0,0,1.1634237710822042,2.53073320608082
AK5,AK5,1,0,0,-0.10470026108130348,
ZZZ3,ZZZ3,1,0,0,-0.1530060699962057,-1.02967347214734
USP33,USP33,1,0,0,0.8263442943138202,1.88425431919754
MIGA1,MIGA1,1,0,0,0.7048530421730597,
NEXN,NEXN,1,0,0,0.4000773923583214,0.701897343963052
FUBP1,FUBP1,1,0,0,0.1162540187707446,0.14933281955496
DNAJB4,DNAJB4,1,0,0,0.9808736841293069,1.90492406727237
GIPC2,GIPC2,1,0,0,0.5431090374529202,-0.0310510252740978
PTGFR,PTGFR,1,0,0,0.9744092035760161,
IFI44L,IFI44L,1,0,0,1.2913261922888157,
IFI44,IFI44,1,0,0,0.7951106596815016,
ADGRL4,ADGRL4,1,0,0,1.4297600883564012,2.95784565715981
ADGRL2,ADGRL2,1,0,0,0.5808803187748541,-0.182224857406695
TTLL7,TTLL7,1,0,0,0.3347184643257961,
PRKACB,PRKACB,1,0,0,1.0256339928672293,0.696178934482564
SAMD13,SAMD13,1,0,0,1.0846077321381653,
DNASE2B,DNASE2B,1,0,0,-0.1075057924495173,
RPF1,RPF1,1,0,0,0.11704641892724332,0.193052265115104
GNG5,GNG5,1,0,0,-0.40934585496945175,0.407982308776554
SPATA1,SPATA1,1,0,0,0.8320536759768924,
CTBS,CTBS,1,0,0,1.372224219260616,1.00423088668689
SSX2IP,SSX2IP,1,0,0,0.5395492309089658,0.65898268848298
LPAR3,LPAR3,1,0,0,-0.09031892951919573,
MCOLN2,MCOLN2,1,0,0,0.9183451552101847,
MCOLN3,MCOLN3,1,0,0,1.1535026394177734,
DNAI3,DNAI3,1,0,0,0.5876310365832378,
SYDE2,SYDE2,1,0,0,-0.1733914940488308,-1.54995307368591
C1orf52,C1orf52,1,0,0,-1.190365052134867,-1.99535018243781
BCL10,BCL10,1,0,0,-0.6084211758240592,1.04605311772178
DDAH1,DDAH1,1,0,0,-1.230469593284793,-0.891501227170194
CCN1,CCN1,1,0,0,-1.5001272383756312,-0.632043962023756
ZNHIT6,ZNHIT6,1,0,0,0.19650052435334509,0.144402939007142
COL24A1,COL24A1,1,0,0,-0.25465582085385563,
ODF2L,ODF2L,1,0,0,0.8166019599760066,-1.04795354063982
CLCA2,CLCA2,1,0,0,0.3668079384887655,
CLCA1,CLCA1,1,0,0,0.21858752311215923,
CLCA4,CLCA4,1,0,0,0.934256814765666,
SH3GLB1,SH3GLB1,1,0,0,0.4905741147487497,0.465051039868443
SELENOF,SELENOF,1,0,0,0.41388254325690355,1.31402010859604
HS2ST1,HS2ST1,1,0,0,0.88172641263942,
LMO4,LMO4,1,0,0,-1.0182917413807129,-0.206569926274908
PKN2,PKN2,1,0,0,0.6462904631534787,0.75710047899384
GTF2B,GTF2B,1,0,0,0.9876120328932831,2.92424774879662
KYAT3,KYAT3,1,0,0,1.3641402422724536,2.67032384227155
RBMXL1,RBMXL1,1,0,0,-0.37095218129135255,-0.0322329208447871
GBP3,GBP3,1,0,0,-0.2879127580647758,-0.683983539459792
GBP1,GBP1,1,0,0,-0.5398107867396007,0.347874093902764
GBP2,GBP2,1,0,0,-0.3574840358460367,-0.779102469126318
GBP7,GBP7,1,0,0,-0.5114313028748256,0.389320838527811
GBP4,GBP4,1,0,0,-0.4988581499246916,0.137977993412925
GBP5,GBP5,1,0,0,-0.23455048675687706,-0.786435518427368
GBP6,GBP6,1,0,0,-0.30181131595482213,
LOC128092251,LOC128092251,1,0,0,0.2205555031895301,
LRRC8B,LRRC8B,1,0,0,-0.18571985154429704,-1.491023659793
LRRC8C,LRRC8C,1,0,0,0.2321509496417633,0.32747086025573
LRRC8D,LRRC8D,1,0,0,0.29242448598713366,-0.45949451919823
ZNF326,ZNF326,1,0,0,0.11254421994166108,0.0554257636095896
BARHL2,BARHL2,1,0,0,-2.987087499403895,
ZNF644,ZNF644,1,0,0,0.46787230503832333,1.3906110873164
HFM1,HFM1,1,0,0,1.3389905167635732,
CDC7,CDC7,1,0,0,0.640803431488342,-0.974422819473247
TGFBR3,TGFBR3,1,0,0,-0.7890706914054757,-0.0643388702412364
BRDT,BRDT,1,0,0,0.6345245192540983,
EPHX4,EPHX4,1,0,0,0.6480012158735349,
SETSIP,SETSIP,1,0,0,0.13213571615366781,
BTBD8,BTBD8,1,0,0,0.4181593611053014,
C1orf146,C1orf146,1,0,0,1.3786965139072134,
GLMN,GLMN,1,0,0,0.9949803062742291,
RPAP2,RPAP2,1,0,0,-0.06042386482665307,
GFI1,GFI1,1,0,0,-3.0131561542583274,
EVI5,EVI5,1,0,0,-0.08379459794699962,-0.395537697121621
RPL5,RPL5,1,0,0,1.4203029515569998,0.670899652326361
DIPK1A,DIPK1A,1,0,0,1.5809426551321781,1.09108702270158
MTF2,MTF2,1,0,0,0.48006946523052996,0.492383554465885
TMED5,TMED5,1,0,0,0.5664378152020895,0.747243564315898
CCDC18,CCDC18,1,0,0,0.17105829588090238,-3.36095510804154
DR1,DR1,1,0,0,-0.11199412721968294,-0.296281959497194
FNBP1L,FNBP1L,1,0,0,0.4255406212242452,0.0228667229243714
BCAR3,BCAR3,1,0,0,-1.9184245509992195,-1.31915187163204
DNTTIP2,DNTTIP2,1,0,0,0.07780225575283062,1.23976464775767
GCLM,GCLM,1,0,0,-0.17457441853551003,0.398774775613441
ABCA4,ABCA4,1,0,0,-0.8307443097956533,
ARHGAP29,ARHGAP29,1,0,0,0.21935446025974947,0.631504459943935
ABCD3,ABCD3,1,0,0,1.078154556457342,1.04043006615671
F3,F3,1,0,0,-0.17761562413327958,-0.485767281349704
SLC44A3,SLC44A3,1,0,0,0.45265108672843546,0.188858845401828
CNN3,CNN3,1,0,0,0.6156341397238734,1.21349942517435
ALG14,ALG14,1,0,0,0.4215937467674369,0.441474498417722
TLCD4,TLCD4,1,0,0,1.9311511369452958,
RWDD3,RWDD3,1,0,0,0.17411846747730308,-0.0403836857480716
PTBP2,PTBP2,1,0,0,1.3025419430422929,0.64426412460821
DPYD,DPYD,1,0,0,0.6926785083316371,1.19214375174574
SNX7,SNX7,1,0,0,0.3901623032055994,-0.649592851342052
PLPPR5,PLPPR5,1,0,0,0.6118458148721935,
PLPPR4,PLPPR4,1,0,0,-0.84491623719207,
PALMD,PALMD,1,0,0,-0.6899357558651289,-0.0403227059601511
FRRS1,FRRS1,1,0,0,0.8562402556813389,2.85369205282154
AGL,AGL,1,0,0,1.1850570134660927,2.38801184113702
SLC35A3,SLC35A3,1,0,0,2.396720024643825,3.83952176957527
MFSD14A,MFSD14A,1,0,0,0.46194199300065186,-0.331973531604635
SASS6,SASS6,1,0,0,0.16074866871792715,
TRMT13,TRMT13,1,0,0,0.7051678307684739,
LRRC39,LRRC39,1,0,0,0.18772721118197566,
DBT,DBT,1,0,0,1.3484511259431198,1.93965291559509
RTCA,RTCA,1,0,0,0.7729988195753883,-0.323135151886365
CDC14A,CDC14A,1,0,0,-0.03607488835433159,-2.87556875670178
GPR88,GPR88,1,0,0,-2.518904003606817,-1.37461513655793
VCAM1,VCAM1,1,0,0,0.010039453639461016,1.96540963884906
EXTL2,EXTL2,1,0,0,0.8539650464493427,1.6161970672379
SLC30A7,SLC30A7,1,0,0,0.646313113834589,3.92660158775311
DPH5,DPH5,1,0,0,0.5003500176608124,0.878313590474766
S1PR1,S1PR1,1,0,0,-0.8076551574094832,-0.26126182971463
OLFM3,OLFM3,1,0,0,0.46713459964010795,
COL11A1,COL11A1,1,0,0,-0.4135091200500387,
RNPC3,RNPC3,1,0,0,0.3619428092184407,-1.05682729888381
AMY2B,AMY2B,1,0,0,1.7182605445107715,-0.386901935550065
AMY2A,AMY2A,1,0,0,1.745814229114222,
AMY1A,AMY1A,1,0,0,1.729980250615693,
AMY1B,AMY1B,1,0,0,1.729980250615693,
AMY1C,AMY1C,1,0,0,1.729980250615693,
PRMT6,PRMT6,1,0,0,-2.250759129105047,-2.59864159840618
NTNG1,NTNG1,1,0,0,-0.41982700305971576,
VAV3,VAV3,1,0,0,0.4771581542198664,0.219410101062148
SLC25A24,SLC25A24,1,0,0,0.8393419406996703,-0.376463273137187
NBPF4,NBPF4,1,0,0,-1.9163696720002932,
NBPF6,NBPF6,1,0,0,-1.873908691368852,
EEIG2,EEIG2,1,0,0,-0.16185381779130914,
HENMT1,HENMT1,1,0,0,0.2120859030596698,-2.41235784233287
PRPF38B,PRPF38B,1,0,0,-1.5205791731400922,-0.874559158292574
FNDC7,FNDC7,1,0,0,0.03365241275362152,
STXBP3,STXBP3,1,0,0,1.6527758878757766,1.41820666151608
AKNAD1,AKNAD1,1,0,0,-0.6203670638481515,
GPSM2,GPSM2,1,0,0,0.5634335892291791,
CLCC1,CLCC1,1,0,0,0.3424068135303511,-0.129268486882226
WDR47,WDR47,1,0,0,0.382575185014737,0.48370314386986
TAF13,TAF13,1,0,0,1.4687654001646777,1.31529740990662
TMEM167B,TMEM167B,1,0,0,2.0150121412388877,1.77640874377608
CFAP276,CFAP276,1,0,0,-1.1065437542370002,
ELAPOR1,ELAPOR1,1,0,0,-0.8225636335506721,
SARS1,SARS1,1,0,0,-0.7025554624069219,-0.41244639387489
CELSR2,CELSR2,1,0,0,-2.2988102193755253,-3.41181836733283
PSRC1,PSRC1,1,0,0,-3.3477003526150604,-1.18540759566752
MYBPHL,MYBPHL,1,0,0,-1.525810666900135,
SORT1,SORT1,1,0,0,-0.21219259154320902,1.34186754918041
PSMA5,PSMA5,1,0,0,0.13426957133612305,2.28597779860753
SYPL2,SYPL2,1,0,0,-1.2242827777927516,-1.46335549451247
ATXN7L2,ATXN7L2,1,0,0,-2.750570336551638,
CYB561D1,CYB561D1,1,0,0,-0.8963421917794108,-1.39797230441381
AMIGO1,AMIGO1,1,0,0,-1.5624849055213534,-2.70032102160837
GPR61,GPR61,1,0,0,-1.9222344633921455,
GNAI3,GNAI3,1,0,0,0.7609426821797509,0.633350073470925
GNAT2,GNAT2,1,0,0,-0.04179755486033976,
AMPD2,AMPD2,1,0,0,-2.159403251985262,-1.97401542823641
GSTM4,GSTM4,1,0,0,-0.7166523349133858,0.925967156305835
GSTM2,GSTM2,1,0,0,-0.5709110561116386,-1.60986376920675
GSTM1,GSTM1,1,0,0,-0.43644442316768917,2.74517512026388
GSTM5,GSTM5,1,0,0,-0.21505870438338803,1.18194252772765
GSTM3,GSTM3,1,0,0,0.06389525664937956,1.32253060070516
EPS8L3,EPS8L3,1,0,0,-3.0331607506845355,
CSF1,CSF1,1,0,0,-2.664943841881561,-0.691941799533446
AHCYL1,AHCYL1,1,0,0,0.00904832756545737,-0.0405181040426454
STRIP1,STRIP1,1,0,0,-1.5029350461345334,-1.48582391704473
ALX3,ALX3,1,0,0,-2.8830814062105112,
UBL4B,UBL4B,1,0,0,-2.6768475332978348,
SLC6A17,SLC6A17,1,0,0,-1.0174532361212059,
KCNC4,KCNC4,1,0,0,-2.0246322032137076,
RBM15,RBM15,1,0,0,-1.7638527620373878,-2.3449083869139
SLC16A4,SLC16A4,1,0,0,0.9444006229230482,1.63716058049985
LAMTOR5,LAMTOR5,1,0,0,0.10120718470750845,0.282154324153462
PROK1,PROK1,1,0,0,-2.093989740508409,
KCNA10,KCNA10,1,0,0,-0.8126398336298148,
KCNA2,KCNA2,1,0,0,-0.6783499905324,
KCNA3,KCNA3,1,0,0,-1.9744273065213775,-2.2872533442386
CD53,CD53,1,0,0,0.21451516951732152,1.18418253382984
LRIF1,LRIF1,1,0,0,0.634142088515814,1.70325008978782
DRAM2,DRAM2,1,0,0,1.2412693796140424,2.3066960921618
CEPT1,CEPT1,1,0,0,1.0482882316201714,3.18162143669358
DENND2D,DENND2D,1,0,0,-0.8591142227650508,-1.59905875941298
CHI3L2,CHI3L2,1,0,0,-0.13238059551632375,
CHIA,CHIA,1,0,0,-0.5060636098539995,
CIMAP3,CIMAP3,1,0,0,-0.11360957115314108,
OVGP1,OVGP1,1,0,0,-0.29681899699378356,-0.472272755442584
WDR77,WDR77,1,0,0,-1.4237652293850136,-0.494252118686812
ATP5PB,ATP5PB,1,0,0,0.811047028639738,1.0950018564217
C1orf162,C1orf162,1,0,0,-1.0719414209279599,-0.920139028228158
TMIGD3,TMIGD3,1,0,0,-0.054373474040932734,-0.868410926346085
RAP1A,RAP1A,1,0,0,0.7277243306986989,0.488652555968363
INKA2,INKA2,1,0,0,-2.4924787407106734,-2.70705681719553
DDX20,DDX20,1,0,0,-0.03558325676167229,0.0491607518736843
KCND3,KCND3,1,0,0,-1.8862309326525093,-3.77092696661676
CTTNBP2NL,CTTNBP2NL,1,0,0,-1.6557544740908554,-1.42836190233644
WNT2B,WNT2B,1,0,0,-1.2316770069056346,
ST7L,ST7L,1,0,0,0.2239383028338544,-0.38726160129565
CAPZA1,CAPZA1,1,0,0,0.6201875941525739,1.58429977608293
MOV10,MOV10,1,0,0,-1.724559788631952,-0.784383147247127
RHOC,RHOC,1,0,0,-1.5280473299769266,
PPM1J,PPM1J,1,0,0,-2.0683322250472216,
TAFA3,TAFA3,1,0,0,-2.5285202558650965,
SLC16A1,SLC16A1,1,0,0,0.9431693718135747,1.18841676026029
LRIG2,LRIG2,1,0,0,-0.09385631280039242,
MAGI3,MAGI3,1,0,0,-0.37409721690125686,-1.67489964100862
PHTF1,PHTF1,1,0,0,0.5572773277834902,-0.787284739105791
RSBN1,RSBN1,1,0,0,-0.5151495486639917,-0.855410313647695
PTPN22,PTPN22,1,0,0,0.48424507285352014,-0.0618833406359675
BCL2L15,BCL2L15,1,0,0,0.004874048603692671,
AP4B1,AP4B1,1,0,0,-0.057087713382273364,0.0173500035271745
DCLRE1B,DCLRE1B,1,0,0,-1.3396165435921397,
HIPK1,HIPK1,1,0,0,-0.8083621913613293,-1.68526424316585
OLFML3,OLFML3,1,0,0,-1.1428039742276646,-1.12711592030107
SYT6,SYT6,1,0,0,-1.6319428492456929,
TRIM33,TRIM33,1,0,0,-0.8003882155232223,-0.561647150262902
BCAS2,BCAS2,1,0,0,0.806997339082633,0.629296066488163
DENND2C,DENND2C,1,0,0,0.08828907642221395,0.797762024504251
AMPD1,AMPD1,1,0,0,0.4844818944391509,
NRAS,NRAS,1,0,0,0.7348400005564724,0.55208768968894
CSDE1,CSDE1,1,0,0,0.6254820044009008,0.331517522146814
SIKE1,SIKE1,1,0,0,-0.6779396559163775,0.108383862896304
SYCP1,SYCP1,1,0,0,0.85771173532512,
TSHB,TSHB,1,0,0,1.4977738391926554,
TSPAN2,TSPAN2,1,0,0,0.5279488785702195,
NGF,NGF,1,0,0,-1.407303564422067,-0.888679136053464
VANGL1,VANGL1,1,0,0,-0.8964089419403862,-0.816081983953041
CASQ2,CASQ2,1,0,0,0.4518738519928469,
NHLH2,NHLH2,1,0,0,-3.0680832641431337,
SLC22A15,SLC22A15,1,0,0,-0.24286520907727116,-2.07330697386435
MAB21L3,MAB21L3,1,0,0,-1.3123326121004784,
ATP1A1,ATP1A1,1,0,0,-0.020348860882547726,0.340223947695887
CD58,CD58,1,0,0,0.6601152485726995,3.0524634382257
IGSF3,IGSF3,1,0,0,-2.3541979065283503,-3.10181776069002
CD2,CD2,1,0,0,-0.565239554774239,-0.449850410102666
PTGFRN,PTGFRN,1,0,0,-1.6740613740709147,-1.15372069101085
CD101,CD101,1,0,0,-0.9026953336656582,
TTF2,TTF2,1,0,0,-0.8222361175352546,-0.530097645140577
TRIM45,TRIM45,1,0,0,-1.5743878104098865,-2.25109791696431
VTCN1,VTCN1,1,0,0,-0.08935080460944356,-0.0070421801003403
MAN1A2,MAN1A2,1,0,0,0.6879322752059753,-1.54094556855128
TENT5C,TENT5C,1,0,0,-1.283423808496977,0.161791592000903
GDAP2,GDAP2,1,0,0,0.7034633354740549,1.76563149645874
WDR3,WDR3,1,0,0,0.33396664600100046,1.62636930504881
SPAG17,SPAG17,1,0,0,0.23762601055821442,
TBX15,TBX15,1,0,0,-1.1358477625746204,0.409503943663866
WARS2,WARS2,1,0,0,-0.5752571386596692,-0.51843043462723
HAO2,HAO2,1,0,0,-0.3070964709069397,-0.43361066335659
HSD3B2,HSD3B2,1,0,0,-0.6201692792411553,
HSD3B1,HSD3B1,1,0,0,-0.7149096326726632,
ZNF697,ZNF697,1,0,0,-3.393340021436341,-2.75856807834764
PHGDH,PHGDH,1,0,0,-1.445545137001245,-0.456389859688498
HMGCS2,HMGCS2,1,0,0,-0.49622432802599015,0.814149605856836
REG4,REG4,1,0,0,-0.9639544150460821,
ADAM30,ADAM30,1,0,0,0.30157840662848656,
NOTCH2,NOTCH2,1,0,0,-0.9927269026213104,-2.20035299089468
SEC22B,SEC22B,1,0,0,0.5771653448060299,0.0752322404689274
NBPF8,NBPF8,1,0,0,-1.4923491958678845,
NOTCH2NLR,NOTCH2NLR,1,0,0,-0.8343177685237588,
PPIAL4A,PPIAL4A,1,0,0,0.34140477307979644,
FAM72B,FAM72B,1,0,0,0.5138894956479856,
SRGAP2C,SRGAP2C,1,0,0,-0.8878222555465616,-2.51016958259692
H3-7,H3-7,1,0,0,-2.2178585409365716,
FAM72C,FAM72C,1,0,0,0.483919844651556,
PPIAL4E,PPIAL4E,1,0,0,0.2937302425271344,
NBPF15,NBPF15,1,0,0,-1.400824883432744,-4.39633904061936
PPIAL4F,PPIAL4F,1,0,0,0.2937302425271344,
SRGAP2B,SRGAP2B,1,0,0,-0.9152568030701946,-2.95042803161284
FAM72D,FAM72D,1,0,0,0.43558021667261926,
PPIAL4D,PPIAL4D,1,0,0,0.15669055029329115,
NBPF20,NBPF20,1,0,0,-1.5121060090119602,
GPR89A,GPR89A,1,0,0,1.2520590212131424,
PDZK1,PDZK1,1,0,0,-0.06786094910724039,0.305744589981204
CD160,CD160,1,0,0,-0.8969793072998797,0.118437324395122
RNF115,RNF115,1,0,0,-1.1645607734063361,-0.123335922563974
POLR3C,POLR3C,1,0,0,-0.18660034592990016,-0.654301492772669
NUDT17,NUDT17,1,0,0,-2.3817648018841666,
PIAS3,PIAS3,1,0,0,-1.6997079283762684,-0.743573865125198
ANKRD35,ANKRD35,1,0,0,-2.31175696558641,-1.68821423363254
ITGA10,ITGA10,1,0,0,-1.2152194287542564,
PEX11B,PEX11B,1,0,0,-0.8443053846001174,-0.119326636446258
RBM8A,RBM8A,1,0,0,-0.5874902650511284,-0.920073682808506
LIX1L,LIX1L,1,0,0,-1.5469223977771769,-1.04594147716515
ANKRD34A,ANKRD34A,1,0,0,-2.9593309016043428,
POLR3GL,POLR3GL,1,0,0,-1.1924256514879161,-1.11050242215665
TXNIP,TXNIP,1,0,0,-0.05663245135830586,0.438024462519454
HJV,HJV,1,0,0,-1.4002353146251405,-2.25303163425437
NBPF10,NBPF10,1,0,0,-1.4511466121202936,
NOTCH2NLA,NOTCH2NLA,1,0,0,-1.0486078267018382,
PPIAL4H,PPIAL4H,1,0,0,0.1748860812461679,
NBPF12,NBPF12,1,0,0,-1.5198169751912527,
PRKAB2,PRKAB2,1,0,0,-0.9457916942722076,0.654162975028569
FMO5,FMO5,1,0,0,0.3324551558870592,1.21105243015778
CHD1L,CHD1L,1,0,0,-0.33158662639063685,-1.35871611325169
LOC128071544,LOC128071544,1,0,0,-2.065314309602167,
BCL9,BCL9,1,0,0,-1.821119648686615,-3.39249452104442
ACP6,ACP6,1,0,0,-0.8561681553429654,-1.8029455954204
GJA5,GJA5,1,0,0,-1.068140743994526,0.568710903159863
GJA8,GJA8,1,0,0,-2.295770419936371,
GPR89B,GPR89B,1,0,0,1.2591427611590724,
NBPF11,NBPF11,1,0,0,-1.6103714479420947,
PPIAL4G,PPIAL4G,1,0,0,0.09428300354847252,
NBPF14,NBPF14,1,0,0,-1.4204427689847154,-2.6503301001159
NOTCH2NLB,NOTCH2NLB,1,0,0,-0.860705306630388,
NUDT4B,NUDT4B,1,0,0,-0.10234230343915307,
PDE4DIP,PDE4DIP,1,0,0,-1.6981251873948011,-1.64133591449541
NBPF9,NBPF9,1,0,0,-1.5287694856868352,-3.80000059307736
NOTCH2NLC,NOTCH2NLC,1,0,0,-1.028818213793965,
NBPF19,NBPF19,1,0,0,-1.4777521323675256,
PPIAL4C,PPIAL4C,1,0,0,0.19659434824182043,
FCGR1A,FCGR1A,1,0,0,-0.8742889789518351,
H2BC18,H2BC18,1,0,0,-1.239037958982717,-1.82313520182952
H3C13,H3C13,1,0,0,-2.3086399743903385,
H4C14,H4C14,1,0,0,-0.669745811269296,
H3C14,H3C14,1,0,0,-2.180763350086883,
H2AC18,H2AC18,1,0,0,-1.6305183783812982,
H2AC19,H2AC19,1,0,0,-1.6305183783812982,
H3C15,H3C15,1,0,0,-2.180763350086883,
H4C15,H4C15,1,0,0,-0.669745811269296,
H2BC21,H2BC21,1,0,0,-1.5631103389879861,0.254120091112914
H2AC20,H2AC20,1,0,0,-1.6617250466574944,-0.0951256038906325
H2AC21,H2AC21,1,0,0,-1.5010889308282387,
BOLA1,BOLA1,1,0,0,-2.675544203218452,-1.5221516213212
SV2A,SV2A,1,0,0,-0.6903537074012576,
SF3B4,SF3B4,1,0,0,-1.6792955984405165,-0.436855005546481
MTMR11,MTMR11,1,0,0,-1.5525324696672183,-1.08717314390426
OTUD7B,OTUD7B,1,0,0,-1.6904171006513646,-2.79056551487508
VPS45,VPS45,1,0,0,0.5433479836630806,1.22715448564688
PLEKHO1,PLEKHO1,1,0,0,-2.354610125254208,-3.82689023380569
ANP32E,ANP32E,1,0,0,-0.06784002985685866,0.729509529320494
CA14,CA14,1,0,0,-0.9438111274820216,0.792447685336606
APH1A,APH1A,1,0,0,-0.20883651954399163,-0.49773074360311
C1orf54,C1orf54,1,0,0,0.4974280153788513,
CIART,CIART,1,0,0,-1.5203198964875035,0.0386830978029694
MRPS21,MRPS21,1,0,0,-0.4675638613471538,0.574621562115291
PRPF3,PRPF3,1,0,0,-0.6139888621026408,-1.29148168923855
RPRD2,RPRD2,1,0,0,-1.6863765948352842,-1.15487992931694
TARS2,TARS2,1,0,0,-1.4741134436203929,-0.836668193354658
ECM1,ECM1,1,0,0,-2.341946342665297,-0.434439911356135
ADAMTSL4,ADAMTSL4,1,0,0,-3.192082855008003,-2.78811514686692
MCL1,MCL1,1,0,0,-1.8570490620505513,-0.927414324313279
ENSA,ENSA,1,0,0,-1.2338033802456163,-1.93289508585717
GOLPH3L,GOLPH3L,1,0,0,0.11246307993544491,1.18558359922921
HORMAD1,HORMAD1,1,0,0,0.7704412833315253,
CTSS,CTSS,1,0,0,0.7962203167590136,2.1666788229783
CTSK,CTSK,1,0,0,0.06135943518178166,-0.725471985567935
ARNT,ARNT,1,0,0,-0.883665975261497,-0.731395766344873
CTXND2,CTXND2,1,0,0,0.3559707623106316,
SETDB1,SETDB1,1,0,0,-0.7315313362749478,-0.991792424223771
CERS2,CERS2,1,0,0,-0.009481072237081278,-0.682069819625996
ANXA9,ANXA9,1,0,0,-1.4892518486226027,-1.72918086589637
MINDY1,MINDY1,1,0,0,-1.9283765125186427,-1.77255697362612
PRUNE1,PRUNE1,1,0,0,-1.0341506367329192,-1.08000384494959
BNIPL,BNIPL,1,0,0,-1.001108194425072,
C1orf56,C1orf56,1,0,0,-2.924094213023425,-0.430755882394477
CDC42SE1,CDC42SE1,1,0,0,-0.6606777778426896,-1.92122071685138
MLLT11,MLLT11,1,0,0,-1.3320746867016577,0.440112592752543
GABPB2,GABPB2,1,0,0,-0.287033539558756,-1.8949479406893
SEMA6C,SEMA6C,1,0,0,-2.502256090761227,-4.2515389329109
TNFAIP8L2,TNFAIP8L2,1,0,0,-1.8163336197534274,0.0799825540178841
LYSMD1,LYSMD1,1,0,0,-1.4991622294554396,-1.6324232115251
SCNM1,SCNM1,1,0,0,-1.3759677552621543,-0.406758535806992
TMOD4,TMOD4,1,0,0,-1.1757089062401462,
VPS72,VPS72,1,0,0,-1.7826601922853182,-1.2445359558576
PIP5K1A,PIP5K1A,1,0,0,-0.4117194112332676,-1.15904617793359
PSMD4,PSMD4,1,0,0,-0.8958359777513909,-0.558210689944733
ZNF687,ZNF687,1,0,0,-2.484768718804151,-2.24392163244334
PI4KB,PI4KB,1,0,0,-1.6568092233290859,-2.63692234391651
RFX5,RFX5,1,0,0,-1.8651845925984478,-2.88156125242489
SELENBP1,SELENBP1,1,0,0,-1.5417647431196286,-0.498720582379933
PSMB4,PSMB4,1,0,0,0.09852814336578675,0.861304291439711
POGZ,POGZ,1,0,0,-0.7642805719257861,-1.84558219651093
CGN,CGN,1,0,0,-2.8248806397995825,-2.26121294124097
TUFT1,TUFT1,1,0,0,-2.397493725953929,-1.63721210404284
SNX27,SNX27,1,0,0,-0.8367158887518062,0.390902711742567
CELF3,CELF3,1,0,0,-2.1926138666248125,
RIIAD1,RIIAD1,1,0,0,-0.3360225123421099,
MRPL9,MRPL9,1,0,0,-1.14543515023459,-0.495275702328918
TDRKH,TDRKH,1,0,0,-0.6888518623807247,-0.242276972532315
LINGO4,LINGO4,1,0,0,-2.2118893830829087,
RORC,RORC,1,0,0,-2.5554265413679715,-5.27229687194898
C2CD4D,C2CD4D,1,0,0,-3.661866452395179,
THEM5,THEM5,1,0,0,-0.9503664216893686,
THEM4,THEM4,1,0,0,0.5125358605516883,-0.128607174310691
S100A10,S100A10,1,0,0,1.275433311901125,1.90422281455779
S100A11,S100A11,1,0,0,0.8078291547326568,1.87358288230971
TCHHL1,TCHHL1,1,0,0,-1.309339719865548,
TCHH,TCHH,1,0,0,-4.033623739965686,
RPTN,RPTN,1,0,0,-2.6869673301531147,
HRNR,HRNR,1,0,0,-3.6194875164437885,
FLG,FLG,1,0,0,-3.643928875267447,
FLG2,FLG2,1,0,0,-2.4478749229762027,
CRNN,CRNN,1,0,0,-3.0245737772045462,
LCE5A,LCE5A,1,0,0,-4.253421439144544,
CRCT1,CRCT1,1,0,0,-3.805741045350347,
LCE3E,LCE3E,1,0,0,-4.240828524179863,
LCE3D,LCE3D,1,0,0,-4.416810939871629,
LCE3C,LCE3C,1,0,0,-4.477000529510525,
LCE3B,LCE3B,1,0,0,-3.7926176637443323,
LCE3A,LCE3A,1,0,0,-4.563968288654342,
LCE2D,LCE2D,1,0,0,-4.024779033990386,
LCE2C,LCE2C,1,0,0,-3.985280946521394,
LCE2B,LCE2B,1,0,0,-3.666694715870838,
LCE2A,LCE2A,1,0,0,-4.467564468365394,
LCE4A,LCE4A,1,0,0,-3.4396578232978765,
KPLCE,KPLCE,1,0,0,-1.1198814829701078,
KPRP,KPRP,1,0,0,-2.521262272522092,
LCE1F,LCE1F,1,0,0,-4.0640961209107775,
LCE1E,LCE1E,1,0,0,-4.636093478997546,
LCE1D,LCE1D,1,0,0,-4.347087395735736,
LCE1C,LCE1C,1,0,0,-4.446353449067351,
LCE1B,LCE1B,1,0,0,-4.135410513601171,
LCE1A,LCE1A,1,0,0,-4.320123945834917,
LCE6A,LCE6A,1,0,0,-2.389031474718763,
LCE7A,LCE7A,1,0,0,-1.7144671579008328,
SMCP,SMCP,1,0,0,-2.981796432410201,
IVL,IVL,1,0,0,-4.339635869852108,
SPRR5,SPRR5,1,0,0,-4.2712349675810675,
SPRR4,SPRR4,1,0,0,-3.019974637894787,
SPRR1A,SPRR1A,1,0,0,-3.796422061104254,
SPRR3,SPRR3,1,0,0,-2.337849376630535,
SPRR1B,SPRR1B,1,0,0,-3.880211808562345,
SPRR2D,SPRR2D,1,0,0,-3.685480057862298,
SPRR2A,SPRR2A,1,0,0,-3.4101086703558963,
SPRR2B,SPRR2B,1,0,0,-3.454340163012308,
SPRR2E,SPRR2E,1,0,0,-3.8994145588607037,
SPRR2F,SPRR2F,1,0,0,-3.608465935887077,
SPRR2G,SPRR2G,1,0,0,-3.4957049568531904,
LELP1,LELP1,1,0,0,-2.4347082590650935,
PRR9,PRR9,1,0,0,-2.619642342436796,
LORICRIN,LORICRIN,1,0,0,-3.3640143642466533,
PGLYRP3,PGLYRP3,1,0,0,-0.9792454105122079,
PGLYRP4,PGLYRP4,1,0,0,-1.0547235399887835,
S100A9,S100A9,1,0,0,-1.5558836778206384,-1.75082337488701
S100A12,S100A12,1,0,0,0.3378946292292824,-0.836567534474439
S100A8,S100A8,1,0,0,-0.3833857517582242,1.88970237288912
S100A7A,S100A7A,1,0,0,-0.4262334072465137,
S100A7,S100A7,1,0,0,-0.5121740074238694,
S100A6,S100A6,1,0,0,-1.257333129711041,-0.980720615074749
S100A5,S100A5,1,0,0,-1.0399011645125356,
S100A4,S100A4,1,0,0,-0.6611264879782901,-0.176988474527352
S100A3,S100A3,1,0,0,-1.2706590273397378,
S100A2,S100A2,1,0,0,-0.8640792734393479,
S100A16,S100A16,1,0,0,-1.5268385655368242,-0.0870316691316463
S100A14,S100A14,1,0,0,-2.420206415654347,-1.06166562769935
S100A13,S100A13,1,0,0,-1.040794940579568,-0.0241380421034351
S100A1,S100A1,1,0,0,-1.0170033271432128,-1.16252748464113
CHTOP,CHTOP,1,0,0,-0.6436037960055128,-0.726541143750832
SNAPIN,SNAPIN,1,0,0,-1.120618270752388,-0.0274743259161935
ILF2,ILF2,1,0,0,-0.3436306288888211,0.613852160773658
NPR1,NPR1,1,0,0,-1.685346703648671,-2.32516306005151
INTS3,INTS3,1,0,0,-1.2014820568249878,-1.64980928012887
SLC27A3,SLC27A3,1,0,0,-1.5825493941286997,-1.57746201324916
GATAD2B,GATAD2B,1,0,0,-1.2562952921557748,-0.9266278926722
DENND4B,DENND4B,1,0,0,-2.2898083921594363,-3.84841498871156
CRTC2,CRTC2,1,0,0,-2.937689963150442,-2.03563628233337
SLC39A1,SLC39A1,1,0,0,-1.9481004701726832,-1.65404690337896
CREB3L4,CREB3L4,1,0,0,-1.9434607976483615,-1.72518482525316
JTB,JTB,1,0,0,-0.7501920885015583,-1.13880768567393
RAB13,RAB13,1,0,0,-0.506252400333068,-0.447905934732553
RPS27,RPS27,1,0,0,-0.9065660387493306,2.37923293990239
NUP210L,NUP210L,1,0,0,0.35565344823164047,
TPM3,TPM3,1,0,0,-0.3425272897517537,-0.993267357408271
CFAP141,CFAP141,1,0,0,0.3683229195944069,
C1orf43,C1orf43,1,0,0,-0.42218546162378523,-1.72058391559329
UBAP2L,UBAP2L,1,0,0,-1.6107112868720748,-0.928688552361305
HAX1,HAX1,1,0,0,-1.8067245642783014,-1.73220292159683
AQP10,AQP10,1,0,0,-0.7451367365155477,
ATP8B2,ATP8B2,1,0,0,-0.685970773567707,-4.14276668998035
IL6R,IL6R,1,0,0,-2.0620807094301625,-2.3722366774589
SHE,SHE,1,0,0,-2.6251462265034515,-2.36263138958568
TDRD10,TDRD10,1,0,0,-0.5824136824758703,-2.89853335425374
UBE2Q1,UBE2Q1,1,0,0,-1.7645461390519568,-1.31850546710396
CHRNB2,CHRNB2,1,0,0,-1.4783457592845224,
ADAR,ADAR,1,0,0,-1.117335328410963,-1.12330766531421
KCNN3,KCNN3,1,0,0,-2.3029872592000853,
PMVK,PMVK,1,0,0,-1.8346459532014467,-1.14201020240876
PBXIP1,PBXIP1,1,0,0,-3.185696990070671,-1.30558945720674
PYGO2,PYGO2,1,0,0,-2.2615445340628018,-3.0384155659619
SHC1,SHC1,1,0,0,-2.2347415575092278,-2.09065705516866
CKS1B,CKS1B,1,0,0,-0.5381371109092772,1.435969909161
FLAD1,FLAD1,1,0,0,-1.4073511291278322,-1.6723412746145
LENEP,LENEP,1,0,0,-1.488213589966998,
ZBTB7B,ZBTB7B,1,0,0,-2.8283750553118914,-2.92103383314132
DCST2,DCST2,1,0,0,-1.6674413733935882,
DCST1,DCST1,1,0,0,-1.6182026584802482,
ADAM15,ADAM15,1,0,0,-2.472382754274207,-3.01160718287305
EFNA4,EFNA4,1,0,0,-2.2158399182082604,-1.61613845363454
EFNA3,EFNA3,1,0,0,-2.2506447430168066,
EFNA1,EFNA1,1,0,0,-1.6850568413575875,-0.0640634126289642
SLC50A1,SLC50A1,1,0,0,-0.3129902831128373,0.261450497381604
DPM3,DPM3,1,0,0,-1.8675607046012654,0.133671394533901
KRTCAP2,KRTCAP2,1,0,0,-0.30055305225163664,0.0275952805768656
TRIM46,TRIM46,1,0,0,-2.5071052364176936,
THBS3,THBS3,1,0,0,-1.1286630777097617,-3.6398718778762
MTX1,MTX1,1,0,0,-2.438182001657438,0.0338398353998126
GBA1,GBA1,1,0,0,-0.9882207315409115,-0.377817168275767
ENTREP3,ENTREP3,1,0,0,-2.77434862620391,-4.25472830047772
SCAMP3,SCAMP3,1,0,0,-1.1158877581466076,-0.991192531540517
CLK2,CLK2,1,0,0,-1.8101978488336563,-1.62563050852697
HCN3,HCN3,1,0,0,-1.9419503526587771,-2.61987495531724
PKLR,PKLR,1,0,0,-1.8045724823066767,-0.962748217985696
FDPS,FDPS,1,0,0,-0.6048222265326508,-0.614224906262352
RUSC1,RUSC1,1,0,0,-2.7525547112424213,-2.24912018786641
ASH1L,ASH1L,1,0,0,-0.48305906418541156,-2.01845080450344
MSTO1,MSTO1,1,0,0,-1.6398164915621827,-2.39703579162748
YY1AP1,YY1AP1,1,0,0,-1.0136089553044805,-1.96128912107233
DAP3,DAP3,1,0,0,-0.10376453043243394,0.0398140696872184
GON4L,GON4L,1,0,0,-1.2677410971946994,-2.87353474636795
SYT11,SYT11,1,0,0,-1.443221677038892,-0.828126256043564
RIT1,RIT1,1,0,0,0.25234289467758586,0.143428102684255
KHDC4,KHDC4,1,0,0,-0.7605684361457392,-1.32237911468282
RXFP4,RXFP4,1,0,0,-1.2498840426389393,
ARHGEF2,ARHGEF2,1,0,0,-2.4222951141832922,-2.25622890540745
SSR2,SSR2,1,0,0,-0.4387149772793446,0.717328110858786
UBQLN4,UBQLN4,1,0,0,-2.367359017070843,-1.25787386049245
LAMTOR2,LAMTOR2,1,0,0,-0.7933582198454374,-0.24167608246151
RAB25,RAB25,1,0,0,-1.1323542734875556,-1.301692957736
MEX3A,MEX3A,1,0,0,-2.708883137573814,-3.14323423114357
LMNA,LMNA,1,0,0,-2.743505455840415,-1.62615541613343
SEMA4A,SEMA4A,1,0,0,-1.6217157753540796,-1.86196136932668
SLC25A44,SLC25A44,1,0,0,-0.5857571201247271,-1.75322188056861
PMF1,PMF1,1,0,0,-2.0022797712348694,
BGLAP,BGLAP,1,0,0,-1.9900311409589104,
PAQR6,PAQR6,1,0,0,-1.6471623564888382,
SMG5,SMG5,1,0,0,-1.764810407549568,-2.96535554770872
TMEM79,TMEM79,1,0,0,-2.038677153612152,-2.59384570106663
GLMP,GLMP,1,0,0,-1.8888672564768143,-0.207539327578857
VHLL,VHLL,1,0,0,-1.7261608814941436,
CCT3,CCT3,1,0,0,-0.3225192163825348,0.378506888932486
TSACC,TSACC,1,0,0,-1.3093074143229604,
RHBG,RHBG,1,0,0,-1.5183934601787303,-2.11999021826556
MEF2D,MEF2D,1,0,0,-3.1985272252870107,-2.25434590909958
IQGAP3,IQGAP3,1,0,0,-1.4865822719962036,
TTC24,TTC24,1,0,0,-2.6983766674929566,
NAXE,NAXE,1,0,0,-1.3546788639163125,-1.31683015635861
HAPLN2,HAPLN2,1,0,0,-2.6026855648284144,
BCAN,BCAN,1,0,0,-2.3217743477692547,
NES,NES,1,0,0,-2.8424694162452973,
CRABP2,CRABP2,1,0,0,-0.7106774384352299,-2.38946719083861
ISG20L2,ISG20L2,1,0,0,-1.1955074423903511,-1.89900926675962
METTL25B,METTL25B,1,0,0,-2.1738358072349655,-2.26432206948829
MRPL24,MRPL24,1,0,0,-0.8024283458826869,-0.313081067705437
HDGF,HDGF,1,0,0,-2.3420870015567488,-2.07215608003358
PRCC,PRCC,1,0,0,-1.5713082761693293,-3.2234383677069
SH2D2A,SH2D2A,1,0,0,-3.273938412876781,-2.08513836069417
INSRR,INSRR,1,0,0,-1.9660588446564873,
NTRK1,NTRK1,1,0,0,-2.1241067565777616,
PEAR1,PEAR1,1,0,0,-2.8209875930408312,-1.85031775796193
LRRC71,LRRC71,1,0,0,-2.3317253807284857,
ARHGEF11,ARHGEF11,1,0,0,-2.3184390318339023,-3.51059489958907
ETV3L,ETV3L,1,0,0,-2.366646665248128,
ETV3,ETV3,1,0,0,-1.81464180143883,-1.62638577352636
FCRL5,FCRL5,1,0,0,-1.288100680351036,
FCRL4,FCRL4,1,0,0,-0.9025802163681345,
FCRL3,FCRL3,1,0,0,-1.3909321073758356,
FCRL2,FCRL2,1,0,0,-0.9579236744536015,
FCRL1,FCRL1,1,0,0,-1.4127899157267176,
CD5L,CD5L,1,0,0,-1.3849107896152688,0.20490730603768
KIRREL1,KIRREL1,1,0,0,-1.9051851924224952,-1.60135303579767
SMIM42,SMIM42,1,0,0,0.27116137172504473,
CD1D,CD1D,1,0,0,-1.673097942049548,-0.536545604827649
CD1A,CD1A,1,0,0,-0.9408919303591965,
CD1C,CD1C,1,0,0,-0.6364108767824401,
CD1B,CD1B,1,0,0,-0.4387487934694789,
CD1E,CD1E,1,0,0,-0.8274171808202553,
OR10T2,OR10T2,1,0,0,0.40981167329315404,
OR10K2,OR10K2,1,0,0,0.37859301882278906,
OR10K1,OR10K1,1,0,0,0.4693688983360982,
OR10R2,OR10R2,1,0,0,1.1909733786421697,
OR6Y1,OR6Y1,1,0,0,0.824257299461074,
OR6P1,OR6P1,1,0,0,0.29970634679094665,
OR10X1,OR10X1,1,0,0,0.9109636304056288,
OR10Z1,OR10Z1,1,0,0,-0.12811689092733047,
SPTA1,SPTA1,1,0,0,-0.6169326830857109,
OR6K2,OR6K2,1,0,0,0.73559304123747,
OR6K3,OR6K3,1,0,0,0.6880372737365228,
OR6K6,OR6K6,1,0,0,0.6344420320391091,
OR6N1,OR6N1,1,0,0,-0.1793114518748382,
OR6N2,OR6N2,1,0,0,1.0195090844272414,
MNDA,MNDA,1,0,0,0.6785205359656086,-0.476214445478473
PYHIN1,PYHIN1,1,0,0,-0.027758567463338935,-1.4925264456198
PYDC5,PYDC5,1,0,0,-0.48634328600512156,
IFI16,IFI16,1,0,0,0.08405504533146413,0.315061841010364
AIM2,AIM2,1,0,0,1.1097377505967678,
CADM3,CADM3,1,0,0,-1.5798728763369922,
ACKR1,ACKR1,1,0,0,-1.012664721754712,-0.736793946453081
FCER1A,FCER1A,1,0,0,0.008844658851636211,1.65672805990929
OR10J1,OR10J1,1,0,0,0.5268502941113393,
OR10J5,OR10J5,1,0,0,0.8697720297574953,
APCS,APCS,1,0,0,0.07399342865113745,2.41353531831881
CRP,CRP,1,0,0,-0.45524347066487714,0.755481170201062
DUSP23,DUSP23,1,0,0,-2.344322081377996,-2.24651242310635
FCRL6,FCRL6,1,0,0,-1.5671384234645203,-2.07749187882064
SLAMF8,SLAMF8,1,0,0,-1.5306914115371821,
VSIG8,VSIG8,1,0,0,-2.0061458670891525,
CFAP45,CFAP45,1,0,0,-1.7986654506701552,
TAGLN2,TAGLN2,1,0,0,-0.8689439533283565,-1.05246367810431
IGSF9,IGSF9,1,0,0,-2.693729802661478,-2.07608945011373
SLAMF9,SLAMF9,1,0,0,-1.3933140470783272,-0.948335434760697
PIGM,PIGM,1,0,0,0.5461037796458825,-0.280207577872537
KCNJ10,KCNJ10,1,0,0,-0.9991412831789681,1.06562293741784
KCNJ9,KCNJ9,1,0,0,-2.316860339196163,
IGSF8,IGSF8,1,0,0,-1.9690845460774113,-2.01132821080077
ATP1A2,ATP1A2,1,0,0,-1.2343599837718369,
ATP1A4,ATP1A4,1,0,0,-0.5265860145709809,
CASQ1,CASQ1,1,0,0,-0.3892754769794262,
PEA15,PEA15,1,0,0,-1.6626903005340736,-0.254450458328662
DCAF8,DCAF8,1,0,0,-1.6264547514687653,
PEX19,PEX19,1,0,0,-1.2587920891349889,-0.36380868203777
COPA,COPA,1,0,0,0.08334141267364714,0.482628905352019
NCSTN,NCSTN,1,0,0,-0.6997348406085759,0.810578394445516
NHLH1,NHLH1,1,0,0,-2.9648487998605564,
VANGL2,VANGL2,1,0,0,-1.982411310918355,
SLAMF6,SLAMF6,1,0,0,-0.262801951850264,0.972661371700553
CD84,CD84,1,0,0,0.016114157971717447,
SLAMF1,SLAMF1,1,0,0,-0.945128597238801,
CD48,CD48,1,0,0,-0.4252620459694647,-0.160531898751122
SLAMF7,SLAMF7,1,0,0,-0.7176348766422151,0.400077033972757
LY9,LY9,1,0,0,-1.6715049969247122,-1.18131431238514
CD244,CD244,1,0,0,-0.9307243300963197,-0.108049916553011
ITLN1,ITLN1,1,0,0,-0.35658324927435103,0.121772203643761
ITLN2,ITLN2,1,0,0,-0.41289293560009277,
F11R,F11R,1,0,0,-0.5756011801278493,1.03757513423577
TSTD1,TSTD1,1,0,0,-1.3663685471990004,-0.653090021009734
USF1,USF1,1,0,0,-1.4511351053618675,-1.8766325388952
ARHGAP30,ARHGAP30,1,0,0,-2.3505109911542785,-2.99814863153191
NECTIN4,NECTIN4,1,0,0,-2.7115795537647607,
KLHDC9,KLHDC9,1,0,0,-1.6672518289133098,-1.8758744960057
PFDN2,PFDN2,1,0,0,-1.1123621614735875,-0.546167570955346
NIT1,NIT1,1,0,0,-1.4013253161316932,-0.639815547538708
DEDD,DEDD,1,0,0,-1.5177006426073696,-2.13556361180677
UFC1,UFC1,1,0,0,-0.027399093937491514,0.241022848922805
USP21,USP21,1,0,0,-1.9970770658761587,-4.27892638044603
PPOX,PPOX,1,0,0,-2.0706612694221747,-0.752215501183098
B4GALT3,B4GALT3,1,0,0,-1.64912027112271,-3.1916996194447
ADAMTS4,ADAMTS4,1,0,0,-2.0839640027641018,-1.74341871146234
NDUFS2,NDUFS2,1,0,0,-0.21491389190010146,0.18657648990065
FCER1G,FCER1G,1,0,0,-0.4843756489979558,0.922280233166601
APOA2,APOA2,1,0,0,-0.6363454870973779,0.920103936072874
TOMM40L,TOMM40L,1,0,0,-1.042271696123077,-2.88449010899965
NR1I3,NR1I3,1,0,0,-1.4169158006170175,-0.857814609195477
PCP4L1,PCP4L1,1,0,0,-0.8437265757336139,-0.688040043646786
MPZ,MPZ,1,0,0,-1.396496212698672,
SDHC,SDHC,1,0,0,0.08765181450428372,1.6086393520346
CFAP126,CFAP126,1,0,0,-1.043200142867196,
FCGR2A,FCGR2A,1,0,0,-1.0155420046290011,-0.238541299694538
HSPA6,HSPA6,1,0,0,-2.0581895120497133,-3.90635199240847
FCGR3A,FCGR3A,1,0,0,-0.9640409861353714,1.42570226086305
FCGR3B,FCGR3B,1,0,0,-0.8759146472847821,-1.1477606779417
FCGR2B,FCGR2B,1,0,0,-1.3350513056655853,0.641027216744537
FCRLA,FCRLA,1,0,0,-1.6964934006291834,
FCRLB,FCRLB,1,0,0,-2.0204954724633275,
DUSP12,DUSP12,1,0,0,-0.48140209794526534,-1.78817944978679
ATF6,ATF6,1,0,0,-0.36196702622893007,1.21070201905009
OLFML2B,OLFML2B,1,0,0,-1.5551014265842884,
NOS1AP,NOS1AP,1,0,0,-2.113015625790508,
SPATA46,SPATA46,1,0,0,-2.2504564123816824,
C1orf226,C1orf226,1,0,0,-2.8602695906203284,
SH2D1B,SH2D1B,1,0,0,-0.4884636983599293,
UHMK1,UHMK1,1,0,0,0.2968463565035382,1.39222152016809
UAP1,UAP1,1,0,0,0.8181826280436351,0.581998344545043
DDR2,DDR2,1,0,0,-0.3189842984793163,-0.755710091296399
HSD17B7,HSD17B7,1,0,0,0.047435585135858105,0.0237194469419286
CCDC190,CCDC190,1,0,0,-1.1324885599032122,
RGS4,RGS4,1,0,0,-0.2324782428453087,-1.3225070172552
RGS5,RGS5,1,0,0,-0.2859307664372128,-0.0312540939032541
NUF2,NUF2,1,0,0,0.8760862869402946,
PBX1,PBX1,1,0,0,-1.3596799639027246,-1.09357812084901
LMX1A,LMX1A,1,0,0,-1.6842391848666622,
RXRG,RXRG,1,0,0,-1.151036155521961,
LRRC52,LRRC52,1,0,0,-1.2187118945699194,
MGST3,MGST3,1,0,0,0.15134953914784788,1.55370428408271
ALDH9A1,ALDH9A1,1,0,0,0.3121192440493683,0.940211417556283
TMCO1,TMCO1,1,0,0,0.762853993567628,1.62374404788346
UCK2,UCK2,1,0,0,-1.5592102435906021,-0.492645924933925
FAM78B,FAM78B,1,0,0,-1.7875578345781022,
POGK,POGK,1,0,0,-1.0393315539516248,-2.8004748988805
TADA1,TADA1,1,0,0,-0.26690405113150817,0.103726069685716
ILDR2,ILDR2,1,0,0,-1.8136068516925548,
MAEL,MAEL,1,0,0,-0.09418052821387057,-1.95922831020529
GPA33,GPA33,1,0,0,-1.777192707208794,
STYXL2,STYXL2,1,0,0,-2.572153792081016,
POU2F1,POU2F1,1,0,0,-1.5430578567523163,-1.41652651745742
CD247,CD247,1,0,0,-0.879870920175831,-1.42210839431121
CREG1,CREG1,1,0,0,-1.129261030725674,-0.0357095590646956
RCSD1,RCSD1,1,0,0,-3.1932161922166316,-2.64953230767161
MPZL1,MPZL1,1,0,0,-0.39702705513536074,0.248079803038874
ADCY10,ADCY10,1,0,0,0.3428009773541376,-0.742712178926625
MPC2,MPC2,1,0,0,0.8838302352648348,0.630015810878728
DCAF6,DCAF6,1,0,0,-0.2935884016394663,-2.31052598505483
GPR161,GPR161,1,0,0,-1.4947953725784764,
TIPRL,TIPRL,1,0,0,0.25522527640718273,1.06700059405096
SFT2D2,SFT2D2,1,0,0,0.22139808588824117,0.294722234935768
TBX19,TBX19,1,0,0,-1.5160604657411145,-2.81097142986596
XCL2,XCL2,1,0,0,-0.8090483493602498,-2.12053263837175
XCL1,XCL1,1,0,0,-0.38765751521933645,-0.488224259117972
DPT,DPT,1,0,0,-0.1929554476124853,-0.181420325022662
ATP1B1,ATP1B1,1,0,0,0.6235469547730581,1.09811188426574
NME7,NME7,1,0,0,1.5302467851250707,1.95008352559286
BLZF1,BLZF1,1,0,0,0.31189878486249434,1.77314674470766
CCDC181,CCDC181,1,0,0,-0.18981595274800256,
SLC19A2,SLC19A2,1,0,0,0.7414983504063617,-0.65151741674543
F5,F5,1,0,0,-0.4088780664510345,0.882453132641543
SELP,SELP,1,0,0,-0.5623852218134733,1.46377005990147
SELL,SELL,1,0,0,-0.07155480559471172,0.301384709781761
SELE,SELE,1,0,0,-0.7514244952139251,-0.787339777937717
METTL18,METTL18,1,0,0,0.8401190323717138,1.32803260302788
FIRRM,FIRRM,1,0,0,0.3766467715565103,-0.0519613078645023
SCYL3,SCYL3,1,0,0,-0.29148208902545747,0.249975374809573
KIFAP3,KIFAP3,1,0,0,1.376412253027194,2.18466000607555
NTMT2,NTMT2,1,0,0,-0.8435028397851685,
GORAB,GORAB,1,0,0,-0.7551140597314365,0.103084188674936
PRRX1,PRRX1,1,0,0,-1.675519972580199,
MROH9,MROH9,1,0,0,0.65910909638764,
FMO3,FMO3,1,0,0,0.216669433393756,0.985119452022143
FMO2,FMO2,1,0,0,0.695168057749191,
FMO1,FMO1,1,0,0,0.2391323698737189,0.1478464765059
FMO4,FMO4,1,0,0,0.6295182911115198,1.30275044860409
PRRC2C,PRRC2C,1,0,0,-0.958336355582416,-1.09651872812137
MYOCOS,MYOCOS,1,0,0,-1.6748168002292179,
MYOC,MYOC,1,0,0,-1.5992283912751368,
VAMP4,VAMP4,1,0,0,1.2797047028970265,2.48161363323934
METTL13,METTL13,1,0,0,-1.359694017539919,-1.76911819002118
DNM3,DNM3,1,0,0,-0.4913139274364493,
C1orf105,C1orf105,1,0,0,-0.36186678209603684,
PIGC,PIGC,1,0,0,0.34139824322719114,-0.336941746974259
SUCO,SUCO,1,0,0,0.5620689550119398,0.522923418269828
FASLG,FASLG,1,0,0,-1.1126966994328011,-2.11285149418743
TNFSF18,TNFSF18,1,0,0,0.8999566274162198,
TNFSF4,TNFSF4,1,0,0,0.005216286554315275,
PRDX6,PRDX6,1,0,0,-0.32829111293621693,0.988358681850437
SLC9C2,SLC9C2,1,0,0,1.695152364347603,
ANKRD45,ANKRD45,1,0,0,0.019431829393669275,
TEX50,TEX50,1,0,0,0.790839617379504,
KLHL20,KLHL20,1,0,0,0.04216840156779256,-0.390131838978618
CENPL,CENPL,1,0,0,0.8291291627471828,
DARS2,DARS2,1,0,0,-0.1893435600813529,2.26424150671022
ZBTB37,ZBTB37,1,0,0,-1.3374306631153718,-3.61534279436413
SERPINC1,SERPINC1,1,0,0,0.0936384503406078,0.962803379466678
RC3H1,RC3H1,1,0,0,-0.8302163023411193,-2.36099094339462
RABGAP1L,RABGAP1L,1,0,0,0.16923722876473057,-0.102993797772167
GPR52,GPR52,1,0,0,0.6018306832829854,
CACYBP,CACYBP,1,0,0,1.0853226756441003,1.89348800081919
MRPS14,MRPS14,1,0,0,0.0629505666790493,1.26712193612047
TNN,TNN,1,0,0,-1.8978517344096932,-1.30539459402311
KIAA0040,KIAA0040,1,0,0,-1.2582445611231474,-4.57663907643621
TNR,TNR,1,0,0,-1.7044468260409236,
COP1,COP1,1,0,0,-0.27963938097671637,-1.33494645626343
PAPPA2,PAPPA2,1,0,0,-1.4048229238651846,
ASTN1,ASTN1,1,0,0,-1.8671447325371826,
BRINP2,BRINP2,1,0,0,-1.6978911185387666,
SEC16B,SEC16B,1,0,0,-1.7689647267846116,-1.85296408510304
RASAL2,RASAL2,1,0,0,-1.1568139553883654,-2.35299029587118
CLEC20A,CLEC20A,1,0,0,-1.5440013521378386,
TEX35,TEX35,1,0,0,-0.3491089165167942,
RALGPS2,RALGPS2,1,0,0,0.6031264741615434,0.169477049965492
ANGPTL1,ANGPTL1,1,0,0,0.706067205586967,1.54264969924298
FAM20B,FAM20B,1,0,0,-0.3950152788040526,-2.65851442832625
TOR3A,TOR3A,1,0,0,-1.8973791909504385,-1.76944802415368
ABL2,ABL2,1,0,0,-1.0526295743269536,-2.56668119203046
SOAT1,SOAT1,1,0,0,1.2590209325445834,3.42585641780399
AXDND1,AXDND1,1,0,0,0.6106010867864171,
NPHS2,NPHS2,1,0,0,-1.1729726819574253,
TDRD5,TDRD5,1,0,0,0.032984463482117476,
FAM163A,FAM163A,1,0,0,-2.444515036445331,
TOR1AIP2,TOR1AIP2,1,0,0,-1.3851085510771615,-0.571698842975932
TOR1AIP1,TOR1AIP1,1,0,0,-1.1631807300478396,-1.51635901480473
CEP350,CEP350,1,0,0,-0.36885556350153337,-1.94193059097843
QSOX1,QSOX1,1,0,0,-1.7657411338206508,-1.04803001675126
LHX4,LHX4,1,0,0,-1.924378863915873,
ACBD6,ACBD6,1,0,0,-0.6909397554491186,-1.07601657357024
XPR1,XPR1,1,0,0,0.6997965641502457,-0.305440103893176
KIAA1614,KIAA1614,1,0,0,-3.530652717749428,
STX6,STX6,1,0,0,-0.8291552150005561,-2.04853996977725
MR1,MR1,1,0,0,-0.2487935719486618,0.835819548624414
IER5,IER5,1,0,0,-2.709919726841747,-2.02887693183426
CACNA1E,CACNA1E,1,0,0,-1.3025163850613382,
ZNF648,ZNF648,1,0,0,-2.893142796341168,
GLUL,GLUL,1,0,0,-0.6991620561726961,-0.160453690039393
TEDDM1,TEDDM1,1,0,0,0.07636070565246555,
RGSL1,RGSL1,1,0,0,-0.18884044051671545,
RNASEL,RNASEL,1,0,0,-0.3345067018310477,-0.539731290428881
RGS16,RGS16,1,0,0,-1.813825668231928,-1.78111673248168
RGS8,RGS8,1,0,0,-1.3445767812841982,
NPL,NPL,1,0,0,0.511348258446592,-0.315460038431018
DHX9,DHX9,1,0,0,0.7293052442860279,1.27565046808619
SHCBP1L,SHCBP1L,1,0,0,0.778091131696387,
LAMC1,LAMC1,1,0,0,-0.6472958402447606,-0.284597945419941
LAMC2,LAMC2,1,0,0,-1.2997865080379931,-0.702176324214713
NMNAT2,NMNAT2,1,0,0,-1.4665973732116662,
SMG7,SMG7,1,0,0,-0.9912493842916117,-2.2192940098304
NCF2,NCF2,1,0,0,-1.0151724962837516,-2.17251340298911
ARPC5,ARPC5,1,0,0,-0.04220346191559621,-0.465588404597605
APOBEC4,APOBEC4,1,0,0,-0.2985889736330751,
RGL1,RGL1,1,0,0,-1.2016521068633956,-1.55684634973817
COLGALT2,COLGALT2,1,0,0,-0.6925581513631478,
TSEN15,TSEN15,1,0,0,-0.05624966108309515,-0.0097003357791716
C1orf21,C1orf21,1,0,0,-0.13852264421564975,0.386271607445663
EDEM3,EDEM3,1,0,0,0.5918443962045412,0.562323780836811
NIBAN1,NIBAN1,1,0,0,-1.3872445459345624,
RNF2,RNF2,1,0,0,-0.3389846252209683,2.4350414321104
TRMT1L,TRMT1L,1,0,0,0.4545594131830182,1.07296350829706
SWT1,SWT1,1,0,0,0.5297890746809735,1.00413158384893
IVNS1ABP,IVNS1ABP,1,0,0,0.9865914788879309,0.264859275113652
HMCN1,HMCN1,1,0,0,0.2542304296313649,-1.27294725382263
PRG4,PRG4,1,0,0,-0.6083396200230915,1.00909203520208
TPR,TPR,1,0,0,0.011334154622216985,-0.746194454437673
ODR4,ODR4,1,0,0,0.9696592266291244,3.45699559325433
PDC,PDC,1,0,0,0.3756485856483831,
PTGS2,PTGS2,1,0,0,0.5194947674298831,0.0025985421528367
PLA2G4A,PLA2G4A,1,0,0,0.8176810635005918,
BRINP3,BRINP3,1,0,0,-0.15717634349342902,
RGS18,RGS18,1,0,0,0.33861150783949867,
RGS21,RGS21,1,0,0,1.3386846060642874,
RGS1,RGS1,1,0,0,1.3252539294717156,1.14251075855828
RGS13,RGS13,1,0,0,0.6221408877473245,
RGS2,RGS2,1,0,0,-0.15920744387339703,-1.0727500395257
UCHL5,UCHL5,1,0,0,0.2888834380106413,1.576306019967
RO60,RO60,1,0,0,1.594040176152438,1.9743649873104
GLRX2,GLRX2,1,0,0,0.9975224893528267,0.146322938204186
CDC73,CDC73,1,0,0,0.5887112872950695,0.0185552928012583
B3GALT2,B3GALT2,1,0,0,0.7275628716176001,-2.30187675026595
KCNT2,KCNT2,1,0,0,0.4930377021571921,-3.66784454203901
CFH,CFH,1,0,0,0.9498065212947076,5.28375176742488
CFHR3,CFHR3,1,0,0,1.3098421268525993,2.26420671811637
CFHR1,CFHR1,1,0,0,0.4181352997791077,
CFHR4,CFHR4,1,0,0,1.0922260602871674,3.68645500502061
CFHR2,CFHR2,1,0,0,0.742133613260135,
CFHR5,CFHR5,1,0,0,0.8517856329061342,4.20226859555954
F13B,F13B,1,0,0,0.9721421341651943,3.09676131366761
ASPM,ASPM,1,0,0,1.2979313472497687,
ZBTB41,ZBTB41,1,0,0,0.30514179177992773,0.183242476249054
CRB1,CRB1,1,0,0,-0.05382925811765915,
DENND1B,DENND1B,1,0,0,0.25482962154204714,0.472053443858116
C1orf53,C1orf53,1,0,0,-1.1428454305362301,-1.29641064981548
LHX9,LHX9,1,0,0,-1.6031328327632863,
NEK7,NEK7,1,0,0,1.054987518211302,1.67976651731827
ATP6V1G3,ATP6V1G3,1,0,0,0.0344669561971962,
PTPRC,PTPRC,1,0,0,0.38578138200078094,0.411191803225491
NR5A2,NR5A2,1,0,0,-0.47947401600934647,-0.412983784705763
ZNF281,ZNF281,1,0,0,-1.2214104458940618,-0.1770287995873
KIF14,KIF14,1,0,0,0.6165857055015689,
DDX59,DDX59,1,0,0,0.2966230026331189,0.0785559950015185
CAMSAP2,CAMSAP2,1,0,0,0.17521061745103772,-1.08772956509127
GPR25,GPR25,1,0,0,-2.388871417090291,
INAVA,INAVA,1,0,0,-3.684154331007674,
KIF21B,KIF21B,1,0,0,-2.47330445857172,-2.7519610351767
CACNA1S,CACNA1S,1,0,0,-1.1586519663475983,
ASCL5,ASCL5,1,0,0,-3.076162264274336,
TMEM9,TMEM9,1,0,0,-1.3266562049065254,-0.278988689777828
IGFN1,IGFN1,1,0,0,-1.5768690241355081,
PKP1,PKP1,1,0,0,-1.9304708689737158,
TNNT2,TNNT2,1,0,0,-2.2273885588142868,
LAD1,LAD1,1,0,0,-3.241432184676558,-2.09613766027159
TNNI1,TNNI1,1,0,0,-1.9664863301592508,
PHLDA3,PHLDA3,1,0,0,-2.869632214273972,-2.88135901789115
CSRP1,CSRP1,1,0,0,-0.8737351019523238,-0.113353057508547
NAV1,NAV1,1,0,0,-2.2598526434405546,-2.67838670236396
IPO9,IPO9,1,0,0,-0.3810785875145726,-0.316864764634427
SHISA4,SHISA4,1,0,0,-1.7359120357126585,-3.29520142887342
LMOD1,LMOD1,1,0,0,-1.9413510103529585,-2.62718440605062
TIMM17A,TIMM17A,1,0,0,-0.1802528425519263,0.957544636210789
RNPEP,RNPEP,1,0,0,-1.2138753017960102,-0.750889121651097
ELF3,ELF3,1,0,0,-2.267929996451919,-1.69804212858159
GPR37L1,GPR37L1,1,0,0,-2.1574781814705766,-3.23458814862841
ARL8A,ARL8A,1,0,0,-0.5145998172158794,-0.559695174637141
PTPN7,PTPN7,1,0,0,-2.303676008801329,-3.53940427866414
LGR6,LGR6,1,0,0,-2.2032809394344426,-2.98055268689845
UBE2T,UBE2T,1,0,0,-0.1641075027735397,1.09111546326209
PPP1R12B,PPP1R12B,1,0,0,-1.4424648626096346,-2.01423900373778
SYT2,SYT2,1,0,0,-0.9309536467057509,
KDM5B,KDM5B,1,0,0,-0.35068959101876374,-0.732062880354535
RABIF,RABIF,1,0,0,-1.1370213869628216,-0.106744147175879
KLHL12,KLHL12,1,0,0,0.10601583380304369,-0.212025403028978
ADIPOR1,ADIPOR1,1,0,0,-0.23601904182929268,-2.2790827393749
CYB5R1,CYB5R1,1,0,0,-1.3540079073039841,-0.239666367930758
TMEM183A,TMEM183A,1,0,0,-0.7759148038545796,-4.75584383387209
PPFIA4,PPFIA4,1,0,0,-2.7544463581377965,
MYOG,MYOG,1,0,0,-3.422810245977713,
ADORA1,ADORA1,1,0,0,-1.0023634258617289,
MYBPH,MYBPH,1,0,0,-2.3930765033562853,
CHI3L1,CHI3L1,1,0,0,-0.883550521340192,0.181277221723666
CHIT1,CHIT1,1,0,0,-1.166345483245605,
BTG2,BTG2,1,0,0,-3.286805237357161,-2.02677311880364
FMOD,FMOD,1,0,0,-2.0193671787615415,-0.543018333036945
PRELP,PRELP,1,0,0,-2.4162284932450344,-0.242550628759957
OPTC,OPTC,1,0,0,-1.9914791311013982,
ATP2B4,ATP2B4,1,0,0,-0.404318346426777,-1.57899942964313
LAX1,LAX1,1,0,0,-1.0248450758582468,
ZBED6,ZBED6,1,0,0,0.17995345027641285,-2.03703065832728
LOC128031836,LOC128031836,1,0,0,2.092434026330322,
ZC3H11A,ZC3H11A,1,0,0,-0.6029005709414399,-2.16515756058607
SNRPE,SNRPE,1,0,0,1.0933002725435195,0.859054827886665
SOX13,SOX13,1,0,0,-2.8809536402843836,-3.17835373013063
ETNK2,ETNK2,1,0,0,-1.5901342913335856,-1.70940532183423
REN,REN,1,0,0,-0.7949328784184893,
KISS1,KISS1,1,0,0,-3.5359912046478126,-2.51548833870875
GOLT1A,GOLT1A,1,0,0,0.16932934493323337,0.178459503335082
PLEKHA6,PLEKHA6,1,0,0,-3.0931405775059595,-2.40564638763445
PPP1R15B,PPP1R15B,1,0,0,-1.0838976966010545,-2.01521011654205
PIK3C2B,PIK3C2B,1,0,0,-1.5443137284954371,-2.89441458978469
MDM4,MDM4,1,0,0,0.20914693202765378,0.487777318084378
LRRN2,LRRN2,1,0,0,-2.6008289734740817,-1.71110386619296
NFASC,NFASC,1,0,0,-1.817591038457321,-1.92835084629528
CNTN2,CNTN2,1,0,0,-2.1772247135627456,
TMEM81,TMEM81,1,0,0,-0.3140916147215833,-4.45814052928518
RBBP5,RBBP5,1,0,0,-0.19242823615833693,0.149829796558435
DSTYK,DSTYK,1,0,0,-1.0536390029829956,-1.68180008532359
TMCC2,TMCC2,1,0,0,-3.171958053635521,
NUAK2,NUAK2,1,0,0,-2.6548279081260873,-2.1724056669337
KLHDC8A,KLHDC8A,1,0,0,-1.277983804995861,
LEMD1,LEMD1,1,0,0,0.34042811645028337,
BLACAT1,BLACAT1,1,0,0,-0.7359803602226052,
CDK18,CDK18,1,0,0,-2.27537444037047,-2.61492629365855
MFSD4A,MFSD4A,1,0,0,-1.3437663329177845,
ELK4,ELK4,1,0,0,-0.9610603073096744,-2.54464663986543
SLC45A3,SLC45A3,1,0,0,-1.7290438360652551,-3.23174547657595
NUCKS1,NUCKS1,1,0,0,-0.4907799861711979,-0.232410446612092
RAB29,RAB29,1,0,0,-0.510904252940497,-0.401575122937046
SLC41A1,SLC41A1,1,0,0,-1.4423429553743166,-2.92088439683967
PM20D1,PM20D1,1,0,0,-1.0542476703398798,
SLC26A9,SLC26A9,1,0,0,-0.9465965344078029,
RAB7B,RAB7B,1,0,0,-0.8542735658594562,
CTSE,CTSE,1,0,0,-0.9966428279973059,
RHEX,RHEX,1,0,0,-1.3129216393345597,
AVPR1B,AVPR1B,1,0,0,-2.0817599924463117,
FAM72A,FAM72A,1,0,0,0.5935857252820931,
SRGAP2,SRGAP2,1,0,0,-1.7946321668904055,-2.68590624999871
IKBKE,IKBKE,1,0,0,-2.4090242625194183,-2.08300433215919
RASSF5,RASSF5,1,0,0,-2.5171031925942433,-1.93727220072017
EIF2D,EIF2D,1,0,0,-1.274065193017691,-2.33375732366449
DYRK3,DYRK3,1,0,0,-0.21679622363390472,0.314025166474452
MAPKAPK2,MAPKAPK2,1,0,0,-1.3712186240085504,-2.05789766319477
IL10,IL10,1,0,0,-1.329071940954666,
IL19,IL19,1,0,0,-0.5955299916998502,
IL20,IL20,1,0,0,-0.6779472860249438,
IL24,IL24,1,0,0,-0.4564176901082533,
FCMR,FCMR,1,0,0,-1.7281056028310484,-0.750071196955105
PIGR,PIGR,1,0,0,-1.6402761782589241,0.109812463520319
FCAMR,FCAMR,1,0,0,-1.4771833681306124,-1.38685619842145
C1orf116,C1orf116,1,0,0,-2.9750858297240956,-0.796551520935441
YOD1,YOD1,1,0,0,-0.32404083309768694,-1.77448898329694
PFKFB2,PFKFB2,1,0,0,-0.32705533116596364,
C4BPB,C4BPB,1,0,0,-0.4665263798735335,0.769091790408538
C4BPA,C4BPA,1,0,0,-0.2094011975450467,1.53973395853988
CD55,CD55,1,0,0,-0.23015505673610903,1.0316945346208
CR2,CR2,1,0,0,-0.023682503737951777,
CR1,CR1,1,0,0,-0.8697208627458988,
CR1L,CR1L,1,0,0,-0.5979526630367644,
CD46,CD46,1,0,0,0.9609943066597193,2.21395106646501
CD34,CD34,1,0,0,-1.2454932273263069,-0.308270665166923
PLXNA2,PLXNA2,1,0,0,-1.9412205291635551,-2.64558293106473
CAMK1G,CAMK1G,1,0,0,-1.5419636924476414,
LAMB3,LAMB3,1,0,0,-2.1666711385020623,-2.45393317466394
G0S2,G0S2,1,0,0,-2.7906207599702757,-2.30028955126033
HSD11B1,HSD11B1,1,0,0,0.622114068593353,1.01197653023108
TRAF3IP3,TRAF3IP3,1,0,0,-2.1215973766393237,-3.26376402234292
C1orf74,C1orf74,1,0,0,-1.3223002289909385,-0.400742753193796
IRF6,IRF6,1,0,0,-1.2390574036262674,-0.270951080526664
UTP25,UTP25,1,0,0,-0.5440860537104513,-0.104527702642628
SYT14,SYT14,1,0,0,0.3678351877107815,
SERTAD4,SERTAD4,1,0,0,-0.2867454594743215,
HHAT,HHAT,1,0,0,-0.401315202505371,-1.78205172046196
KCNH1,KCNH1,1,0,0,-0.9911053481907004,
RCOR3,RCOR3,1,0,0,-0.5834686255783463,-1.54416292785354
TRAF5,TRAF5,1,0,0,-0.4128931280038035,-0.851345173881579
RD3,RD3,1,0,0,-3.065306801452113,
SLC30A1,SLC30A1,1,0,0,-0.5242223430729869,-0.711620684531584
NEK2,NEK2,1,0,0,-0.044470694253758936,
LPGAT1,LPGAT1,1,0,0,1.3382401278017948,-0.193908467123378
INTS7,INTS7,1,0,0,0.44861350273270695,0.145076237821754
DTL,DTL,1,0,0,-0.34912878036867667,
PPP2R5A,PPP2R5A,1,0,0,0.592787549098766,-1.29433732393076
PACC1,PACC1,1,0,0,-1.1177898741962569,
NENF,NENF,1,0,0,-1.7761195062050472,-2.11311066901866
ATF3,ATF3,1,0,0,-1.8132648373288571,-1.03368418392782
GARIN4,GARIN4,1,0,0,-1.6260542590273204,
BATF3,BATF3,1,0,0,-2.942389287710524,
NSL1,NSL1,1,0,0,-0.42415855501810285,-0.406001754876042
TATDN3,TATDN3,1,0,0,0.04819378639641947,1.03078500590771
SPATA45,SPATA45,1,0,0,-0.7803591563098422,
FLVCR1,FLVCR1,1,0,0,0.020036380629571582,
VASH2,VASH2,1,0,0,-1.7921324624960064,
ANGEL2,ANGEL2,1,0,0,-0.0016436606457670422,-0.126226285587347
RPS6KC1,RPS6KC1,1,0,0,-0.2372244548561735,-1.08543252315666
PROX1,PROX1,1,0,0,-1.2187071082305092,-1.40748111821452
SMYD2,SMYD2,1,0,0,-0.46457437508438026,-1.30050923581648
PTPN14,PTPN14,1,0,0,-1.8001746656244286,
CENPF,CENPF,1,0,0,-0.5137077719231122,
KCNK2,KCNK2,1,0,0,-0.03096517732620896,
KCTD3,KCTD3,1,0,0,-0.015268098012828801,-0.810780363112327
USH2A,USH2A,1,0,0,-0.0978781587149804,0.352662390027791
ESRRG,ESRRG,1,0,0,-0.33087072622064717,
GPATCH2,GPATCH2,1,0,0,-0.6337302432279763,0.0111613345402008
SPATA17,SPATA17,1,0,0,0.3662949482964386,
RRP15,RRP15,1,0,0,0.5579478210531175,0.58879795558363
TGFB2,TGFB2,1,0,0,-0.40984672252249865,
LYPLAL1,LYPLAL1,1,0,0,0.8995460427580717,1.6300899010914
ZC3H11B,ZC3H11B,1,0,0,-0.6461934445249824,
SLC30A10,SLC30A10,1,0,0,-1.182597372061755,-1.49155330960491
EPRS1,EPRS1,1,0,0,0.8773630619289587,1.75233934877897
BPNT1,BPNT1,1,0,0,0.8985623992062344,1.64023440294086
IARS2,IARS2,1,0,0,0.6445521578733917,0.360746719983908
RAB3GAP2,RAB3GAP2,1,0,0,0.1999018259253873,0.739681804849985
MARK1,MARK1,1,0,0,-0.24268993741446288,
C1orf115,C1orf115,1,0,0,-3.1164817982731563,-1.90638451366419
MTARC2,MTARC2,1,0,0,-0.6163787136094054,0.161354369169078
MTARC1,MTARC1,1,0,0,-1.2186498997759188,-0.917586497923162
HLX,HLX,1,0,0,-2.9870454326658216,-2.34967565395064
DUSP10,DUSP10,1,0,0,-1.436656268763663,-1.58995134221507
HHIPL2,HHIPL2,1,0,0,-0.9863741604264948,
TAF1A,TAF1A,1,0,0,1.0981516564340357,2.33257683351435
MIA3,MIA3,1,0,0,-0.1728792534578787,0.615679973576802
AIDA,AIDA,1,0,0,0.2929113617693222,
BROX,BROX,1,0,0,0.9135411622161982,2.84861424813402
FAM177B,FAM177B,1,0,0,-0.5568290340254389,
DISP1,DISP1,1,0,0,-0.3110636059147094,-0.480801120494797
TLR5,TLR5,1,0,0,0.2194316775666909,0.867062501244919
SUSD4,SUSD4,1,0,0,-1.4794441075391642,
CCDC185,CCDC185,1,0,0,-3.6069920737101224,
CAPN8,CAPN8,1,0,0,-1.0158415140836663,
CAPN2,CAPN2,1,0,0,-1.168865931471064,-1.54911124755586
TP53BP2,TP53BP2,1,0,0,-0.5606551528171515,-0.773870152861963
FBXO28,FBXO28,1,0,0,-0.5628548083024363,-0.479983537203909
DEGS1,DEGS1,1,0,0,1.2395091212525529,1.8061025522252
NVL,NVL,1,0,0,0.17115642360796635,-1.07867727371749
CNIH4,CNIH4,1,0,0,1.6542066466075749,3.93427668928903
WDR26,WDR26,1,0,0,-0.7964200226241207,-0.491164987315027
CNIH3,CNIH3,1,0,0,0.26007149982089395,
DNAH14,DNAH14,1,0,0,1.0570012752034668,
LBR,LBR,1,0,0,0.657956688125914,1.10432542392967
ENAH,ENAH,1,0,0,-1.984055578685222,-1.59095804511811
SRP9,SRP9,1,0,0,1.3135278775008974,3.27463975742735
EPHX1,EPHX1,1,0,0,-1.1350340582494685,0.495310221271738
TMEM63A,TMEM63A,1,0,0,-1.0992579286326745,-1.69339729493234
LEFTY1,LEFTY1,1,0,0,-3.335807985120807,
PYCR2,PYCR2,1,0,0,-1.8869926279078761,-0.833526411769523
LEFTY2,LEFTY2,1,0,0,-3.218202647502089,
SDE2,SDE2,1,0,0,-0.7656290227365457,-0.655133725382136
H3-3A,H3-3A,1,0,0,0.2636491309497515,1.88757268561483
ACBD3,ACBD3,1,0,0,-1.161512201721706,-0.66607749185374
MIXL1,MIXL1,1,0,0,-2.494568954493566,
LIN9,LIN9,1,0,0,0.2962585228824324,1.06066899727586
PARP1,PARP1,1,0,0,-0.5250444803567706,-0.763193807305977
STUM,STUM,1,0,0,-1.1271834311456157,
ITPKB,ITPKB,1,0,0,-2.9694007823019444,-4.38329611057206
PSEN2,PSEN2,1,0,0,-1.1269722303232328,-1.65376760791115
COQ8A,COQ8A,1,0,0,-2.1007741397194284,-1.33046842483484
CDC42BPA,CDC42BPA,1,0,0,0.16621449085333673,-0.894741131171582
ZNF678,ZNF678,1,0,0,0.2909815750905729,
JMJD4,JMJD4,1,0,0,-1.9713299476224204,-1.61477926816829
SNAP47,SNAP47,1,0,0,-2.0218691813442007,-2.65273712112333
PRSS38,PRSS38,1,0,0,-1.4086292057288947,
WNT9A,WNT9A,1,0,0,-2.4259925217645133,
WNT3A,WNT3A,1,0,0,-2.7582036475398315,
ARF1,ARF1,1,0,0,-1.2439204732588198,-0.707921207930696
C1orf35,C1orf35,1,0,0,-3.424547753273975,-1.74893440903269
MRPL55,MRPL55,1,0,0,-2.6722717479728715,-1.17550803286045
GUK1,GUK1,1,0,0,-2.7650555341845386,-4.17083187917524
GJC2,GJC2,1,0,0,-2.8455373650271554,
IBA57,IBA57,1,0,0,-2.454919360752836,-1.69559692033303
OBSCN,OBSCN,1,0,0,-2.7345573096479985,
TRIM11,TRIM11,1,0,0,-2.918256580034809,-2.4009469169448
TRIM17,TRIM17,1,0,0,-2.5515883051626105,
H3-4,H3-4,1,0,0,-1.530743166688863,
H2AC25,H2AC25,1,0,0,-1.9108728583100127,-0.400826898321424
H2BC26,H2BC26,1,0,0,-1.4564318590069298,-1.53387598401239
RNF187,RNF187,1,0,0,-2.567241032297124,-2.47600447339649
RHOU,RHOU,1,0,0,-1.5794142720718138,-1.38009686580819
RAB4A,RAB4A,1,0,0,0.6766755635138217,-1.11227409170477
CCSAP,CCSAP,1,0,0,-2.041755476344129,-1.07193400128571
ACTA1,ACTA1,1,0,0,-1.587035450764743,
NUP133,NUP133,1,0,0,0.15353320359088407,1.02910418973399
ABCB10,ABCB10,1,0,0,-0.6103604208327891,-1.3708269505522
TAF5L,TAF5L,1,0,0,-1.257191406338114,-2.27015864678582
URB2,URB2,1,0,0,-0.8504862467280372,-2.02763602432376
GALNT2,GALNT2,1,0,0,-1.0561972638700023,-0.702590963743273
PGBD5,PGBD5,1,0,0,-2.1632367821904666,-2.45915988010186
COG2,COG2,1,0,0,-0.376784533677224,-0.104097846892061
AGT,AGT,1,0,0,-1.3772598270166583,0.194890640941618
CAPN9,CAPN9,1,0,0,-1.0149685260901204,
C1orf198,C1orf198,1,0,0,-2.90625511527875,-1.74246382374976
TTC13,TTC13,1,0,0,-0.03453891679635035,0.817350281845932
ARV1,ARV1,1,0,0,0.7998971843501721,0.796212940026196
FAM89A,FAM89A,1,0,0,-2.984650298526782,-2.04776586364057
TRIM67,TRIM67,1,0,0,-2.175667939719389,
C1orf131,C1orf131,1,0,0,-0.29551572169656026,0.533987122580624
GNPAT,GNPAT,1,0,0,0.6604078657150367,0.4630428878623
EXOC8,EXOC8,1,0,0,-1.1232999993295483,-1.11243426639745
SPRTN,SPRTN,1,0,0,-0.4024650353246475,-0.42122290829472
EGLN1,EGLN1,1,0,0,-1.4816717008791134,-2.58520295080506
TSNAX,TSNAX,1,0,0,0.5306297370001012,
DISC1,DISC1,1,0,0,-2.2027819944187854,-2.72275794917438
SIPA1L2,SIPA1L2,1,0,0,-1.5479593532455382,-3.61722273293797
MAP10,MAP10,1,0,0,-0.638313840637732,-1.05045403388645
NTPCR,NTPCR,1,0,0,-1.0334424988669948,-0.216791558947671
PCNX2,PCNX2,1,0,0,-1.2964374419569111,
MAP3K21,MAP3K21,1,0,0,-1.6898114538319824,-2.56381426475057
KCNK1,KCNK1,1,0,0,-0.8363621078343293,-0.789484197050267
SLC35F3,SLC35F3,1,0,0,-0.8810780963083751,
COA6,COA6,1,0,0,-1.336651784412405,0.0782558603667672
TARBP1,TARBP1,1,0,0,-0.02753272123426065,-0.798370541649436
IRF2BP2,IRF2BP2,1,0,0,-2.709075132067687,-2.92753950034696
TOMM20,TOMM20,1,0,0,-0.324181444400514,0.544937697700944
RBM34,RBM34,1,0,0,-0.02113318816134324,-0.226772801939979
ARID4B,ARID4B,1,0,0,0.17059739343846658,0.420099846332616
GGPS1,GGPS1,1,0,0,0.976547691676874,0.790018434641588
TBCE,TBCE,1,0,0,0.04701160940888194,
B3GALNT2,B3GALNT2,1,0,0,-0.18241734336265836,-2.16821749849753
GNG4,GNG4,1,0,0,-0.8176213594721471,
LYST,LYST,1,0,0,0.23264924612821503,-3.4572527008362
NID1,NID1,1,0,0,-1.4929608039833298,-0.558403062139403
GPR137B,GPR137B,1,0,0,-0.15717033693495708,-1.41688960917251
ERO1B,ERO1B,1,0,0,0.49723509690997325,0.684629633130265
EDARADD,EDARADD,1,0,0,-1.6580269476402432,-0.813754750956185
LGALS8,LGALS8,1,0,0,0.23290248792913104,1.77482373164177
HEATR1,HEATR1,1,0,0,0.42662550953749445,-0.443641285415419
ACTN2,ACTN2,1,0,0,-1.0011288174918018,
MTR,MTR,1,0,0,0.207278900007843,-0.991792141785236
MT1HL1,MT1HL1,1,0,0,-1.5715065205770866,
RYR2,RYR2,1,0,0,0.08738390973742227,
ZP4,ZP4,1,0,0,-1.0312415448569645,
CHRM3,CHRM3,1,0,0,-0.9871780484187997,
FMN2,FMN2,1,0,0,-2.082726657757343,
GREM2,GREM2,1,0,0,-2.6111129693445463,-1.25224945282221
RGS7,RGS7,1,0,0,-0.3514905532913648,
FH,FH,1,0,0,0.9595220446505017,1.9646170932253
KMO,KMO,1,0,0,1.070069188897092,5.19923475881201
OPN3,OPN3,1,0,0,-0.16127505427215816,-1.74378199798375
CHML,CHML,1,0,0,0.7509299829412424,
WDR64,WDR64,1,0,0,0.4787674418010113,
EXO1,EXO1,1,0,0,0.047032388034450534,
BECN2,BECN2,1,0,0,-1.7764042174272117,
MAP1LC3C,MAP1LC3C,1,0,0,-1.6425817467098085,
PLD5,PLD5,1,0,0,-0.11957996836577145,
CEP170,CEP170,1,0,0,-0.3947079414402168,
SDCCAG8,SDCCAG8,1,0,0,-0.743288920867311,-1.73797261442729
AKT3,AKT3,1,0,0,1.0502771401911826,-1.83476457313152
ZBTB18,ZBTB18,1,0,0,-1.6657414307137124,-3.86279935253747
SPMIP3,SPMIP3,1,0,0,-0.4120982829011588,
ADSS2,ADSS2,1,0,0,1.3223834474227765,-0.032376311293469
CATSPERE,CATSPERE,1,0,0,1.2917522936987904,
DESI2,DESI2,1,0,0,0.22686088699478013,-1.67119475472299
C1orf202,C1orf202,1,0,0,-3.452500568806242,
COX20,COX20,1,0,0,-0.019196215617977685,-0.874787887433557
HNRNPU,HNRNPU,1,0,0,-0.14713705662312648,-0.38890681530695
EFCAB2,EFCAB2,1,0,0,0.9164588020616371,-1.12790041097642
KIF26B,KIF26B,1,0,0,-3.085892778844988,
SMYD3,SMYD3,1,0,0,-0.24159414537764867,-0.309755544451604
TFB2M,TFB2M,1,0,0,0.29785135502799776,0.954076241291233
CNST,CNST,1,0,0,-0.6134085384255741,-1.11357976646481
SCCPDH,SCCPDH,1,0,0,0.6420603870910853,-0.123391532038176
AHCTF1,AHCTF1,1,0,0,0.23294946110078385,1.02655359427551
ZNF695,ZNF695,1,0,0,0.3006283202872826,
ZNF670,ZNF670,1,0,0,0.19192283626171758,
ZNF669,ZNF669,1,0,0,0.12803157577860524,0.853899666188411
ZNF124,ZNF124,1,0,0,-0.05176292240058089,-0.46716479545154
ZNF496,ZNF496,1,0,0,-3.1689458788548883,-4.77873161584973
NLRP3,NLRP3,1,0,0,-1.3316561946098044,
OR2B11,OR2B11,1,0,0,-0.9528988596455363,
OR2C3,OR2C3,1,0,0,-0.603104778541244,
GCSAML,GCSAML,1,0,0,-0.6129274812548271,
OR2G2,OR2G2,1,0,0,0.46228774253235727,
OR2G3,OR2G3,1,0,0,0.22959054923316025,
OR14L1,OR14L1,1,0,0,1.2418518064872757,
OR13G1,OR13G1,1,0,0,1.2134947273810468,
OR6F1,OR6F1,1,0,0,-0.19255314572160387,
OR14A2,OR14A2,1,0,0,1.588905527771276,
OR14K1,OR14K1,1,0,0,0.5604632285706916,
OR1C1,OR1C1,1,0,0,0.5637351747180261,
OR14A16,OR14A16,1,0,0,1.0505530176338347,
OR11L1,OR11L1,1,0,0,-0.2136678460180388,
TRIM58,TRIM58,1,0,0,-2.0684998035128555,
OR2W3,OR2W3,1,0,0,-1.0288733560589307,
OR2T8,OR2T8,1,0,0,-0.03590424921264557,
OR2AJ1,OR2AJ1,1,0,0,0.8209126883091802,
OR2L8,OR2L8,1,0,0,1.0690458669775023,
OR2AK2,OR2AK2,1,0,0,0.8976706948863544,
OR2L5,OR2L5,1,0,0,1.404479456810849,
OR2L2,OR2L2,1,0,0,1.1906192216204339,
OR2L3,OR2L3,1,0,0,1.1157771783026096,
OR2L13,OR2L13,1,0,0,0.7103133685886025,
OR2M5,OR2M5,1,0,0,1.1236704496520797,
OR2M2,OR2M2,1,0,0,1.3488029329515978,
OR2M3,OR2M3,1,0,0,0.8736428522806516,
OR2M4,OR2M4,1,0,0,0.8728572254413507,
OR2T33,OR2T33,1,0,0,-0.048615451551460964,
OR2T12,OR2T12,1,0,0,-0.056401227468708015,
OR2M7,OR2M7,1,0,0,1.194781264457914,
OR14C36,OR14C36,1,0,0,0.5272873376224485,
OR2T4,OR2T4,1,0,0,0.42500815812084625,
OR2T6,OR2T6,1,0,0,0.3214864897476364,
OR2T1,OR2T1,1,0,0,0.5765853179662734,
OR2T2,OR2T2,1,0,0,-0.29849909106973804,
OR2T3,OR2T3,1,0,0,-0.19002967762475542,
OR2T5,OR2T5,1,0,0,0.1922667185472431,
OR2G6,OR2G6,1,0,0,-0.061294643909835855,
OR2T29,OR2T29,1,0,0,0.1562534984484003,
OR2T34,OR2T34,1,0,0,-0.22441075974637847,
OR2T10,OR2T10,1,0,0,0.42512226243569806,
OR2T11,OR2T11,1,0,0,0.2369769805311872,
OR2T35,OR2T35,1,0,0,-0.26069763839582905,
OR2T27,OR2T27,1,0,0,-0.18490647750045142,
OR14I1,OR14I1,1,0,0,0.37033114877275075,
LYPD8,LYPD8,1,0,0,-1.076563535580446,
SH3BP5L,SH3BP5L,1,0,0,-3.521972895736168,-4.5950902229475
ZNF672,ZNF672,1,0,0,-3.4715795128497557,-4.8211806097011
ZNF692,ZNF692,1,0,0,-2.9396151456190154,-3.43509663043761
PGBD2,PGBD2,1,0,0,-0.6908227852300364,-2.26152837420112
TUBB8,TUBB8,10,0,0,-1.4399609045016764,
ZMYND11,ZMYND11,10,0,0,-0.34911488544130087,-1.11607847955022
DIP2C,DIP2C,10,0,0,-1.4847373317206127,-1.80167065767727
LARP4B,LARP4B,10,0,0,-1.5272795255313465,-1.48790416307317
GTPBP4,GTPBP4,10,0,0,0.2778356591073994,-0.480379780589979
IDI2,IDI2,10,0,0,-1.2959031435786947,
IDI1,IDI1,10,0,0,0.2507057100659331,1.23881805966881
WDR37,WDR37,10,0,0,-1.6585733926479218,-2.04430225170543
ADARB2,ADARB2,10,0,0,-2.9988969572138906,
PFKP,PFKP,10,0,0,-1.373579548136016,-2.33874381718548
PITRM1,PITRM1,10,0,0,-0.9309613456177726,-0.854587497504495
KLF6,KLF6,10,0,0,-2.810177771028732,-1.33167366294302
AKR1E2,AKR1E2,10,0,0,-0.9904544723337274,
AKR1C1,AKR1C1,10,0,0,0.010204185558533752,-0.10963342550215
AKR1C2,AKR1C2,10,0,0,-0.0873998592057621,1.07512621949478
AKR1C3,AKR1C3,10,0,0,0.06971409185901933,1.53210617342775
AKR1C8,AKR1C8,10,0,0,-0.40302323561270725,
AKR1C4,AKR1C4,10,0,0,0.4192100998547481,1.7182854546718
UCN3,UCN3,10,0,0,-2.2509484412044287,
TUBAL3,TUBAL3,10,0,0,-0.8723139632817727,
NET1,NET1,10,0,0,-1.3128755037633635,-1.69943296480349
CALML5,CALML5,10,0,0,-2.5341414018234527,
CALML3,CALML3,10,0,0,-2.4784589891354507,-0.704627221741076
ASB13,ASB13,10,0,0,-2.258017237958521,-1.5165551040588
TASOR2,TASOR2,10,0,0,-0.237418856284906,-1.24857177080881
GDI2,GDI2,10,0,0,1.0733088984327797,1.85698374872544
ANKRD16,ANKRD16,10,0,0,-1.822783957030076,-1.80876871321495
FBH1,FBH1,10,0,0,-1.157201482485645,-2.17999470563333
IL15RA,IL15RA,10,0,0,-2.694912455509318,-1.94333717744195
IL2RA,IL2RA,10,0,0,-1.3463640883095191,
RBM17,RBM17,10,0,0,-0.6144815970042696,-1.53162007390357
PFKFB3,PFKFB3,10,0,0,-1.9193673104918503,-2.00311006278286
PRKCQ,PRKCQ,10,0,0,-0.3169000504256161,-2.0265983985903
SFMBT2,SFMBT2,10,0,0,-0.9866546961828266,-2.8983804001947
ITIH5,ITIH5,10,0,0,-1.7477756214325488,-0.89153839770515
ITIH2,ITIH2,10,0,0,-0.062285796958214235,1.02718599961737
KIN,KIN,10,0,0,0.13765154719659556,0.504123064255426
ATP5F1C,ATP5F1C,10,0,0,1.0658751311015955,2.09467941704367
TAF3,TAF3,10,0,0,-1.074019856738035,-1.92986759529385
GATA3,GATA3,10,0,0,-3.257738906788237,
CELF2,CELF2,10,0,0,-0.439214770980179,-1.462701767218
USP6NL,USP6NL,10,0,0,-1.0603031916883232,-2.11638673539877
ECHDC3,ECHDC3,10,0,0,-2.2286027233694963,-0.87486191393983
PROSER2,PROSER2,10,0,0,-3.8836946265328596,-2.31299131325413
UPF2,UPF2,10,0,0,0.3495481762411803,-0.38232577319735
DHTKD1,DHTKD1,10,0,0,-1.0000304162229838,-1.02001678173289
SEC61A2,SEC61A2,10,0,0,0.9995734457145105,0.816382599067814
NUDT5,NUDT5,10,0,0,-0.14037399324423738,0.916811582226883
CDC123,CDC123,10,0,0,0.08403713211145103,1.74566825981657
CAMK1D,CAMK1D,10,0,0,-1.1360415540965239,-0.658950587283239
CCDC3,CCDC3,10,0,0,-2.249156099040448,-3.04393130528879
OPTN,OPTN,10,0,0,-1.1099459998139132,-1.66651582054235
MCM10,MCM10,10,0,0,-1.0092781323361084,
UCMA,UCMA,10,0,0,-1.1483286916124111,
PHYH,PHYH,10,0,0,-0.1849626439509553,0.479646134995696
SEPHS1,SEPHS1,10,0,0,-0.4404135440768755,-2.40078500534022
BEND7,BEND7,10,0,0,-0.8840888178614446,-2.99411629879174
PRPF18,PRPF18,10,0,0,0.26932531559917017,
FRMD4A,FRMD4A,10,0,0,-2.290231112199537,-2.38823180195034
FAM107B,FAM107B,10,0,0,-1.5674739046300008,-0.0445188044106434
CDNF,CDNF,10,0,0,-0.6160753231479177,-0.359284730438225
HSPA14,HSPA14,10,0,0,1.0087355976815164,1.07243675100545
MSANTD7,MSANTD7,10,0,0,-1.6456279520432684,
SUV39H2,SUV39H2,10,0,0,1.4072147873942669,
DCLRE1C,DCLRE1C,10,0,0,-0.421876327215962,-0.950243029980189
MEIG1,MEIG1,10,0,0,1.341948866510693,-0.646424059016445
OLAH,OLAH,10,0,0,0.34178111118499643,
ACBD7,ACBD7,10,0,0,1.2492105547777026,
RPP38,RPP38,10,0,0,-0.8889348803312558,0.0185223767289849
NMT2,NMT2,10,0,0,-0.24044975630329013,-0.782037393370776
FAM171A1,FAM171A1,10,0,0,-2.111697655159835,-2.73640321452066
ITGA8,ITGA8,10,0,0,0.03970787985046975,
MINDY3,MINDY3,10,0,0,0.5895462937926617,0.699631215277469
PTER,PTER,10,0,0,0.06515239849051646,1.00283063261213
C1QL3,C1QL3,10,0,0,-1.6813145808028604,
RSU1,RSU1,10,0,0,-1.1303554262287,0.0176133073418695
CUBN,CUBN,10,0,0,-0.25509671474443785,
TRDMT1,TRDMT1,10,0,0,0.489605742399835,
VIM,VIM,10,0,0,-1.644802661231111,-1.54493229404024
ST8SIA6,ST8SIA6,10,0,0,0.14726576143685932,
HACD1,HACD1,10,0,0,0.40758329576321195,-0.82750258199166
STAM,STAM,10,0,0,0.26274595418780855,0.748114109920513
TMEM236,TMEM236,10,0,0,-0.0974004310367409,
MRC1,MRC1,10,0,0,0.36666204658669876,2.35180865172185
SLC39A12,SLC39A12,10,0,0,-0.4401530371248583,
CACNB2,CACNB2,10,0,0,-1.3437785519676773,-4.34292235059253
NSUN6,NSUN6,10,0,0,0.5807567186388578,-0.0128693202932341
ARL5B,ARL5B,10,0,0,0.9406907219641969,2.38611238526009
MALRD1,MALRD1,10,0,0,0.001968076716474698,
PLXDC2,PLXDC2,10,0,0,0.010895684376372117,0.237282373168074
NEBL,NEBL,10,0,0,0.2893645777312859,-1.26595907744026
SKIDA1,SKIDA1,10,0,0,-1.8930447150525147,-3.58293184777303
MLLT10,MLLT10,10,0,0,-0.7564436006516146,-2.24671190329905
DNAJC1,DNAJC1,10,0,0,-0.620638983660454,-0.544452695884125
EBLN1,EBLN1,10,0,0,0.5816644076127488,
COMMD3,COMMD3,10,0,0,-0.46178646491723896,
BMI1,BMI1,10,0,0,0.3610254336892158,0.334067500501255
SPAG6,SPAG6,10,0,0,0.5253911654085126,
PIP4K2A,PIP4K2A,10,0,0,-0.15442525168311683,-1.91993732437652
ARMC3,ARMC3,10,0,0,0.7260126732854673,
MSRB2,MSRB2,10,0,0,-1.5287670950750325,-0.0846339917994238
PTF1A,PTF1A,10,0,0,-2.8836638099447747,
C10orf67,C10orf67,10,0,0,-0.06745958714964573,
OTUD1,OTUD1,10,0,0,-2.9676148152958035,-1.85328818746325
KIAA1217,KIAA1217,10,0,0,-1.3624621720503711,-2.27817764134142
ARHGAP21,ARHGAP21,10,0,0,-0.8358658876312113,-5.4550973728884
PRTFDC1,PRTFDC1,10,0,0,0.7487994744123263,
ENKUR,ENKUR,10,0,0,0.9353604530519846,
THNSL1,THNSL1,10,0,0,0.9728972276334265,1.28364071742639
GPR158,GPR158,10,0,0,-1.1497034825486239,
MYO3A,MYO3A,10,0,0,0.4772889472424353,
GAD2,GAD2,10,0,0,0.4377702949866471,
APBB1IP,APBB1IP,10,0,0,-0.8050208121079638,-0.782569248683344
PDSS1,PDSS1,10,0,0,-0.014963704898862673,-0.372510492343489
ABI1,ABI1,10,0,0,-0.1097956574737875,0.571477646957455
ANKRD26,ANKRD26,10,0,0,0.4879466144486475,
YME1L1,YME1L1,10,0,0,0.7686610839170118,1.378328553171
MASTL,MASTL,10,0,0,0.43008710954720364,-0.544851122431785
ACBD5,ACBD5,10,0,0,0.07149060503692795,-0.304735623337912
RAB18,RAB18,10,0,0,0.9136666300118801,1.28883007678433
MKX,MKX,10,0,0,-1.3177033993380487,
ODAD2,ODAD2,10,0,0,0.315245569091271,
MPP7,MPP7,10,0,0,0.2299907570694426,-0.510730442822151
WAC,WAC,10,0,0,-1.04254758591801,-0.511882151969057
BAMBI,BAMBI,10,0,0,-1.0122520544480125,-0.76680720509425
LYZL1,LYZL1,10,0,0,-0.03863675703785674,
SVIL,SVIL,10,0,0,-1.4987658692629289,-2.96673912857186
JCAD,JCAD,10,0,0,-2.7117588855986217,
MTPAP,MTPAP,10,0,0,-0.18691275661534767,-0.143945630709834
MAP3K8,MAP3K8,10,0,0,-0.23442449825138212,-1.85442401166583
LYZL2,LYZL2,10,0,0,-0.010917424802309839,
ZNF438,ZNF438,10,0,0,-1.109064454803029,-2.13481353757797
ZEB1,ZEB1,10,0,0,-0.60089047754491,-1.8246096466022
ARHGAP12,ARHGAP12,10,0,0,0.21265579021414283,1.25715642009425
KIF5B,KIF5B,10,0,0,0.7013369933612594,0.462779073387187
EPC1,EPC1,10,0,0,-0.271608391434782,-1.8358457290015
CCDC7,CCDC7,10,0,0,0.46611558144864595,
ITGB1,ITGB1,10,0,0,0.5644657687182679,2.02516528224447
NRP1,NRP1,10,0,0,-0.42372918909072865,0.389615237588615
PARD3,PARD3,10,0,0,-0.9136908130757231,-1.30857719589627
CUL2,CUL2,10,0,0,1.0665074345164882,1.88628001247917
CREM,CREM,10,0,0,-0.012387687688724114,-1.75349463707701
CCNY,CCNY,10,0,0,-1.1991175162595802,-3.05381725349309
GJD4,GJD4,10,0,0,-3.215645461648519,
FZD8,FZD8,10,0,0,-1.8495447013420971,-2.39203497983909
ANKRD30A,ANKRD30A,10,0,0,0.2803265173314635,
ZNF248,ZNF248,10,0,0,0.10360423015147013,
ZNF25,ZNF25,10,0,0,-0.5561745834157801,-1.04233630803443
ZNF33A,ZNF33A,10,0,0,-0.2878321930452259,0.216197665506891
ZNF37A,ZNF37A,10,0,0,-0.05929389081823544,-0.474275933608096
ZNF33B,ZNF33B,10,0,0,-0.37813243162556986,-0.698994978168861
BMS1,BMS1,10,0,0,-0.12316256215499521,-0.485071918783986
RET,RET,10,0,0,-1.9387460809422592,-2.11500123941571
CSGALNACT2,CSGALNACT2,10,0,0,0.5748221017040613,-1.61645182832985
RASGEF1A,RASGEF1A,10,0,0,-1.9203373671635742,
FXYD4,FXYD4,10,0,0,-1.0634790680131214,
HNRNPF,HNRNPF,10,0,0,-1.3476421377519952,-0.29439602059294
ZNF487,ZNF487,10,0,0,0.002761685512437495,
ZNF239,ZNF239,10,0,0,-1.7932608949404294,-1.86584947217534
ZNF485,ZNF485,10,0,0,-0.7017417984926784,-0.46643678535713
ZNF32,ZNF32,10,0,0,-1.412422581931306,-1.27599104069436
CXCL12,CXCL12,10,0,0,-1.0204760949885987,-0.378171551110178
TMEM72,TMEM72,10,0,0,-2.0080978267502125,
RASSF4,RASSF4,10,0,0,-2.4860566369898454,-2.130253003038
DEPP1,DEPP1,10,0,0,-3.5503261036362392,-1.17322341335217
ZNF22,ZNF22,10,0,0,-1.5005039331465184,0.262753569914486
OR13A1,OR13A1,10,0,0,-0.7518904942597313,
ALOX5,ALOX5,10,0,0,-1.2511350898930775,-2.2964960047507
MARCHF8,MARCHF8,10,0,0,-1.3652291315475367,-3.38829087963701
ZFAND4,ZFAND4,10,0,0,0.14570539808440053,-0.942425301100145
WASHC2C,WASHC2C,10,0,0,-0.8535779351401764,-1.76133266732093
AGAP4,AGAP4,10,0,0,-1.6616258100928878,
TIMM23,TIMM23,10,0,0,0.9308094656755692,0.13113952262991
NCOA4,NCOA4,10,0,0,-0.469590131273268,0.810322835268319
MSMB,MSMB,10,0,0,0.43596893507827694,
ANTXRL,ANTXRL,10,0,0,-1.760257406110357,
ANXA8L1,ANXA8L1,10,0,0,-1.4980937806877908,
NPY4R,NPY4R,10,0,0,-1.5075760138136367,
GPRIN2,GPRIN2,10,0,0,-3.1025263758635013,-4.95253630837351
SYT15,SYT15,10,0,0,-2.41301082904131,
PTPN20,PTPN20,10,0,0,0.5414628159281332,
GDF10,GDF10,10,0,0,-2.5151998344954016,
GDF2,GDF2,10,0,0,-2.1561168911777813,-3.16861074516279
RBP3,RBP3,10,0,0,-2.410778001368218,
ZNF488,ZNF488,10,0,0,-2.7819545502215792,
ANXA8,ANXA8,10,0,0,-1.517021804282635,-2.39751970366904
FAM25G,FAM25G,10,0,0,-1.4695158674158488,
AGAP9,AGAP9,10,0,0,-1.6728759239788005,-5.55387865286218
SYT15B,SYT15B,10,0,0,-2.3994891747577096,
NPY4R2,NPY4R2,10,0,0,-1.4610897741815663,
FAM25C,FAM25C,10,0,0,-1.4695158674158488,
FRMPD2,FRMPD2,10,0,0,-1.4171667000519115,
MAPK8,MAPK8,10,0,0,0.7607184039174708,0.844900766154746
ARHGAP22,ARHGAP22,10,0,0,-3.024730961397175,-3.75341483442652
WDFY4,WDFY4,10,0,0,-1.56711369804753,
LRRC18,LRRC18,10,0,0,-1.5313280767353135,
VSTM4,VSTM4,10,0,0,-1.6914217170200274,-0.524427148584908
FAM170B,FAM170B,10,0,0,-3.123272055591686,
TMEM273,TMEM273,10,0,0,-0.8802255502960126,0.550755059426291
C10orf71,C10orf71,10,0,0,-2.5420803184792327,
DRGX,DRGX,10,0,0,-2.389529425528176,
ERCC6,ERCC6,10,0,0,-0.47318491541861185,
SLC18A3,SLC18A3,10,0,0,-1.443277501044081,
CHAT,CHAT,10,0,0,-2.0785480341709786,
C10orf53,C10orf53,10,0,0,-0.5363741684966552,
OGDHL,OGDHL,10,0,0,-1.8028434053148121,-1.1840159335695
PARG,PARG,10,0,0,-0.12978727106706245,-1.33110270470068
TIMM23B,TIMM23B,10,0,0,1.0392863883059391,-2.38363615495878
AGAP6,AGAP6,10,0,0,-1.72361052346775,-4.0647943599357
WASHC2A,WASHC2A,10,0,0,-0.8468139013125082,-0.741182310961017
ASAH2,ASAH2,10,0,0,0.059792045190958376,-1.70331437747416
SGMS1,SGMS1,10,0,0,-0.0015491613004705584,-1.285556698135
ASAH2B,ASAH2B,10,0,0,0.4495961672429445,
A1CF,A1CF,10,0,0,0.620781887260037,-1.16619230652149
PRKG1,PRKG1,10,0,0,0.22608841443345895,-1.19651333062719
CSTF2T,CSTF2T,10,0,0,-0.9323850230980657,-0.234262621204319
DKK1,DKK1,10,0,0,-0.6041910772473376,
MBL2,MBL2,10,0,0,-0.6179099153421479,-0.143987646599631
PCDH15,PCDH15,10,0,0,0.4419302891521557,
ZWINT,ZWINT,10,0,0,-1.2922973513017144,-1.09827299867916
IPMK,IPMK,10,0,0,0.1515527085352666,-1.02781057038462
CISD1,CISD1,10,0,0,1.2493380747465164,3.43766085565286
UBE2D1,UBE2D1,10,0,0,0.8640906035777451,0.797001459211228
TFAM,TFAM,10,0,0,0.797422091766828,0.573758805803541
BICC1,BICC1,10,0,0,-0.6837122713634809,-1.31037788033525
PHYHIPL,PHYHIPL,10,0,0,0.4648858799443012,1.62802231456563
FAM13C,FAM13C,10,0,0,-1.4347934368274977,-3.17981004740509
SLC16A9,SLC16A9,10,0,0,1.1705056244093441,1.90979805816949
MRLN,MRLN,10,0,0,3.149056867658903,
CCDC6,CCDC6,10,0,0,-1.8349924330795897,-1.17044193556812
ANK3,ANK3,10,0,0,-0.3555486596428352,-0.793961792979793
CDK1,CDK1,10,0,0,1.2261900154783092,
RHOBTB1,RHOBTB1,10,0,0,-0.6863404572052456,-2.49843705554208
TMEM26,TMEM26,10,0,0,-0.35646664199851763,
CABCOCO1,CABCOCO1,10,0,0,0.7808154670704806,
ARID5B,ARID5B,10,0,0,-1.4777251219315097,-1.59885356569193
RTKN2,RTKN2,10,0,0,0.5633569785150598,
ZNF365,ZNF365,10,0,0,-1.4955337779443543,
ADO,ADO,10,0,0,-3.0082853191733996,-2.43690369774687
EGR2,EGR2,10,0,0,-2.59372210426676,-1.88755075531623
NRBF2,NRBF2,10,0,0,-0.6067465911050007,0.474853101554048
JMJD1C,JMJD1C,10,0,0,0.11018678812569505,1.40400046435286
REEP3,REEP3,10,0,0,1.2837352300567932,1.19126832850552
CTNNA3,CTNNA3,10,0,0,0.18941203050735922,-0.422979471399238
LRRTM3,LRRTM3,10,0,0,-0.7926048658028328,
DNAJC12,DNAJC12,10,0,0,-0.2452723177456111,0.887308069513125
SIRT1,SIRT1,10,0,0,-0.08403856076319371,-0.745339972651635
HERC4,HERC4,10,0,0,1.2673897297913097,0.580646714387344
MYPN,MYPN,10,0,0,-1.3482522934471497,
ATOH7,ATOH7,10,0,0,-2.117947173174029,
PBLD,PBLD,10,0,0,-0.4577769205809794,0.940095429860163
HNRNPH3,HNRNPH3,10,0,0,1.4802864219963148,-0.0840171360752848
RUFY2,RUFY2,10,0,0,0.3703406284354429,0.0248821286138362
DNA2,DNA2,10,0,0,0.7253729351630192,-0.618903765543604
SLC25A16,SLC25A16,10,0,0,1.5472634569618346,-0.123527853075836
TET1,TET1,10,0,0,-0.4588380754475292,
CCAR1,CCAR1,10,0,0,0.24189939048808462,-0.661361192142548
STOX1,STOX1,10,0,0,-0.557960554801813,
DDX50,DDX50,10,0,0,0.22129428138557472,-0.0389363639044479
DDX21,DDX21,10,0,0,-0.11998596170524323,0.0866508950839279
KIFBP,KIFBP,10,0,0,-0.08216072865388391,0.0433540629279604
SRGN,SRGN,10,0,0,-0.7861580208691858,0.354366102576187
VPS26A,VPS26A,10,0,0,1.2285211085256176,
SUPV3L1,SUPV3L1,10,0,0,0.002977325972135958,0.242423678489263
HKDC1,HKDC1,10,0,0,-1.0777779729340455,-0.966561957425286
HK1,HK1,10,0,0,-0.8817457616541571,-1.19453257105227
TACR2,TACR2,10,0,0,-0.9338900953615159,
TSPAN15,TSPAN15,10,0,0,-0.32327745963633525,-1.33472547510119
NEUROG3,NEUROG3,10,0,0,-3.337517190060778,
FAM241B,FAM241B,10,0,0,-1.9501424638462357,0.29770757669987
COL13A1,COL13A1,10,0,0,-2.6169866957098424,-2.42651401244816
MACROH2A2,MACROH2A2,10,0,0,-1.500292265616256,-1.8362311730296
AIFM2,AIFM2,10,0,0,-1.8277094173243729,-1.35966143987001
TYSND1,TYSND1,10,0,0,-2.6481281206789884,-2.20776670950195
SAR1A,SAR1A,10,0,0,0.9122365335878246,1.56877101823141
PPA1,PPA1,10,0,0,1.2552713506498723,1.29477342349094
NPFFR1,NPFFR1,10,0,0,-1.798488985316764,
LRRC20,LRRC20,10,0,0,-2.139169773537743,-0.81887769862467
EIF4EBP2,EIF4EBP2,10,0,0,-1.6143918811912208,-1.88742949893631
NODAL,NODAL,10,0,0,-2.0075834707220377,
PALD1,PALD1,10,0,0,-2.830841193662595,-4.43743417537032
PRF1,PRF1,10,0,0,-2.77331999516219,-1.73617893633295
ADAMTS14,ADAMTS14,10,0,0,-2.733995164588194,
TBATA,TBATA,10,0,0,-2.3997503893096326,
SGPL1,SGPL1,10,0,0,0.1706608373070182,0.558242217371195
PCBD1,PCBD1,10,0,0,-1.7382425383022717,-0.440726449478436
UNC5B,UNC5B,10,0,0,-2.3547936702690535,-2.02511065300598
SLC29A3,SLC29A3,10,0,0,-1.6958791017080568,-0.552724984518614
CDH23,CDH23,10,0,0,-1.8822372811256258,-3.47798888298286
C10orf105,C10orf105,10,0,0,-3.4937269997697893,
VSIR,VSIR,10,0,0,-2.8720722914511647,-1.19750079562109
PSAP,PSAP,10,0,0,-0.9978244319499385,0.338236735029561
CHST3,CHST3,10,0,0,-2.291659561283785,-3.60164688790109
SPOCK2,SPOCK2,10,0,0,-2.423423573128064,-1.30683889722166
ASCC1,ASCC1,10,0,0,0.4253198876501134,1.25274275841157
ANAPC16,ANAPC16,10,0,0,-0.5616073360357934,0.489981677258731
DDIT4,DDIT4,10,0,0,-3.2118538345980774,-2.02733786706639
DNAJB12,DNAJB12,10,0,0,-1.8292454275214585,-1.14831799706069
MICU1,MICU1,10,0,0,0.462299177673442,-0.245732875294819
MCU,MCU,10,0,0,-0.14943120845919822,-0.171698489774505
OIT3,OIT3,10,0,0,-1.4066390470960979,0.42814578554777
PLA2G12B,PLA2G12B,10,0,0,-0.7778754952258478,-0.201093472899725
P4HA1,P4HA1,10,0,0,1.1151902205482465,2.02533399840246
NUDT13,NUDT13,10,0,0,-0.5717607298507552,-1.30166403807022
ECD,ECD,10,0,0,-0.044202796662581534,1.22213782701797
FAM149B1,FAM149B1,10,0,0,-1.0551455427247731,-2.69018449422872
DNAJC9,DNAJC9,10,0,0,-0.6690469310397766,-1.58644241224412
MRPS16,MRPS16,10,0,0,-0.5598160723984318,0.611777413612386
CFAP70,CFAP70,10,0,0,0.19282382372819207,-2.25436080066436
ANXA7,ANXA7,10,0,0,0.022564012289322477,0.614814561273604
MSS51,MSS51,10,0,0,-0.7121762920864079,-2.36521799149056
PPP3CB,PPP3CB,10,0,0,0.5700514586332481,-0.231067694688712
USP54,USP54,10,0,0,-1.760668106212382,-2.3632545107597
MYOZ1,MYOZ1,10,0,0,-0.8847203152276144,
SYNPO2L,SYNPO2L,10,0,0,-2.8002622730140683,
AGAP5,AGAP5,10,0,0,-1.8050421653424138,-4.65436806464623
SEC24C,SEC24C,10,0,0,-1.0784445881119193,-0.851046966998613
FUT11,FUT11,10,0,0,-1.5264317864732426,-0.758873479512252
CHCHD1,CHCHD1,10,0,0,-0.9530120944137721,-0.565209978107628
ZSWIM8,ZSWIM8,10,0,0,-2.3110734464639027,-3.07191912505236
NDST2,NDST2,10,0,0,-1.1068854015960543,-3.36440102953205
CAMK2G,CAMK2G,10,0,0,-1.6353266119425012,-1.19890740566977
PLAU,PLAU,10,0,0,-1.273666347796853,0.724592824895483
VCL,VCL,10,0,0,-0.43372447451869967,-0.550688903147454
AP3M1,AP3M1,10,0,0,0.5349255051323727,1.82793801619864
ADK,ADK,10,0,0,1.0032410956470788,2.23802998158227
KAT6B,KAT6B,10,0,0,-1.252155042250747,-3.50503974628006
DUSP29,DUSP29,10,0,0,-2.1505198175010563,
DUSP13B,DUSP13B,10,0,0,-1.9690623870917978,
DUSP13A,DUSP13A,10,0,0,-2.7917105435541707,
SAMD8,SAMD8,10,0,0,0.904017937484145,1.3441375754991
VDAC2,VDAC2,10,0,0,0.942487212049711,2.40701742175932
COMTD1,COMTD1,10,0,0,-2.6377345391054625,-2.16846356550826
ZNF503,ZNF503,10,0,0,-2.8336912306340505,-1.90640308795017
LRMDA,LRMDA,10,0,0,-1.5779123344247008,-0.806584152278425
KCNMA1,KCNMA1,10,0,0,-0.558640872816607,-1.10422917154388
DLG5,DLG5,10,0,0,-2.6504288827777955,-4.4989907441365
POLR3A,POLR3A,10,0,0,-0.40820468531538445,-1.916756401772
RPS24,RPS24,10,0,0,1.411494969300911,0.0687627065525709
ZMIZ1,ZMIZ1,10,0,0,-2.736793765571255,-2.26760550152621
PPIF,PPIF,10,0,0,-1.326999345983964,-0.196514068982306
ZCCHC24,ZCCHC24,10,0,0,-2.7351616529247345,-2.60718409436562
EIF5AL1,EIF5AL1,10,0,0,-0.3954151047176282,
SFTPA2,SFTPA2,10,0,0,-1.430837605336274,
SFTPA1,SFTPA1,10,0,0,-1.5703198294474277,
NUTM2B,NUTM2B,10,0,0,-2.597986226114715,
NUTM2E,NUTM2E,10,0,0,-2.660291355442414,
SFTPD,SFTPD,10,0,0,-1.293157446391234,-0.977865901626479
TMEM254,TMEM254,10,0,0,0.08904712201681164,1.79844427738073
PLAC9,PLAC9,10,0,0,-1.5018483651550003,-3.15508463508393
ANXA11,ANXA11,10,0,0,-1.6357112472012947,-0.860179609585567
MAT1A,MAT1A,10,0,0,-0.986178549375202,-0.495215046896864
DYDC1,DYDC1,10,0,0,0.39129033849067696,
DYDC2,DYDC2,10,0,0,-0.4136017200357536,
PRXL2A,PRXL2A,10,0,0,0.5048605337232139,-0.770762150512814
TSPAN14,TSPAN14,10,0,0,-0.5689399467501115,-0.369017466568337
SH2D4B,SH2D4B,10,0,0,-2.135576085309099,
NRG3,NRG3,10,0,0,-1.8115524427442882,
GHITM,GHITM,10,0,0,1.2121171572643465,0.966468787760893
GPR15LG,GPR15LG,10,0,0,-2.634434733755988,
CDHR1,CDHR1,10,0,0,-1.5108040988260267,-2.29928923648488
LRIT2,LRIT2,10,0,0,-1.1292654898640446,
LRIT1,LRIT1,10,0,0,-2.1694888795568037,
RGR,RGR,10,0,0,-1.3082231196093126,
CCSER2,CCSER2,10,0,0,-0.053495869559018416,-0.823858023830354
GRID1,GRID1,10,0,0,-1.8220928082725312,
WAPL,WAPL,10,0,0,0.18145178972014442,-0.0989645311817012
OPN4,OPN4,10,0,0,-2.026510737649101,
LDB3,LDB3,10,0,0,-2.6202683543433842,
BMPR1A,BMPR1A,10,0,0,0.7140326987112537,
MMRN2,MMRN2,10,0,0,-2.8244454494387448,-1.0777400820463
SNCG,SNCG,10,0,0,-1.9587292997648458,-2.58904129203526
ADIRF,ADIRF,10,0,0,-1.3997108323349146,-1.30108317492072
FAM25A,FAM25A,10,0,0,-1.3870215652411577,
GLUD1,GLUD1,10,0,0,-0.28755193119360634,0.227486193024187
SHLD2,SHLD2,10,0,0,0.664152991770047,0.285486212177904
NUTM2A,NUTM2A,10,0,0,-2.615100040903947,
NUTM2D,NUTM2D,10,0,0,-2.631545038889101,
MINPP1,MINPP1,10,0,0,-0.20663916529837145,-0.327599574546742
PAPSS2,PAPSS2,10,0,0,-0.36986047022306323,-0.322217895408306
ATAD1,ATAD1,10,0,0,0.8646746639406562,3.68220628930698
KLLN,KLLN,10,0,0,-2.3280290919270215,-2.62078092833156
PTEN,PTEN,10,0,0,1.13284598022838,
RNLS,RNLS,10,0,0,0.04842525858971847,0.685078009383642
LIPJ,LIPJ,10,0,0,1.8220255739248863,
LIPF,LIPF,10,0,0,1.2999090231494037,
LIPK,LIPK,10,0,0,1.436524740442092,
LIPN,LIPN,10,0,0,1.2662620491462544,
LIPM,LIPM,10,0,0,0.6058812622229102,
ANKRD22,ANKRD22,10,0,0,0.907242853750514,
STAMBPL1,STAMBPL1,10,0,0,0.2773075795161617,-1.80890111178448
ACTA2,ACTA2,10,0,0,-0.42709644459233687,-0.530774662353971
FAS,FAS,10,0,0,0.10984125003011158,1.51149968714277
CH25H,CH25H,10,0,0,-1.8424825173161583,-0.778732925664573
LIPA,LIPA,10,0,0,0.6375458446663913,2.21632133429228
IFIT2,IFIT2,10,0,0,0.010306247688905756,1.3700207501933
IFIT3,IFIT3,10,0,0,0.11100755324106437,2.1860653663881
IFIT1B,IFIT1B,10,0,0,0.1975336506407217,
IFIT1,IFIT1,10,0,0,0.19183933381290252,0.852809763540791
IFIT5,IFIT5,10,0,0,0.5486508050727661,2.65092323250138
SLC16A12,SLC16A12,10,0,0,0.4181563318080048,
PANK1,PANK1,10,0,0,-0.3794550050695129,-0.20382916276543
KIF20B,KIF20B,10,0,0,0.7421958193555511,-0.549673636556338
HTR7,HTR7,10,0,0,-1.0581304369104405,
RPP30,RPP30,10,0,0,0.8164215266414168,0.644368134373551
ANKRD1,ANKRD1,10,0,0,0.3023022410691585,
PCGF5,PCGF5,10,0,0,1.005635640924142,1.28610071855673
HECTD2,HECTD2,10,0,0,1.0094920678794939,-0.621822410724678
PPP1R3C,PPP1R3C,10,0,0,-0.3729664178671346,1.7595362088406
TNKS2,TNKS2,10,0,0,0.5492488381236189,-0.411047515472494
FGFBP3,FGFBP3,10,0,0,-2.9535228848903134,-1.49970296225894
BTAF1,BTAF1,10,0,0,0.6848465505227708,-0.138084025225766
CPEB3,CPEB3,10,0,0,-1.3988648010027322,-1.07543663704749
MARCHF5,MARCHF5,10,0,0,1.2403754508744278,1.05216154573354
IDE,IDE,10,0,0,0.593650267310629,1.80171535418858
KIF11,KIF11,10,0,0,0.7625119896239614,
HHEX,HHEX,10,0,0,-2.5149949922677237,-1.13194538169713
EXOC6,EXOC6,10,0,0,0.8505136230676253,0.933371534156413
CYP26C1,CYP26C1,10,0,0,-2.573450042508634,
CYP26A1,CYP26A1,10,0,0,-1.1686999597921197,-0.794662144145232
MYOF,MYOF,10,0,0,-0.18210878479312065,-0.428897389616243
CEP55,CEP55,10,0,0,-0.46702815900600037,
FFAR4,FFAR4,10,0,0,-0.9828209108550165,
RBP4,RBP4,10,0,0,-1.0967837420581503,-0.363214731618798
PDE6C,PDE6C,10,0,0,0.4745613887713134,
FRA10AC1,FRA10AC1,10,0,0,1.0524723873314699,1.72671391669828
LGI1,LGI1,10,0,0,0.8241623489178078,0.0171598075052803
SLC35G1,SLC35G1,10,0,0,0.524949297438809,0.363253657866964
PLCE1,PLCE1,10,0,0,-0.5298215174709018,
NOC3L,NOC3L,10,0,0,0.6552923862262094,1.61710025365898
TBC1D12,TBC1D12,10,0,0,-0.99539130187563,-0.936127997070128
HELLS,HELLS,10,0,0,0.9715249548730895,
CYP2C18,CYP2C18,10,0,0,0.10908717418985958,-0.019292996038066
CYP2C19,CYP2C19,10,0,0,0.19514638701413034,
CYP2C9,CYP2C9,10,0,0,0.12487346547121092,1.54880548803211
CYP2C8,CYP2C8,10,0,0,0.5373047573238807,1.89594563488547
ACSM6,ACSM6,10,0,0,-0.10329658679278886,
PDLIM1,PDLIM1,10,0,0,-1.0926338269235742,-0.186989377886674
SORBS1,SORBS1,10,0,0,-1.4529656897334071,-0.259941299217083
ALDH18A1,ALDH18A1,10,0,0,-0.690785067939931,-0.180404975215022
TCTN3,TCTN3,10,0,0,-0.37646185479046324,0.288516495993543
ENTPD1,ENTPD1,10,0,0,0.16517679598102752,-0.203641509015569
CC2D2B,CC2D2B,10,0,0,1.0272799869793001,
CCNJ,CCNJ,10,0,0,-0.02767905405553428,-1.51995582031595
ZNF518A,ZNF518A,10,0,0,0.6962172516255816,0.49762824922744
BLNK,BLNK,10,0,0,-1.1237491531233061,-0.711376031641835
DNTT,DNTT,10,0,0,0.007245560802592976,
OPALIN,OPALIN,10,0,0,-1.2284895495671595,
TLL2,TLL2,10,0,0,-1.659113792343346,
TM9SF3,TM9SF3,10,0,0,2.1696362981227946,0.0940882160438863
PIK3AP1,PIK3AP1,10,0,0,-1.5893434895875984,-2.16739828439332
LCOR,LCOR,10,0,0,-1.2067133920279893,-2.39016031165067
SLIT1,SLIT1,10,0,0,-2.231978818247386,
ARHGAP19,ARHGAP19,10,0,0,-0.41431093184266743,
FRAT1,FRAT1,10,0,0,-3.4401707098542236,-2.92123394477917
FRAT2,FRAT2,10,0,0,-3.4336593952334233,-3.40009681768039
RRP12,RRP12,10,0,0,-1.867381740068673,-1.87452432955142
PGAM1,PGAM1,10,0,0,-0.8989881073372761,1.04036664524827
EXOSC1,EXOSC1,10,0,0,-0.6831882823394579,0.195140882346635
ZDHHC16,ZDHHC16,10,0,0,-0.7833955973935751,-2.39098790751504
MMS19,MMS19,10,0,0,-1.2118523209708414,-0.907072185032059
UBTD1,UBTD1,10,0,0,-2.974829227991922,-2.68243565326618
ANKRD2,ANKRD2,10,0,0,-2.445674607265971,
HOGA1,HOGA1,10,0,0,-1.4734571684279452,-0.887171914619359
C10orf62,C10orf62,10,0,0,-3.133963894435361,
MORN4,MORN4,10,0,0,-0.11232633440477358,
PI4K2A,PI4K2A,10,0,0,-1.4920579580387248,-0.693160812058486
AVPI1,AVPI1,10,0,0,-4.119462307823978,-1.6543212383954
MARVELD1,MARVELD1,10,0,0,-1.6046218342743739,-1.44593377042832
ZFYVE27,ZFYVE27,10,0,0,-1.9245177142945895,-1.18509744478972
SFRP5,SFRP5,10,0,0,-1.478040774691177,-1.19123184764025
GOLGA7B,GOLGA7B,10,0,0,-2.825536163982335,-1.94800979280611
CRTAC1,CRTAC1,10,0,0,-1.6653761921762005,
R3HCC1L,R3HCC1L,10,0,0,0.09525828591859309,-0.862055391654563
LOXL4,LOXL4,10,0,0,-2.404224997249207,-1.70242895628118
PYROXD2,PYROXD2,10,0,0,-1.2626480367162323,-1.67072582045584
HPS1,HPS1,10,0,0,-2.4328989727810413,-2.89997416360314
HPSE2,HPSE2,10,0,0,-0.46723617004839824,
CNNM1,CNNM1,10,0,0,-2.13935914570232,
GOT1,GOT1,10,0,0,-0.3578683784984964,0.377136253711054
NKX2-3,NKX2-3,10,0,0,-2.7915349939684866,
SLC25A28,SLC25A28,10,0,0,-1.4219574688202332,-1.43260510305444
ENTPD7,ENTPD7,10,0,0,-0.3241417879056794,-2.32228899672011
COX15,COX15,10,0,0,-0.318334639709116,0.679214990789292
CUTC,CUTC,10,0,0,0.46183784756853186,-0.322644262493798
ABCC2,ABCC2,10,0,0,-0.018624542960578694,0.0367443918428248
DNMBP,DNMBP,10,0,0,-1.178944408176207,-2.10647393640408
CPN1,CPN1,10,0,0,-1.3230226022212488,-0.323748921862012
ERLIN1,ERLIN1,10,0,0,0.42112472666731726,1.54473329499186
CHUK,CHUK,10,0,0,0.3671027954162511,-0.172135575647905
CWF19L1,CWF19L1,10,0,0,0.2709776282392937,1.31672477875573
BLOC1S2,BLOC1S2,10,0,0,0.3238030062570303,-0.620577563814268
PKD2L1,PKD2L1,10,0,0,-1.0261157729412762,
SCD,SCD,10,0,0,0.09414478660427861,1.43201405969133
WNT8B,WNT8B,10,0,0,-1.7648408112369562,
SEC31B,SEC31B,10,0,0,-1.7727181026851326,-5.91300421921964
NDUFB8,NDUFB8,10,0,0,-0.4774084631997688,-0.198007474983466
HIF1AN,HIF1AN,10,0,0,-0.3507539550165273,-0.243394708290243
PAX2,PAX2,10,0,0,-2.341989724370686,
SLF2,SLF2,10,0,0,-0.21940878972116096,0.815638842851747
SEMA4G,SEMA4G,10,0,0,-2.082549043442576,-3.58826121890301
MRPL43,MRPL43,10,0,0,-2.5518043352335056,-0.799667219786611
TWNK,TWNK,10,0,0,-1.4638287728215467,-2.16340038637989
LZTS2,LZTS2,10,0,0,-3.794130958883061,-3.51667934997762
PDZD7,PDZD7,10,0,0,-3.1611320194468053,
SFXN3,SFXN3,10,0,0,-1.1036400206602508,-1.77814450433183
KAZALD1,KAZALD1,10,0,0,-2.498669163486719,
TLX1,TLX1,10,0,0,-2.3970443616481756,-3.05969399510831
LBX1,LBX1,10,0,0,-2.772054509781107,
BTRC,BTRC,10,0,0,-0.0021896435110662082,0.0022606067313917
POLL,POLL,10,0,0,-2.125173509074582,-2.44079270682241
DPCD,DPCD,10,0,0,-0.741884090562646,-0.932824159520976
FBXW4,FBXW4,10,0,0,-2.2211952718548122,-3.92358484629894
FGF8,FGF8,10,0,0,-2.756496195384214,
NPM3,NPM3,10,0,0,-2.038834957626465,-1.63177745888176
OGA,OGA,10,0,0,0.49045665332874044,-0.0162728423734883
KCNIP2,KCNIP2,10,0,0,-1.3946119073183407,-1.47721555647105
ARMH3,ARMH3,10,0,0,0.08560027125287561,0.219331537955841
HPS6,HPS6,10,0,0,-2.5566854010991236,-2.43836667829791
LDB1,LDB1,10,0,0,-1.9550385318933081,-1.9953534649126
PPRC1,PPRC1,10,0,0,-2.3606810283288127,-2.71949604118809
NOLC1,NOLC1,10,0,0,-1.91358008528365,-0.828542934253386
ELOVL3,ELOVL3,10,0,0,0.07273720632268521,
PITX3,PITX3,10,0,0,-3.245239432299673,
GBF1,GBF1,10,0,0,-1.3454482384679771,-1.30669576144986
NFKB2,NFKB2,10,0,0,-2.1311028487707553,-2.189783293638
PSD,PSD,10,0,0,-3.14483879294845,-5.15734864175833
FBXL15,FBXL15,10,0,0,-2.773935221019377,-2.22147014602564
CUEDC2,CUEDC2,10,0,0,-1.8658509983905152,-1.62168529702073
C10orf95,C10orf95,10,0,0,-3.3194993937044757,
MFSD13A,MFSD13A,10,0,0,-1.6378653336119218,-2.99549820888094
ACTR1A,ACTR1A,10,0,0,-0.6701330562078098,0.530109124771987
SUFU,SUFU,10,0,0,-2.2707981026513018,-0.851433977456076
TRIM8,TRIM8,10,0,0,-2.7855551205247355,-4.14937763330762
ARL3,ARL3,10,0,0,0.16138295748177,1.99905510184489
SFXN2,SFXN2,10,0,0,-0.22203257612829397,-0.15088256096324
WBP1L,WBP1L,10,0,0,-2.814607853664757,-3.02689142707907
CYP17A1,CYP17A1,10,0,0,-0.7345360766566547,-1.42450849157581
BORCS7,BORCS7,10,0,0,-0.6209514915101089,0.969706286800923
AS3MT,AS3MT,10,0,0,0.5427082060631054,1.1214290191366
CNNM2,CNNM2,10,0,0,-1.4548220965240386,-2.00820089916093
NT5C2,NT5C2,10,0,0,0.38985607421271773,0.243030651610103
RPEL1,RPEL1,10,0,0,0.4167127916455531,
INA,INA,10,0,0,-2.521998554167949,
PCGF6,PCGF6,10,0,0,-0.7048182626999555,-1.15459427900936
TAF5,TAF5,10,0,0,-0.19868328552959902,-0.699323430793005
ATP5MK,ATP5MK,10,0,0,2.2844246557365135,4.60305852708909
PDCD11,PDCD11,10,0,0,-1.1528778747908675,-1.93954026119698
CALHM2,CALHM2,10,0,0,-1.9453762655447004,-4.50255253566746
CALHM1,CALHM1,10,0,0,-1.762454880820135,
CALHM3,CALHM3,10,0,0,-2.353263031064781,
NEURL1,NEURL1,10,0,0,-2.991568014410813,
SH3PXD2A,SH3PXD2A,10,0,0,-2.596364772905888,-4.06979153207258
STN1,STN1,10,0,0,-0.7927389247490755,-1.27077860566627
SLK,SLK,10,0,0,0.0598787576175166,0.919036071104358
COL17A1,COL17A1,10,0,0,-2.0578233398511525,
SFR1,SFR1,10,0,0,0.01116988306576161,
CFAP43,CFAP43,10,0,0,0.5736375910686355,
GSTO1,GSTO1,10,0,0,-0.39770458859707425,0.434729580773448
GSTO2,GSTO2,10,0,0,-0.34441927478322754,0.29923075745822
ITPRIP,ITPRIP,10,0,0,-2.5244437079765163,-2.20147883432256
CFAP58,CFAP58,10,0,0,-0.5978287350349092,
SORCS3,SORCS3,10,0,0,-1.196225277397188,
SORCS1,SORCS1,10,0,0,-1.0338639700241856,
XPNPEP1,XPNPEP1,10,0,0,-0.5814524665866152,-0.221997050058785
ADD3,ADD3,10,0,0,0.04107955591801016,1.35677771705402
MXI1,MXI1,10,0,0,-2.464460156004767,-3.23558831251309
SMNDC1,SMNDC1,10,0,0,0.6761067674691716,0.912236743121354
DUSP5,DUSP5,10,0,0,-1.8598253691445201,-2.22517469350908
SMC3,SMC3,10,0,0,0.8012216334420419,2.58263366397379
RBM20,RBM20,10,0,0,-2.165988324763834,
PDCD4,PDCD4,10,0,0,0.7471128445924666,0.333928038069609
BBIP1,BBIP1,10,0,0,0.6473119929951565,
SHOC2,SHOC2,10,0,0,-0.19415869660651275,0.329117989249729
ADRA2A,ADRA2A,10,0,0,-2.3369434127551862,-3.02043712511335
GPAM,GPAM,10,0,0,-0.037495072848761524,0.367847557236719
TECTB,TECTB,10,0,0,-0.737149649575155,
ACSL5,ACSL5,10,0,0,0.038439090574909685,1.15398309417075
ZDHHC6,ZDHHC6,10,0,0,1.1279913620378892,-0.688642630980669
VTI1A,VTI1A,10,0,0,-0.9248455648883276,-0.248463742097386
TCF7L2,TCF7L2,10,0,0,-2.171627377363059,-1.99152115890011
HABP2,HABP2,10,0,0,-0.9392010392284682,0.604262135543521
NRAP,NRAP,10,0,0,-0.8837244307157128,
CASP7,CASP7,10,0,0,-0.27342060431815973,-0.0428586084041204
PLEKHS1,PLEKHS1,10,0,0,-0.8600296674073533,
DCLRE1A,DCLRE1A,10,0,0,0.3950100799320815,1.78416876668167
NHLRC2,NHLRC2,10,0,0,0.7104709583686084,0.454061328452529
ADRB1,ADRB1,10,0,0,-2.2735006958469928,
CCDC186,CCDC186,10,0,0,0.09902213510277313,0.888100827634211
TDRD1,TDRD1,10,0,0,0.6722963414405925,
VWA2,VWA2,10,0,0,-2.1976359386913042,
AFAP1L2,AFAP1L2,10,0,0,-2.358583357999329,-1.88684898369513
ABLIM1,ABLIM1,10,0,0,-1.2525380952016913,-1.96890026187064
FHIP2A,FHIP2A,10,0,0,0.3246133795894206,2.15384570515299
TRUB1,TRUB1,10,0,0,0.14816959495001747,-0.227024152938522
ATRNL1,ATRNL1,10,0,0,0.7905465086301948,
GFRA1,GFRA1,10,0,0,-1.0174113906804276,-0.846448894205995
CCDC172,CCDC172,10,0,0,0.5985491943153409,
PNLIPRP3,PNLIPRP3,10,0,0,1.059363355580368,
PNLIP,PNLIP,10,0,0,0.3595649133248653,
PNLIPRP1,PNLIPRP1,10,0,0,-0.38637024754448746,
SPMIP5,SPMIP5,10,0,0,-0.955840070117393,
HSPA12A,HSPA12A,10,0,0,-1.2083537297320852,-1.75973304975899
ENO4,ENO4,10,0,0,-0.5842655420619121,
SHTN1,SHTN1,10,0,0,-0.615516400585614,0.575389013596987
VAX1,VAX1,10,0,0,-2.6207489669164,
KCNK18,KCNK18,10,0,0,-0.3881956703212559,
SLC18A2,SLC18A2,10,0,0,0.15453025454013236,
PDZD8,PDZD8,10,0,0,-0.6176916976913986,-3.04668209275852
EMX2,EMX2,10,0,0,-2.6146932943063135,
RAB11FIP2,RAB11FIP2,10,0,0,-0.35269482983025924,-0.617103714060942
FAM204A,FAM204A,10,0,0,0.1539707922897655,-0.631530113683296
PRLHR,PRLHR,10,0,0,-2.0613440535599246,
CACUL1,CACUL1,10,0,0,-0.42264705102398636,-2.41743986532907
NANOS1,NANOS1,10,0,0,-3.2193014721659416,
EIF3A,EIF3A,10,0,0,-0.4793036057471287,-1.3430390164976
DENND10,DENND10,10,0,0,0.49493847604951213,0.172213280703144
SFXN4,SFXN4,10,0,0,-0.1638743369148763,0.379025848177441
PRDX3,PRDX3,10,0,0,-0.09668304481766476,1.54292038392559
GRK5,GRK5,10,0,0,-1.4789620832670316,-3.89467140123265
RGS10,RGS10,10,0,0,-1.302741829774968,-1.73337706997427
TIAL1,TIAL1,10,0,0,0.903252296184279,0.806976654956646
BAG3,BAG3,10,0,0,-2.682066792574007,-1.6446531671881
INPP5F,INPP5F,10,0,0,0.14074273800055614,-0.462033385072922
MCMBP,MCMBP,10,0,0,0.04004787363736284,0.268930200201384
SEC23IP,SEC23IP,10,0,0,-0.09684627304673121,0.242119010345917
PLPP4,PLPP4,10,0,0,-0.46596018178157195,-1.77904533298881
WDR11,WDR11,10,0,0,0.09274409112782678,0.843435672219115
FGFR2,FGFR2,10,0,0,-0.5342132516862375,-1.95265203036409
ATE1,ATE1,10,0,0,-0.19413093127969638,-0.196374090367796
NSMCE4A,NSMCE4A,10,0,0,-1.0007494970397381,-0.475916745376924
TACC2,TACC2,10,0,0,-2.3578491668894337,-1.98952383092226
BTBD16,BTBD16,10,0,0,-0.9467498584636385,0.693260920815036
PLEKHA1,PLEKHA1,10,0,0,0.38056348243990534,-0.132242087697152
ARMS2,ARMS2,10,0,0,-1.7029962207554412,
HTRA1,HTRA1,10,0,0,-1.6885953890219803,-0.359546983370294
DMBT1,DMBT1,10,0,0,-1.4886650057420532,
SPADH,SPADH,10,0,0,-0.5650665172571792,
C10orf120,C10orf120,10,0,0,-0.07300986776059482,
CUZD1,CUZD1,10,0,0,0.4178538590241292,
FAM24B,FAM24B,10,0,0,-0.05103269730132354,
FAM24A,FAM24A,10,0,0,0.01582627034000339,
C10orf88,C10orf88,10,0,0,-0.0768626413170832,-0.081426793411157
PSTK,PSTK,10,0,0,0.21421646404568762,-0.361629621230139
IKZF5,IKZF5,10,0,0,-1.0220325880326584,-2.13140193746186
ACADSB,ACADSB,10,0,0,0.7826203837823726,1.78443569199924
HMX3,HMX3,10,0,0,-2.6682153997642235,
HMX2,HMX2,10,0,0,-2.817670442562335,
BUB3,BUB3,10,0,0,-0.04477751587845091,0.24880817610654
GPR26,GPR26,10,0,0,-1.9400280008356994,
CPXM2,CPXM2,10,0,0,-1.401025476140802,-1.51388581143221
CHST15,CHST15,10,0,0,-1.1605321468757115,-2.4075658613855
OAT,OAT,10,0,0,0.9713860806500492,1.7479959916441
NKX1-2,NKX1-2,10,0,0,-2.5712266520599005,
LHPP,LHPP,10,0,0,-1.4830966032022594,-0.930130339254457
FAM53B,FAM53B,10,0,0,-3.1875879064160895,
EEF1AKMT2,EEF1AKMT2,10,0,0,0.3781694353672389,
ABRAXAS2,ABRAXAS2,10,0,0,-0.7701892008679465,0.418688622270682
ZRANB1,ZRANB1,10,0,0,0.18555306669087201,-1.41719816240371
CTBP2,CTBP2,10,0,0,-1.842740409795356,-2.68285360759255
TEX36,TEX36,10,0,0,-0.6659269516858259,
EDRF1,EDRF1,10,0,0,0.1548240608978091,-0.62253790234393
MMP21,MMP21,10,0,0,-1.221042100595568,
UROS,UROS,10,0,0,-0.5003301896692935,-1.74624173480044
BCCIP,BCCIP,10,0,0,0.39440564158760516,-0.292716768697207
DHX32,DHX32,10,0,0,0.34423888756898613,0.04426264917692
FANK1,FANK1,10,0,0,-0.06602254278103636,
ADAM12,ADAM12,10,0,0,-1.3836159808597017,
C10orf90,C10orf90,10,0,0,-1.5689896691102128,
DOCK1,DOCK1,10,0,0,-0.5047406033462849,-2.19713343835344
INSYN2A,INSYN2A,10,0,0,-2.293412147220394,
NPS,NPS,10,0,0,0.8220663027520185,
FOXI2,FOXI2,10,0,0,-2.52475952000432,
CLRN3,CLRN3,10,0,0,-0.04663099653503622,1.33688861823938
PTPRE,PTPRE,10,0,0,-1.195604079635352,-1.89404917490319
MKI67,MKI67,10,0,0,-1.2010660771294344,
MGMT,MGMT,10,0,0,-1.312281094514919,-0.494530785604645
EBF3,EBF3,10,0,0,-1.451708568440969,
C10orf143,C10orf143,10,0,0,-3.2879657603963466,-2.95753744244818
GLRX3,GLRX3,10,0,0,0.5249767831914003,0.825013295559568
TCERG1L,TCERG1L,10,0,0,-2.3698262355231154,
PPP2R2D,PPP2R2D,10,0,0,-0.7532103667682684,-2.74800906458919
BNIP3,BNIP3,10,0,0,-1.3582169705046336,-0.630742769215744
JAKMIP3,JAKMIP3,10,0,0,-2.0684359519813196,
DPYSL4,DPYSL4,10,0,0,-1.9429188003622695,
STK32C,STK32C,10,0,0,-2.4571434564192867,-2.86671807531707
LRRC27,LRRC27,10,0,0,-1.4037443063319532,-1.81032169914949
PWWP2B,PWWP2B,10,0,0,-3.4549817862208414,-3.72677111225555
INPP5A,INPP5A,10,0,0,-0.8843527471247992,-2.71348614671168
NKX6-2,NKX6-2,10,0,0,-2.178992337016936,
CFAP46,CFAP46,10,0,0,-1.9693981721461302,-1.95934413653017
ADGRA1,ADGRA1,10,0,0,-2.8041003286857045,
KNDC1,KNDC1,10,0,0,-3.091814724382152,
UTF1,UTF1,10,0,0,-3.6468743632634943,
VENTX,VENTX,10,0,0,-3.2079744483952943,
ADAM8,ADAM8,10,0,0,-2.8338273590700744,-3.80600472950965
TUBGCP2,TUBGCP2,10,0,0,-1.8292270092192915,-1.98044852004909
ZNF511,ZNF511,10,0,0,-1.9789763471109882,-2.14219140752174
CALY,CALY,10,0,0,-2.466005982216565,
PRAP1,PRAP1,10,0,0,-3.2044614908254694,
FUOM,FUOM,10,0,0,-1.8953314003922799,-1.33072316329848
ECHS1,ECHS1,10,0,0,-0.32915964662586994,0.0833450728037262
PAOX,PAOX,10,0,0,-2.4728162864112964,-1.72271396269532
MTG1,MTG1,10,0,0,-1.5020756039433802,-1.38246640148675
SPRN,SPRN,10,0,0,-2.322280957334364,
SCART1,SCART1,10,0,0,-2.554082573247939,
CYP2E1,CYP2E1,10,0,0,-0.8521894310903342,-0.613212056265485
SYCE1,SYCE1,10,0,0,-2.3504318669346542,-1.44338713850533
FRG2B,FRG2B,10,0,0,-2.09222355073841,
SCGB1C1,SCGB1C1,11,0,0,-0.9337707190518731,
CIMAP1A,CIMAP1A,11,0,0,-1.482765361460329,
BET1L,BET1L,11,0,0,-1.0541550095937247,-1.37090594208733
RIC8A,RIC8A,11,0,0,-2.0667610242885317,-2.44658243100631
SIRT3,SIRT3,11,0,0,-1.982429359830121,-1.41994348700712
PSMD13,PSMD13,11,0,0,-0.3821046999797151,0.085326408206443
NLRP6,NLRP6,11,0,0,-2.5922386531856727,-2.6235449663437
PGGHG,PGGHG,11,0,0,-2.4931057449113982,-4.57175332721925
IFITM5,IFITM5,11,0,0,-1.7389887384456166,
IFITM2,IFITM2,11,0,0,-1.1929239051985352,-0.0532837288959821
IFITM1,IFITM1,11,0,0,-1.1046523111220825,0.362458367402024
IFITM3,IFITM3,11,0,0,-1.3356839887244956,0.0634915654664596
B4GALNT4,B4GALNT4,11,0,0,-2.7313047916750044,
PKP3,PKP3,11,0,0,-3.2553910712107186,
SIGIRR,SIGIRR,11,0,0,-2.493522206762135,-1.27222241586261
ANO9,ANO9,11,0,0,-1.7779133564443317,
PTDSS2,PTDSS2,11,0,0,-1.5163815276094077,-1.36481273778549
RNH1,RNH1,11,0,0,-3.2373166874522052,-1.47272999663405
HRAS,HRAS,11,0,0,-1.9206513521264608,-3.93667181882131
LRRC56,LRRC56,11,0,0,-3.800842314148353,
LMNTD2,LMNTD2,11,0,0,-3.8039975175789476,-3.29268677813201
RASSF7,RASSF7,11,0,0,-3.271979574484684,-2.87594255624927
PHRF1,PHRF1,11,0,0,-3.575401832442056,-3.35037148902581
IRF7,IRF7,11,0,0,-2.98653980621898,-2.25957243157946
CDHR5,CDHR5,11,0,0,-2.456184411561434,-1.66765074989882
SCT,SCT,11,0,0,-3.4114583622370898,
DRD4,DRD4,11,0,0,-2.5071981565179993,-4.01481697957409
DEAF1,DEAF1,11,0,0,-2.0861422051473095,-3.32311454702504
TMEM80,TMEM80,11,0,0,-1.340643647371916,-0.581442800188219
EPS8L2,EPS8L2,11,0,0,-3.03388953328281,-1.93885482286667
TALDO1,TALDO1,11,0,0,-0.920815465036906,-0.373903808985975
GATD1,GATD1,11,0,0,-2.90265025122031,-1.44848347838442
CEND1,CEND1,11,0,0,-3.0804488018903324,
SLC25A22,SLC25A22,11,0,0,-1.9856854569344495,-1.87446570720085
PIDD1,PIDD1,11,0,0,-2.7572141553802254,-4.03238552152601
RPLP2,RPLP2,11,0,0,-0.756198208319951,-2.6739626566411
PNPLA2,PNPLA2,11,0,0,-2.597716307349513,-2.14253071359863
CRACR2B,CRACR2B,11,0,0,-3.7993155221300317,-4.37145968943531
CD151,CD151,11,0,0,-1.4429434482253924,-0.0807050664253619
POLR2L,POLR2L,11,0,0,-0.5457036100395616,-0.68004414737623
TSPAN4,TSPAN4,11,0,0,-1.057818137842716,-0.584659349626124
CHID1,CHID1,11,0,0,-1.9072160748129274,-1.11387174111657
AP2A2,AP2A2,11,0,0,-1.5145897596648084,-1.54417714404116
MUC6,MUC6,11,0,0,-2.9455941774184247,-1.57927958950595
MUC5AC,MUC5AC,11,0,0,-2.6881501707962006,
MUC5B,MUC5B,11,0,0,-2.9300061842850305,
TOLLIP,TOLLIP,11,0,0,-1.9382757739150716,-1.66599748060859
BRSK2,BRSK2,11,0,0,-2.9355170130229773,
MOB2,MOB2,11,0,0,-2.5120956577709332,
DUSP8,DUSP8,11,0,0,-3.3648166971937226,-5.42425437124865
KRTAP5-1,KRTAP5-1,11,0,0,-2.592715654350151,
KRTAP5-2,KRTAP5-2,11,0,0,-2.8721429630760245,
KRTAP5-3,KRTAP5-3,11,0,0,-3.0412731624668563,
KRTAP5-4,KRTAP5-4,11,0,0,-2.87739037656919,
KRTAP5-5,KRTAP5-5,11,0,0,-2.7125039277092196,
KRTAP5-6,KRTAP5-6,11,0,0,-2.632404312553886,
IFITM10,IFITM10,11,0,0,-2.1930342648301338,
CTSD,CTSD,11,0,0,-1.894747013337966,
SYT8,SYT8,11,0,0,-2.791063030230603,
TNNI2,TNNI2,11,0,0,-2.3053087934217427,
LSP1,LSP1,11,0,0,-3.5691902379436886,-2.60726851274399
PRR33,PRR33,11,0,0,-3.738912062772842,
TNNT3,TNNT3,11,0,0,-2.1522383466720356,
MRPL23,MRPL23,11,0,0,-2.4536358397564904,-3.20514814671741
IGF2,IGF2,11,0,0,-2.181947830700464,
INS,INS,11,0,0,-2.261330745704841,
TH,TH,11,0,0,-2.7362327202017536,
ASCL2,ASCL2,11,0,0,-3.272757952482319,
C11orf21,C11orf21,11,0,0,-3.152655103450318,
TSPAN32,TSPAN32,11,0,0,-2.1085766530604158,
CD81,CD81,11,0,0,-0.4999115291651339,0.0889521488781175
TSSC4,TSSC4,11,0,0,-3.8798478506656746,-2.88595346041364
TRPM5,TRPM5,11,0,0,-2.3434855462144064,
KCNQ1,KCNQ1,11,0,0,-2.2346478100369502,-2.44514918747893
CDKN1C,CDKN1C,11,0,0,-2.613171230373924,-1.46150593426415
SLC22A18,SLC22A18,11,0,0,-1.8795119007935703,-1.15272955337053
PHLDA2,PHLDA2,11,0,0,-2.765304408757114,-1.55873385881805
NAP1L4,NAP1L4,11,0,0,0.2488140343122378,-0.321601414044359
CARS1,CARS1,11,0,0,-1.1782508727478742,-0.88563839346344
OSBPL5,OSBPL5,11,0,0,-3.195590299640262,-2.64713362544728
MRGPRG,MRGPRG,11,0,0,-1.9852336971365379,
MRGPRE,MRGPRE,11,0,0,-2.2781890805349363,
ZNF195,ZNF195,11,0,0,-0.18863119893567593,-0.510613385887595
ART5,ART5,11,0,0,-1.7053977926816994,-0.17216320201695
ART1,ART1,11,0,0,-2.0797997667020667,
CHRNA10,CHRNA10,11,0,0,-1.9873327785229602,
NUP98,NUP98,11,0,0,-0.38324750739101354,0.962271518066144
PGAP2,PGAP2,11,0,0,-0.7046447146061379,-1.31432271286024
RHOG,RHOG,11,0,0,-1.7328230462260095,-1.10510759762894
STIM1,STIM1,11,0,0,-1.9603072308967864,-1.578980190031
RRM1,RRM1,11,0,0,1.0455318268161964,1.97106923078904
SSU72L5,SSU72L5,11,0,0,-0.8157364486949579,
SSU72L2,SSU72L2,11,0,0,-0.7088159759179167,
SSU72L4,SSU72L4,11,0,0,-0.7521796668210357,
SSU72L3,SSU72L3,11,0,0,-0.8913550531110008,
SSU72L1,SSU72L1,11,0,0,-0.7013316119658519,
OR52B4,OR52B4,11,0,0,0.486604662093832,
TRIM21,TRIM21,11,0,0,-1.4558656597746946,-0.818335341803413
OR52K2,OR52K2,11,0,0,0.0667771742282195,
OR52K1,OR52K1,11,0,0,0.4193926919881523,
OR52M1,OR52M1,11,0,0,0.032711933832814566,
OR52I2,OR52I2,11,0,0,-0.06632476106998553,
OR52I1,OR52I1,11,0,0,0.07911318062602568,
TRIM68,TRIM68,11,0,0,-1.2856582416380355,-0.978854342894472
OR51D1,OR51D1,11,0,0,0.057575103833766406,
OR51E1,OR51E1,11,0,0,0.23912190709207515,
OR51E2,OR51E2,11,0,0,0.18411049113879052,
OR51C1P,OR51C1P,11,0,0,0.3810947997801737,
OR51F1,OR51F1,11,0,0,0.5137071416476626,
OR52R1,OR52R1,11,0,0,-0.12168136666524454,
OR51F2,OR51F2,11,0,0,0.3563726623028085,
OR51S1,OR51S1,11,0,0,-0.28326234817270013,
OR51T1,OR51T1,11,0,0,0.293364689628298,
OR51A7,OR51A7,11,0,0,0.9624062821456416,
OR51G2,OR51G2,11,0,0,-0.013986567858797372,
OR51G1,OR51G1,11,0,0,-0.09288616383043902,
OR51A4,OR51A4,11,0,0,1.031270807018327,
OR51A2,OR51A2,11,0,0,1.100652873463785,
MMP26,MMP26,11,0,0,-0.30731022336306424,
OR51L1,OR51L1,11,0,0,0.5294096652592089,
OR52J3,OR52J3,11,0,0,1.0590242925359927,
OR52E2,OR52E2,11,0,0,0.6292167253925953,
OR52A5,OR52A5,11,0,0,1.0047297297615092,
OR52A1,OR52A1,11,0,0,0.9117084120734127,
OR51V1,OR51V1,11,0,0,0.0987414808349989,
HBB,HBB,11,0,0,-0.9766553761036185,-1.59849734641799
HBD,HBD,11,0,0,-0.4375832427219315,0.262357408985335
HBG1,HBG1,11,0,0,-0.6464411327522974,
HBG2,HBG2,11,0,0,-0.6184198862948431,
HBE1,HBE1,11,0,0,-0.3568744639082837,
OR51B4,OR51B4,11,0,0,0.628967942952821,
OR51B2,OR51B2,11,0,0,0.9921365545814655,
OR51B5,OR51B5,11,0,0,0.7474150636696191,
OR51B6,OR51B6,11,0,0,0.7364615976337632,
OR51M1,OR51M1,11,0,0,0.25131167713459845,
OR51Q1,OR51Q1,11,0,0,0.15449166471252873,
OR51I1,OR51I1,11,0,0,0.7992222440448469,
OR51I2,OR51I2,11,0,0,0.3821182217574819,
OR52D1,OR52D1,11,0,0,0.1096098268840553,
UBQLN3,UBQLN3,11,0,0,-1.6610967419973708,
UBQLNL,UBQLNL,11,0,0,-1.074234099804917,
OR52H1,OR52H1,11,0,0,0.7031338187833267,
OR52B6,OR52B6,11,0,0,0.13625084802796117,
TRIM6,TRIM6,11,0,0,-1.0973420136242211,-0.0815450269840294
TRIM34,TRIM34,11,0,0,-0.17968710842014346,
TRIM5,TRIM5,11,0,0,-0.6090980951819436,-0.496970625131114
TRIM22,TRIM22,11,0,0,-0.14329402554317028,-0.381298051943561
OR56B1,OR56B1,11,0,0,0.5724732614482573,
OR52N4,OR52N4,11,0,0,0.9969670268000179,
OR56B2P,OR56B2P,11,0,0,0.30989928503125164,
OR52N5,OR52N5,11,0,0,1.2367968719978055,
OR52N1,OR52N1,11,0,0,0.7176807850088611,
OR52N2,OR52N2,11,0,0,0.6811039901130354,
OR52E6,OR52E6,11,0,0,0.5776020085426641,
OR52E8,OR52E8,11,0,0,0.3927989490076609,
OR52E4,OR52E4,11,0,0,1.1459851589114738,
OR52E5,OR52E5,11,0,0,0.526197754766768,
OR56A3,OR56A3,11,0,0,-0.03416266447533012,
OR56A5,OR56A5,11,0,0,-0.27164883055656297,
OR52L1,OR52L1,11,0,0,-0.03779855560890333,
OR56A4,OR56A4,11,0,0,-0.6146422127282829,
OR56A1,OR56A1,11,0,0,-0.534554792112969,
OR56B4,OR56B4,11,0,0,-0.39536363898184845,
OR52B2,OR52B2,11,0,0,0.33136541267552744,
OR52W1,OR52W1,11,0,0,-0.35506323835396714,
C11orf42,C11orf42,11,0,0,-2.260858336270216,
FHIP1B,FHIP1B,11,0,0,-2.1394732054137204,-3.28020737672556
CNGA4,CNGA4,11,0,0,-1.0486988586516581,
CCKBR,CCKBR,11,0,0,-1.7046961416479594,
CAVIN3,CAVIN3,11,0,0,-3.556651846861163,-2.09414290333886
SMPD1,SMPD1,11,0,0,-1.6176400904289086,-1.16166083670485
APBB1,APBB1,11,0,0,-2.4298461762853396,-1.54135446750224
HPX,HPX,11,0,0,-0.9643560194895606,0.40985930822765
TRIM3,TRIM3,11,0,0,-1.9151028958007803,-2.08629841436421
ARFIP2,ARFIP2,11,0,0,-1.5785942623987808,-1.42568580974444
TIMM10B,TIMM10B,11,0,0,-2.2416157333457765,-1.16638178643758
DNHD1,DNHD1,11,0,0,-1.7896541795110235,-7.51262820191087
RRP8,RRP8,11,0,0,-1.7909421642822192,-0.542487417062827
ILK,ILK,11,0,0,-0.6150899608015656,-0.337731292128821
TAF10,TAF10,11,0,0,-1.8476206389197003,-2.34470517742401
TPP1,TPP1,11,0,0,-1.898949838622622,0.682574678048199
DCHS1,DCHS1,11,0,0,-1.9729207099507136,-2.19708910799875
MRPL17,MRPL17,11,0,0,-1.632918682477861,-1.13068207990833
OR2AG2,OR2AG2,11,0,0,-0.14803040234135878,
OR2AG1,OR2AG1,11,0,0,-0.04386991159309339,
OR6A2,OR6A2,11,0,0,0.7564606518297694,
OR10A5,OR10A5,11,0,0,0.25191206336518057,
OR10A2,OR10A2,11,0,0,0.10410960930263435,
OR10A4,OR10A4,11,0,0,-0.0657724009406433,
OR2D2,OR2D2,11,0,0,0.7740893099026138,
OR2D3,OR2D3,11,0,0,0.8847552686609603,
ZNF215,ZNF215,11,0,0,-0.16119434253310416,
ZNF214,ZNF214,11,0,0,-0.06020893540721417,0.706840052909736
NLRP14,NLRP14,11,0,0,0.369892594178566,
RBMXL2,RBMXL2,11,0,0,-2.875956001351385,
SYT9,SYT9,11,0,0,-1.0499236928126994,-2.83579600867266
OLFML1,OLFML1,11,0,0,-0.31696508890137665,1.0274950987114
PPFIBP2,PPFIBP2,11,0,0,-1.52468074471855,-1.53029643474221
CYB5R2,CYB5R2,11,0,0,-1.2190708904083447,-0.684932570751677
OVCH2,OVCH2,11,0,0,-0.426467346862891,
OR5P2,OR5P2,11,0,0,0.9371498241435585,
OR5P3,OR5P3,11,0,0,0.6566386010552723,
OR10A6,OR10A6,11,0,0,1.0067513714656915,
OR10A3,OR10A3,11,0,0,0.8258238195687717,
NLRP10,NLRP10,11,0,0,-0.9572536134882306,
EIF3F,EIF3F,11,0,0,-0.7155757372911555,-1.23585689471985
TUB,TUB,11,0,0,-2.121044824634332,
RIC3,RIC3,11,0,0,-0.5271099855392691,-0.473144714951245
LMO1,LMO1,11,0,0,-0.7996867096796763,
STK33,STK33,11,0,0,0.21503207996824258,
TRIM66,TRIM66,11,0,0,-2.062733383160591,-3.90017464217404
RPL27A,RPL27A,11,0,0,-1.2853641016743076,-1.1900916145619
DENND2B,DENND2B,11,0,0,-2.485677150541992,-2.18131524790671
AKIP1,AKIP1,11,0,0,-0.9377351107200678,-0.576208695059369
C11orf16,C11orf16,11,0,0,-1.5614586184734112,
ASCL3,ASCL3,11,0,0,-1.0182358143696533,
TMEM9B,TMEM9B,11,0,0,0.26390688043440136,-0.553998479420791
NRIP3,NRIP3,11,0,0,-0.9115594245348966,
SCUBE2,SCUBE2,11,0,0,-1.095718565324841,-0.737621603233285
DENND5A,DENND5A,11,0,0,-0.8705674236238661,-3.80318753420636
TMEM41B,TMEM41B,11,0,0,1.5031787397731122,0.657926578964235
IPO7,IPO7,11,0,0,1.2168959213073922,1.16075829268095
ZNF143,ZNF143,11,0,0,-0.35289677351260273,-0.665191496830617
WEE1,WEE1,11,0,0,-0.6210669104035702,1.2703198418311
SWAP70,SWAP70,11,0,0,-0.5243001566317211,-2.11770592360302
SBF2,SBF2,11,0,0,-0.13282155465039835,-2.1154878595077
ADM,ADM,11,0,0,-2.3165226942991826,-1.48930669276211
AMPD3,AMPD3,11,0,0,-1.3934350763369316,-0.0130595759973102
RNF141,RNF141,11,0,0,0.2643376199985905,-0.876243949378641
LYVE1,LYVE1,11,0,0,0.1472913447171944,1.82820485748677
IRAG1,IRAG1,11,0,0,-2.202936920946806,
CTR9,CTR9,11,0,0,0.3268387749491488,0.403127366511387
EIF4G2,EIF4G2,11,0,0,0.04402692881722814,-0.558662819139694
ZBED5,ZBED5,11,0,0,1.3349750959002034,
GALNT18,GALNT18,11,0,0,-1.894815417947859,-2.13612582478533
CSNK2A3,CSNK2A3,11,0,0,0.2989767348536745,
USP47,USP47,11,0,0,0.6769445274487893,0.688122799348904
DKK3,DKK3,11,0,0,-2.2675041274814554,-1.92132916899545
MICAL2,MICAL2,11,0,0,-1.4050833107544776,-2.38251779282768
PARVA,PARVA,11,0,0,-0.949663708801376,-0.868333279495195
TEAD1,TEAD1,11,0,0,-0.7086618782851293,-0.857227590468495
RASSF10,RASSF10,11,0,0,-3.036873699453235,
BMAL1,BMAL1,11,0,0,-0.5963946049068838,-1.2153774807598
BTBD10,BTBD10,11,0,0,-0.07801330241135851,-0.200657743852137
PTH,PTH,11,0,0,1.0949175843269945,
FAR1,FAR1,11,0,0,1.4322062557769737,
SPON1,SPON1,11,0,0,-1.4058696516296454,-1.03292469092157
RRAS2,RRAS2,11,0,0,0.2760161320202865,-0.802515910084643
COPB1,COPB1,11,0,0,1.2153661088270624,3.56441556327136
PSMA1,PSMA1,11,0,0,1.0689907021935436,3.18333870054095
PDE3B,PDE3B,11,0,0,-0.47306991565334755,-1.96407732669298
CYP2R1,CYP2R1,11,0,0,0.9786217318144264,0.326548442196791
CALCA,CALCA,11,0,0,-2.1694521846592636,
CALCB,CALCB,11,0,0,-2.1313232005305913,
INSC,INSC,11,0,0,-1.9893395601435362,
SOX6,SOX6,11,0,0,-0.9749581047722646,-1.27990094677056
C11orf58,C11orf58,11,0,0,-0.08080778082739393,0.782403653805031
PLEKHA7,PLEKHA7,11,0,0,-2.711400370517614,-3.05470746365543
RPS13,RPS13,11,0,0,0.5525951956934687,0.319242551654149
PIK3C2A,PIK3C2A,11,0,0,0.7565470228741287,0.851105322685421
NUCB2,NUCB2,11,0,0,0.5718271873455372,3.36877960411109
NCR3LG1,NCR3LG1,11,0,0,-0.3729972350441795,
KCNJ11,KCNJ11,11,0,0,-2.0583035470793423,-1.57254375118379
ABCC8,ABCC8,11,0,0,-1.617183305581424,
USH1C,USH1C,11,0,0,-1.6183180609520509,-1.58566965852923
OTOG,OTOG,11,0,0,-2.3142359728685094,
MYOD1,MYOD1,11,0,0,-2.8549659877196287,
KCNC1,KCNC1,11,0,0,-1.570281338687911,
SERGEF,SERGEF,11,0,0,-0.7499514288430333,-2.66360940182483
TPH1,TPH1,11,0,0,0.5030788524156922,
SAAL1,SAAL1,11,0,0,0.020799477047086512,-0.14269349531263
MRGPRX3,MRGPRX3,11,0,0,-0.9771038649831141,
MRGPRX4,MRGPRX4,11,0,0,-0.747275117941717,
SAA4,SAA4,11,0,0,-0.07469752080452352,
SAA2,SAA2,11,0,0,-0.8535301960556936,
SAA1,SAA1,11,0,0,-0.4880558792440457,0.143614557408641
HPS5,HPS5,11,0,0,-0.19436050261631088,-0.562117045019309
GTF2H1,GTF2H1,11,0,0,0.5365087861493549,-0.316313524366128
LDHA,LDHA,11,0,0,0.827816725385782,2.13672336759859
LDHC,LDHC,11,0,0,1.306586194248018,1.72236075145933
LDHAL6A,LDHAL6A,11,0,0,0.6693689221696282,
TSG101,TSG101,11,0,0,0.39282802134750483,0.936018322589874
UEVLD,UEVLD,11,0,0,0.8664282014930258,1.49618166488594
MISFA,MISFA,11,0,0,-0.5012722819253543,-3.45977806946626
SPTY2D1,SPTY2D1,11,0,0,-1.6710179267579957,0.299185076673912
TMEM86A,TMEM86A,11,0,0,-0.4072658635449642,-0.398325738566178
IGSF22,IGSF22,11,0,0,-1.442446183066103,
PTPN5,PTPN5,11,0,0,-2.539900704381628,
MRGPRX1,MRGPRX1,11,0,0,-0.9353455092341125,
MRGPRX2,MRGPRX2,11,0,0,-0.517900198809988,
ZDHHC13,ZDHHC13,11,0,0,0.9285651186010764,-0.531766982376764
CSRP3,CSRP3,11,0,0,-0.62282645783813,
E2F8,E2F8,11,0,0,-1.3003869580047436,
NAV2,NAV2,11,0,0,-2.28603102562308,-2.85071036147469
DBX1,DBX1,11,0,0,-3.382661490357272,
HTATIP2,HTATIP2,11,0,0,0.008779241107101043,-0.61525415647527
PRMT3,PRMT3,11,0,0,1.0427576756207664,0.993963255570497
SLC6A5,SLC6A5,11,0,0,-0.2538076867287451,
NELL1,NELL1,11,0,0,-0.6171557250307291,
ANO5,ANO5,11,0,0,1.0967213145091215,
SLC17A6,SLC17A6,11,0,0,0.6098359860082905,
FANCF,FANCF,11,0,0,-1.8404834998034385,-1.06814920657969
GAS2,GAS2,11,0,0,-0.19591497099235688,0.271533738763082
SVIP,SVIP,11,0,0,-0.9185864952862985,-1.26632925584827
CCDC179,CCDC179,11,0,0,-1.3065538368602034,
LUZP2,LUZP2,11,0,0,-0.6078726179921166,
ANO3,ANO3,11,0,0,0.8193253991874982,
MUC15,MUC15,11,0,0,0.03723678832281685,
SLC5A12,SLC5A12,11,0,0,0.47065693468751846,
FIBIN,FIBIN,11,0,0,-2.470789705659124,-1.98480953143496
BBOX1,BBOX1,11,0,0,0.8485433580582171,4.13633843237169
CCDC34,CCDC34,11,0,0,-0.6290677154181541,-1.65242788719983
LGR4,LGR4,11,0,0,-0.013785210385519164,-0.84329599489908
LIN7C,LIN7C,11,0,0,0.18972515922093258,3.26015586726374
BDNF,BDNF,11,0,0,-0.5554662888410515,
KIF18A,KIF18A,11,0,0,0.7936217797362737,
METTL15,METTL15,11,0,0,0.5378070823075181,0.442678148838606
KCNA4,KCNA4,11,0,0,-1.2483348116055897,
FSHB,FSHB,11,0,0,-0.2166462890975236,
ARL14EP,ARL14EP,11,0,0,0.8265573812891507,3.16105083872101
MPPED2,MPPED2,11,0,0,-0.6374031563753473,
DCDC1,DCDC1,11,0,0,0.16986443236314486,-4.91282620778822
DNAJC24,DNAJC24,11,0,0,1.6374066478653901,1.30223311576601
IMMP1L,IMMP1L,11,0,0,1.3139520175115589,1.56011204437637
ELP4,ELP4,11,0,0,0.2315852022131839,-0.322871066348576
PAX6,PAX6,11,0,0,-1.3551963803878166,
RCN1,RCN1,11,0,0,-0.589287169239455,0.468713542430152
WT1,WT1,11,0,0,-2.5189063856671154,
EIF3M,EIF3M,11,0,0,1.0947152974006773,3.29511478407547
CCDC73,CCDC73,11,0,0,0.7348998148930654,
PRRG4,PRRG4,11,0,0,0.24401606892798888,1.59441460712213
QSER1,QSER1,11,0,0,-0.26075845010771204,-1.77473411672491
DEPDC7,DEPDC7,11,0,0,0.40352864708522596,2.02090399913492
TCP11L1,TCP11L1,11,0,0,-0.39358694673157935,-2.02354625290438
CSTF3,CSTF3,11,0,0,1.3102052636305732,0.651196943470953
HIPK3,HIPK3,11,0,0,-0.23785829157473515,-2.01131655264097
KIAA1549L,KIAA1549L,11,0,0,-1.6517440448201413,
C11orf91,C11orf91,11,0,0,-2.9076247204105066,
CD59,CD59,11,0,0,-0.17403505278604747,
FBXO3,FBXO3,11,0,0,0.6156268702451424,1.08018243091587
LMO2,LMO2,11,0,0,-2.275232567019808,-1.36456922944861
CAPRIN1,CAPRIN1,11,0,0,-0.6217090950887982,-0.0189282723495181
NAT10,NAT10,11,0,0,-0.5080819950826339,-0.151671242371744
ABTB2,ABTB2,11,0,0,-2.453598465871618,-2.90123800564907
CAT,CAT,11,0,0,0.1728077620173174,1.04000618133639
ELF5,ELF5,11,0,0,-0.4666993334965426,
EHF,EHF,11,0,0,-0.8200807604546654,-0.456297250805474
APIP,APIP,11,0,0,0.9582432515547108,0.061462896266766
PDHX,PDHX,11,0,0,-0.05489744968787491,-0.206939580185207
CD44,CD44,11,0,0,-1.1739738044803882,0.356161432805315
SLC1A2,SLC1A2,11,0,0,0.06424607351106637,-0.160330503499228
PAMR1,PAMR1,11,0,0,-1.0465539987366554,-0.424993956911816
FJX1,FJX1,11,0,0,-2.7217160717050177,-5.05787351624465
TRIM44,TRIM44,11,0,0,-2.3877389395726105,-1.92380842744784
LDLRAD3,LDLRAD3,11,0,0,-2.6680577530499647,
COMMD9,COMMD9,11,0,0,-1.4092276622000561,-0.148894016746315
PRR5L,PRR5L,11,0,0,-2.330246282839326,
TRAF6,TRAF6,11,0,0,-0.3548711715760522,0.617697024827601
RAG1,RAG1,11,0,0,-0.7730519157956461,
RAG2,RAG2,11,0,0,0.7899209819686774,
IFTAP,IFTAP,11,0,0,0.36715226399000933,-0.218263828959677
LRRC4C,LRRC4C,11,0,0,-0.38966677044843223,-3.16847395650732
API5,API5,11,0,0,0.2139021112742885,1.61595839434159
TTC17,TTC17,11,0,0,-0.37518577809075815,0.192839708562177
HSD17B12,HSD17B12,11,0,0,0.8215943236217935,1.4075019520116
ALKBH3,ALKBH3,11,0,0,-0.728536489286677,-0.583392385114451
C11orf96,C11orf96,11,0,0,-3.770829944159564,-3.4444512650627
ACCSL,ACCSL,11,0,0,-0.9849872611154105,
ACCS,ACCS,11,0,0,-1.40688640368238,-2.1148594607952
EXT2,EXT2,11,0,0,-0.19442937073094413,0.119309413505248
ALX4,ALX4,11,0,0,-3.0021344055334396,
CD82,CD82,11,0,0,-1.4319674911136655,-0.271721490117471
TSPAN18,TSPAN18,11,0,0,-0.9096222527366624,-0.239938344233297
TP53I11,TP53I11,11,0,0,-1.1260926751823686,-2.02198858447921
PRDM11,PRDM11,11,0,0,-1.8130368903695118,
SYT13,SYT13,11,0,0,-2.3023225987307985,
CHST1,CHST1,11,0,0,-2.7942146406641886,-3.18067678738897
SLC35C1,SLC35C1,11,0,0,-1.5740000347066054,-2.70255573601972
CRY2,CRY2,11,0,0,-1.7787610914021883,-1.79704101467685
MAPK8IP1,MAPK8IP1,11,0,0,-2.9808841342188206,-4.07040188291833
FREY1,FREY1,11,0,0,-2.7369492978335774,
PEX16,PEX16,11,0,0,-2.3187674894294865,-1.93130886214344
LARGE2,LARGE2,11,0,0,-2.2552642409618286,-3.34145711114858
PHF21A,PHF21A,11,0,0,-1.2519875539100145,-2.79546512784459
CREB3L1,CREB3L1,11,0,0,-2.671830879567203,
DGKZ,DGKZ,11,0,0,-2.753592347754534,-3.6423908106253
MDK,MDK,11,0,0,-1.3064775921040006,-2.33828085335131
CHRM4,CHRM4,11,0,0,-1.5592301444930925,
AMBRA1,AMBRA1,11,0,0,-2.2900832258810695,-2.0281478687872
HARBI1,HARBI1,11,0,0,-0.38692300160464654,-0.573274561247914
ATG13,ATG13,11,0,0,-0.6611210546974338,-1.73654853528876
ARHGAP1,ARHGAP1,11,0,0,-1.7385943233477708,-0.915586935262459
ZNF408,ZNF408,11,0,0,-3.1339967068209997,-2.46519231033586
F2,F2,11,0,0,-1.974840460367849,-0.443477381851054
CKAP5,CKAP5,11,0,0,0.27241008516388376,0.304105394668948
LRP4,LRP4,11,0,0,-1.5575052587143983,
CSTPP1,CSTPP1,11,0,0,-1.1827343870368168,-0.152021730599052
ARFGAP2,ARFGAP2,11,0,0,-1.559313319336125,-0.932210225990359
PACSIN3,PACSIN3,11,0,0,-2.8575868348994398,-2.09932608858566
DDB2,DDB2,11,0,0,-1.5748514780996565,-1.04719140564214
ACP2,ACP2,11,0,0,-1.5803073449561982,-0.589854991660062
NR1H3,NR1H3,11,0,0,-2.392304428324554,-2.68258147452176
MADD,MADD,11,0,0,-1.3321631117477732,-2.17047371693193
MYBPC3,MYBPC3,11,0,0,-2.146599655377319,
SPI1,SPI1,11,0,0,-2.832433287956615,-2.40824462953764
SLC39A13,SLC39A13,11,0,0,-2.036198870930587,-2.5495570751753
PSMC3,PSMC3,11,0,0,-1.323505296207225,-0.525431771587903
RAPSN,RAPSN,11,0,0,-2.203985581811075,
CELF1,CELF1,11,0,0,-0.3609414574464349,-0.0015841488507139
PTPMT1,PTPMT1,11,0,0,-1.4498294927252378,-1.94203122072494
KBTBD4,KBTBD4,11,0,0,-0.8858687377634933,-0.049262657681889
NDUFS3,NDUFS3,11,0,0,-0.7560105255155527,0.32633641908609
FAM180B,FAM180B,11,0,0,-2.4066490680794246,
C1QTNF4,C1QTNF4,11,0,0,-2.065857365478694,
MTCH2,MTCH2,11,0,0,0.34575930455227066,1.06146203458833
AGBL2,AGBL2,11,0,0,0.10721435892326525,-1.39581660623238
FNBP4,FNBP4,11,0,0,-0.605251355947134,-2.0943773201007
NUP160,NUP160,11,0,0,0.39653860678481756,1.00448468162481
PTPRJ,PTPRJ,11,0,0,-0.38108864896834227,-0.676679754635144
OR4B1,OR4B1,11,0,0,0.08693901737609622,
OR4X2,OR4X2,11,0,0,0.5391717725818133,
OR4X1,OR4X1,11,0,0,0.16345092439947884,
OR4S1,OR4S1,11,0,0,0.17972011269829125,
OR4C3,OR4C3,11,0,0,0.7594820473075643,
OR4C5,OR4C5,11,0,0,0.8757417650433776,
OR4A47,OR4A47,11,0,0,0.8303065070392623,
TRIM51G,TRIM51G,11,0,0,-0.22095926400478305,
TRIM49B,TRIM49B,11,0,0,-0.3506369863963208,
TRIM64C,TRIM64C,11,0,0,-0.36499872408178646,
FOLH1,FOLH1,11,0,0,0.8540805773403921,1.50842905610123
OR4C13,OR4C13,11,0,0,0.8271719950847967,
OR4C12,OR4C12,11,0,0,1.0696040079335738,
OR4C46,OR4C46,11,0,0,0.7665264590149174,
OR4A5,OR4A5,11,0,0,1.4232478684141956,
TRIM48,TRIM48,11,0,0,-1.114724529400906,
OR4A16,OR4A16,11,0,0,1.276667928099668,
OR4A15,OR4A15,11,0,0,1.6575115646556355,
OR4C15,OR4C15,11,0,0,1.1883190713478022,
OR4C16,OR4C16,11,0,0,1.0705970382293017,
OR4C11,OR4C11,11,0,0,0.9890246810349428,
OR4P4,OR4P4,11,0,0,1.316389461206839,
OR4S2,OR4S2,11,0,0,1.4489207091709595,
OR4C6,OR4C6,11,0,0,0.42728449474535957,
OR5D3P,OR5D3P,11,0,0,0.7985974867669885,
OR5D13,OR5D13,11,0,0,1.3224983356921722,
OR5D14,OR5D14,11,0,0,0.9895848075451266,
OR5L1,OR5L1,11,0,0,0.459633967462457,
OR5D18,OR5D18,11,0,0,0.6776991078979364,
OR5L2,OR5L2,11,0,0,0.23856178158653663,
OR5D16,OR5D16,11,0,0,0.9221772296142703,
TRIM51,TRIM51,11,0,0,-0.3935565190071344,
OR5W2,OR5W2,11,0,0,1.597017976525306,
OR5I1,OR5I1,11,0,0,1.212707454038478,
OR10AG1,OR10AG1,11,0,0,1.7310736779505103,
OR5F1,OR5F1,11,0,0,0.2794566699956196,
OR5AS1,OR5AS1,11,0,0,1.5241755070613028,
OR8I2,OR8I2,11,0,0,1.111933076168011,
OR8H2,OR8H2,11,0,0,1.343264412529079,
OR8H3,OR8H3,11,0,0,1.248765197233766,
OR8J3,OR8J3,11,0,0,1.5551978099349775,
OR8K5,OR8K5,11,0,0,1.6863170245341,
OR5J2,OR5J2,11,0,0,0.6829285823844842,
OR5T2,OR5T2,11,0,0,1.7691276716326545,
OR5T3,OR5T3,11,0,0,1.5440810914911403,
OR5T1,OR5T1,11,0,0,1.7369243644851036,
OR8H1,OR8H1,11,0,0,1.4167776260583622,
OR8K3,OR8K3,11,0,0,1.608720664115845,
OR8K1,OR8K1,11,0,0,1.2636710703934586,
OR8J1,OR8J1,11,0,0,1.753388822982977,
OR8U1,OR8U1,11,0,0,1.1868757910951775,
OR8U3,OR8U3,11,0,0,1.1023064443169464,
OR5M9,OR5M9,11,0,0,1.0811974556325978,
OR5M3,OR5M3,11,0,0,1.5413148698282342,
OR5M8,OR5M8,11,0,0,1.056446510616789,
OR5M11,OR5M11,11,0,0,0.9368891513068895,
OR5M10,OR5M10,11,0,0,0.8200993937258438,
OR5M1,OR5M1,11,0,0,0.7781732384575584,
OR5AP2,OR5AP2,11,0,0,1.143409780571961,
OR5AR1,OR5AR1,11,0,0,0.6259805962834033,
OR9G1,OR9G1,11,0,0,0.5400644967607011,
OR9G4,OR9G4,11,0,0,0.8236438041027956,
OR5AK2,OR5AK2,11,0,0,1.5503071449215255,
LRRC55,LRRC55,11,0,0,-2.1723404896879117,-1.24392514704264
APLNR,APLNR,11,0,0,-1.5758873208802058,-0.35425514073799
TNKS1BP1,TNKS1BP1,11,0,0,-3.1379647161346558,-2.77470773011461
SSRP1,SSRP1,11,0,0,-1.1537909079231063,-1.04639546096783
P2RX3,P2RX3,11,0,0,-0.7494378735952676,-0.258918743273905
PRG3,PRG3,11,0,0,-1.0841290177450382,
PRG2,PRG2,11,0,0,-1.3479363811540992,
SLC43A3,SLC43A3,11,0,0,-0.4445852248172031,
RTN4RL2,RTN4RL2,11,0,0,-3.2623069272726983,-3.23637386434688
SLC43A1,SLC43A1,11,0,0,-1.0683966436067287,-0.973523420395306
TIMM10,TIMM10,11,0,0,-1.3633976827714758,-0.398827745640656
SMTNL1,SMTNL1,11,0,0,-2.2038773483064684,
UBE2L6,UBE2L6,11,0,0,-1.3052352525525475,-0.16292256941902
SERPING1,SERPING1,11,0,0,-1.2353615634753954,0.678947645288345
YPEL4,YPEL4,11,0,0,-1.6463396335900526,
CLP1,CLP1,11,0,0,-0.29627878739742286,0.0758178042446789
ZDHHC5,ZDHHC5,11,0,0,-1.800877643372928,-2.5291891021324
MED19,MED19,11,0,0,-2.0340284345841777,-0.210510585975672
TMX2,TMX2,11,0,0,0.10229606156036475,0.16004457601138
SELENOH,SELENOH,11,0,0,-2.012381178181416,-1.619374905571
BTBD18,BTBD18,11,0,0,-2.1104636920813977,
CTNND1,CTNND1,11,0,0,-0.7380156323090397,-0.243466648862583
OR6Q1,OR6Q1,11,0,0,0.9584907046301474,
OR9I1,OR9I1,11,0,0,0.34011545033062696,
OR9Q1,OR9Q1,11,0,0,0.24184020703575193,
OR9Q2,OR9Q2,11,0,0,-0.19584092066845926,
OR1S2,OR1S2,11,0,0,0.6433926162252153,
OR1S1,OR1S1,11,0,0,0.6635358813767471,
OR10Q1,OR10Q1,11,0,0,-0.9003768845918732,
OR10W1,OR10W1,11,0,0,-0.32066409322599476,
OR5B17,OR5B17,11,0,0,1.0719818187925547,
OR5B3,OR5B3,11,0,0,1.4243332439446448,
OR5B2,OR5B2,11,0,0,0.7694087697848868,
OR5B12,OR5B12,11,0,0,0.910845184686071,
OR5B21,OR5B21,11,0,0,0.182446119042579,
LPXN,LPXN,11,0,0,-1.017410150716124,-1.3006310927933
ZFP91,ZFP91,11,0,0,-1.6745822312016951,-1.88841090748001
CNTF,CNTF,11,0,0,-0.6213403786795233,
GLYAT,GLYAT,11,0,0,0.12487054519111673,3.28756850627307
GLYATL2,GLYATL2,11,0,0,0.6859705505149591,
GLYATL1,GLYATL1,11,0,0,-0.04524974674344051,-0.605419571066544
GLYATL1B,GLYATL1B,11,0,0,-0.0021783316103238803,
FAM111B,FAM111B,11,0,0,1.1429787219294987,
FAM111A,FAM111A,11,0,0,0.5943773940918273,0.683071688719562
DTX4,DTX4,11,0,0,-2.115894455698923,-3.432471005983
MPEG1,MPEG1,11,0,0,-0.9280100747565339,0.688149265635458
OR5AN1,OR5AN1,11,0,0,1.12819348761502,
OR5A2,OR5A2,11,0,0,0.612700350836402,
OR5A1,OR5A1,11,0,0,-0.17568489672566834,
OR4D6,OR4D6,11,0,0,0.13890124530920467,
OR4D10,OR4D10,11,0,0,0.1704465040681793,
OR4D11,OR4D11,11,0,0,-0.018797128327483037,
OR4D9,OR4D9,11,0,0,0.17658831983414203,
OSBP,OSBP,11,0,0,-0.6852245235691985,-0.441694390261656
PATL1,PATL1,11,0,0,-0.8418548608900753,-1.05936443587963
OR10V1,OR10V1,11,0,0,0.25655737577589477,
STX3,STX3,11,0,0,-0.7680163938428812,-1.78969171297779
MRPL16,MRPL16,11,0,0,-0.27344458643132974,0.664815475691765
CBLIF,CBLIF,11,0,0,-0.28409822694707465,
TCN1,TCN1,11,0,0,0.6090338742203105,
OOSP3,OOSP3,11,0,0,1.1187469947633932,
OOSP1,OOSP1,11,0,0,0.7918817860358001,
OOSP4A,OOSP4A,11,0,0,0.10886344709622442,
OOSP4B,OOSP4B,11,0,0,0.6696580082656585,
OOSP2,OOSP2,11,0,0,0.270291651069515,
MS4A3,MS4A3,11,0,0,0.23137508690316366,
MS4A2,MS4A2,11,0,0,0.2737806851068427,
MS4A6A,MS4A6A,11,0,0,-0.06980617370486186,2.46184177635246
MS4A4E,MS4A4E,11,0,0,-0.37593921287179555,
MS4A4A,MS4A4A,11,0,0,0.4642274845737848,2.04201781122327
MS4A6E,MS4A6E,11,0,0,-0.025233775772619538,
MS4A7,MS4A7,11,0,0,-0.40440806721724876,3.23782431716136
MS4A14,MS4A14,11,0,0,-0.3804833758045483,
MS4A5,MS4A5,11,0,0,1.1585206585319234,
MS4A1,MS4A1,11,0,0,0.17696369087521013,
MS4A12,MS4A12,11,0,0,0.5231167023029037,
MS4A13,MS4A13,11,0,0,2.0091393455940683,
MS4A8,MS4A8,11,0,0,-0.36367277803640086,
MS4A18,MS4A18,11,0,0,-0.6182240105051271,
MS4A15,MS4A15,11,0,0,-1.5583627917977338,
MS4A10,MS4A10,11,0,0,-1.312689557778338,
CCDC86,CCDC86,11,0,0,-3.352388490602131,-1.87518971739936
PTGDR2,PTGDR2,11,0,0,-2.346343825208397,
ZP1,ZP1,11,0,0,-2.042638596614344,
PRPF19,PRPF19,11,0,0,-1.2949406215428532,-0.588705507051806
TMEM109,TMEM109,11,0,0,-1.9904185063288384,-0.411258698988982
TMEM132A,TMEM132A,11,0,0,-3.0673180868121754,
SLC15A3,SLC15A3,11,0,0,-1.7060557246419847,-1.49641208251097
CD6,CD6,11,0,0,-2.985171509247472,-2.1612220391018
CD5,CD5,11,0,0,-2.598976691206536,
VPS37C,VPS37C,11,0,0,-3.007124990341749,-2.54467584346488
PGA3,PGA3,11,0,0,-1.4256460158378061,
PGA4,PGA4,11,0,0,-1.4421928892368978,
PGA5,PGA5,11,0,0,-1.3832550936629922,
VWCE,VWCE,11,0,0,-2.651263224028922,-2.53302189737922
DDB1,DDB1,11,0,0,-0.8387503522593871,0.459734555553386
TKFC,TKFC,11,0,0,-1.6921191736350902,-0.765004309461422
CYB561A3,CYB561A3,11,0,0,-0.4322839009832009,-1.95927025841383
TMEM138,TMEM138,11,0,0,0.668164165727422,-1.89193805601903
TMEM216,TMEM216,11,0,0,1.1990827551007026,0.136249711825174
CPSF7,CPSF7,11,0,0,-1.9243698201074384,-1.26915830788904
SDHAF2,SDHAF2,11,0,0,-0.20593460771656247,3.13893257895873
SAXO4,SAXO4,11,0,0,-2.9484619948681132,-2.18340209843926
LRRC10B,LRRC10B,11,0,0,-2.9238914382092727,
SYT7,SYT7,11,0,0,-2.65826396117315,-2.91837965739969
DAGLA,DAGLA,11,0,0,-2.2754789116987,
MYRF,MYRF,11,0,0,-2.9685127996743255,-2.7401857624753
TMEM258,TMEM258,11,0,0,0.5884486249570013,1.58361234465417
FEN1,FEN1,11,0,0,-1.3948670122662623,-0.662389747262186
FADS1,FADS1,11,0,0,-1.2513967925606106,-1.42920105601087
FADS2,FADS2,11,0,0,-1.2201198452359634,-0.32093972525396
FADS3,FADS3,11,0,0,-1.7632319976327633,-1.45220270463266
RAB3IL1,RAB3IL1,11,0,0,-2.9718871443570922,-2.95429302280004
BEST1,BEST1,11,0,0,-1.2821777910186452,
FTH1,FTH1,11,0,0,-0.6948784949918743,-2.88550584577414
INCENP,INCENP,11,0,0,-3.078564514117275,-2.10872609389152
SCGB1D1,SCGB1D1,11,0,0,0.9051270101552173,
SCGB2A1,SCGB2A1,11,0,0,0.874488507385287,
SCGB1D2,SCGB1D2,11,0,0,-0.0555410273339465,
SCGB2A2,SCGB2A2,11,0,0,0.44102306731853425,
SCGB1D4,SCGB1D4,11,0,0,0.14732073812900914,
ASRGL1,ASRGL1,11,0,0,-0.15379451146497125,-1.33055659793276
SCGB1A1,SCGB1A1,11,0,0,-1.1315870036514522,
AHNAK,AHNAK,11,0,0,0.07855423201234224,-0.955934343123229
EEF1G,EEF1G,11,0,0,-0.8715062471548123,
TUT1,TUT1,11,0,0,-2.1546534081579853,-1.95026873576267
MTA2,MTA2,11,0,0,-1.1463650225999267,-1.05462043645117
EML3,EML3,11,0,0,-2.295488928953967,-2.37485811479254
ROM1,ROM1,11,0,0,-1.8992508597055533,-3.46985585909447
B3GAT3,B3GAT3,11,0,0,-2.362494337913555,-1.56647165604442
GANAB,GANAB,11,0,0,-0.9096214420834308,0.238806724863987
INTS5,INTS5,11,0,0,-2.014947367215221,
C11orf98,C11orf98,11,0,0,-2.4726911398782345,
LBHD1,LBHD1,11,0,0,-1.8598207152285848,
CSKMT,CSKMT,11,0,0,-1.2804979672389774,
UQCC3,UQCC3,11,0,0,-1.9554357384872514,-1.56217410888241
UBXN1,UBXN1,11,0,0,-2.6941180704158203,-1.42181928858398
LRRN4CL,LRRN4CL,11,0,0,-2.293136622685015,
BSCL2,BSCL2,11,0,0,-1.3620148240551764,-2.45411829693648
GNG3,GNG3,11,0,0,-0.6427241265992176,
HNRNPUL2,HNRNPUL2,11,0,0,-1.255975440045237,
TTC9C,TTC9C,11,0,0,-1.4379868589632885,-0.8350075838602
ZBTB3,ZBTB3,11,0,0,-1.9879123257588098,-0.731594845676171
POLR2G,POLR2G,11,0,0,0.20082018044217875,1.00863385455981
TAF6L,TAF6L,11,0,0,-2.1154637721766676,-1.37737025992686
TMEM179B,TMEM179B,11,0,0,-0.9819406833707394,-0.155051986876996
TMEM223,TMEM223,11,0,0,-1.1119046748156265,-1.08936021256703
NXF1,NXF1,11,0,0,-0.7469307354726649,-0.799292846154313
STX5,STX5,11,0,0,-1.4384503714663825,-0.843989026347064
TEX54,TEX54,11,0,0,-3.3831609807364593,
WDR74,WDR74,11,0,0,-1.8628139073923968,-1.68506412597393
SLC3A2,SLC3A2,11,0,0,-1.119003801621286,-0.258176935633103
CHRM1,CHRM1,11,0,0,-1.7308813252285233,
SLC22A6,SLC22A6,11,0,0,-1.4399298701694914,
SLC22A8,SLC22A8,11,0,0,-1.3382842929978729,
SLC22A24,SLC22A24,11,0,0,0.10183603285231513,
SLC22A25,SLC22A25,11,0,0,0.2831666037222522,-3.73096951104208
SLC22A10,SLC22A10,11,0,0,0.6263053647800358,0.729183420827948
SLC22A9,SLC22A9,11,0,0,0.17871497972435613,1.73010378227377
PLAAT5,PLAAT5,11,0,0,-1.5834618174060715,
LGALS12,LGALS12,11,0,0,-1.9528161341881098,
PLAAT4,PLAAT4,11,0,0,-0.8734442334360644,0.225147569764867
PLAAT2,PLAAT2,11,0,0,-0.9821996092962966,-1.75590137803343
PLAAT3,PLAAT3,11,0,0,-0.5506809503214765,0.0193981848385141
ATL3,ATL3,11,0,0,0.48339318298246425,1.17311009499487
RTN3,RTN3,11,0,0,0.1428642300023366,0.495506710678767
ZFTA,ZFTA,11,0,0,-4.262977416117112,-3.56958588332163
SPINDOC,SPINDOC,11,0,0,-3.183706460543677,-3.4535746490306
MARK2,MARK2,11,0,0,-1.9274806584206914,-2.48800438768241
RCOR2,RCOR2,11,0,0,-2.530947959062347,
NAA40,NAA40,11,0,0,-0.9854761810476234,-1.33176023828743
COX8A,COX8A,11,0,0,-2.5221725311295202,
OTUB1,OTUB1,11,0,0,-1.448728730531906,
MACROD1,MACROD1,11,0,0,-2.439209208746595,-1.75455260369094
FLRT1,FLRT1,11,0,0,-2.457515686182118,
STIP1,STIP1,11,0,0,-0.6493930883513492,-0.199459580609552
FERMT3,FERMT3,11,0,0,-2.5359595133826733,-2.21053788424249
TRPT1,TRPT1,11,0,0,-1.8223703820902841,-2.00035942027008
NUDT22,NUDT22,11,0,0,-2.7085565687977766,-2.36413563303
DNAJC4,DNAJC4,11,0,0,-3.1821429404801087,-3.37507561100422
VEGFB,VEGFB,11,0,0,-2.7922520201532155,-5.00879794158905
LOC114841035,LOC114841035,11,0,0,-3.081838168295901,
FKBP2,FKBP2,11,0,0,-2.473633248807216,-1.07487799107463
PPP1R14B,PPP1R14B,11,0,0,-2.3957995919491974,-3.97390050093766
PLCB3,PLCB3,11,0,0,-2.5097988726099167,-2.55366769191337
BAD,BAD,11,0,0,-4.143819530364203,-1.59079899056766
GPR137,GPR137,11,0,0,-1.7729842059630965,
KCNK4,KCNK4,11,0,0,-2.372557111467616,
CATSPERZ,CATSPERZ,11,0,0,-2.9305228188651675,
ESRRA,ESRRA,11,0,0,-2.435607151688476,-3.54480145037126
TRMT112,TRMT112,11,0,0,-1.5539162492578793,-0.410886835607295
PRDX5,PRDX5,11,0,0,-0.9720725472273113,-1.04118075873125
CCDC88B,CCDC88B,11,0,0,-3.8724914306366305,-5.23852833496018
RPS6KA4,RPS6KA4,11,0,0,-2.815521214614103,-3.64806608812524
SLC22A11,SLC22A11,11,0,0,-1.6141854944026903,
SLC22A12,SLC22A12,11,0,0,-1.7416265474022072,
NRXN2,NRXN2,11,0,0,-2.2607337696238226,-4.86147511449485
RASGRP2,RASGRP2,11,0,0,-2.5908728948270525,-2.43464905999512
PYGM,PYGM,11,0,0,-1.1737892212927221,
SF1,SF1,11,0,0,-1.9493614708983813,-1.02338826406136
MAP4K2,MAP4K2,11,0,0,-2.619217954423574,-3.48539165117934
MEN1,MEN1,11,0,0,-2.351543967836914,-2.43698606223563
CDC42BPG,CDC42BPG,11,0,0,-3.0535284542471466,
EHD1,EHD1,11,0,0,-2.2371257670940317,-1.68933328156565
ATG2A,ATG2A,11,0,0,-2.877027928030497,-2.74628823477568
PPP2R5B,PPP2R5B,11,0,0,-1.9103972377119671,-3.17861763523174
GPHA2,GPHA2,11,0,0,-2.40272464117478,
MAJIN,MAJIN,11,0,0,-1.0615932012720002,-0.506092364407185
BATF2,BATF2,11,0,0,-3.5939344727764126,-1.68927089225033
ARL2,ARL2,11,0,0,-1.7613256270398878,-0.853155046571184
SNX15,SNX15,11,0,0,-2.837349719162402,-2.31575822350509
SAC3D1,SAC3D1,11,0,0,-2.4947074870534642,-3.35451424668865
NAALADL1,NAALADL1,11,0,0,-2.274358318306028,-2.39866397145476
CDCA5,CDCA5,11,0,0,-2.4520387592525807,
ZFPL1,ZFPL1,11,0,0,-2.5035297560491827,-1.34962221297889
TMEM262,TMEM262,11,0,0,-0.3048082333739952,
VPS51,VPS51,11,0,0,-2.399478766763048,-3.15098005012896
TM7SF2,TM7SF2,11,0,0,-0.9281111152582309,-1.84811456588489
ZNHIT2,ZNHIT2,11,0,0,-2.4007801546372836,-1.70116120949383
FAU,FAU,11,0,0,-1.0363993891342176,-1.16288553016099
MRPL49,MRPL49,11,0,0,-1.7188599642641087,-0.40239895388074
SYVN1,SYVN1,11,0,0,-1.5034380277552586,-0.237239094604888
SPDYC,SPDYC,11,0,0,-2.0766526323436025,-1.09431110292275
CAPN1,CAPN1,11,0,0,-1.5770718726753952,-0.862653143615984
POLA2,POLA2,11,0,0,-1.1578019907799266,-0.423047848003153
CDC42EP2,CDC42EP2,11,0,0,-2.629565585323034,-1.70073251331494
DPF2,DPF2,11,0,0,-1.3523364599224106,-0.710329785229411
TIGD3,TIGD3,11,0,0,-2.522912513816342,
SLC25A45,SLC25A45,11,0,0,-1.7861622936389718,-2.1869734529061
FRMD8,FRMD8,11,0,0,-3.0626799344544455,-2.18783153584149
SCYL1,SCYL1,11,0,0,-2.269172247049138,-2.42753267304218
LTBP3,LTBP3,11,0,0,-3.0429169648370777,-3.01394746437849
ZNRD2,ZNRD2,11,0,0,-2.1231569999496234,-1.34788787323076
FAM89B,FAM89B,11,0,0,-3.196912500731944,-4.4303392646307
EHBP1L1,EHBP1L1,11,0,0,-2.76175648952462,-3.92626742200439
KCNK7,KCNK7,11,0,0,-2.0108342845535034,
MAP3K11,MAP3K11,11,0,0,-2.879231837688856,-4.81287124053169
PCNX3,PCNX3,11,0,0,-2.4776216687445203,-4.70480512099516
SIPA1,SIPA1,11,0,0,-3.1529421141177902,-3.09676344005961
RELA,RELA,11,0,0,-2.409351741335078,-1.52976650757121
KAT5,KAT5,11,0,0,-1.978179297743905,-1.10216282352056
RNASEH2C,RNASEH2C,11,0,0,-2.3283356268156634,-1.26599599390182
AP5B1,AP5B1,11,0,0,-2.542988510147522,-3.17498776748572
OVOL1,OVOL1,11,0,0,-2.5626236245031713,
SNX32,SNX32,11,0,0,-1.9551466787463916,
CFL1,CFL1,11,0,0,-0.7278664466516354,0.370494157215137
MUS81,MUS81,11,0,0,-2.7525999268190287,-3.91366955035608
EFEMP2,EFEMP2,11,0,0,-2.085503538005886,-2.02810320524855
CTSW,CTSW,11,0,0,-1.9253712836561299,-1.44476450460061
FIBP,FIBP,11,0,0,-1.1435533257279076,-1.67022964181509
CCDC85B,CCDC85B,11,0,0,-3.123802080114638,-4.42736280966152
FOSL1,FOSL1,11,0,0,-3.338474694851433,
C11orf68,C11orf68,11,0,0,-1.9149129838921262,-1.45066105722447
DRAP1,DRAP1,11,0,0,-2.280684941939686,-1.50467173551994
TSGA10IP,TSGA10IP,11,0,0,-3.4452803475371354,
SART1,SART1,11,0,0,-2.9154490943818363,-2.44824321247467
EIF1AD,EIF1AD,11,0,0,-2.352354093335892,-1.03600485694143
BANF1,BANF1,11,0,0,-0.9882348797336302,0.425025657307991
CST6,CST6,11,0,0,-1.7805108271693548,
CATSPER1,CATSPER1,11,0,0,-2.4050755658915666,
GAL3ST3,GAL3ST3,11,0,0,-2.291595404159276,
SF3B2,SF3B2,11,0,0,-1.6289112977655478,-1.40782094156342
PACS1,PACS1,11,0,0,-2.048889805212456,-2.99499536116712
KLC2,KLC2,11,0,0,-2.4370364317931106,-2.98861572370681
RAB1B,RAB1B,11,0,0,-1.1070758729231027,-0.323212263161099
CNIH2,CNIH2,11,0,0,0.13510077514178143,
YIF1A,YIF1A,11,0,0,-1.2991575489004052,-1.27045353614858
TMEM151A,TMEM151A,11,0,0,-3.0817918675718996,
CD248,CD248,11,0,0,-2.848886983376664,-2.04981494335751
RIN1,RIN1,11,0,0,-3.476609104580577,
BRMS1,BRMS1,11,0,0,-2.6894660479448405,-2.50060839832705
B4GAT1,B4GAT1,11,0,0,-1.5197131958637389,-0.743707033900171
SLC29A2,SLC29A2,11,0,0,-1.5354028199139282,-2.83149218184197
NPAS4,NPAS4,11,0,0,-2.027121572793833,
MRPL11,MRPL11,11,0,0,-1.107756405416417,-1.68309965546412
PELI3,PELI3,11,0,0,-2.473000084905495,-2.58029696216523
DPP3,DPP3,11,0,0,-1.7242037505035182,
BBS1,BBS1,11,0,0,-1.6176003765989506,
ZDHHC24,ZDHHC24,11,0,0,-2.196609611595047,-2.95937344092739
ACTN3,ACTN3,11,0,0,-1.7839627877500046,
CTSF,CTSF,11,0,0,-1.556930209155242,-1.57031596416429
CCDC87,CCDC87,11,0,0,-2.005409094822234,-1.28141039404237
CCS,CCS,11,0,0,-2.0844805925758934,0.0353000039466922
RBM14,RBM14,11,0,0,-1.138053016931643,
RBM4,RBM4,11,0,0,-0.8214400531274695,-0.657479745740425
RBM4B,RBM4B,11,0,0,-0.5264321567608867,0.462217388415163
SPTBN2,SPTBN2,11,0,0,-2.569451696095502,-3.12746190651594
TOP6BL,TOP6BL,11,0,0,-0.9237876581710776,-1.61531835542873
RCE1,RCE1,11,0,0,-1.2876700934939205,-1.38032135498044
PC,PC,11,0,0,-2.0176504519695815,-1.13187249876234
LRFN4,LRFN4,11,0,0,-3.276030725530413,-4.69103381825481
C11orf86,C11orf86,11,0,0,-4.0807388256197275,
SYT12,SYT12,11,0,0,-2.3130308576544945,-1.89270515212732
RHOD,RHOD,11,0,0,-1.9321164079689428,-2.21835660009586
KDM2A,KDM2A,11,0,0,-1.0990173851388665,-2.39371451925746
GRK2,GRK2,11,0,0,-2.0431145362685257,-3.64138656118634
ANKRD13D,ANKRD13D,11,0,0,-2.8700897679847657,-5.26884887652589
SSH3,SSH3,11,0,0,-3.213681474344547,-2.57770946920058
POLD4,POLD4,11,0,0,-3.3316169743499238,
CLCF1,CLCF1,11,0,0,-1.9568808434766964,
RAD9A,RAD9A,11,0,0,-2.3872876925680977,-3.01209914241684
PPP1CA,PPP1CA,11,0,0,-1.4564305903826753,-0.890026736769616
TBC1D10C,TBC1D10C,11,0,0,-2.9509414376138157,
CARNS1,CARNS1,11,0,0,-2.2542106703056035,
RPS6KB2,RPS6KB2,11,0,0,-2.4128544797582414,-3.91544875055276
PTPRCAP,PTPRCAP,11,0,0,-3.059390029833059,-2.96820047119223
CORO1B,CORO1B,11,0,0,-2.6826315122261413,-1.24737798449645
GPR152,GPR152,11,0,0,-2.4141473874339834,
CABP4,CABP4,11,0,0,-2.803103985701325,
TMEM134,TMEM134,11,0,0,-2.35208523896298,-3.56039627252193
AIP,AIP,11,0,0,-2.291350669659943,-1.85418360355893
PITPNM1,PITPNM1,11,0,0,-2.513113479449938,-4.00489268005797
CDK2AP2,CDK2AP2,11,0,0,-2.6144882542962105,-1.32179272806426
CABP2,CABP2,11,0,0,-3.234863518633663,
GSTP1,GSTP1,11,0,0,-1.27343017491709,-1.01772644011214
NDUFV1,NDUFV1,11,0,0,-1.5484329924649902,-1.25753942109843
NUDT8,NUDT8,11,0,0,-2.6123324531543943,-1.9028114644962
TBX10,TBX10,11,0,0,-2.4056397514517425,-1.28753723993285
ACY3,ACY3,11,0,0,-2.0920463679666295,-1.41678408872592
ALDH3B2,ALDH3B2,11,0,0,-2.4644457645441076,
UNC93B1,UNC93B1,11,0,0,-1.7645170272953532,-1.05246819421629
ALDH3B1,ALDH3B1,11,0,0,-2.557164815970644,-1.70805002950127
NDUFS8,NDUFS8,11,0,0,-1.873151973755279,-0.86973286497311
TCIRG1,TCIRG1,11,0,0,-2.450671832461552,-2.19816359077497
CHKA,CHKA,11,0,0,-0.6710949333619975,-1.9589676960841
KMT5B,KMT5B,11,0,0,-0.30057283434252113,-0.824984604213257
C11orf24,C11orf24,11,0,0,-1.6581763822659408,-2.78144486870097
LRP5,LRP5,11,0,0,-2.502842541628544,-3.84965934846415
PPP6R3,PPP6R3,11,0,0,-0.5319360410710026,-0.940894738243862
GAL,GAL,11,0,0,-2.4531772148520155,
TESMIN,TESMIN,11,0,0,-1.0672177799239861,
CPT1A,CPT1A,11,0,0,-0.7565598095372845,-0.423469175802212
MRPL21,MRPL21,11,0,0,-1.0091647088581137,-0.389277845455964
IGHMBP2,IGHMBP2,11,0,0,-2.3238295862515184,-2.85305966677344
MRGPRD,MRGPRD,11,0,0,-2.00429559400132,
MRGPRF,MRGPRF,11,0,0,-2.132602062707562,-1.07012682838718
TPCN2,TPCN2,11,0,0,-0.9207521154689484,-1.38885886083158
SMIM38,SMIM38,11,0,0,-2.3301033143067347,
MYEOV,MYEOV,11,0,0,-1.9910698503576398,
CCND1,CCND1,11,0,0,-1.7945805321062185,-1.6366374874712
LTO1,LTO1,11,0,0,-0.26108494902439716,
FGF19,FGF19,11,0,0,-2.8095051854900017,
FGF4,FGF4,11,0,0,-2.1834937340131244,
FGF3,FGF3,11,0,0,-3.2566424091231365,
ANO1,ANO1,11,0,0,-1.3355032291782205,-1.12633015603532
FADD,FADD,11,0,0,-2.374660289357676,-1.07509139415411
PPFIA1,PPFIA1,11,0,0,-1.3055073943559083,-2.09126770896221
CTTN,CTTN,11,0,0,-1.4839330088297764,-1.67311673684258
SHANK2,SHANK2,11,0,0,-2.430188352511907,-2.78746565132373
DHCR7,DHCR7,11,0,0,-0.9984867288880892,-0.127060315149532
NADSYN1,NADSYN1,11,0,0,-1.7116095758196153,-1.87740706854544
KRTAP5-7,KRTAP5-7,11,0,0,-2.7664375170950795,
KRTAP5-8,KRTAP5-8,11,0,0,-2.9408478485938723,
KRTAP5-9,KRTAP5-9,11,0,0,-2.7713417536767437,
KRTAP5-10,KRTAP5-10,11,0,0,-2.7276143057300697,
KRTAP5-11,KRTAP5-11,11,0,0,-2.851439248975117,
DEFB108B,DEFB108B,11,0,0,-1.079098989558,
DEFB131B,DEFB131B,11,0,0,1.5093811897962333,
XNDC1N,XNDC1N,11,0,0,-0.21468224922985435,-3.51370915302972
RNF121,RNF121,11,0,0,0.04841392992813631,0.329198110003923
IL18BP,IL18BP,11,0,0,-2.8995206959925603,-1.60782599146095
NUMA1,NUMA1,11,0,0,-2.680586983250949,-2.05867928099446
LRRC51,LRRC51,11,0,0,-0.8560668679355121,-2.29337807048128
LAMTOR1,LAMTOR1,11,0,0,-2.5048467669560814,-1.80166710616174
TOMT,TOMT,11,0,0,-2.0427282081623055,
ANAPC15,ANAPC15,11,0,0,-0.8683389946837945,-1.58434606876028
FOLR3,FOLR3,11,0,0,-1.8336461960333672,
FOLR1,FOLR1,11,0,0,-1.1348129879294238,
FOLR2,FOLR2,11,0,0,-1.397768964719619,0.91059253118756
INPPL1,INPPL1,11,0,0,-2.56528735939872,-3.59421044257705
PHOX2A,PHOX2A,11,0,0,-2.375710029560958,
CLPB,CLPB,11,0,0,-1.3925774251295895,-0.870641317040807
PDE2A,PDE2A,11,0,0,-1.67046103226013,-1.75718668671672
ARAP1,ARAP1,11,0,0,-2.4645565678952774,-3.68846792266446
STARD10,STARD10,11,0,0,-1.855176170807745,-3.40667817677022
ATG16L2,ATG16L2,11,0,0,-2.5088987049303864,-4.28406760492484
FCHSD2,FCHSD2,11,0,0,-0.3256831005927072,-0.451383660530632
P2RY2,P2RY2,11,0,0,-1.3888166836149658,-3.54901174146751
P2RY6,P2RY6,11,0,0,-1.1739777284639157,
ARHGEF17,ARHGEF17,11,0,0,-2.9617851736718404,-3.76524927696124
RELT,RELT,11,0,0,-2.86218979704846,
FAM168A,FAM168A,11,0,0,-1.2618539009216398,-0.726538718046959
PLEKHB1,PLEKHB1,11,0,0,-1.9651922007767268,-0.667461329436276
RAB6A,RAB6A,11,0,0,0.6086702334826501,0.122010358246334
MRPL48,MRPL48,11,0,0,-0.1583102233913376,1.00004424919816
COA4,COA4,11,0,0,-3.097173202245555,-2.20681000983074
PAAF1,PAAF1,11,0,0,-0.25928639200343717,0.337468264627174
DNAJB13,DNAJB13,11,0,0,-1.0272973590793377,
UCP2,UCP2,11,0,0,-0.7139449614819053,-3.5026898699925
UCP3,UCP3,11,0,0,-1.1832522790012856,
C2CD3,C2CD3,11,0,0,-1.0635636559644546,-2.67598122498567
PPME1,PPME1,11,0,0,-0.02551467949129993,0.848587648398108
P4HA3,P4HA3,11,0,0,-1.2903522570372328,-2.13144265988216
PGM2L1,PGM2L1,11,0,0,0.7959376993517377,
KCNE3,KCNE3,11,0,0,-0.7958094167472147,-2.35232873140238
LIPT2,LIPT2,11,0,0,-2.3994838750612786,-1.17775046448017
POLD3,POLD3,11,0,0,-0.385342517184732,0.840338119971812
CHRDL2,CHRDL2,11,0,0,-2.704023114530049,-1.81760307179949
RNF169,RNF169,11,0,0,-1.865889459840302,-1.08997108097597
XRRA1,XRRA1,11,0,0,-1.4513879719701013,-3.79515767197909
SPCS2,SPCS2,11,0,0,0.6218056602212201,0.123931090347378
NEU3,NEU3,11,0,0,-2.2267944928985344,-1.40469402346325
OR2AT4,OR2AT4,11,0,0,-0.3634581377307917,
SLCO2B1,SLCO2B1,11,0,0,-1.7305058728489087,-0.365631884205557
TPBGL,TPBGL,11,0,0,-2.454773193718564,
ARRB1,ARRB1,11,0,0,-1.3674477527243365,-1.02233367551367
RPS3,RPS3,11,0,0,-0.7218428831187147,-1.91255859691726
KLHL35,KLHL35,11,0,0,-2.136800728503646,
GDPD5,GDPD5,11,0,0,-1.9173990386367823,-3.4648376204175
SERPINH1,SERPINH1,11,0,0,-1.9579234426809062,-0.846738306307303
MAP6,MAP6,11,0,0,-1.814390251168021,
MOGAT2,MOGAT2,11,0,0,-1.0340093787506834,-1.67552094479306
DGAT2,DGAT2,11,0,0,-1.0505472577837072,-1.47606911972235
UVRAG,UVRAG,11,0,0,-0.4733872219535904,-1.36249977711465
WNT11,WNT11,11,0,0,-1.8554265909336252,-2.10521450689252
THAP12,THAP12,11,0,0,0.20683144641576412,-3.39736911666333
GVQW3,GVQW3,11,0,0,-0.6372516399124581,-0.398547182592957
EMSY,EMSY,11,0,0,-0.8410233986770876,-3.00880369110289
LRRC32,LRRC32,11,0,0,-2.935198062638076,-2.62868471939964
TSKU,TSKU,11,0,0,-3.2512960469877985,-1.86390888671312
ACER3,ACER3,11,0,0,1.2851364651085735,0.050733658341013
B3GNT6,B3GNT6,11,0,0,-2.653592960493146,
CAPN5,CAPN5,11,0,0,-2.1407138588738572,-1.64857832143171
OMP,OMP,11,0,0,-1.7673147442255477,-4.68886474898335
MYO7A,MYO7A,11,0,0,-2.002858625347992,-2.66387365876381
GDPD4,GDPD4,11,0,0,0.6131646015604897,
PAK1,PAK1,11,0,0,-0.21254426044189145,0.419229862647994
AQP11,AQP11,11,0,0,-0.8957464097908421,-0.671434613608357
CLNS1A,CLNS1A,11,0,0,-0.2602142618924894,0.32051390719015
RSF1,RSF1,11,0,0,-0.6115570944907809,-0.809499489858408
AAMDC,AAMDC,11,0,0,-0.18363578980827633,-0.803126640836526
INTS4,INTS4,11,0,0,-0.09844034973154514,0.0894842543650304
KCTD14,KCTD14,11,0,0,-1.0443952085459056,
THRSP,THRSP,11,0,0,-2.232130493704247,-1.64295114536707
NDUFC2,NDUFC2,11,0,0,0.11161579504797636,
ALG8,ALG8,11,0,0,1.1480323439183255,3.99050088769994
KCTD21,KCTD21,11,0,0,-1.6339377238604236,-1.02323796011182
USP35,USP35,11,0,0,-2.26057075598324,-4.35552383252191
GAB2,GAB2,11,0,0,-2.1935660233088132,-3.91302055559457
NARS2,NARS2,11,0,0,0.10017812319354391,0.271302941301122
TENM4,TENM4,11,0,0,-1.521897673895003,
FAM181B,FAM181B,11,0,0,-2.781017078270864,
PRCP,PRCP,11,0,0,0.5195022775192424,1.59126955272196
DDIAS,DDIAS,11,0,0,0.21738037904932916,
RAB30,RAB30,11,0,0,0.12391894837576878,0.391475504286216
PCF11,PCF11,11,0,0,-0.45669563674245595,-0.859642176169422
ANKRD42,ANKRD42,11,0,0,0.46444248359741636,-0.101883637895366
CCDC90B,CCDC90B,11,0,0,0.7666215862493271,1.24410239204868
DLG2,DLG2,11,0,0,-0.25189624765256724,
TMEM126B,TMEM126B,11,0,0,1.8998461145344638,-0.94035869704988
TMEM126A,TMEM126A,11,0,0,1.247052337550409,3.04849088200839
CREBZF,CREBZF,11,0,0,-2.593870108742948,-3.87550776820961
CCDC89,CCDC89,11,0,0,-2.4251505536551345,-2.09791837626812
SYTL2,SYTL2,11,0,0,-0.3196907698827829,-1.13043267813276
CCDC83,CCDC83,11,0,0,0.2848979227185371,
PICALM,PICALM,11,0,0,0.7114230922469034,0.518169746560536
EED,EED,11,0,0,0.9076885280965747,
HIKESHI,HIKESHI,11,0,0,1.0423419930176525,
CCDC81,CCDC81,11,0,0,-0.5583849723946219,
ME3,ME3,11,0,0,-1.1613443148508775,-1.84467129727298
PRSS23,PRSS23,11,0,0,-0.754248380589635,-0.657759300007732
FZD4,FZD4,11,0,0,0.09013819668272482,-1.13601688407802
TMEM135,TMEM135,11,0,0,0.958926026338375,1.61146811443719
RAB38,RAB38,11,0,0,-0.3823707706622681,0.0748989931503231
CTSC,CTSC,11,0,0,0.4623261803257712,1.46893616123459
GRM5,GRM5,11,0,0,-0.8397503846361314,
TYR,TYR,11,0,0,-0.2622022417033385,
NOX4,NOX4,11,0,0,0.4727570939233825,
TRIM77,TRIM77,11,0,0,-0.17027221806038284,
TRIM49,TRIM49,11,0,0,-0.2219322177695613,
TRIM64B,TRIM64B,11,0,0,-0.5137242022462143,
TRIM49D1,TRIM49D1,11,0,0,-0.6151816173881297,
TRIM49D2,TRIM49D2,11,0,0,-0.6151816173881297,
TRIM64,TRIM64,11,0,0,-0.5175146209088144,
TRIM49C,TRIM49C,11,0,0,-0.29881025767337555,
UBTFL1,UBTFL1,11,0,0,-0.43587876374994217,
NAALAD2,NAALAD2,11,0,0,1.2749721055552925,
CHORDC1,CHORDC1,11,0,0,0.6553302551623243,2.37935832177147
FAT3,FAT3,11,0,0,-0.2938527764848793,
MTNR1B,MTNR1B,11,0,0,-1.5973555289956565,
SLC36A4,SLC36A4,11,0,0,1.3679414355642745,
DEUP1,DEUP1,11,0,0,0.177183560522014,
SMCO4,SMCO4,11,0,0,-2.371385007736869,-1.53409528749442
CEP295,CEP295,11,0,0,-0.5281881525038514,-0.0873232924436305
TAF1D,TAF1D,11,0,0,0.49901444854235955,-1.29830524958817
C11orf54,C11orf54,11,0,0,0.9582268283551478,3.41840966131547
MED17,MED17,11,0,0,-0.17631126899652827,0.485072747902755
VSTM5,VSTM5,11,0,0,-1.3839219039483783,
HEPHL1,HEPHL1,11,0,0,0.2992756659550615,
PANX1,PANX1,11,0,0,-0.0384433092460732,-0.968145144013992
IZUMO1R,IZUMO1R,11,0,0,-1.741502855155895,
GPR83,GPR83,11,0,0,-1.0766333950214868,
MRE11,MRE11,11,0,0,0.4558945226467106,0.225801121066495
ANKRD49,ANKRD49,11,0,0,-0.03632799186551061,
C11orf97,C11orf97,11,0,0,-1.5363306152635694,-0.676075468829678
FUT4,FUT4,11,0,0,-2.581846546697829,-3.37886119825748
PIWIL4,PIWIL4,11,0,0,0.1763087123800524,
AMOTL1,AMOTL1,11,0,0,-2.348265482498128,-2.01510891692312
CWC15,CWC15,11,0,0,-0.08370806598262526,0.16527787880235
KDM4D,KDM4D,11,0,0,-1.0468685756771023,-0.939675225777416
KDM4E,KDM4E,11,0,0,-0.8869601513559449,
KDM4F,KDM4F,11,0,0,-0.969986649377276,
SRSF8,SRSF8,11,0,0,-3.6135862405778365,-1.0621288867416
ENDOD1,ENDOD1,11,0,0,-0.48002192904839625,-0.553125658266486
SESN3,SESN3,11,0,0,0.6750621767282379,1.04621242852613
FAM76B,FAM76B,11,0,0,-0.8212618061126111,-1.30075447077038
CEP57,CEP57,11,0,0,-0.06908590799038805,1.49446752256955
MTMR2,MTMR2,11,0,0,0.2892298136910796,-0.648699272040033
MAML2,MAML2,11,0,0,-1.879044075145183,-2.63253118810298
CCDC82,CCDC82,11,0,0,0.46715670337877135,2.27485511933153
JRKL,JRKL,11,0,0,0.9007962026030985,1.66663687107058
CNTN5,CNTN5,11,0,0,0.13627008264055895,
ARHGAP42,ARHGAP42,11,0,0,-0.044627355090824494,-0.271685015108537
PGR,PGR,11,0,0,-1.522732525611847,
TRPC6,TRPC6,11,0,0,0.5892999684274898,
ANGPTL5,ANGPTL5,11,0,0,1.7080399328184441,
CEP126,CEP126,11,0,0,0.055693427957560715,
CFAP300,CFAP300,11,0,0,1.119282736829014,
YAP1,YAP1,11,0,0,-1.5860701098435186,-1.3055260220881
BIRC3,BIRC3,11,0,0,0.6292293223726961,-0.533897159882367
BIRC2,BIRC2,11,0,0,0.7619282516246457,0.483274387547102
TMEM123,TMEM123,11,0,0,-0.12465610251512871,0.767819977831881
MMP7,MMP7,11,0,0,0.422140321152515,0.793547097052552
MMP20,MMP20,11,0,0,0.20964223704754126,
MMP27,MMP27,11,0,0,1.0102743415541955,
MMP8,MMP8,11,0,0,0.5269133200617997,
MMP10,MMP10,11,0,0,0.38024276154763115,
MMP1,MMP1,11,0,0,0.6341365748009107,
MMP3,MMP3,11,0,0,0.2716770716979493,
MMP12,MMP12,11,0,0,0.9844662473039403,
MMP13,MMP13,11,0,0,0.7244466139137646,
DCUN1D5,DCUN1D5,11,0,0,1.3581360234335875,-0.447756373169596
DYNC2H1,DYNC2H1,11,0,0,1.0470558531522975,-1.21794262265352
PDGFD,PDGFD,11,0,0,-0.3769204995484703,1.81535819395167
DDI1,DDI1,11,0,0,-1.485001776058139,
CASP4,CASP4,11,0,0,0.011989288422379119,0.186480378360476
CASP5,CASP5,11,0,0,0.2570629221072185,
CASP1,CASP1,11,0,0,0.3119761910487284,0.556067854114989
CARD16,CARD16,11,0,0,0.283132325587097,0.729130971737109
CARD18,CARD18,11,0,0,0.81771293960227,
GRIA4,GRIA4,11,0,0,0.6873076071905437,
MSANTD4,MSANTD4,11,0,0,-0.38005951332716137,0.0452383248175856
KBTBD3,KBTBD3,11,0,0,1.2638767383921348,
AASDHPPT,AASDHPPT,11,0,0,0.6729444506160593,1.00325618094744
GUCY1A2,GUCY1A2,11,0,0,-0.44808963699196624,
CWF19L2,CWF19L2,11,0,0,0.3929757458081422,0.582311047715177
ALKBH8,ALKBH8,11,0,0,0.04945064179488412,-0.460473021152727
ELMOD1,ELMOD1,11,0,0,0.9027918258668066,
SLN,SLN,11,0,0,1.3176853072379924,
SLC35F2,SLC35F2,11,0,0,0.32076783528305697,
RAB39A,RAB39A,11,0,0,0.08313453771345714,
CUL5,CUL5,11,0,0,1.345080302050894,3.42862590995041
ACAT1,ACAT1,11,0,0,1.5165662473253292,1.69617474336167
NPAT,NPAT,11,0,0,-0.010790478971571815,0.539189967916378
ATM,ATM,11,0,0,0.8817812698260301,0.498273514785245
C11orf65,C11orf65,11,0,0,1.1886903691420176,
POGLUT3,POGLUT3,11,0,0,0.28391415276842835,0.177974608842747
EXPH5,EXPH5,11,0,0,-0.7415851566033922,-0.267861494074856
DDX10,DDX10,11,0,0,0.35857731785167246,0.577301883433818
C11orf87,C11orf87,11,0,0,-3.076870387085876,
ZC3H12C,ZC3H12C,11,0,0,-0.9494729895488199,-1.75382303032306
RDX,RDX,11,0,0,0.695746244671291,1.60605583744309
FDX1,FDX1,11,0,0,-0.6496499040957673,-1.04910792077681
ARHGAP20,ARHGAP20,11,0,0,-0.7494584768866748,
POU2AF2,POU2AF2,11,0,0,-2.3688942996170272,
POU2AF3,POU2AF3,11,0,0,-1.758488451054161,
POU2AF1,POU2AF1,11,0,0,-2.5969913776178704,0.880379773724847
BTG4,BTG4,11,0,0,-0.16697598197081653,
HOATZ,HOATZ,11,0,0,-1.4176231019989576,
LAYN,LAYN,11,0,0,-0.8069592097395528,
SIK2,SIK2,11,0,0,-1.4777968110542723,-1.35850592103704
PPP2R1B,PPP2R1B,11,0,0,0.8546831366155576,-0.296526212341428
ALG9,ALG9,11,0,0,0.494789333847395,0.929418420081513
FDXACB1,FDXACB1,11,0,0,-0.1579693345674542,-0.0206045119050707
CFAP68,CFAP68,11,0,0,0.0762053630238988,3.16706907269841
CRYAB,CRYAB,11,0,0,-1.5830993453754285,-1.37555492224159
HSPB2,HSPB2,11,0,0,-2.759742769228737,-2.73387044055642
C11orf52,C11orf52,11,0,0,-2.178826078250003,-0.894148791023445
DIXDC1,DIXDC1,11,0,0,-1.3641092416259255,-0.981230605592192
DLAT,DLAT,11,0,0,0.18073403651150066,0.530035926248516
PIH1D2,PIH1D2,11,0,0,0.32938815688088674,
NKAPD1,NKAPD1,11,0,0,-0.610271987618253,0.0019206153936703
TIMM8B,TIMM8B,11,0,0,-0.7681675337273681,-0.0678396923198193
SDHD,SDHD,11,0,0,0.019724585501709413,1.04022267925838
IL18,IL18,11,0,0,1.5392162480585796,
TEX12,TEX12,11,0,0,0.961580087212786,
BCO2,BCO2,11,0,0,0.4523158077016234,0.454831951585506
PTS,PTS,11,0,0,1.5452556342952821,0.0990720584345101
PLET1,PLET1,11,0,0,-0.14098494136968576,
NCAM1,NCAM1,11,0,0,-1.4439858097106963,
TTC12,TTC12,11,0,0,-0.17980350471888684,-0.386432914274767
ANKK1,ANKK1,11,0,0,-1.962936243362103,
DRD2,DRD2,11,0,0,-1.5094937634898127,
TMPRSS5,TMPRSS5,11,0,0,-2.051938142053583,
ZW10,ZW10,11,0,0,0.2370233892072644,0.853360214581261
CLDN25,CLDN25,11,0,0,-0.8237187401444306,
USP28,USP28,11,0,0,0.1224187002950341,-0.381498067514043
HTR3B,HTR3B,11,0,0,-0.7124045582605802,
HTR3A,HTR3A,11,0,0,-1.3671467516144666,
ZBTB16,ZBTB16,11,0,0,-2.572847047180158,-3.60760169824482
NNMT,NNMT,11,0,0,-0.9714626525214012,0.0654703179108809
C11orf71,C11orf71,11,0,0,-2.056547972697155,
RBM7,RBM7,11,0,0,0.026018309169483445,1.32929018668455
REXO2,REXO2,11,0,0,-0.03752281885813602,0.061585308560891
NXPE1,NXPE1,11,0,0,0.3496430287848096,
NXPE4,NXPE4,11,0,0,-0.009150642306876122,
NXPE2,NXPE2,11,0,0,0.35126876584025624,
CADM1,CADM1,11,0,0,-0.4968121274332553,0.514189553224473
BUD13,BUD13,11,0,0,-1.5460698953143055,-1.31359912305213
ZPR1,ZPR1,11,0,0,-1.1547410108496976,-1.75167529395178
APOA5,APOA5,11,0,0,-2.8556372571552675,-0.836000288143282
APOA4,APOA4,11,0,0,-2.94514920104578,-0.656611114460281
APOC3,APOC3,11,0,0,-1.3432595972192747,-0.136331390377771
APOA1,APOA1,11,0,0,-2.3588797960802363,-0.710873325758541
SIK3,SIK3,11,0,0,-1.9103617509002966,-1.93099864988589
PAFAH1B2,PAFAH1B2,11,0,0,-0.1594696949132821,1.34895682536059
SIDT2,SIDT2,11,0,0,-0.7979943512112158,-2.35617542289071
TAGLN,TAGLN,11,0,0,-0.9936614834121063,-1.36714745937568
PCSK7,PCSK7,11,0,0,-1.9650705792677172,-4.39931152977765
RNF214,RNF214,11,0,0,-1.183178706626137,-0.714748365769395
BACE1,BACE1,11,0,0,-1.3361919995580518,-2.9476837071904
CEP164,CEP164,11,0,0,-2.8168864255629202,-3.72263836954017
DSCAML1,DSCAML1,11,0,0,-2.4182128363397783,
FXYD2,FXYD2,11,0,0,-0.6612824217423086,
FXYD6,FXYD6,11,0,0,-1.100956252396447,
TMPRSS13,TMPRSS13,11,0,0,-2.4019011733547444,
IL10RA,IL10RA,11,0,0,-2.3423142514735726,-2.87386428308805
SMIM35,SMIM35,11,0,0,-1.176673674572184,
TMPRSS4,TMPRSS4,11,0,0,-1.4027405652983518,
SCN4B,SCN4B,11,0,0,-1.4595407127142828,
SCN2B,SCN2B,11,0,0,-1.5560374366697403,
JAML,JAML,11,0,0,-0.49438546913689585,-0.402767515569534
MPZL3,MPZL3,11,0,0,0.19018966405035975,0.625659502442414
MPZL2,MPZL2,11,0,0,-0.17464347139086733,0.81077533015127
CD3E,CD3E,11,0,0,-0.2080506700792295,-1.4220052970003
CD3D,CD3D,11,0,0,-0.4071009835488155,-0.713943249082967
CD3G,CD3G,11,0,0,0.6801714605276299,-0.952750465804209
UBE4A,UBE4A,11,0,0,0.10445705724690768,-0.271664624905399
ATP5MG,ATP5MG,11,0,0,0.784580459952771,0.638459310716449
KMT2A,KMT2A,11,0,0,-1.073774057332642,-2.34553597963258
TTC36,TTC36,11,0,0,-2.324347124508069,-1.39459052837571
TMEM25,TMEM25,11,0,0,-2.2658722009686603,-2.58865820208016
IFT46,IFT46,11,0,0,-0.5934313962680324,-0.223955218757865
ARCN1,ARCN1,11,0,0,0.27770739305782755,1.34628969020946
PHLDB1,PHLDB1,11,0,0,-3.0606628685694552,-3.01332175999416
TREH,TREH,11,0,0,-1.3038511675031863,-0.169009757807296
DDX6,DDX6,11,0,0,0.5913002366823026,1.15769289355791
CXCR5,CXCR5,11,0,0,-1.920342135648598,
BCL9L,BCL9L,11,0,0,-3.0821945631078034,-3.36766939427965
UPK2,UPK2,11,0,0,-1.5613659088248415,
FOXR1,FOXR1,11,0,0,-2.501091162268267,
CENATAC,CENATAC,11,0,0,-1.402955830726297,-3.20090286648841
RPS25,RPS25,11,0,0,0.47647165624119303,-1.93057086953307
TRAPPC4,TRAPPC4,11,0,0,-0.3149586930940007,-0.118858428356629
HYOU1,HYOU1,11,0,0,-1.3944920795327906,-0.752867141618698
VPS11,VPS11,11,0,0,-1.2803830982714839,-0.568790100259865
HMBS,HMBS,11,0,0,-1.2997886196417365,-1.24838787270852
H2AX,H2AX,11,0,0,-2.4308712505485754,-0.414125340840368
DPAGT1,DPAGT1,11,0,0,0.10722161165798916,1.65923440900329
C2CD2L,C2CD2L,11,0,0,-2.576941189574308,-3.63094751963342
HINFP,HINFP,11,0,0,-2.07679129853471,-2.45592691798873
ABCG4,ABCG4,11,0,0,-1.1712396769172972,
NLRX1,NLRX1,11,0,0,-2.124603165797378,-2.75789859662395
NHERF4,NHERF4,11,0,0,-2.3260720153505083,
DRC12,DRC12,11,0,0,-2.633340169107729,-4.45905004356317
CBL,CBL,11,0,0,-0.9922374068352813,
MCAM,MCAM,11,0,0,-2.3152369776893487,-1.51094390128969
RNF26,RNF26,11,0,0,-2.019618410748734,-3.1774559267349
C1QTNF5,C1QTNF5,11,0,0,-2.8274315015670908,
MFRP,MFRP,11,0,0,-2.571799648199592,-1.29204908509183
USP2,USP2,11,0,0,-1.7082863168895717,-0.386029465304158
THY1,THY1,11,0,0,-2.3663327573628266,-0.060239893834538
NECTIN1,NECTIN1,11,0,0,-1.890604439716844,-2.07818733798016
TRIM29,TRIM29,11,0,0,-2.2161380113504077,
OAF,OAF,11,0,0,-2.6094578013586833,-3.07572893657998
POU2F3,POU2F3,11,0,0,-2.289967659222654,
TLCD5,TLCD5,11,0,0,-0.2931250411503328,-3.35183235601549
ARHGEF12,ARHGEF12,11,0,0,-0.3990038349302232,-2.19837129949484
GRIK4,GRIK4,11,0,0,-1.4810469091543048,
TBCEL,TBCEL,11,0,0,-0.04970139128478479,-0.10650021404801
TECTA,TECTA,11,0,0,-1.0761216060738548,-4.25831725309019
SC5D,SC5D,11,0,0,1.1902237275001717,2.64115672679474
SORL1,SORL1,11,0,0,-0.9464713398113744,-0.807352555770727
BLID,BLID,11,0,0,-0.39868430217394213,
UBASH3B,UBASH3B,11,0,0,-1.0406540215626627,
CRTAM,CRTAM,11,0,0,-0.530569483189181,
JHY,JHY,11,0,0,-1.3360361420969689,
BSX,BSX,11,0,0,-3.204982119005285,
HSPA8,HSPA8,11,0,0,0.8336155750224776,1.52034252853905
CLMP,CLMP,11,0,0,-1.1211974989273426,
GRAMD1B,GRAMD1B,11,0,0,-2.0520086046965265,-2.61888399785128
SCN3B,SCN3B,11,0,0,-1.1613636035233217,
ZNF202,ZNF202,11,0,0,-2.065442808669985,-3.00159686172967
OR6X1,OR6X1,11,0,0,0.4614667639951282,
OR6M1,OR6M1,11,0,0,0.22918959383762427,
TMEM225,TMEM225,11,0,0,0.8971948727320331,
OR8D4,OR8D4,11,0,0,1.0785765904035713,
OR4D5,OR4D5,11,0,0,0.37499585671108093,
OR6T1,OR6T1,11,0,0,-0.3315551522085105,
OR10S1,OR10S1,11,0,0,-0.908896027635743,
OR10G6,OR10G6,11,0,0,0.038732251193094314,
OR10G4,OR10G4,11,0,0,-0.6747934509405393,
OR10G9,OR10G9,11,0,0,-0.8390144424793302,
OR10G8,OR10G8,11,0,0,-0.4590074550359837,
OR10G7,OR10G7,11,0,0,-0.7287053754592385,
VWA5A,VWA5A,11,0,0,-0.6397904631437115,0.671937566527856
OR10D3,OR10D3,11,0,0,0.12042309220989722,
OR8G1,OR8G1,11,0,0,0.7005043166725837,
OR8G5,OR8G5,11,0,0,0.3201194276770405,
OR8D1,OR8D1,11,0,0,0.6971261254127494,
OR8D2,OR8D2,11,0,0,0.8613176939783447,
OR8B2,OR8B2,11,0,0,1.5266978357247964,
OR8B3,OR8B3,11,0,0,1.742151479349074,
OR8B4,OR8B4,11,0,0,0.5369695712922748,
OR8B8,OR8B8,11,0,0,0.8993703811677989,
OR8B12,OR8B12,11,0,0,0.3280786948685428,
OR8A1,OR8A1,11,0,0,0.006939956712900042,
PANX3,PANX3,11,0,0,-0.8376577194950077,
TBRG1,TBRG1,11,0,0,-0.5650783241230464,-2.03844478870297
SIAE,SIAE,11,0,0,-0.07312879441327702,1.15074019707365
SPA17,SPA17,11,0,0,-0.7010821088764931,0.545255676926416
NRGN,NRGN,11,0,0,-2.5925181648282134,-3.72571290525915
VSIG2,VSIG2,11,0,0,-1.8575506739499374,-2.38052026045887
ESAM,ESAM,11,0,0,-2.068512724359934,-0.875793345222876
MSANTD2,MSANTD2,11,0,0,-1.131651161056329,-1.76007126328878
ROBO3,ROBO3,11,0,0,-2.714419600235866,
ROBO4,ROBO4,11,0,0,-2.9545498737209677,-1.91239528293877
HEPN1,HEPN1,11,0,0,-1.1005095340931454,
HEPACAM,HEPACAM,11,0,0,-2.2892641472691437,-1.09827646708145
CCDC15,CCDC15,11,0,0,0.02683551967645137,
SLC37A2,SLC37A2,11,0,0,-1.1870586592556176,-1.03763187957376
TMEM218,TMEM218,11,0,0,0.7872717168588199,-0.166179024573192
PKNOX2,PKNOX2,11,0,0,-2.12353689160223,
FEZ1,FEZ1,11,0,0,-1.6865981336589702,-1.30918782780235
EI24,EI24,11,0,0,-0.13365385120806828,-2.20199306375736
STT3A,STT3A,11,0,0,0.9068921557452523,2.28452344082371
CHEK1,CHEK1,11,0,0,0.6286084734825934,-3.45990980881446
ACRV1,ACRV1,11,0,0,-1.0969201865874538,
PATE1,PATE1,11,0,0,0.3225492351988972,
PATE2,PATE2,11,0,0,0.44073842819581444,
PATE3,PATE3,11,0,0,0.7649347017437531,
PATE4,PATE4,11,0,0,0.715769641948258,
PUS3,PUS3,11,0,0,0.39382204481910676,1.91733994119842
HYLS1,HYLS1,11,0,0,-0.3575832165299939,0.205722208987359
DDX25,DDX25,11,0,0,-0.04548096737906704,-1.84880912760015
VSIG10L2,VSIG10L2,11,0,0,-2.85933456401564,
CDON,CDON,11,0,0,-0.27690934836136627,-0.990680556021971
RPUSD4,RPUSD4,11,0,0,-1.4166805263278857,-1.39363898325915
FAM118B,FAM118B,11,0,0,0.18504718777458073,0.60588948759116
SRPRA,SRPRA,11,0,0,-0.30899321309568784,-0.980585234747247
FOXRED1,FOXRED1,11,0,0,-1.1279628105327308,-0.609842976894722
TIRAP,TIRAP,11,0,0,-2.6357196104941263,-3.33428874459207
DCPS,DCPS,11,0,0,-2.019714564665559,-2.28868912195776
ST3GAL4,ST3GAL4,11,0,0,-1.163139286638403,-2.9769254680417
KIRREL3,KIRREL3,11,0,0,-2.2570964387607795,
ETS1,ETS1,11,0,0,-0.7675919499857073,-0.48421372539821
FLI1,FLI1,11,0,0,-1.9159054234483612,-2.02317834070983
KCNJ1,KCNJ1,11,0,0,0.2805878625509397,
KCNJ5,KCNJ5,11,0,0,-1.2157257220580675,
TP53AIP1,TP53AIP1,11,0,0,-1.5980726426938663,
ARHGAP32,ARHGAP32,11,0,0,-1.0013899217698086,-3.99915473088855
BARX2,BARX2,11,0,0,-2.480697178633914,
TMEM45B,TMEM45B,11,0,0,-0.23260506278977822,1.02818580365974
NFRKB,NFRKB,11,0,0,-1.6216493750995724,-1.80571787697273
PRDM10,PRDM10,11,0,0,-1.9511453087276536,-2.52161056019251
APLP2,APLP2,11,0,0,-0.7200228678997522,0.0945153499242539
ST14,ST14,11,0,0,-2.222432347718515,-2.43331869479979
ZBTB44,ZBTB44,11,0,0,-0.40909818295882694,-2.38711587842179
ADAMTS8,ADAMTS8,11,0,0,-2.604238240645847,
ADAMTS15,ADAMTS15,11,0,0,-2.2730874018935747,
SNX19,SNX19,11,0,0,-1.2565170090451634,-2.65618512935998
NTM,NTM,11,0,0,-1.1150144084736127,
OPCML,OPCML,11,0,0,-0.4589965338210078,
SPATA19,SPATA19,11,0,0,-1.29258325609492,
IGSF9B,IGSF9B,11,0,0,-2.66530298827878,
JAM3,JAM3,11,0,0,-0.5656473472084471,-0.30286446592831
NCAPD3,NCAPD3,11,0,0,-0.914501648617227,-1.75642978441645
VPS26B,VPS26B,11,0,0,-1.6206900275137954,-1.87524276201614
THYN1,THYN1,11,0,0,-0.47468483389049965,0.518879414888052
ACAD8,ACAD8,11,0,0,-0.9943227446517238,-0.75388411080423
GLB1L3,GLB1L3,11,0,0,-0.4260127267331093,
GLB1L2,GLB1L2,11,0,0,-0.9144525551160605,
B3GAT1,B3GAT1,11,0,0,-2.6154682901832853,-4.35596387011914
IQSEC3,IQSEC3,12,0,0,-3.1195257049480833,
SLC6A12,SLC6A12,12,0,0,-0.715069112290081,-1.1760824915543
SLC6A13,SLC6A13,12,0,0,-0.7082544314392276,-2.88702472130276
KDM5A,KDM5A,12,0,0,-0.13001249037206541,-1.03740078060823
CCDC77,CCDC77,12,0,0,-0.21256182077205743,0.186606824118086
B4GALNT3,B4GALNT3,12,0,0,-2.2498052508373583,
NINJ2,NINJ2,12,0,0,-1.3449152636856336,-1.95495999757735
WNK1,WNK1,12,0,0,-1.1276945068384343,-2.63057356151678
RAD52,RAD52,12,0,0,-1.4593192949548932,-0.73409235984137
ERC1,ERC1,12,0,0,-0.9791771863557024,-1.602892567729
FBXL14,FBXL14,12,0,0,-2.6371064257469037,
WNT5B,WNT5B,12,0,0,-2.3055684985475757,-1.40137529298625
ADIPOR2,ADIPOR2,12,0,0,-0.1494326853985637,-0.290655609050359
CACNA2D4,CACNA2D4,12,0,0,-1.4918927923566105,
LRTM2,LRTM2,12,0,0,-2.579052547681224,
DCP1B,DCP1B,12,0,0,-1.3714764178679069,-0.963537069873733
CACNA1C,CACNA1C,12,0,0,-1.5511065273279439,
FKBP4,FKBP4,12,0,0,-1.1477318190696177,-0.50491508439592
ITFG2,ITFG2,12,0,0,-1.3083421378008726,-2.43428134395308
NRIP2,NRIP2,12,0,0,-3.009849987382271,-3.55924970727117
TEX52,TEX52,12,0,0,-2.571593324002613,
FOXM1,FOXM1,12,0,0,-2.3456671940851255,
RHNO1,RHNO1,12,0,0,-2.269662932112844,-2.61544659724827
TULP3,TULP3,12,0,0,-0.34167386308940806,0.231870601486077
TEAD4,TEAD4,12,0,0,-2.0912903609503104,-2.06525535803141
TSPAN9,TSPAN9,12,0,0,-0.7045876230339516,-0.310144342987012
PRMT8,PRMT8,12,0,0,-0.5347589728413578,
CRACR2A,CRACR2A,12,0,0,-1.9672350025317513,-2.14389799769861
PARP11,PARP11,12,0,0,0.7341050650088388,0.212509340959581
CCND2,CCND2,12,0,0,-1.2081692132372286,-1.81143604676472
TIGAR,TIGAR,12,0,0,0.3227577196202276,0.574919404193758
FGF23,FGF23,12,0,0,-2.6248874272986793,
FGF6,FGF6,12,0,0,-1.679540702862484,
FERRY3,FERRY3,12,0,0,0.43049392022298427,2.42318268809529
RAD51AP1,RAD51AP1,12,0,0,-0.10550355691283997,
DYRK4,DYRK4,12,0,0,-0.6536743812750476,-0.966051132537309
AKAP3,AKAP3,12,0,0,-0.3137206836387012,-1.83529030828068
NDUFA9,NDUFA9,12,0,0,0.5388097492877595,1.66300310169287
GALNT8,GALNT8,12,0,0,-0.3468530483268797,
KCNA6,KCNA6,12,0,0,-1.936579874074786,
KCNA1,KCNA1,12,0,0,-1.3613637895679815,
KCNA5,KCNA5,12,0,0,-2.4888967274052494,-3.16721638273017
NTF3,NTF3,12,0,0,-1.2828495860155353,-2.169474586406
ANO2,ANO2,12,0,0,-0.7553844277548691,
VWF,VWF,12,0,0,-1.8519983070235995,-1.19353208176709
CD9,CD9,12,0,0,0.46116338368232235,1.41908852752065
PLEKHG6,PLEKHG6,12,0,0,-2.9826644154594195,-3.39956293428374
TNFRSF1A,TNFRSF1A,12,0,0,-1.892227570709064,-2.30901206460326
SCNN1A,SCNN1A,12,0,0,-1.6986555150663651,-1.8212830342781
LTBR,LTBR,12,0,0,-2.2024950431830366,-1.80071577828334
CD27,CD27,12,0,0,-2.3411190284965677,-0.805899361931647
TAPBPL,TAPBPL,12,0,0,-1.9712144428945102,-1.17470800750548
VAMP1,VAMP1,12,0,0,-0.7571243473054636,-1.73116524188053
MRPL51,MRPL51,12,0,0,-0.43456309191309295,0.373988143017845
NCAPD2,NCAPD2,12,0,0,-0.984243657700338,-2.73860093463557
GAPDH,GAPDH,12,0,0,-0.5599324361061591,-0.644634536576451
IFFO1,IFFO1,12,0,0,-2.4044903217300604,-2.74148486088406
NOP2,NOP2,12,0,0,-1.3767199637770133,-1.11236819577482
CHD4,CHD4,12,0,0,-0.6907649050615028,-1.11456150471359
LPAR5,LPAR5,12,0,0,-2.36499966651294,-2.20805892087572
ACRBP,ACRBP,12,0,0,-1.8565951487364618,-2.19840062907314
ING4,ING4,12,0,0,-0.8104091616947784,0.0940467003788956
ZNF384,ZNF384,12,0,0,-2.1752482417725254,-2.0362275413797
PIANP,PIANP,12,0,0,-2.9780817841259175,
COPS7A,COPS7A,12,0,0,-1.5945637219659634,-0.713385286203104
MLF2,MLF2,12,0,0,-1.681005431766696,-1.20154556792755
PTMS,PTMS,12,0,0,-2.229048465352239,-1.77194563203673
LAG3,LAG3,12,0,0,-2.641357880856223,-1.83677875071525
CD4,CD4,12,0,0,-1.360368965382376,0.380265747471547
GPR162,GPR162,12,0,0,-2.062042762568433,-3.6475047213741
P3H3,P3H3,12,0,0,-2.6263666635449,-1.9577057303266
GNB3,GNB3,12,0,0,-1.3676515128302977,
CDCA3,CDCA3,12,0,0,-2.3156304974828625,-2.57250778233236
USP5,USP5,12,0,0,-1.5375440538631349,-1.00462536766145
TPI1,TPI1,12,0,0,-0.7403142270221021,-0.565162340152347
SPSB2,SPSB2,12,0,0,-2.9507200601125536,-2.3916043026535
LRRC23,LRRC23,12,0,0,-1.4654132755214277,-2.60287093789639
ENO2,ENO2,12,0,0,-0.8672793577620119,-0.879622398774602
ATN1,ATN1,12,0,0,-3.3519778024254414,-4.55444062436687
C12orf57,C12orf57,12,0,0,-1.1967399738274924,-1.26598962927202
PTPN6,PTPN6,12,0,0,-2.038565922964816,-1.37569892927424
PHB2,PHB2,12,0,0,-1.5877965095862692,-0.840514170548829
EMG1,EMG1,12,0,0,-0.4415702649326292,
LPCAT3,LPCAT3,12,0,0,0.50255464779754,0.713107107125475
C1S,C1S,12,0,0,0.18929073329040058,1.10634362164812
C1R,C1R,12,0,0,-1.3599160939168762,0.0986406484496202
C1RL,C1RL,12,0,0,-2.1403462466543335,-0.8761501351507
RBP5,RBP5,12,0,0,-1.7601202377396064,-1.30124965833416
CLSTN3,CLSTN3,12,0,0,-1.918110446271145,-1.56833047516567
PEX5,PEX5,12,0,0,-1.131825289304773,-0.919818575050481
ACSM4,ACSM4,12,0,0,-0.3567429031347782,
CD163L1,CD163L1,12,0,0,-0.3906646987654234,
CD163,CD163,12,0,0,-0.35976308975538274,0.709027165574323
APOBEC1,APOBEC1,12,0,0,-0.4432911559851682,
GDF3,GDF3,12,0,0,-0.23340333769146504,
DPPA3,DPPA3,12,0,0,-0.9223609515321911,
CLEC4C,CLEC4C,12,0,0,0.10398909143133217,
NANOGNB,NANOGNB,12,0,0,-0.5502818916360201,
NANOG,NANOG,12,0,0,-0.8775636407543939,
SLC2A14,SLC2A14,12,0,0,-0.05392561892565695,
SLC2A3,SLC2A3,12,0,0,0.19967300607741478,-0.664326325754787
FOXJ2,FOXJ2,12,0,0,-2.315168194676108,-2.28707069973494
C3AR1,C3AR1,12,0,0,-0.022058214346710514,1.80881628876924
NECAP1,NECAP1,12,0,0,-0.7633641132670608,0.926309569543393
CLEC4A,CLEC4A,12,0,0,0.2912687326480299,-2.04855704507803
ZNF705A,ZNF705A,12,0,0,-0.11939904177063276,
FAM90A1,FAM90A1,12,0,0,-2.875872463339741,
CLEC6A,CLEC6A,12,0,0,0.32863318542318076,
CLEC4D,CLEC4D,12,0,0,-0.1617513507586441,
CLEC4E,CLEC4E,12,0,0,0.456155845786153,-1.49486924855397
AICDA,AICDA,12,0,0,-0.46573181127727814,
MFAP5,MFAP5,12,0,0,0.23758403278272056,
RIMKLB,RIMKLB,12,0,0,-0.0809137698520761,-1.59088921253378
A2ML1,A2ML1,12,0,0,-0.21360051432982274,
PHC1,PHC1,12,0,0,-1.8981717804743514,-2.62956855760022
M6PR,M6PR,12,0,0,-0.5503498594041893,0.105198811751728
KLRG1,KLRG1,12,0,0,-0.41497858522700426,
A2M,A2M,12,0,0,-0.39896962289530613,0.875903678191805
PZP,PZP,12,0,0,-0.27453275890612794,0.692376659106723
KLRB1,KLRB1,12,0,0,-0.38078806761248885,
CLEC2D,CLEC2D,12,0,0,-0.03836364483431964,-3.80243472012653
CD69,CD69,12,0,0,0.09688499671632478,1.4406071085709
KLRF1,KLRF1,12,0,0,1.2274954716806992,
CLEC2B,CLEC2B,12,0,0,1.8426820150158107,1.13401205129111
KLRF2,KLRF2,12,0,0,0.9101395511050736,
CLEC2A,CLEC2A,12,0,0,1.5743767176413144,
CLEC12A,CLEC12A,12,0,0,0.8548325578344116,
CLEC1B,CLEC1B,12,0,0,0.862032614424816,0.797415708919398
CLEC12B,CLEC12B,12,0,0,0.26470214091972366,
CLEC9A,CLEC9A,12,0,0,-0.3395939488402995,
CLEC1A,CLEC1A,12,0,0,-0.8397584940952694,-0.720649968206943
CLEC7A,CLEC7A,12,0,0,0.3060619722348843,-0.203708901309756
OLR1,OLR1,12,0,0,-0.12087624817409903,
TMEM52B,TMEM52B,12,0,0,-1.148394195543844,
GABARAPL1,GABARAPL1,12,0,0,-0.3387933987260734,2.03059167272444
KLRD1,KLRD1,12,0,0,0.27103097207985094,1.00544949940087
KLRK1,KLRK1,12,0,0,0.739374227836862,-1.45806733045214
KLRC4,KLRC4,12,0,0,0.40121153559031697,-2.8657343439588
KLRC3,KLRC3,12,0,0,-0.054304124866776604,
KLRC2,KLRC2,12,0,0,0.06988787868427693,
KLRC1,KLRC1,12,0,0,0.17030405935834736,
EIF2S3B,EIF2S3B,12,0,0,0.9567193152939932,
MAGOHB,MAGOHB,12,0,0,1.255860215164594,2.03331605355728
STYK1,STYK1,12,0,0,-0.5335810122904103,
YBX3,YBX3,12,0,0,-1.4601183533085251,-2.03773401420374
TAS2R7,TAS2R7,12,0,0,0.6761969022243584,
TAS2R8,TAS2R8,12,0,0,1.9452288760657943,
TAS2R9,TAS2R9,12,0,0,1.1618588737479474,
TAS2R10,TAS2R10,12,0,0,1.8748904518047933,
PRR4,PRR4,12,0,0,-2.291976276800103,-1.4097813709095
PRH1,PRH1,12,0,0,-3.0762745726341123,
TAS2R13,TAS2R13,12,0,0,1.2123695434138835,
PRH2,PRH2,12,0,0,-3.0587620131970805,
TAS2R14,TAS2R14,12,0,0,1.2105950628832058,
TAS2R50,TAS2R50,12,0,0,1.678616701750725,
TAS2R20,TAS2R20,12,0,0,1.3666121181160484,
TAS2R19,TAS2R19,12,0,0,1.3568627659784323,
TAS2R31,TAS2R31,12,0,0,1.2228070061704717,
TAS2R46,TAS2R46,12,0,0,1.343721310459701,
TAS2R43,TAS2R43,12,0,0,1.639794300166166,
TAS2R30,TAS2R30,12,0,0,1.353485860847135,
SMIM10L1,SMIM10L1,12,0,0,-0.8785109626257999,-1.51923286848516
TAS2R42,TAS2R42,12,0,0,0.9215814506871496,
PRB3,PRB3,12,0,0,-3.344587102570504,
PRB4,PRB4,12,0,0,-3.7963317281066598,
PRB2,PRB2,12,0,0,-3.724292773436554,
ETV6,ETV6,12,0,0,-2.049826856304449,-1.9372080725148
BCL2L14,BCL2L14,12,0,0,-0.6876205455585254,
LRP6,LRP6,12,0,0,-0.05442227649337106,-1.60194430865578
MANSC1,MANSC1,12,0,0,-0.3242536019288931,1.12895934225385
BORCS5,BORCS5,12,0,0,-1.6297381313092636,-0.917951657048319
DUSP16,DUSP16,12,0,0,-1.5142603131988306,-2.09698243824761
CREBL2,CREBL2,12,0,0,-0.4988773545001397,-2.25843946272331
GPR19,GPR19,12,0,0,0.1007450068550213,
CDKN1B,CDKN1B,12,0,0,-2.5480733556070216,-0.88927822120866
APOLD1,APOLD1,12,0,0,-2.9679133356646954,-2.15553265778151
DDX47,DDX47,12,0,0,0.551256693505211,0.442638227650667
GPRC5A,GPRC5A,12,0,0,-0.36952972653252836,
GPRC5D,GPRC5D,12,0,0,-0.2666887027168574,
HEBP1,HEBP1,12,0,0,-0.12796224321334648,0.254510584905683
FAM234B,FAM234B,12,0,0,-0.6491412938393832,-0.533678999747364
GSG1,GSG1,12,0,0,-1.1789823385722862,
EMP1,EMP1,12,0,0,0.8759577471568445,1.54345987277854
GRIN2B,GRIN2B,12,0,0,-1.188418955132299,
ATF7IP,ATF7IP,12,0,0,-0.160887321284104,0.51183945008914
PLBD1,PLBD1,12,0,0,0.6678671022640614,0.970455807307999
GUCY2C,GUCY2C,12,0,0,0.560235157560717,
H4C16,H4C16,12,0,0,-0.582874442609743,0.314051644332182
H2AJ,H2AJ,12,0,0,-2.002846035481392,-1.00294133117643
WBP11,WBP11,12,0,0,-0.851846937081417,-0.883692165778605
SMCO3,SMCO3,12,0,0,0.6813208426609538,
C12orf60,C12orf60,12,0,0,0.7518026194613672,
ART4,ART4,12,0,0,0.03215329860235272,0.395952491943694
MGP,MGP,12,0,0,0.5173628324710489,0.938408180578975
ERP27,ERP27,12,0,0,-0.15674309040555912,
ARHGDIB,ARHGDIB,12,0,0,-0.4051946005683522,-0.821574156703414
PDE6H,PDE6H,12,0,0,-0.78262862496954,
RERG,RERG,12,0,0,-0.6103001772480408,-2.61095041368996
PTPRO,PTPRO,12,0,0,0.27693622741139734,
EPS8,EPS8,12,0,0,-0.3144571994088299,-0.182106303396441
STRAP,STRAP,12,0,0,1.0990648134615668,1.4807477390407
DERA,DERA,12,0,0,0.8288843933620758,0.716854069815942
SLC15A5,SLC15A5,12,0,0,1.0409614494201165,
MGST1,MGST1,12,0,0,1.9455529884031204,3.92710577840976
LMO3,LMO3,12,0,0,0.5247503382849423,
RERGL,RERGL,12,0,0,0.6731093949701012,-1.75407471933955
PIK3C2G,PIK3C2G,12,0,0,0.4346846479122757,1.32702072400578
PLCZ1,PLCZ1,12,0,0,1.3278518247463094,
CAPZA3,CAPZA3,12,0,0,0.3103441547459731,
PLEKHA5,PLEKHA5,12,0,0,-0.4021796191039737,-0.341189842661776
AEBP2,AEBP2,12,0,0,-2.5035642563325275,-1.80099496006697
PDE3A,PDE3A,12,0,0,-0.8951893445063241,-4.18954957746836
SLCO1C1,SLCO1C1,12,0,0,0.9587994514767537,
SLCO1B3,SLCO1B3,12,0,0,1.7942970443297632,
SLCO1B1,SLCO1B1,12,0,0,1.683336327334347,5.15072805078568
SLCO1A2,SLCO1A2,12,0,0,1.6856443045322376,
IAPP,IAPP,12,0,0,-0.11456175450382489,
PYROXD1,PYROXD1,12,0,0,1.4411756729601404,1.7653051146604
RECQL,RECQL,12,0,0,1.3142561385038434,3.50989307895486
GOLT1B,GOLT1B,12,0,0,2.7024079967587014,2.14771112187519
SPX,SPX,12,0,0,-0.8596600618756511,
GYS2,GYS2,12,0,0,0.26617681499712376,1.49185053087074
LDHB,LDHB,12,0,0,1.0803538976192222,1.27542212152561
KCNJ8,KCNJ8,12,0,0,-0.300643789461132,-1.24663341048785
ABCC9,ABCC9,12,0,0,0.7492943708309596,-0.147608447553537
CMAS,CMAS,12,0,0,0.47671883650218483,-0.289172577434877
ST8SIA1,ST8SIA1,12,0,0,-0.4266274861320074,
C2CD5,C2CD5,12,0,0,0.5160869663769496,0.355445197985257
ETNK1,ETNK1,12,0,0,0.8533103856558579,0.0180448597732363
SOX5,SOX5,12,0,0,-1.1521197334802693,-2.34761944943082
BCAT1,BCAT1,12,0,0,0.29682668757248365,
IRAG2,IRAG2,12,0,0,-0.4423811299144056,-1.65456326140926
DNAI7,DNAI7,12,0,0,0.5521222563819439,
ETFRF1,ETFRF1,12,0,0,3.1005301138947896,
KRAS,KRAS,12,0,0,1.585773893862731,0.661828981875464
LMNTD1,LMNTD1,12,0,0,0.6435703877565029,
RASSF8,RASSF8,12,0,0,-0.5281941527660692,-0.708471594057607
BHLHE41,BHLHE41,12,0,0,-2.0901541215834243,-2.2743967546321
SSPN,SSPN,12,0,0,-1.4355692390066324,
ITPR2,ITPR2,12,0,0,0.5122448844217704,-0.355136033226326
INTS13,INTS13,12,0,0,0.35130259384892604,0.402951250849463
FGFR1OP2,FGFR1OP2,12,0,0,-0.208177608407075,2.13296203239662
TM7SF3,TM7SF3,12,0,0,0.5487742946037706,-1.05796076081856
MED21,MED21,12,0,0,0.3052240950083185,1.02474756909569
C12orf71,C12orf71,12,0,0,-1.6172182436676632,
STK38L,STK38L,12,0,0,0.5531049419624878,1.36324782717
BMAL2,BMAL2,12,0,0,0.2413546198238219,-3.8533552694903
SMCO2,SMCO2,12,0,0,0.19958054672335557,
PPFIBP1,PPFIBP1,12,0,0,-0.130757378335133,-0.503546869007557
REP15,REP15,12,0,0,-0.2165052062456212,
MRPS35,MRPS35,12,0,0,0.3667437945306897,0.765765567939285
MANSC4,MANSC4,12,0,0,0.001550153696600276,
KLHL42,KLHL42,12,0,0,-1.7922817250364407,-1.95885958571489
PTHLH,PTHLH,12,0,0,-2.2292833650586186,
CCDC91,CCDC91,12,0,0,0.1322570999920316,0.599819048253496
FAR2,FAR2,12,0,0,0.4716080782313625,-0.0365460872395592
ERGIC2,ERGIC2,12,0,0,1.1561570539103982,0.955879898463356
OVCH1,OVCH1,12,0,0,-0.046084631714538915,
TMTC1,TMTC1,12,0,0,-0.5818292929659972,
IPO8,IPO8,12,0,0,0.7941768898265469,-0.354541147930438
CAPRIN2,CAPRIN2,12,0,0,-0.326344119316742,-1.51421957220478
TSPAN11,TSPAN11,12,0,0,-1.5930097582435092,
DDX11,DDX11,12,0,0,-1.9823347735336636,-2.60720146160511
SINHCAF,SINHCAF,12,0,0,-0.5381802872144021,0.423829646383121
DENND5B,DENND5B,12,0,0,-0.07371057559529781,-1.56289892098747
ETFBKMT,ETFBKMT,12,0,0,-0.15753138672511824,0.195874713553373
AMN1,AMN1,12,0,0,0.4274757670283176,0.920807943051491
H3-5,H3-5,12,0,0,-1.444702002696454,
RESF1,RESF1,12,0,0,0.19403472551137035,0.557643680180873
BICD1,BICD1,12,0,0,-1.5703789098629262,-3.81740004226751
FGD4,FGD4,12,0,0,-0.46164701628374694,-0.442117903580154
DNM1L,DNM1L,12,0,0,0.5002409585533396,0.163454301182245
YARS2,YARS2,12,0,0,-0.4257084875510717,-0.384745257830277
PKP2,PKP2,12,0,0,-1.4499330595741444,-0.69040832010886
SYT10,SYT10,12,0,0,-0.2401278039380692,
ALG10,ALG10,12,0,0,1.8119542626828729,1.2594667446628
ALG10B,ALG10B,12,0,0,1.7672145460797495,
CPNE8,CPNE8,12,0,0,1.0692027414488035,1.06653294160904
KIF21A,KIF21A,12,0,0,0.33848388757001224,0.157669803670395
ABCD2,ABCD2,12,0,0,1.162210902202892,
REDIC1,REDIC1,12,0,0,0.5244525819524277,
SLC2A13,SLC2A13,12,0,0,0.21048112638877647,
LRRK2,LRRK2,12,0,0,0.4738545749536005,-0.878113363278186
CNTN1,CNTN1,12,0,0,0.6762892303066579,
PDZRN4,PDZRN4,12,0,0,-1.5401295977941043,-2.79852760674178
GXYLT1,GXYLT1,12,0,0,1.0656529350832304,2.97615669499073
YAF2,YAF2,12,0,0,-1.111180372896186,0.168217158106331
ZCRB1,ZCRB1,12,0,0,0.10596299455328584,0.63220333601395
PPHLN1,PPHLN1,12,0,0,-0.6505089855895747,0.988363382844253
PRICKLE1,PRICKLE1,12,0,0,-0.8802863922289355,
ADAMTS20,ADAMTS20,12,0,0,0.038458016991370414,
PUS7L,PUS7L,12,0,0,1.4604725311871913,1.8210966725381
IRAK4,IRAK4,12,0,0,1.4885562169675826,0.436179359758194
TWF1,TWF1,12,0,0,0.8986031342388969,1.71489202459511
TMEM117,TMEM117,12,0,0,1.1736025594952118,
NELL2,NELL2,12,0,0,-0.006560464723959214,
DBX2,DBX2,12,0,0,-1.7827491849923103,
ANO6,ANO6,12,0,0,0.6493339707330232,0.392135119451376
ARID2,ARID2,12,0,0,-0.05236385821973499,-0.530698378404964
SCAF11,SCAF11,12,0,0,-0.03348624375098197,0.416930076800396
SLC38A1,SLC38A1,12,0,0,1.0874140105718375,-3.19712955966689
SLC38A2,SLC38A2,12,0,0,1.4610693537875683,4.68309642855637
SLC38A4,SLC38A4,12,0,0,1.1328906811051525,2.7157887252282
AMIGO2,AMIGO2,12,0,0,-0.016863116922763766,0.377806119151011
PCED1B,PCED1B,12,0,0,-2.126558210649822,-3.07090909927149
RPAP3,RPAP3,12,0,0,0.9729047619480014,2.6120915349514
ENDOU,ENDOU,12,0,0,-1.3552334080708928,
RAPGEF3,RAPGEF3,12,0,0,-2.551037354694504,-3.40305421976809
SLC48A1,SLC48A1,12,0,0,-1.3876607114457702,-1.10333256253558
HDAC7,HDAC7,12,0,0,-3.0659784320035044,-3.27738486995563
VDR,VDR,12,0,0,-1.787316534934467,
TMEM106C,TMEM106C,12,0,0,-0.4118315592703041,-1.75205029252785
COL2A1,COL2A1,12,0,0,-1.5020211459576984,
SENP1,SENP1,12,0,0,-0.1398680027232313,-0.389589361918775
PFKM,PFKM,12,0,0,-0.5581457821504205,-0.413327647824062
ASB8,ASB8,12,0,0,-0.4366724666227615,0.199782560757646
CCDC184,CCDC184,12,0,0,-3.154643166121346,
OR10AD1,OR10AD1,12,0,0,-0.4368259060055131,
H1-7,H1-7,12,0,0,-3.4685260250045395,
ZNF641,ZNF641,12,0,0,-2.1361093781671467,-2.41882672771904
ANP32D,ANP32D,12,0,0,-0.9671757022994409,
C12orf54,C12orf54,12,0,0,-1.1576256627216779,
OR8S1,OR8S1,12,0,0,-0.011775843105580108,
OR5BS1P,OR5BS1P,12,0,0,-0.3673578819714596,
LALBA,LALBA,12,0,0,0.07513029685734729,
KANSL2,KANSL2,12,0,0,-0.8912182615712503,-0.918294257802584
CCNT1,CCNT1,12,0,0,-0.8061935637840616,-0.466721510609116
SPMIP11,SPMIP11,12,0,0,-0.45228807248757796,
ADCY6,ADCY6,12,0,0,-1.3437672512223617,-2.50898973615026
CACNB3,CACNB3,12,0,0,-2.4924236844332306,-3.24781681037333
DDX23,DDX23,12,0,0,-1.266209955071595,-1.76227451403992
RND1,RND1,12,0,0,-1.3700039664934263,-0.359550770492332
CCDC65,CCDC65,12,0,0,-0.7049651246626443,
FKBP11,FKBP11,12,0,0,-1.1186751940326722,-0.0077357329825097
ARF3,ARF3,12,0,0,-0.41605758173587226,
WNT10B,WNT10B,12,0,0,-2.316087816758653,
WNT1,WNT1,12,0,0,-2.666263330700197,
DDN,DDN,12,0,0,-3.3190720755543683,
PRKAG1,PRKAG1,12,0,0,0.12372920446457591,1.12898321973515
KMT2D,KMT2D,12,0,0,-2.6700690263691946,-4.29140080067856
RHEBL1,RHEBL1,12,0,0,-0.3836179855171107,
DHH,DHH,12,0,0,-1.7609376112574981,
LMBR1L,LMBR1L,12,0,0,-0.7604261744630598,-2.6262571512486
TUBA1B,TUBA1B,12,0,0,-0.2533244525229854,-0.550624827344241
TUBA1A,TUBA1A,12,0,0,-0.18086734190579534,-0.0919318908778279
TUBA1C,TUBA1C,12,0,0,-0.13341692264421567,-0.201635238608793
PRPH,PRPH,12,0,0,-3.2606258502540086,
TROAP,TROAP,12,0,0,-2.9362301486273754,-2.00523765787934
C1QL4,C1QL4,12,0,0,-2.306977989910882,
DNAJC22,DNAJC22,12,0,0,-1.2621161021251908,-2.33758466401485
SPATS2,SPATS2,12,0,0,-0.35087749034088844,-1.49688724616368
KCNH3,KCNH3,12,0,0,-2.6368137758339643,
MCRS1,MCRS1,12,0,0,-1.8697869202828379,-3.0689835929295
FAM186B,FAM186B,12,0,0,-2.1750197959744586,-3.62561868462989
PRPF40B,PRPF40B,12,0,0,-2.4615949668465884,-2.60311880572565
FMNL3,FMNL3,12,0,0,-1.5484569846960383,-2.80195408374447
TMBIM6,TMBIM6,12,0,0,1.237088777111163,2.93653515924351
NCKAP5L,NCKAP5L,12,0,0,-3.62533630060892,-3.36962163325138
BCDIN3D,BCDIN3D,12,0,0,-1.2338817978767889,-0.224335082094116
FAIM2,FAIM2,12,0,0,-0.5696137498607783,
AQP2,AQP2,12,0,0,-1.8864677006349027,
AQP5,AQP5,12,0,0,-1.390535850374528,
AQP6,AQP6,12,0,0,-1.3572779078480863,
RACGAP1,RACGAP1,12,0,0,-0.5042064976891343,1.34432017896142
ASIC1,ASIC1,12,0,0,-1.6391309828377274,
SMARCD1,SMARCD1,12,0,0,-0.8454155356266817,-1.42407152979547
GPD1,GPD1,12,0,0,-0.9988099216635042,-0.159913746375686
COX14,COX14,12,0,0,0.2973057936395467,0.155104361610887
CERS5,CERS5,12,0,0,0.04656201997172005,0.144760313181137
LIMA1,LIMA1,12,0,0,-1.0048843042714761,-0.181929836154615
FAM186A,FAM186A,12,0,0,-1.0086206359730667,
LARP4,LARP4,12,0,0,-0.009142773763613832,1.38047426026515
DIP2B,DIP2B,12,0,0,-0.19257745696324946,-1.13373290426923
ATF1,ATF1,12,0,0,-0.2158697745304874,0.640873054576507
TMPRSS12,TMPRSS12,12,0,0,0.12516567395600298,
TMT1A,TMT1A,12,0,0,-0.774947101478455,0.412693613465311
HIGD1C,HIGD1C,12,0,0,1.3714315238149055,
SLC11A2,SLC11A2,12,0,0,0.43983781183000303,1.13881627344485
LETMD1,LETMD1,12,0,0,0.04636665920150129,-0.927078388283805
CSRNP2,CSRNP2,12,0,0,-1.938581451761399,-2.76884149983015
TFCP2,TFCP2,12,0,0,-0.44799170790006393,-0.64473511697039
POU6F1,POU6F1,12,0,0,-2.1557673556555716,-5.97479596649814
DAZAP2,DAZAP2,12,0,0,-0.2830826278405194,0.14818823384577
SMAGP,SMAGP,12,0,0,-0.7196483827184998,0.179393466397092
BIN2,BIN2,12,0,0,-1.8419394559340017,-2.48509137641837
CELA1,CELA1,12,0,0,-0.9053503074767342,
GALNT6,GALNT6,12,0,0,-1.85830597967146,
SLC4A8,SLC4A8,12,0,0,-0.15954786616421401,
SCN8A,SCN8A,12,0,0,-0.1921302937173266,-3.10316615584692
TMDD1,TMDD1,12,0,0,-2.868345931239215,
FIGNL2,FIGNL2,12,0,0,-2.5953075338560456,
ANKRD33,ANKRD33,12,0,0,-2.6875468290822457,
ACVRL1,ACVRL1,12,0,0,-2.4529362360810616,-1.65117424495319
ACVR1B,ACVR1B,12,0,0,-0.6215903830089147,-0.361046402194624
TAMALIN,TAMALIN,12,0,0,-2.6738895404043976,-2.05285409442351
NR4A1,NR4A1,12,0,0,-2.561723259646296,-3.43878590341775
ATG101,ATG101,12,0,0,-1.2954805519257082,-1.5509317643385
SMIM41,SMIM41,12,0,0,-2.8533569940717047,
KRT80,KRT80,12,0,0,-2.43076239502434,
KRT7,KRT7,12,0,0,-2.2701948566415844,-0.812003008849225
KRT81,KRT81,12,0,0,-2.7814945472238684,
KRT86,KRT86,12,0,0,-2.622114462199031,
KRT83,KRT83,12,0,0,-2.5195687492558037,
KRT85,KRT85,12,0,0,-2.7855249388615047,
KRT84,KRT84,12,0,0,-1.8616124227489141,
KRT82,KRT82,12,0,0,-2.290751219594366,
KRT75,KRT75,12,0,0,-2.0732584892273938,
KRT6B,KRT6B,12,0,0,-1.9730193200918755,
KRT6C,KRT6C,12,0,0,-1.961264274433974,
KRT6A,KRT6A,12,0,0,-1.9387041323840322,
KRT5,KRT5,12,0,0,-1.725840626668452,
KRT71,KRT71,12,0,0,-2.562881499956738,
KRT74,KRT74,12,0,0,-2.248197867021254,
KRT72,KRT72,12,0,0,-2.2508571517643325,
KRT73,KRT73,12,0,0,-2.3589883339160416,
KRT2,KRT2,12,0,0,-1.113433853136856,
KRT1,KRT1,12,0,0,-1.2028084591507486,
KRT77,KRT77,12,0,0,-2.071063032293429,
KRT76,KRT76,12,0,0,-2.1943621579546946,
KRT3,KRT3,12,0,0,-1.7036619864782185,
KRT4,KRT4,12,0,0,-1.8825375885505728,
KRT79,KRT79,12,0,0,-2.390009757831649,
KRT78,KRT78,12,0,0,-2.6198989749596517,
KRT8,KRT8,12,0,0,-2.2697071839994116,-0.47532678623371
KRT18,KRT18,12,0,0,-1.9355835479420662,-0.224075131038076
EIF4B,EIF4B,12,0,0,-0.7614684042715485,-2.277835833999
TNS2,TNS2,12,0,0,-2.9394422241909357,-2.25872369126216
SPRYD3,SPRYD3,12,0,0,-1.5156061608317408,-1.46746396095246
IGFBP6,IGFBP6,12,0,0,-2.831648807794208,-2.31594931559079
SOAT2,SOAT2,12,0,0,-1.2140538578995148,0.871077345748228
CSAD,CSAD,12,0,0,-1.4151510595019143,-1.72061984796386
ZNF740,ZNF740,12,0,0,-1.2202917204659869,-1.49526407653681
ITGB7,ITGB7,12,0,0,-2.347902320241287,-0.804479827490355
RARG,RARG,12,0,0,-2.0312221068891105,-2.73229034577943
LOC122455340,LOC122455340,12,0,0,-2.9473681425298572,
MFSD5,MFSD5,12,0,0,-0.6388901310335999,-0.652695585836672
ESPL1,ESPL1,12,0,0,-1.848054521195687,-3.61703622071351
PFDN5,PFDN5,12,0,0,-0.3163247517721963,0.663538332802952
MYG1,MYG1,12,0,0,-2.227069539126001,-1.23957120475439
AAAS,AAAS,12,0,0,-1.8575858174458428,-1.192098980328
SP7,SP7,12,0,0,-2.5429709472677704,
SP1,SP1,12,0,0,-1.5893206646522362,-1.04331039121632
AMHR2,AMHR2,12,0,0,-2.353538709042338,-2.14343634745715
PRR13,PRR13,12,0,0,-2.033701341430536,-0.134729582010756
PCBP2,PCBP2,12,0,0,-0.8948565564981177,-1.31672654935724
MAP3K12,MAP3K12,12,0,0,-2.5243725437111557,-2.44443275633437
TARBP2,TARBP2,12,0,0,-2.0124400456378186,-1.95934166057641
NPFF,NPFF,12,0,0,-2.4347973822316806,
ATF7,ATF7,12,0,0,-1.736439326695976,-0.941048557035039
ATP5MC2,ATP5MC2,12,0,0,-1.135373650369809,0.199302078875828
CALCOCO1,CALCOCO1,12,0,0,-2.4270721028559965,-1.66209417544316
HOXC13,HOXC13,12,0,0,-2.669115563145642,
HOXC12,HOXC12,12,0,0,-2.301394319049539,
HOXC11,HOXC11,12,0,0,-2.2939541511101798,
HOXC10,HOXC10,12,0,0,-2.139215862684976,
HOXC9,HOXC9,12,0,0,-2.2612378600899703,
HOXC8,HOXC8,12,0,0,-1.7898868379202053,
HOXC6,HOXC6,12,0,0,-1.5899406736930946,
HOXC5,HOXC5,12,0,0,-1.687250495979299,
HOXC4,HOXC4,12,0,0,-2.9061462953082327,
SMUG1,SMUG1,12,0,0,-2.0768954044287558,-3.23867015479605
CBX5,CBX5,12,0,0,0.42917451504076,0.872300643294485
HNRNPA1,HNRNPA1,12,0,0,-0.14879508313224044,-0.504339905404628
NFE2,NFE2,12,0,0,-2.419342365055341,-4.68727282802134
COPZ1,COPZ1,12,0,0,-0.07215525102763465,0.703086377360368
GPR84,GPR84,12,0,0,-1.1386107305962962,-1.48335594297286
ZNF385A,ZNF385A,12,0,0,-2.5194569810804666,-3.26420030701709
ITGA5,ITGA5,12,0,0,-1.8897039619871236,-1.21915167810952
GTSF1,GTSF1,12,0,0,-0.5311464037101317,-0.573024868837501
NCKAP1L,NCKAP1L,12,0,0,-0.676852282335215,-0.483432472419963
PDE1B,PDE1B,12,0,0,-1.1813468785235965,-1.00620229076574
PPP1R1A,PPP1R1A,12,0,0,-2.958650686256181,-3.44176206447363
LACRT,LACRT,12,0,0,-0.7186171483109458,
DCD,DCD,12,0,0,-0.5985089297350417,
MUCL1,MUCL1,12,0,0,1.2315794056582945,
TESPA1,TESPA1,12,0,0,-1.810683309052708,-3.3953283960745
NEUROD4,NEUROD4,12,0,0,-1.142452311103595,
OR9K2,OR9K2,12,0,0,1.3298146104217121,
OR10A7,OR10A7,12,0,0,1.0284545504499825,
OR6C74,OR6C74,12,0,0,1.4701598146782278,
OR6C6,OR6C6,12,0,0,1.4836772396642335,
OR6C1,OR6C1,12,0,0,1.371448253543429,
OR6C3,OR6C3,12,0,0,1.4029211080885258,
OR6C75,OR6C75,12,0,0,1.1248951678781545,
OR6C65,OR6C65,12,0,0,1.8366397760812223,
OR6C76,OR6C76,12,0,0,1.2751546816714008,
OR6C2,OR6C2,12,0,0,1.090959903300167,
OR6C70,OR6C70,12,0,0,1.9272959461293304,
OR6C68,OR6C68,12,0,0,1.5884326596628977,
OR6C4,OR6C4,12,0,0,1.1086904077283535,
OR2AP1,OR2AP1,12,0,0,0.8322572453648469,
OR10P1,OR10P1,12,0,0,-1.4433041603534864,
TMT1B,TMT1B,12,0,0,-1.0680578519850918,0.18328652247737
ITGA7,ITGA7,12,0,0,-2.0374500856637567,-2.39265424680674
BLOC1S1,BLOC1S1,12,0,0,-1.8600948269890996,
RDH5,RDH5,12,0,0,-1.7946933130420373,
CD63,CD63,12,0,0,0.39620838004759484,0.624606236545599
GDF11,GDF11,12,0,0,-2.011894288221379,-3.84984332845743
SARNP,SARNP,12,0,0,-0.09232561550030738,1.31335981783423
ORMDL2,ORMDL2,12,0,0,-0.2512122060312034,1.13289565106479
DNAJC14,DNAJC14,12,0,0,-1.1689960987352794,
MMP19,MMP19,12,0,0,-0.9813191879670988,
PYM1,PYM1,12,0,0,-2.500597068028176,-1.78238347002946
DGKA,DGKA,12,0,0,-0.47867092715608806,-1.11266994205164
PMEL,PMEL,12,0,0,-1.1773857785504944,-0.729686744460088
CDK2,CDK2,12,0,0,-0.29562881413350617,0.0058328841721244
RAB5B,RAB5B,12,0,0,-0.8769077795908053,-0.785819599241764
SUOX,SUOX,12,0,0,-1.364149542627585,-0.606354211884368
IKZF4,IKZF4,12,0,0,-2.5678087788817283,
RPS26,RPS26,12,0,0,-0.7515727536676735,-0.211776028604504
ERBB3,ERBB3,12,0,0,-1.3612401664844054,
PA2G4,PA2G4,12,0,0,0.03296903208221735,
RPL41,RPL41,12,0,0,-0.6302248735050338,-2.06875957200277
ZC3H10,ZC3H10,12,0,0,-1.6818793001004178,-1.66501236937868
ESYT1,ESYT1,12,0,0,-1.3986939937374743,-0.817277022311889
MYL6B,MYL6B,12,0,0,-1.772997332356434,-3.69437667486535
MYL6,MYL6,12,0,0,-0.6519428922900659,0.667658525572371
SMARCC2,SMARCC2,12,0,0,-1.6060753426158705,-1.68076645802272
RNF41,RNF41,12,0,0,-1.1949401905325079,-2.35985988981267
NABP2,NABP2,12,0,0,-1.873903954633283,-1.49322522098168
SLC39A5,SLC39A5,12,0,0,-2.448566526980601,-1.96118796739894
ANKRD52,ANKRD52,12,0,0,-1.458819018063373,-2.78875674996305
COQ10A,COQ10A,12,0,0,-0.7919654647558989,0.364196169278412
CS,CS,12,0,0,-0.41221619505363094,
CNPY2,CNPY2,12,0,0,-1.1232713370266634,
PAN2,PAN2,12,0,0,-0.5364071170911497,-1.12034439344585
IL23A,IL23A,12,0,0,-1.9562428820466131,
STAT2,STAT2,12,0,0,-1.3683102191840764,-0.345632825796555
APOF,APOF,12,0,0,-0.8997327909179873,0.842126799266948
TIMELESS,TIMELESS,12,0,0,-1.3957435885947511,-1.79623510143633
MIP,MIP,12,0,0,-0.7144531214988774,
SPRYD4,SPRYD4,12,0,0,-0.9147515912512532,-0.1464599552027
GLS2,GLS2,12,0,0,-1.0331780636852415,-0.816377806972105
RBMS2,RBMS2,12,0,0,-0.8895728896033042,-2.81386351470636
BAZ2A,BAZ2A,12,0,0,-1.6745678552454013,-2.64909709999572
ATP5F1B,ATP5F1B,12,0,0,0.317942513129303,0.808245013193987
PTGES3,PTGES3,12,0,0,1.4696154440594924,5.70906975904399
NACA,NACA,12,0,0,-1.460669993161508,-1.32061054082506
PRIM1,PRIM1,12,0,0,0.9225261765648014,1.78037690371736
HSD17B6,HSD17B6,12,0,0,-0.23463445793371385,0.232101876694136
SDR9C7,SDR9C7,12,0,0,-0.6309477690229688,
RDH16,RDH16,12,0,0,-0.7683865349427919,-0.821217194802887
GPR182,GPR182,12,0,0,-1.7831548915768778,
ZBTB39,ZBTB39,12,0,0,-1.7790168628658556,-2.4887926549739
TAC3,TAC3,12,0,0,-1.8439938157654634,
MYO1A,MYO1A,12,0,0,-0.7345686243365463,
NEMP1,NEMP1,12,0,0,0.2524139533742371,1.15864055778657
NAB2,NAB2,12,0,0,-3.0888727329023826,-2.13684790707033
STAT6,STAT6,12,0,0,-1.9293768322159242,-2.14935195744107
LRP1,LRP1,12,0,0,-1.9835724556688294,-1.62872404051438
NXPH4,NXPH4,12,0,0,-2.137926181185202,
SHMT2,SHMT2,12,0,0,-1.5357787653611474,-0.841941940825047
NDUFA4L2,NDUFA4L2,12,0,0,-0.8983472818365463,-1.05112582973641
STAC3,STAC3,12,0,0,-1.079650704721974,-2.33778142082166
R3HDM2,R3HDM2,12,0,0,-1.8881352552719868,-3.54388943722474
INHBC,INHBC,12,0,0,-1.734307582763515,-0.223354485525447
INHBE,INHBE,12,0,0,-2.5242796615102137,-0.866954595710381
GLI1,GLI1,12,0,0,-2.502114678099808,
ARHGAP9,ARHGAP9,12,0,0,-2.6204486802929665,-3.6695812621388
MARS1,MARS1,12,0,0,-0.9837710836248501,-0.751331002676626
DDIT3,DDIT3,12,0,0,-1.959668133316315,-3.60848251848699
LOC128125814,LOC128125814,12,0,0,-2.862964874146572,
MBD6,MBD6,12,0,0,-3.3832995950685287,-5.16174870165317
DCTN2,DCTN2,12,0,0,-0.514233698531287,-0.551752640543845
KIF5A,KIF5A,12,0,0,-1.6801292223079436,
PIP4K2C,PIP4K2C,12,0,0,-0.7727453374943973,-0.379895854235553
DTX3,DTX3,12,0,0,-2.161962979336611,-3.78830245889099
ARHGEF25,ARHGEF25,12,0,0,-1.7898990299016564,-4.98927056595397
B4GALNT1,B4GALNT1,12,0,0,-2.1096231910965884,
OS9,OS9,12,0,0,-1.6969983563824833,-0.603278067328201
AGAP2,AGAP2,12,0,0,-2.8755695706165163,-2.32525383162226
TSPAN31,TSPAN31,12,0,0,0.6382479937748311,1.17164209535383
CDK4,CDK4,12,0,0,-0.7481252077428664,-1.77895781685864
MARCHF9,MARCHF9,12,0,0,-2.676920243607242,-3.47778202862985
CYP27B1,CYP27B1,12,0,0,-2.127256558180827,
METTL1,METTL1,12,0,0,-1.0897216903265292,-0.561913723354079
EEF1AKMT3,EEF1AKMT3,12,0,0,-1.708995343075884,
TSFM,TSFM,12,0,0,-0.7333770485609357,
AVIL,AVIL,12,0,0,-0.682265683173112,-5.28362670737751
CTDSP2,CTDSP2,12,0,0,-1.3820262816414424,-2.32775241041627
ATP23,ATP23,12,0,0,-0.17920724849673775,-0.463520028330818
LRIG3,LRIG3,12,0,0,-0.6647034931737981,-0.282609912192346
SLC16A7,SLC16A7,12,0,0,1.2082003762516127,2.31531307657571
TAFA2,TAFA2,12,0,0,-0.16309627079944455,
USP15,USP15,12,0,0,1.1632371120040705,0.173708753734184
MON2,MON2,12,0,0,0.7161291961768121,-0.0304094696807303
PPM1H,PPM1H,12,0,0,-1.401134707810165,
AVPR1A,AVPR1A,12,0,0,-0.9284163729535813,-0.725553470007025
DPY19L2,DPY19L2,12,0,0,1.0209527293261988,
RXYLT1,RXYLT1,12,0,0,0.4073847996296234,-0.610923288661823
SRGAP1,SRGAP1,12,0,0,-0.9241869657446156,
KICS2,KICS2,12,0,0,-0.9093534741702314,-1.2129516994966
C12orf56,C12orf56,12,0,0,-0.49560611709040536,
XPOT,XPOT,12,0,0,0.9059219425276055,1.61307191782423
TBK1,TBK1,12,0,0,1.2039375067870157,1.26829821503293
RASSF3,RASSF3,12,0,0,-1.1530135574026552,-2.62302707458333
GNS,GNS,12,0,0,-0.21764993547878753,1.7093836360265
TBC1D30,TBC1D30,12,0,0,-0.7015759442682903,
WIF1,WIF1,12,0,0,-0.5600281956909168,
LEMD3,LEMD3,12,0,0,-0.8997991413084865,-1.18341646490636
MSRB3,MSRB3,12,0,0,-1.0258225583599607,-1.13296233516589
HMGA2,HMGA2,12,0,0,-2.57630861120613,
LLPH,LLPH,12,0,0,0.5737532238135152,0.539937894024061
TMBIM4,TMBIM4,12,0,0,1.0620327746377534,0.947662810498795
IRAK3,IRAK3,12,0,0,-0.16713161659045284,
HELB,HELB,12,0,0,0.28078951234086524,
GRIP1,GRIP1,12,0,0,-1.1107180079652856,
CAND1,CAND1,12,0,0,1.054924291526719,3.85071784118167
DYRK2,DYRK2,12,0,0,-1.4118608667106844,-4.97536148731953
IFNG,IFNG,12,0,0,1.1789603761014789,
IL26,IL26,12,0,0,0.3376372051226202,
IL22,IL22,12,0,0,-0.4631143872510375,
MDM1,MDM1,12,0,0,-0.20450106106116372,-0.406312205546331
RAP1B,RAP1B,12,0,0,1.7081881635717409,
NUP107,NUP107,12,0,0,0.5784291820051664,0.617997489647907
SLC35E3,SLC35E3,12,0,0,0.576849407281804,0.462078725162655
MDM2,MDM2,12,0,0,0.09512042144700317,1.20933217941502
CPM,CPM,12,0,0,0.6151482405543209,3.55697744376974
CPSF6,CPSF6,12,0,0,-0.8564520419063619,-1.38456523892788
LYZ,LYZ,12,0,0,0.8577730624614528,2.15521557322822
YEATS4,YEATS4,12,0,0,1.3320336882345138,1.18941449775145
FRS2,FRS2,12,0,0,-0.4294957942834916,-0.311655877492045
CCT2,CCT2,12,0,0,1.20217633270396,1.23052379177798
LRRC10,LRRC10,12,0,0,-2.162379633042651,
BEST3,BEST3,12,0,0,-0.5282589917927609,
RAB3IP,RAB3IP,12,0,0,-0.04728663706092462,0.873725766973725
MYRFL,MYRFL,12,0,0,-0.45797368399310123,
CNOT2,CNOT2,12,0,0,-0.583725126802479,0.332436919154385
KCNMB4,KCNMB4,12,0,0,-0.9511535509266071,-3.52947211995451
PTPRB,PTPRB,12,0,0,-0.48212315943483297,-0.226791604870974
PTPRR,PTPRR,12,0,0,-0.03613432087347235,
TSPAN8,TSPAN8,12,0,0,1.716725766126281,1.98332778761957
LGR5,LGR5,12,0,0,-0.33134143300335417,
ZFC3H1,ZFC3H1,12,0,0,0.17795001823649415,-1.24373042112502
THAP2,THAP2,12,0,0,0.34293617486673966,0.0742262933548802
TMEM19,TMEM19,12,0,0,1.1107057644599987,1.89853491817932
RAB21,RAB21,12,0,0,0.38360995913255813,-0.233291966955815
TBC1D15,TBC1D15,12,0,0,0.8289256632623818,1.92308939561405
TPH2,TPH2,12,0,0,0.0537878085179706,
TRHDE,TRHDE,12,0,0,-0.03876502781036528,-0.907773615939468
ATXN7L3B,ATXN7L3B,12,0,0,-0.526812143970746,-0.200496185680207
KCNC2,KCNC2,12,0,0,-0.8818341927424829,
CAPS2,CAPS2,12,0,0,0.864674549402535,
GLIPR1L1,GLIPR1L1,12,0,0,1.0714849390492436,
GLIPR1L2,GLIPR1L2,12,0,0,0.2812501603308206,
GLIPR1,GLIPR1,12,0,0,0.8075794759323855,1.67550294262473
KRR1,KRR1,12,0,0,0.6114241430484189,1.63680940774174
PHLDA1,PHLDA1,12,0,0,-3.689660148070237,-2.93147703752439
NAP1L1,NAP1L1,12,0,0,1.1795373546595123,0.104889086652317
BBS10,BBS10,12,0,0,0.5951405015578484,1.42765497157995
OSBPL8,OSBPL8,12,0,0,0.7217171649932261,1.22849444184427
ZDHHC17,ZDHHC17,12,0,0,1.383500030306866,1.64651618044405
CSRP2,CSRP2,12,0,0,-0.1381389026982376,0.221969087446999
E2F7,E2F7,12,0,0,-0.8352731594051388,
NAV3,NAV3,12,0,0,-0.8951611899246341,
SYT1,SYT1,12,0,0,0.5569127634429911,-1.61115651482296
PAWR,PAWR,12,0,0,-1.5399471011795676,-1.26583800489227
PPP1R12A,PPP1R12A,12,0,0,0.018602424153215225,-0.170140733105429
OTOGL,OTOGL,12,0,0,0.7664748770072318,
PTPRQ,PTPRQ,12,0,0,1.0346460530509756,
MYF6,MYF6,12,0,0,-2.005105136829471,
MYF5,MYF5,12,0,0,-1.9396158339487197,
LIN7A,LIN7A,12,0,0,-0.4823775557102383,-0.30574708097767
ACSS3,ACSS3,12,0,0,0.32148277483488563,0.575979908685998
PPFIA2,PPFIA2,12,0,0,-0.5049667187802367,
CCDC59,CCDC59,12,0,0,-0.3760764047100835,0.0533955370890879
METTL25,METTL25,12,0,0,0.795488461447091,-0.654518889343571
TMTC2,TMTC2,12,0,0,0.31930953466346246,-1.40213842961758
SLC6A15,SLC6A15,12,0,0,1.565555159366955,
TSPAN19,TSPAN19,12,0,0,2.2086369951053495,
LRRIQ1,LRRIQ1,12,0,0,0.6836769762079395,
ALX1,ALX1,12,0,0,-1.1274304776153592,
RASSF9,RASSF9,12,0,0,0.22147384744575405,
NTS,NTS,12,0,0,0.9728808562414937,
MGAT4C,MGAT4C,12,0,0,1.7924437286070312,
C12orf50,C12orf50,12,0,0,-0.23527467230021237,
RLIG1,RLIG1,12,0,0,0.6218275899749024,1.21304526121613
CEP290,CEP290,12,0,0,0.7583474482842245,1.02644291944969
TMTC3,TMTC3,12,0,0,1.3036102057876615,3.97442870688766
KITLG,KITLG,12,0,0,0.34438341220492674,
DUSP6,DUSP6,12,0,0,-1.6735705738460656,-0.830331042812189
POC1B,POC1B,12,0,0,0.324225371517171,0.106627743378695
GALNT4,GALNT4,12,0,0,0.1103538564256823,0.216227234991467
ATP2B1,ATP2B1,12,0,0,1.2271828871481212,1.53524959586649
CCER1,CCER1,12,0,0,-2.388910811499793,
EPYC,EPYC,12,0,0,0.07569827294999598,
KERA,KERA,12,0,0,0.4482755830002709,
LUM,LUM,12,0,0,0.49803122387794474,3.5854872498952
DCN,DCN,12,0,0,0.02190322624398533,2.01852599934402
BTG1,BTG1,12,0,0,-1.3307528476656074,-1.12114562261631
PLEKHG7,PLEKHG7,12,0,0,-0.7385146702945722,
EEA1,EEA1,12,0,0,-0.05663043948716151,1.47933656212109
NUDT4,NUDT4,12,0,0,-0.0696823820851975,-1.39553900565595
UBE2N,UBE2N,12,0,0,0.4193907357859903,0.785421342325509
MRPL42,MRPL42,12,0,0,0.776462922944086,2.38166472989363
SOCS2,SOCS2,12,0,0,-0.40715463341015656,-1.24039004119762
CRADD,CRADD,12,0,0,-1.9660884896940232,-0.663199304488617
PLXNC1,PLXNC1,12,0,0,-0.5352340750740705,
CEP83,CEP83,12,0,0,0.06782110588039991,-0.500921429234098
TMCC3,TMCC3,12,0,0,-1.5367532407343223,-1.21539027844615
NDUFA12,NDUFA12,12,0,0,0.7687311774434207,1.6585076629865
NR2C1,NR2C1,12,0,0,0.6270778987246199,2.23456568000232
FGD6,FGD6,12,0,0,-0.1571325312593732,-0.892002034303694
VEZT,VEZT,12,0,0,-0.13668667037123505,0.0045609258254043
METAP2,METAP2,12,0,0,0.8854015517930076,-0.203850171267017
USP44,USP44,12,0,0,0.21104953786088565,
NTN4,NTN4,12,0,0,-0.3095289279160536,-0.477459121031967
SNRPF,SNRPF,12,0,0,1.737996908810464,4.76619183472519
CCDC38,CCDC38,12,0,0,0.21911548954283866,
AMDHD1,AMDHD1,12,0,0,-0.22103801233205012,-0.551331598905415
HAL,HAL,12,0,0,-0.8291638692938097,-1.35434801800698
LTA4H,LTA4H,12,0,0,0.5056662448880438,1.50915143305908
ELK3,ELK3,12,0,0,-2.1312458737627757,-2.05407302687477
CDK17,CDK17,12,0,0,0.0739410714919213,2.1411399503977
CFAP54,CFAP54,12,0,0,0.9911378164009932,
NEDD1,NEDD1,12,0,0,0.5442858469968108,
TMPO,TMPO,12,0,0,-0.4026077116574367,-0.29030746925063
SLC25A3,SLC25A3,12,0,0,0.6390905580182888,0.710334973047837
IKBIP,IKBIP,12,0,0,0.11461110526643559,0.0871112698275611
APAF1,APAF1,12,0,0,0.8922899116735721,
ANKS1B,ANKS1B,12,0,0,-0.3208527173975799,
GARIN6,GARIN6,12,0,0,-0.48910620009871764,
BLTP3B,BLTP3B,12,0,0,0.6438431055651428,0.830928587090175
ACTR6,ACTR6,12,0,0,1.7470123434744504,2.88957624746213
DEPDC4,DEPDC4,12,0,0,0.5142048957591623,0.522952315883813
SCYL2,SCYL2,12,0,0,1.108090492412062,1.55719323972615
SLC17A8,SLC17A8,12,0,0,0.37639243471224226,
NR1H4,NR1H4,12,0,0,0.46885371091640415,-0.0574787001654547
GAS2L3,GAS2L3,12,0,0,-0.042298916738886305,
ANO4,ANO4,12,0,0,0.5291377464665956,
SLC5A8,SLC5A8,12,0,0,0.9105164360202362,
UTP20,UTP20,12,0,0,0.4436042815559187,-0.541705452970903
ARL1,ARL1,12,0,0,0.6011340256088751,3.20949633917759
SPIC,SPIC,12,0,0,0.5461176689080833,
MYBPC1,MYBPC1,12,0,0,0.24499613701010503,
CHPT1,CHPT1,12,0,0,0.8284428379099715,-1.11163841478234
SYCP3,SYCP3,12,0,0,1.1568606725663955,
GNPTAB,GNPTAB,12,0,0,0.3574009761343593,-0.811842785282927
DRAM1,DRAM1,12,0,0,0.7113165638953216,
WASHC3,WASHC3,12,0,0,-0.09085084607153249,1.51914231126276
NUP37,NUP37,12,0,0,0.844511756243504,
PARPBP,PARPBP,12,0,0,1.1314988077152535,
PMCH,PMCH,12,0,0,1.335830003065439,
IGF1,IGF1,12,0,0,-0.9461660404918781,-0.882938433059095
PAH,PAH,12,0,0,-0.17281760637358445,1.51850219975327
ASCL1,ASCL1,12,0,0,-2.5617372144976382,
C12orf42,C12orf42,12,0,0,-1.4432883436728083,
STAB2,STAB2,12,0,0,-0.6860577844723785,0.316279145046601
NT5DC3,NT5DC3,12,0,0,-0.028160263536069152,-0.232619952173095
HSP90B1,HSP90B1,12,0,0,0.9393019369622451,1.25003634188955
UQCC6,UQCC6,12,0,0,-0.7261115635704041,-0.320041191638177
TDG,TDG,12,0,0,0.4753460310557589,1.16830490841306
GLT8D2,GLT8D2,12,0,0,-0.14640898382053358,0.485722895489235
HCFC2,HCFC2,12,0,0,0.39952188490619633,0.0251731840941225
NFYB,NFYB,12,0,0,0.8284835292056609,2.90143054434133
TXNRD1,TXNRD1,12,0,0,0.5320981719069167,0.432266983950641
EID3,EID3,12,0,0,0.2572943165949262,-4.01236771411603
CHST11,CHST11,12,0,0,-1.551752868139591,-1.50768401827771
SLC41A2,SLC41A2,12,0,0,1.033492316065253,2.92674907775357
NOPCHAP1,NOPCHAP1,12,0,0,-1.1614354962762228,0.125261847337389
ALDH1L2,ALDH1L2,12,0,0,0.7423528361901806,
WASHC4,WASHC4,12,0,0,1.3602196413127956,
APPL2,APPL2,12,0,0,-0.011303536370157019,-0.31741013492286
C12orf75,C12orf75,12,0,0,0.33152968126761273,-2.17854417482315
NUAK1,NUAK1,12,0,0,-2.067483086448531,-1.95911335206454
CKAP4,CKAP4,12,0,0,-3.050451383184976,-1.49682196695195
TCP11L2,TCP11L2,12,0,0,-0.08628056897535608,1.01541876944114
POLR3B,POLR3B,12,0,0,0.6250262346028101,0.870890594449552
RFX4,RFX4,12,0,0,-1.2523648279689823,
RIC8B,RIC8B,12,0,0,-0.02188138511739446,-0.601213687065938
TMEM263,TMEM263,12,0,0,0.8589907077584069,0.0846709148737379
MTERF2,MTERF2,12,0,0,0.7533869309377916,1.7262323099458
CRY1,CRY1,12,0,0,0.30380513284883826,-1.09744977672814
ABTB3,ABTB3,12,0,0,-1.8461337699829485,
PWP1,PWP1,12,0,0,0.03236041891332597,0.0063614654269502
PRDM4,PRDM4,12,0,0,-0.8447728556538543,-2.83633858443859
ASCL4,ASCL4,12,0,0,-3.44089791537208,
WSCD2,WSCD2,12,0,0,-1.3911377794660833,
CMKLR1,CMKLR1,12,0,0,-0.2743284746919574,
FICD,FICD,12,0,0,-1.8087209815027716,-1.55701067927283
SART3,SART3,12,0,0,-0.839016402245548,-1.81090400712076
ISCU,ISCU,12,0,0,-0.22566485016519522,-0.140164381314095
TMEM119,TMEM119,12,0,0,-3.157832574546484,
SELPLG,SELPLG,12,0,0,-2.014732196009538,-1.12194229169939
CORO1C,CORO1C,12,0,0,-0.3757901355568123,-0.0929855240708904
SSH1,SSH1,12,0,0,-2.2867393620771708,-3.98024282498756
DAO,DAO,12,0,0,-1.1181744526341468,-0.382982676062696
SVOP,SVOP,12,0,0,-0.4871592574612542,
USP30,USP30,12,0,0,-1.3464917755906658,-0.613685712296702
ALKBH2,ALKBH2,12,0,0,-1.767813445170134,-1.05058072658619
UNG,UNG,12,0,0,-1.3797623482440287,0.151062840980327
ACACB,ACACB,12,0,0,-1.2947525980980288,-2.23588633943311
FOXN4,FOXN4,12,0,0,-2.7600486198135723,
MYO1H,MYO1H,12,0,0,-0.3701583848091001,
KCTD10,KCTD10,12,0,0,-1.0376043760712932,-0.311372335876954
UBE3B,UBE3B,12,0,0,-0.8353499548372287,-2.30803713240104
MMAB,MMAB,12,0,0,-1.71258712976719,-0.681525767544938
MVK,MVK,12,0,0,-2.1318684105537784,-1.42328070567981
FAM222A,FAM222A,12,0,0,-3.2157839863047304,-5.13511492640866
TRPV4,TRPV4,12,0,0,-1.4012660169333113,-1.80329005076694
GLTP,GLTP,12,0,0,-0.8456443644091163,-1.88940177892883
TCHP,TCHP,12,0,0,-2.689683408058661,-2.48672936632603
GIT2,GIT2,12,0,0,-1.403471881277408,-1.14424763018748
ANKRD13A,ANKRD13A,12,0,0,-0.6699161721589029,-1.276227750473
C12orf76,C12orf76,12,0,0,-1.3319316434317656,-0.957303574776414
IFT81,IFT81,12,0,0,0.7174621365556213,-0.28163671006094
ATP2A2,ATP2A2,12,0,0,0.3128967569666905,-0.480818859987408
ANAPC7,ANAPC7,12,0,0,0.028978186876406298,0.321839809285449
ARPC3,ARPC3,12,0,0,1.0888883444302682,3.10549191049984
GPN3,GPN3,12,0,0,0.7028984023843208,1.62162976083318
FAM216A,FAM216A,12,0,0,-0.5026053658536895,0.642724528018793
VPS29,VPS29,12,0,0,1.0082800336017623,5.30919610604395
RAD9B,RAD9B,12,0,0,0.6919443511376926,
PPTC7,PPTC7,12,0,0,-0.7025849380485383,-1.49013173804719
TCTN1,TCTN1,12,0,0,-0.24066513324170735,-0.840423643615735
HVCN1,HVCN1,12,0,0,-1.2773318213496,-0.124393709442747
PPP1CC,PPP1CC,12,0,0,0.5007398547478417,0.78853085922384
CCDC63,CCDC63,12,0,0,-1.1748352793495602,
MYL2,MYL2,12,0,0,-0.1459732055792049,
CUX2,CUX2,12,0,0,-3.16933769180088,-3.37855627692377
PHETA1,PHETA1,12,0,0,-2.8403671443172165,-3.88286424452458
SH2B3,SH2B3,12,0,0,-3.2681138706933304,-5.28452334878568
ATXN2,ATXN2,12,0,0,-1.330077216101781,-1.05162004679818
BRAP,BRAP,12,0,0,-0.5934101801901601,-0.686854151325217
ACAD10,ACAD10,12,0,0,-0.9470962173626258,
ALDH2,ALDH2,12,0,0,-1.0224785220136212,
MAPKAPK5,MAPKAPK5,12,0,0,-0.5558812189598044,-2.49686380499567
TMEM116,TMEM116,12,0,0,0.3052550565751595,-0.92523915788508
ERP29,ERP29,12,0,0,-1.2824752002740958,0.190454432581489
NAA25,NAA25,12,0,0,0.3749559156007134,-0.249746855738688
TRAFD1,TRAFD1,12,0,0,-1.7689695297165446,-0.524464975566281
HECTD4,HECTD4,12,0,0,-1.1722912552218467,-4.4058798877076
RPL6,RPL6,12,0,0,0.06400018465129698,-0.108564876243949
PTPN11,PTPN11,12,0,0,-0.199271289333808,-1.2847911576976
RPH3A,RPH3A,12,0,0,-1.7671508442450463,
OAS1,OAS1,12,0,0,-1.0339921619817183,0.0687193657837227
OAS3,OAS3,12,0,0,-1.7841559176165251,-1.38999669087057
OAS2,OAS2,12,0,0,-0.5974591388763137,0.556074147134087
DTX1,DTX1,12,0,0,-2.5538336599311684,-3.14435385790764
RASAL1,RASAL1,12,0,0,-2.134823088858697,
CFAP73,CFAP73,12,0,0,-2.3938974204035155,
DDX54,DDX54,12,0,0,-2.552876017609238,-2.74693709914605
RITA1,RITA1,12,0,0,-3.0572210438662637,-5.47158500916256
IQCD,IQCD,12,0,0,-1.4918708312297628,
TPCN1,TPCN1,12,0,0,-1.0257750820508544,-1.97111461815625
SLC8B1,SLC8B1,12,0,0,-0.8783637636725938,-1.17970241035336
PLBD2,PLBD2,12,0,0,-1.8236974837348718,-0.989353543662326
SDS,SDS,12,0,0,-1.6000453149499183,-1.12828264111204
SDSL,SDSL,12,0,0,-2.1228408577974527,-0.999299798658054
LHX5,LHX5,12,0,0,-2.712713395661414,
RBM19,RBM19,12,0,0,-1.8622231461764471,-2.44309688518746
TBX5,TBX5,12,0,0,-1.9613013404867186,
TBX3,TBX3,12,0,0,-1.7570727620447695,-1.7738084255838
MED13L,MED13L,12,0,0,-0.8098406892836643,-3.43865570838924
MAP1LC3B2,MAP1LC3B2,12,0,0,-0.3900120341396871,
SPRING1,SPRING1,12,0,0,-1.429397815621492,-3.50185858111981
RNFT2,RNFT2,12,0,0,-2.055220906818729,
HRK,HRK,12,0,0,-2.264893759034882,
FBXW8,FBXW8,12,0,0,-1.3854285586409656,-1.35399024352332
TESC,TESC,12,0,0,-1.418989763662065,-1.56109528598185
FBXO21,FBXO21,12,0,0,-0.758217586319299,-0.897248970094905
NOS1,NOS1,12,0,0,-1.6380955594497255,
KSR2,KSR2,12,0,0,-2.415724486608969,
RFC5,RFC5,12,0,0,-0.28128619560626333,-0.127602216764646
WSB2,WSB2,12,0,0,-1.5165018704300568,-3.67213733381085
VSIG10,VSIG10,12,0,0,-1.6852075355875495,-2.46128548779742
PEBP1,PEBP1,12,0,0,-1.5116287408647793,-0.0923383667915066
TAOK3,TAOK3,12,0,0,-0.8883663544824589,-1.50286298476618
SUDS3,SUDS3,12,0,0,-0.9102609037096645,-1.45044827046847
SRRM4,SRRM4,12,0,0,-4.385668209146333,
HSPB8,HSPB8,12,0,0,-1.8927629453939385,-0.219037727426977
CCDC60,CCDC60,12,0,0,-1.0896266904784948,
TMEM233,TMEM233,12,0,0,-0.9068456030518384,
PRKAB1,PRKAB1,12,0,0,-1.707965317022138,-0.616320652737663
CIT,CIT,12,0,0,-1.3737117508172059,-2.68407539981265
BICDL1,BICDL1,12,0,0,-3.005895215998258,-4.84133462631933
RAB35,RAB35,12,0,0,-1.4518791566706604,-0.809681429712073
GCN1,GCN1,12,0,0,-1.459087114030531,-1.74619190696723
RPLP0,RPLP0,12,0,0,-0.4578177766910816,-2.32990646575533
PXN,PXN,12,0,0,-3.008865833944302,-2.10916397650266
SIRT4,SIRT4,12,0,0,-1.2031413747398254,-0.219214844413965
PLA2G1B,PLA2G1B,12,0,0,-1.030498208039413,
MSI1,MSI1,12,0,0,-1.819723398360157,
COX6A1,COX6A1,12,0,0,-1.2602673808876208,
TRIAP1,TRIAP1,12,0,0,-0.7036812890695394,0.317633369549455
GATC,GATC,12,0,0,-1.8252516666723917,
SRSF9,SRSF9,12,0,0,-0.8396111242464581,-1.00685958876166
DYNLL1,DYNLL1,12,0,0,0.36689237155122534,0.976820786625439
COQ5,COQ5,12,0,0,-0.10493548964439725,0.0430776640496743
LOC128071547,LOC128071547,12,0,0,-3.5533402629914814,
RNF10,RNF10,12,0,0,-1.410069053414361,-4.01536731004408
POP5,POP5,12,0,0,-0.8751241497776743,0.111736602635541
CABP1,CABP1,12,0,0,-2.5169973883941132,
MLEC,MLEC,12,0,0,-0.9335626513327853,-1.68944477921322
UNC119B,UNC119B,12,0,0,-0.8606725278592542,-0.754485064084205
ACADS,ACADS,12,0,0,-1.944812650399065,-0.701660925862409
SPPL3,SPPL3,12,0,0,0.12258228598343912,-1.31702064362827
HNF1A,HNF1A,12,0,0,-3.549902583693102,-2.42475422779952
C12orf43,C12orf43,12,0,0,-2.067543514462603,-2.18886836892859
OASL,OASL,12,0,0,-1.6393148161129218,-1.49252452832935
P2RX7,P2RX7,12,0,0,-1.0257679444069066,-0.292817589915212
P2RX4,P2RX4,12,0,0,-0.2513431650564044,-0.846273822101511
CAMKK2,CAMKK2,12,0,0,-2.457900441915811,-2.8615097096235
ANAPC5,ANAPC5,12,0,0,-0.5862782654624343,-2.07630629201161
RNF34,RNF34,12,0,0,-0.42523203057159087,-1.37442779277295
KDM2B,KDM2B,12,0,0,-2.274294646594127,-2.791893799709
MORN3,MORN3,12,0,0,-0.9947852027239907,
TMEM120B,TMEM120B,12,0,0,-1.2597113279260004,
RHOF,RHOF,12,0,0,-2.3492535090042566,-3.44974927124013
SETD1B,SETD1B,12,0,0,-3.1385864675647372,-3.94755587990164
HPD,HPD,12,0,0,-1.231550206976772,-1.16860332624505
PSMD9,PSMD9,12,0,0,-2.4097531979378406,-1.32749026353326
CFAP251,CFAP251,12,0,0,-0.39607619301275854,-1.35671233460893
BCL7A,BCL7A,12,0,0,-1.7694837292451364,-1.5637062501063
MLXIP,MLXIP,12,0,0,-2.5198892860006925,-3.33002105961214
IL31,IL31,12,0,0,-1.4545010519514197,
LRRC43,LRRC43,12,0,0,-2.1334912334973843,
B3GNT4,B3GNT4,12,0,0,-1.7483503383458547,
DIABLO,DIABLO,12,0,0,-0.03912750191997816,0.0822207784979271
LOC128125816,LOC128125816,12,0,0,-1.7692165130947366,
VPS33A,VPS33A,12,0,0,-0.20649517897508218,-0.0105416136590455
CLIP1,CLIP1,12,0,0,-0.9019809515683228,-1.71676163520676
ZCCHC8,ZCCHC8,12,0,0,-0.8316015555211713,-0.9583627953449
RSRC2,RSRC2,12,0,0,-0.9151322580731165,-0.442628941744615
KNTC1,KNTC1,12,0,0,0.6106942063681036,-0.868477630772733
HCAR2,HCAR2,12,0,0,-0.7943198455431517,-2.9563949022001
HCAR3,HCAR3,12,0,0,-0.9046420490140452,-1.86319278893558
HCAR1,HCAR1,12,0,0,-0.8554662893392102,
DENR,DENR,12,0,0,0.9134610677848798,0.389625759119276
CCDC62,CCDC62,12,0,0,-0.502575304057272,
HIP1R,HIP1R,12,0,0,-2.9218855489665234,-2.42318235827907
VPS37B,VPS37B,12,0,0,-2.1728044708468808,-2.03039885975131
ABCB9,ABCB9,12,0,0,-1.9703112672779302,-4.13614538822171
OGFOD2,OGFOD2,12,0,0,-2.353709666276769,-1.62412568258968
ARL6IP4,ARL6IP4,12,0,0,-2.9703804632977455,-3.10368174485182
PITPNM2,PITPNM2,12,0,0,-2.567453107846834,-3.33660308734195
MPHOSPH9,MPHOSPH9,12,0,0,-0.0963749436564818,-1.2149650635384
MTRFR,MTRFR,12,0,0,-0.4764554741357987,-0.311387636655946
CDK2AP1,CDK2AP1,12,0,0,-2.510498205293686,-2.99749615235614
SBNO1,SBNO1,12,0,0,0.8051989103442914,-0.475150304617459
KMT5A,KMT5A,12,0,0,-1.2845854290738128,-1.38872971516732
RILPL2,RILPL2,12,0,0,-2.4296310353319353,-2.98821042480104
SNRNP35,SNRNP35,12,0,0,-1.413374253843605,-0.657402322009475
RILPL1,RILPL1,12,0,0,-2.983678395454584,-2.96088306356692
TMED2,TMED2,12,0,0,0.5063218141252559,0.473043034826005
DDX55,DDX55,12,0,0,-0.2773911914137077,0.565434480390254
EIF2B1,EIF2B1,12,0,0,0.07548460535922175,0.271831483295281
GTF2H3,GTF2H3,12,0,0,0.8185269876129713,2.85835534954239
TCTN2,TCTN2,12,0,0,0.14880533546503116,
ATP6V0A2,ATP6V0A2,12,0,0,0.027057686340507203,-0.43225231739646
DNAH10,DNAH10,12,0,0,-0.31519052497325184,
CCDC92,CCDC92,12,0,0,-3.065951153720656,-3.42982766516602
ZNF664,ZNF664,12,0,0,-0.8488869146576299,-2.21200562935858
RFLNA,RFLNA,12,0,0,-3.4745881119242146,
NCOR2,NCOR2,12,0,0,-3.5989787678904204,-3.54591629662117
SCARB1,SCARB1,12,0,0,-0.8973060582699279,-0.31837728129406
UBC,UBC,12,0,0,-1.209475452355921,0.399213240128973
DHX37,DHX37,12,0,0,-2.1883338215819457,-2.50045593138922
BRI3BP,BRI3BP,12,0,0,-1.9703761177169596,-1.60616141251679
AACS,AACS,12,0,0,-1.0705360346061177,-0.738995556297064
TMEM132B,TMEM132B,12,0,0,-1.3433888656491817,
TMEM132C,TMEM132C,12,0,0,-2.379580062823507,
SLC15A4,SLC15A4,12,0,0,-0.3392091818027918,-0.117981771490414
GLT1D1,GLT1D1,12,0,0,-0.16108888651495867,-1.95463922850614
TMEM132D,TMEM132D,12,0,0,-1.927106859329566,
FZD10,FZD10,12,0,0,-1.7249736650012206,
PIWIL1,PIWIL1,12,0,0,0.06332228331638667,
RIMBP2,RIMBP2,12,0,0,-2.571067597529739,
STX2,STX2,12,0,0,0.16306043555421468,-1.64235545738038
RAN,RAN,12,0,0,0.9140460986921592,1.0746180483778
ADGRD1,ADGRD1,12,0,0,-1.4789854800483955,-1.46057330126743
SFSWAP,SFSWAP,12,0,0,-1.8746255319652558,-3.10221468996694
MMP17,MMP17,12,0,0,-2.659730523543729,
ULK1,ULK1,12,0,0,-3.1862108219846466,-3.28066033464338
PUS1,PUS1,12,0,0,-2.0808851194482916,-2.16954712420309
EP400,EP400,12,0,0,-2.1687594030343877,-2.81988827046105
DDX51,DDX51,12,0,0,-2.801039968115502,-2.27067366545256
NOC4L,NOC4L,12,0,0,-2.7169447831055127,-1.63950389056953
GALNT9,GALNT9,12,0,0,-2.154064909176073,
FBRSL1,FBRSL1,12,0,0,-3.7584873747457284,-5.1366990037709
LRCOL1,LRCOL1,12,0,0,-3.4301552124203827,-2.6372501987611
P2RX2,P2RX2,12,0,0,-2.439897136133201,
POLE,POLE,12,0,0,-1.4211081655264142,-1.97914709715462
PXMP2,PXMP2,12,0,0,-0.7121254929357885,
PGAM5,PGAM5,12,0,0,-2.4936961711957277,
ANKLE2,ANKLE2,12,0,0,-1.2869569302997288,-1.98941825346723
GOLGA3,GOLGA3,12,0,0,-2.734929790539729,
CHFR,CHFR,12,0,0,-1.8829059032974236,-2.92471893251185
ZNF605,ZNF605,12,0,0,-0.5867844559961117,
ZNF26,ZNF26,12,0,0,-0.44571719296150647,-1.06150191692687
ZNF84,ZNF84,12,0,0,-0.530473886863188,0.444497402818916
ZNF140,ZNF140,12,0,0,-0.1880000022883337,-0.112044706958096
ZNF891,ZNF891,12,0,0,0.3313948399789357,-0.600378906035358
ZNF10,ZNF10,12,0,0,-0.15231216366612266,
ZNF268,ZNF268,12,0,0,-0.3382104403406121,-0.167623287889001
ANHX,ANHX,12,0,0,-2.611737596562822,
TUBA3C,TUBA3C,13,0,0,-1.1929468269198953,-3.67561071377755
TPTE2,TPTE2,13,0,0,1.3871708976713446,
MPHOSPH8,MPHOSPH8,13,0,0,-0.21932538021916237,-0.606293705821265
PSPC1,PSPC1,13,0,0,-0.49049100315173355,-1.39887199854855
ZMYM5,ZMYM5,13,0,0,0.634064335919879,0.740822020432859
ZMYM2,ZMYM2,13,0,0,0.610477964830169,0.665373211666018
GJA3,GJA3,13,0,0,-2.7235188147485356,
GJB2,GJB2,13,0,0,-0.26450237949846667,-0.196668504972419
GJB6,GJB6,13,0,0,-0.31797990168108825,
CRYL1,CRYL1,13,0,0,-1.0547365857947035,-0.493496276429764
IFT88,IFT88,13,0,0,1.2792305597740867,0.319041953804698
IL17D,IL17D,13,0,0,-2.8191916019209966,
EEF1AKMT1,EEF1AKMT1,13,0,0,0.342984908525267,1.49496899926395
XPO4,XPO4,13,0,0,0.4552972824858035,0.226506110384514
LATS2,LATS2,13,0,0,-2.3345743787392,-4.17014405961046
SAP18,SAP18,13,0,0,-0.2956058310860872,0.276014381980763
SKA3,SKA3,13,0,0,0.5085674594376322,
MRPL57,MRPL57,13,0,0,-1.60444557175237,-0.620752034717633
ZDHHC20,ZDHHC20,13,0,0,1.1170580817552942,0.558491816253278
MICU2,MICU2,13,0,0,0.9553473587535244,1.59436169165595
FGF9,FGF9,13,0,0,-0.9718794700606939,
SGCG,SGCG,13,0,0,-0.273091770039283,
SACS,SACS,13,0,0,0.8585108416470124,-2.71055507079114
TNFRSF19,TNFRSF19,13,0,0,-1.1830877181439288,
MIPEP,MIPEP,13,0,0,0.32408120231060344,0.547547105902956
C1QTNF9B,C1QTNF9B,13,0,0,-0.930965316982979,
SPATA13,SPATA13,13,0,0,-2.349017776813426,
C1QTNF9,C1QTNF9,13,0,0,-0.7906961346147394,
PARP4,PARP4,13,0,0,-0.22822708613119502,0.115532789260288
ATP12A,ATP12A,13,0,0,-0.6594962329831393,
RNF17,RNF17,13,0,0,0.9630118107311834,
CENPJ,CENPJ,13,0,0,-0.4181530517955352,-1.96233384124343
PABPC3,PABPC3,13,0,0,0.6189301969831345,
AMER2,AMER2,13,0,0,-3.3127582349525575,
MTMR6,MTMR6,13,0,0,0.4652656727961624,1.76806648101532
NUP58,NUP58,13,0,0,0.10318518007302124,1.07721280367958
ATP8A2,ATP8A2,13,0,0,0.19189641879784247,
SHISA2,SHISA2,13,0,0,-2.274972918749455,
RNF6,RNF6,13,0,0,-1.0364782247675066,-0.238729356656159
CDK8,CDK8,13,0,0,-0.006730702184954751,-1.13680137193578
WASF3,WASF3,13,0,0,-1.7754666933120262,-2.86475538073057
GPR12,GPR12,13,0,0,-0.6818930026949879,
USP12,USP12,13,0,0,0.9133807483507468,1.0737170824278
RPL21,RPL21,13,0,0,1.0955080179272851,-2.54079939346538
RASL11A,RASL11A,13,0,0,-1.6478975160500742,-0.627833452274647
GTF3A,GTF3A,13,0,0,-0.7614742979165143,-2.27728577088489
MTIF3,MTIF3,13,0,0,0.3506477513358526,-1.17495350015768
LNX2,LNX2,13,0,0,-0.7939038212254683,-0.702316696587523
POLR1D,POLR1D,13,0,0,-0.05861736082204594,-1.37399398054149
GSX1,GSX1,13,0,0,-2.3909706479866806,
PDX1,PDX1,13,0,0,-2.619656322856745,-1.26696673410676
CDX2,CDX2,13,0,0,-3.1298124715652484,
URAD,URAD,13,0,0,-1.9773075515375158,
FLT3,FLT3,13,0,0,0.3014353582973879,
PAN3,PAN3,13,0,0,0.10477206571357911,-0.889861927530533
FLT1,FLT1,13,0,0,-0.11092804858363436,3.46056483644112
POMP,POMP,13,0,0,0.6843589850746561,3.69300907353872
SLC46A3,SLC46A3,13,0,0,1.9213582888359984,5.92094622170674
MTUS2,MTUS2,13,0,0,-1.7963929900352138,
SLC7A1,SLC7A1,13,0,0,-0.6219875918498765,
UBL3,UBL3,13,0,0,0.425066658975064,0.765135666747806
KATNAL1,KATNAL1,13,0,0,0.8393249966848746,-1.36520047268922
UBE2L5,UBE2L5,13,0,0,-0.16972592341170234,
HMGB1,HMGB1,13,0,0,1.0265100883028317,2.83370787565957
USPL1,USPL1,13,0,0,0.4052167234410913,1.07966132507764
ALOX5AP,ALOX5AP,13,0,0,0.1200586048796648,-0.165619802593032
MEDAG,MEDAG,13,0,0,-0.6289088163797647,
TEX26,TEX26,13,0,0,-0.10434937173142877,
HSPH1,HSPH1,13,0,0,0.887955768348295,2.30597886044935
B3GLCT,B3GLCT,13,0,0,-0.07059252153028162,-0.871200551093855
RXFP2,RXFP2,13,0,0,1.206341184764291,
FRY,FRY,13,0,0,-0.5370646292514838,-0.417975376276633
ZAR1L,ZAR1L,13,0,0,-2.1139196226683215,
BRCA2,BRCA2,13,0,0,0.7818896271342837,
N4BP2L1,N4BP2L1,13,0,0,-1.1819210312145216,-0.135071403430088
N4BP2L2,N4BP2L2,13,0,0,0.6103613068224689,0.122622439585553
PDS5B,PDS5B,13,0,0,0.6122479771672751,0.443696712722645
KL,KL,13,0,0,-0.5142247803016602,
STARD13,STARD13,13,0,0,-1.6390933314138891,-1.94360082755671
RFC3,RFC3,13,0,0,0.48505624011076875,1.55499284809586
NBEA,NBEA,13,0,0,0.42578657031235956,
MAB21L1,MAB21L1,13,0,0,-1.2601592581004848,
DCLK1,DCLK1,13,0,0,-0.6407019574003439,
SOHLH2,SOHLH2,13,0,0,0.11698560181638307,
CCDC169,CCDC169,13,0,0,0.26535178913517043,
SPART,SPART,13,0,0,0.41396229591376255,0.875688182710402
CCNA1,CCNA1,13,0,0,-0.07461668131194799,
SERTM1,SERTM1,13,0,0,-1.4166245039250782,
RFXAP,RFXAP,13,0,0,-1.9501189251079083,-2.32472654465582
SMAD9,SMAD9,13,0,0,-1.9085995049137328,-1.21879130852312
ALG5,ALG5,13,0,0,1.246315802516829,2.11544462928622
EXOSC8,EXOSC8,13,0,0,1.1521305331455114,1.27498965332397
SUPT20H,SUPT20H,13,0,0,-0.4170873005474771,-0.561752127008488
CSNK1A1L,CSNK1A1L,13,0,0,0.2077612739810526,
POSTN,POSTN,13,0,0,0.8328294177662787,1.64485810826785
TRPC4,TRPC4,13,0,0,0.20359455721505348,
UFM1,UFM1,13,0,0,0.8260422864816963,3.73953092244749
FREM2,FREM2,13,0,0,-0.5851331733027951,-2.65595818465835
STOML3,STOML3,13,0,0,0.06958956830553298,
PROSER1,PROSER1,13,0,0,-0.6938134312771886,-2.0398464295543
NHLRC3,NHLRC3,13,0,0,1.056075329818869,1.96449578745481
LHFPL6,LHFPL6,13,0,0,-0.5223375005245217,-1.52822734290043
COG6,COG6,13,0,0,0.46702663823547574,0.585495348448425
FOXO1,FOXO1,13,0,0,-1.6418735731705851,-1.16346086844726
MRPS31,MRPS31,13,0,0,-0.014000602934995499,0.789086683930041
SLC25A15,SLC25A15,13,0,0,0.2819466906623749,-0.452211637065474
ELF1,ELF1,13,0,0,0.02675645544703187,0.87189476119335
WBP4,WBP4,13,0,0,0.42465840841808067,1.93445328023883
KBTBD6,KBTBD6,13,0,0,-0.5951728776585838,-0.18907625962871
KBTBD7,KBTBD7,13,0,0,-0.5970647215221838,0.17127808562255
MTRF1,MTRF1,13,0,0,0.002130575902455689,0.461115297648789
NAA16,NAA16,13,0,0,1.2882641810906197,
RGCC,RGCC,13,0,0,-1.711700370580516,-0.625352579584023
VWA8,VWA8,13,0,0,0.20904013506857666,-0.175554318218197
DGKH,DGKH,13,0,0,-0.20244752828897816,
AKAP11,AKAP11,13,0,0,0.1446983952540677,0.0735031164182643
TNFSF11,TNFSF11,13,0,0,-0.2292411754488679,0.47217503852903
FAM216B,FAM216B,13,0,0,-0.5508866014792915,
EPSTI1,EPSTI1,13,0,0,-1.5871972763989817,-0.48267089615213
DNAJC15,DNAJC15,13,0,0,0.4410176133554362,1.67102722740554
ENOX1,ENOX1,13,0,0,-0.6506702819774297,
CCDC122,CCDC122,13,0,0,0.7993479680930697,
LACC1,LACC1,13,0,0,1.0238865071527439,
SERP2,SERP2,13,0,0,-0.8320175771478606,-1.89212848959462
TSC22D1,TSC22D1,13,0,0,-1.2812080587279073,-0.472846667732407
NUFIP1,NUFIP1,13,0,0,-0.5564464970684497,0.946124152710537
GPALPP1,GPALPP1,13,0,0,-0.09218355468830275,0.627037616995684
GTF2F2,GTF2F2,13,0,0,0.08628362271700674,0.929031750400594
KCTD4,KCTD4,13,0,0,0.6511347994408165,
TPT1,TPT1,13,0,0,0.6384455865133685,-3.16622788021628
SLC25A30,SLC25A30,13,0,0,0.6665310309653982,-0.0532827652870082
COG3,COG3,13,0,0,0.2309933679950138,-0.17888398355221
ERICH6B,ERICH6B,13,0,0,-0.27908391831971713,
CBY2,CBY2,13,0,0,-3.182365962513945,
SIAH3,SIAH3,13,0,0,-2.686944928628318,
ZC3H13,ZC3H13,13,0,0,-1.2627296778529011,-2.72577442169428
CPB2,CPB2,13,0,0,0.7797863826980294,2.47899440463351
LCP1,LCP1,13,0,0,0.3115347695630941,0.583033550142832
LRRC63,LRRC63,13,0,0,0.9329992343760676,
RUBCNL,RUBCNL,13,0,0,-0.8040389368753615,-3.29336300842149
LRCH1,LRCH1,13,0,0,-1.1325736646540783,-1.13589576351132
ESD,ESD,13,0,0,0.9868894785356499,3.31238877584197
HTR2A,HTR2A,13,0,0,0.06944560071070427,
SUCLA2,SUCLA2,13,0,0,1.2866426007459868,2.10521610677261
NUDT15,NUDT15,13,0,0,-0.1794070923668123,-0.409527650281889
MED4,MED4,13,0,0,-0.3948553535846635,0.164622707204628
ITM2B,ITM2B,13,0,0,0.9082684164532715,1.07511295726271
RB1,RB1,13,0,0,0.757146498526506,0.714651414202484
LPAR6,LPAR6,13,0,0,1.7332682162304671,2.13740997071833
RCBTB2,RCBTB2,13,0,0,-0.09245545370681896,-0.0057230946546789
CYSLTR2,CYSLTR2,13,0,0,0.44984265365656384,
FNDC3A,FNDC3A,13,0,0,0.3491808391877065,0.637340183488782
MLNR,MLNR,13,0,0,-1.7692910630350678,
CDADC1,CDADC1,13,0,0,0.3336240430239066,-1.27986607091334
CAB39L,CAB39L,13,0,0,0.05916061169914677,-0.716099957340647
SETDB2,SETDB2,13,0,0,0.7181536210044897,
PHF11,PHF11,13,0,0,0.1299601867930118,2.32549456786457
RCBTB1,RCBTB1,13,0,0,0.26193245350507866,-1.19956507402533
ARL11,ARL11,13,0,0,-1.809428661857977,
EBPL,EBPL,13,0,0,0.375702055847869,0.466155279829016
KPNA3,KPNA3,13,0,0,0.6244207574662184,1.10336965852777
SPRYD7,SPRYD7,13,0,0,0.3347414463033367,0.484993258171224
TRIM13,TRIM13,13,0,0,0.7174202909092191,2.76279404752374
KCNRG,KCNRG,13,0,0,-0.03852875702722258,
DLEU7,DLEU7,13,0,0,-2.8110977151300727,
RNASEH2B,RNASEH2B,13,0,0,1.0626444885008297,0.0733618584756885
C13orf42,C13orf42,13,0,0,-1.9771608851351044,
FAM124A,FAM124A,13,0,0,-3.2071683588014164,
SERPINE3,SERPINE3,13,0,0,-1.2746633940589671,
INTS6,INTS6,13,0,0,0.07082720004193632,-0.271660156329173
WDFY2,WDFY2,13,0,0,-1.073787068171315,-1.96516314948654
DHRS12,DHRS12,13,0,0,-0.740957663196312,-1.14646730319683
TMEM272,TMEM272,13,0,0,-0.21708127853360715,
CCDC70,CCDC70,13,0,0,-0.7525747552572764,
ATP7B,ATP7B,13,0,0,-0.9868361396054421,-1.587521191529
ALG11,ALG11,13,0,0,1.31601231555039,2.02496063803729
UTP14C,UTP14C,13,0,0,-1.1251561925136269,
NEK5,NEK5,13,0,0,0.09414204161290307,
NEK3,NEK3,13,0,0,0.2607208562170644,-0.802635582627127
THSD1,THSD1,13,0,0,-1.8040949947464107,-2.15855578260796
VPS36,VPS36,13,0,0,-0.3391735018585038,-0.072799582855943
CKAP2,CKAP2,13,0,0,0.2744532401974613,1.49639930023267
HNRNPA1L2,HNRNPA1L2,13,0,0,0.0222214288079563,-1.6060956022676
SUGT1,SUGT1,13,0,0,1.350976949044508,0.353407964680912
CNMD,CNMD,13,0,0,-0.40748478272800526,
PCDH8,PCDH8,13,0,0,-2.758509703910219,
OLFM4,OLFM4,13,0,0,0.4304883716898438,
PRR20A,PRR20A,13,0,0,-2.702013168635059,
PRR20B,PRR20B,13,0,0,-2.702013168635059,
PRR20C,PRR20C,13,0,0,-2.702013168635059,
PRR20D,PRR20D,13,0,0,-2.702013168635059,
PRR20E,PRR20E,13,0,0,-2.702013168635059,
PCDH17,PCDH17,13,0,0,-1.917205430183806,
DIAPH3,DIAPH3,13,0,0,0.013531330803154162,
TDRD3,TDRD3,13,0,0,0.5435539674476537,-0.828516757063525
PCDH20,PCDH20,13,0,0,-0.31753333709984766,
LOC112267897,LOC112267897,13,0,0,0.9428369825802427,
LOC647264,LOC647264,13,0,0,0.7836438252079283,
PCDH9,PCDH9,13,0,0,-0.16747529054214283,-1.19560550432562
KLHL1,KLHL1,13,0,0,0.07889964420758844,
DACH1,DACH1,13,0,0,-1.8652234239076382,-0.3191067661975
MZT1,MZT1,13,0,0,1.3606353303972423,0.934631266289265
BORA,BORA,13,0,0,-0.03874168972070713,
DIS3,DIS3,13,0,0,0.5775824629362258,0.975618264873954
PIBF1,PIBF1,13,0,0,0.324939765741167,2.59353950643236
KLF5,KLF5,13,0,0,-1.3737437341380474,-1.02122605062383
KLF12,KLF12,13,0,0,-1.064057691897501,-1.28412082259721
TBC1D4,TBC1D4,13,0,0,-1.2401287433056005,-1.66273537003368
COMMD6,COMMD6,13,0,0,1.3156309382815206,0.509988219414945
UCHL3,UCHL3,13,0,0,0.5900755684626375,0.83409530877631
LMO7,LMO7,13,0,0,-0.5219219237243937,-1.96536282253072
KCTD12,KCTD12,13,0,0,-2.944187442003983,-2.03966867695776
ACOD1,ACOD1,13,0,0,-0.65244342644921,
CLN5,CLN5,13,0,0,0.9643566443235301,
FBXL3,FBXL3,13,0,0,0.3506546449816277,1.73978264864596
MYCBP2,MYCBP2,13,0,0,0.18377282387057292,-2.01781965618862
LOC127898562,LOC127898562,13,0,0,-5.867251120983463,
SCEL,SCEL,13,0,0,0.26550144520656893,
SLAIN1,SLAIN1,13,0,0,-1.9559002353891284,-1.772411536104
EDNRB,EDNRB,13,0,0,0.2942220965582223,0.349617213674584
POU4F1,POU4F1,13,0,0,-2.8747434586908813,
OBI1,OBI1,13,0,0,-0.2909124478067415,1.44775843476365
RBM26,RBM26,13,0,0,-0.1703442878339274,-0.231883584953799
NDFIP2,NDFIP2,13,0,0,0.16502448792139113,-0.0740399287730618
SPRY2,SPRY2,13,0,0,-2.3519890663161345,-2.81814801642137
SLITRK1,SLITRK1,13,0,0,-1.1714191819156472,
SLITRK6,SLITRK6,13,0,0,0.2068604629765627,1.46790082535344
SLITRK5,SLITRK5,13,0,0,-1.6976820102433194,
GPC5,GPC5,13,0,0,0.1344596058322498,0.698089942606978
GPC6,GPC6,13,0,0,-0.8268201879373116,-0.396638839899534
DCT,DCT,13,0,0,-0.38880541321773876,
TGDS,TGDS,13,0,0,1.4770842995886948,1.56252043007346
GPR180,GPR180,13,0,0,0.04322741597297153,0.728810248039844
SOX21,SOX21,13,0,0,-2.107326320113117,
ABCC4,ABCC4,13,0,0,0.4566138632674228,-0.155755572820173
CLDN10,CLDN10,13,0,0,0.836773612038856,0.78960679332673
DZIP1,DZIP1,13,0,0,-0.8258773424978259,
DNAJC3,DNAJC3,13,0,0,0.9397720174983775,1.8931497926167
UGGT2,UGGT2,13,0,0,1.7263086117270294,0.540480805575502
HS6ST3,HS6ST3,13,0,0,-2.2159301566537835,
OXGR1,OXGR1,13,0,0,0.557823921025502,
MBNL2,MBNL2,13,0,0,-0.32387744478826086,-0.973540056655521
RAP2A,RAP2A,13,0,0,-1.055295852641537,-2.98729648223576
IPO5,IPO5,13,0,0,0.9059980348811472,0.784770486959406
RNF113B,RNF113B,13,0,0,-2.573018534086021,
FARP1,FARP1,13,0,0,-1.7870447904479612,-2.25616687210351
STK24,STK24,13,0,0,-0.762720241385944,-1.79655183090096
SLC15A1,SLC15A1,13,0,0,0.5241745569502729,0.948984004271398
DOCK9,DOCK9,13,0,0,-0.2980159229037085,-1.69022159900109
UBAC2,UBAC2,13,0,0,-0.0898653693532836,-0.71302083038081
GPR18,GPR18,13,0,0,0.8100929721013657,
GPR183,GPR183,13,0,0,1.1197107493066518,
TM9SF2,TM9SF2,13,0,0,1.2635334708408301,1.89563521963139
CLYBL,CLYBL,13,0,0,0.18166542989309242,1.41528133030409
ZIC5,ZIC5,13,0,0,-3.0293731170377374,
ZIC2,ZIC2,13,0,0,-2.719200977939053,
PCCA,PCCA,13,0,0,0.7573561645059819,0.601933518664945
GGACT,GGACT,13,0,0,-3.0533878304203004,-1.90569044489126
TMTC4,TMTC4,13,0,0,-0.16668379268396372,-1.87611804364217
NALCN,NALCN,13,0,0,0.3926523963714246,-2.86735087854833
ITGBL1,ITGBL1,13,0,0,-0.7191153202883651,0.210793011860191
FGF14,FGF14,13,0,0,-0.5477635354794526,-1.50606811617836
TPP2,TPP2,13,0,0,0.8930786057865383,0.914551762241761
METTL21C,METTL21C,13,0,0,-0.21884165810194212,
CCDC168,CCDC168,13,0,0,0.068572198010596,
TEX30,TEX30,13,0,0,1.3250833550940655,3.53007664802431
POGLUT2,POGLUT2,13,0,0,0.5791413720066707,0.276724414754934
BIVM,BIVM,13,0,0,0.15502884216161839,0.0917740440308235
ERCC5,ERCC5,13,0,0,-0.5428535065637021,
SLC10A2,SLC10A2,13,0,0,0.5176394395676791,
DAOA,DAOA,13,0,0,-0.07749252413654162,
EFNB2,EFNB2,13,0,0,-0.42506481605295576,-0.830021394119527
ARGLU1,ARGLU1,13,0,0,-2.7794542702165366,-2.50782274925133
NALF1,NALF1,13,0,0,-1.915208648300263,
LIG4,LIG4,13,0,0,1.4003043027458055,0.460831322964251
ABHD13,ABHD13,13,0,0,1.2811462424445477,0.327465731416867
TNFSF13B,TNFSF13B,13,0,0,-0.369580105718299,-1.19444931799969
MYO16,MYO16,13,0,0,-0.9633934691567063,
IRS2,IRS2,13,0,0,-3.5717230861221356,-3.19534936572472
COL4A1,COL4A1,13,0,0,-1.7857370993427377,-1.32522990703678
COL4A2,COL4A2,13,0,0,-2.0207872836435605,-1.5458914807913
RAB20,RAB20,13,0,0,-1.9821270595804137,-0.676676091944858
NAXD,NAXD,13,0,0,-1.451165396878455,-0.989460415479252
CARS2,CARS2,13,0,0,-1.1699536047354009,-1.55896406206892
ING1,ING1,13,0,0,-2.6091991890543866,-2.19905864728754
ANKRD10,ANKRD10,13,0,0,-1.579102523895962,-1.64763507511742
ARHGEF7,ARHGEF7,13,0,0,-1.231031997253556,-1.29086691916407
TEX29,TEX29,13,0,0,-1.2296813427556597,
SOX1,SOX1,13,0,0,-2.424349888511136,
SPACA7,SPACA7,13,0,0,-0.7774503995089699,
TUBGCP3,TUBGCP3,13,0,0,-0.7202879084372427,-1.28261477020737
ATP11A,ATP11A,13,0,0,-0.7854085323473576,-2.25165609349209
MCF2L,MCF2L,13,0,0,-2.360563227279444,-3.03374238540601
F7,F7,13,0,0,-2.6665929540851856,-0.887193565796431
F10,F10,13,0,0,-2.3889539609118415,-0.609785735991568
PROZ,PROZ,13,0,0,-1.372688381592356,-0.654830044551688
PCID2,PCID2,13,0,0,0.13942057688666232,0.141979621223023
CUL4A,CUL4A,13,0,0,-0.49796398359890404,-0.793021342689506
LAMP1,LAMP1,13,0,0,-1.433101817918141,0.386575053585674
GRTP1,GRTP1,13,0,0,-1.511618830587656,-1.33580625908134
ADPRHL1,ADPRHL1,13,0,0,-2.859558693744665,-3.5675458239672
DCUN1D2,DCUN1D2,13,0,0,0.3446489583993113,-1.52419556313279
TMCO3,TMCO3,13,0,0,-0.6003630439156868,-2.30094060822838
TFDP1,TFDP1,13,0,0,-1.5849495862622938,-2.84103716476707
ATP4B,ATP4B,13,0,0,-1.024204299555194,
GRK1,GRK1,13,0,0,-1.7038301069284536,
TMEM255B,TMEM255B,13,0,0,-1.9911867069009865,-2.42081175946264
GAS6,GAS6,13,0,0,-2.3702513456066736,-3.17190893789294
C13orf46,C13orf46,13,0,0,-3.187120525077889,
RASA3,RASA3,13,0,0,-1.5860229519610591,-2.64235880884088
CFAP97D2,CFAP97D2,13,0,0,-3.2384581554790817,
CDC16,CDC16,13,0,0,0.7828245150082509,0.932885090728218
UPF3A,UPF3A,13,0,0,-1.7271021967628233,-2.44802140511546
CHAMP1,CHAMP1,13,0,0,-0.8905804204923395,-0.13930063472601
OR11H12,OR11H12,14,0,0,1.1524113232483089,
POTEM,POTEM,14,0,0,-0.2387269802363452,
POTEG,POTEG,14,0,0,-0.28683308409541475,
OR11H2,OR11H2,14,0,0,1.1210856119962926,
OR4Q3,OR4Q3,14,0,0,0.7663361118512064,
OR4M1,OR4M1,14,0,0,0.9138316747532613,
OR4N2,OR4N2,14,0,0,0.495568083213783,
OR4K2,OR4K2,14,0,0,1.5240684542775433,
OR4K5,OR4K5,14,0,0,1.1936364697057318,
OR4K1,OR4K1,14,0,0,1.0512420296689804,
OR4K15,OR4K15,14,0,0,1.1531626780347768,
OR4K14,OR4K14,14,0,0,0.6726962207115896,
OR4K13,OR4K13,14,0,0,1.1435514646277056,
OR4L1,OR4L1,14,0,0,1.0614489500723465,
OR4K17,OR4K17,14,0,0,1.3875414630497982,
OR4N5,OR4N5,14,0,0,0.5066007123378586,
OR11G2,OR11G2,14,0,0,0.5361564936258585,
OR11H6,OR11H6,14,0,0,0.8665061970771326,
OR11H4,OR11H4,14,0,0,1.5454676426471359,
TTC5,TTC5,14,0,0,-1.0038648260093623,-1.03331428722223
CCNB1IP1,CCNB1IP1,14,0,0,0.16740417758115989,-1.35934878664042
PARP2,PARP2,14,0,0,0.1407355159643231,0.204386609231897
TEP1,TEP1,14,0,0,-1.6200894782095556,-0.803121835067739
KLHL33,KLHL33,14,0,0,-2.3411504433817125,
OSGEP,OSGEP,14,0,0,-0.33516575091528544,-0.721437605403498
APEX1,APEX1,14,0,0,-0.6864937256631674,-0.443921283425502
PIP4P1,PIP4P1,14,0,0,-1.3085207886680088,-0.854683454912224
PNP,PNP,14,0,0,-0.22973368002822525,1.49599256921552
RNASE10,RNASE10,14,0,0,-0.46483207613102095,
RNASE9,RNASE9,14,0,0,0.37351436344277644,
RNASE11,RNASE11,14,0,0,-0.39589702871631083,
RNASE12,RNASE12,14,0,0,0.2900325581597869,
OR6S1,OR6S1,14,0,0,-0.0742011034089991,
ANG,ANG,14,0,0,-0.6146644921913271,0.23746533447009
RNASE4,RNASE4,14,0,0,-0.8074716493343068,
EDDM3A,EDDM3A,14,0,0,0.32973043004949965,
EDDM3B,EDDM3B,14,0,0,0.37699762755925015,
RNASE6,RNASE6,14,0,0,-0.3036273857593379,2.25404553779597
RNASE1,RNASE1,14,0,0,-1.9079357067945377,0.456087322393962
RNASE3,RNASE3,14,0,0,-0.21596295713836966,
RNASE2,RNASE2,14,0,0,0.18711884331494844,
METTL17,METTL17,14,0,0,-0.9192037327563973,-0.579245394306902
SLC39A2,SLC39A2,14,0,0,-0.2694851801112339,
NDRG2,NDRG2,14,0,0,-0.5003909431866465,-0.0603162418251731
TPPP2,TPPP2,14,0,0,-0.38276039400907713,-2.14270275185029
RNASE13,RNASE13,14,0,0,0.09959628466705439,
RNASE7,RNASE7,14,0,0,-1.4641069121873507,
RNASE8,RNASE8,14,0,0,-1.7018765167075127,
ARHGEF40,ARHGEF40,14,0,0,-2.9305576046013098,-3.0181441864763
ZNF219,ZNF219,14,0,0,-3.4462620274318763,-5.7119415339698
TMEM253,TMEM253,14,0,0,-1.7371905989675636,
OR5AU1,OR5AU1,14,0,0,-0.07808042755718603,
HNRNPC,HNRNPC,14,0,0,0.15984407225275987,1.78393593370858
RPGRIP1,RPGRIP1,14,0,0,-0.8996579863345353,-1.57331362176103
SUPT16H,SUPT16H,14,0,0,0.38976279276168846,0.516907422204231
CHD8,CHD8,14,0,0,-0.6607945532811001,-1.86919040757517
RAB2B,RAB2B,14,0,0,-0.44217714667568053,0.446896170061042
TOX4,TOX4,14,0,0,-1.099170499839758,-0.67846168853586
METTL3,METTL3,14,0,0,-0.7718366506035288,-0.505574653915561
SALL2,SALL2,14,0,0,-2.513108204910285,-1.67166586523714
OR10G3,OR10G3,14,0,0,-0.24174511696493362,
OR10G2,OR10G2,14,0,0,0.2018847833412014,
OR4E2,OR4E2,14,0,0,0.5379650855347524,
OR4E1,OR4E1,14,0,0,0.13507450958379508,
DAD1,DAD1,14,0,0,0.05813046164638358,2.08084864435278
ABHD4,ABHD4,14,0,0,-1.1035931097434837,-0.370427926047551
OR6J1,OR6J1,14,0,0,-0.301906275580647,
OXA1L,OXA1L,14,0,0,-0.6972507982917779,-0.539496801182728
SLC7A7,SLC7A7,14,0,0,0.12855845698581803,0.551436948840672
MRPL52,MRPL52,14,0,0,-1.4853919182880144,0.0069775053266242
MMP14,MMP14,14,0,0,-1.1631925978366358,-0.312671163241068
LRP10,LRP10,14,0,0,-1.9436509609447334,-2.13437049930541
REM2,REM2,14,0,0,-2.91819856924727,
RBM23,RBM23,14,0,0,-1.1475804983140439,-1.21953428667675
PRMT5,PRMT5,14,0,0,-0.7274521196226171,-0.461579280872492
HAUS4,HAUS4,14,0,0,-1.0451279815212846,-0.854442574483008
AJUBA,AJUBA,14,0,0,-2.413914742269336,-2.33571063270179
C14orf93,C14orf93,14,0,0,-1.8713934983847427,-2.5338324971718
PSMB5,PSMB5,14,0,0,-0.23604740657945378,-0.166039070411084
PSMB11,PSMB11,14,0,0,-2.124623236322167,
CDH24,CDH24,14,0,0,-2.3534127844421775,
ACIN1,ACIN1,14,0,0,-2.4812704175455362,-2.01498596525318
C14orf119,C14orf119,14,0,0,-0.9597168718794329,0.801647935479499
CIROP,CIROP,14,0,0,-1.5768706982196097,
CEBPE,CEBPE,14,0,0,-3.2393574504719407,-2.18985419125105
SLC7A8,SLC7A8,14,0,0,-0.521420995240927,-0.881664614372216
RNF212B,RNF212B,14,0,0,-1.1048352512701722,
HOMEZ,HOMEZ,14,0,0,-1.9587405945856577,
PPP1R3E,PPP1R3E,14,0,0,-3.390409770924924,-3.7852964419348
BCL2L2,BCL2L2,14,0,0,-1.335789141060495,
PABPN1,PABPN1,14,0,0,-2.2179451735908735,
SLC22A17,SLC22A17,14,0,0,-1.9709158882757372,-0.834541699048986
EFS,EFS,14,0,0,-2.7319637195901123,-3.18199218841661
IL25,IL25,14,0,0,-2.7959401713842027,
CMTM5,CMTM5,14,0,0,-1.1934875191874372,
MYH6,MYH6,14,0,0,-1.8199215995907032,
MYH7,MYH7,14,0,0,-1.7983143326934616,
NGDN,NGDN,14,0,0,-0.6701672008743635,0.409710541810597
ZFHX2,ZFHX2,14,0,0,-2.461814216972364,
THTPA,THTPA,14,0,0,-1.9036743879017308,-1.74516226468426
AP1G2,AP1G2,14,0,0,-1.9927090108590484,-1.9303689509061
JPH4,JPH4,14,0,0,-3.4600829975383824,
DHRS2,DHRS2,14,0,0,-2.0775933017897152,-0.627748936541465
DHRS4,DHRS4,14,0,0,-1.639837366521741,-1.16857574208784
DHRS4L2,DHRS4L2,14,0,0,-1.7531317867550484,-1.33763824891188
CARMIL3,CARMIL3,14,0,0,-2.9408305550641884,-3.50244151880226
CPNE6,CPNE6,14,0,0,-1.925191491282364,
NRL,NRL,14,0,0,-3.126040576650407,-3.57951068744692
PCK2,PCK2,14,0,0,-1.6509727203810396,-0.968889680524676
DCAF11,DCAF11,14,0,0,-1.2698939210782445,
FITM1,FITM1,14,0,0,-1.8198452257171933,
PSME1,PSME1,14,0,0,-0.7026826566512394,0.144811026592168
EMC9,EMC9,14,0,0,-0.9605316474659507,-1.52493012212265
PSME2,PSME2,14,0,0,-0.6645716557319101,0.0715237071055957
RNF31,RNF31,14,0,0,-2.1999542321255063,-2.9701850508342
IRF9,IRF9,14,0,0,-2.2959830651296382,
REC8,REC8,14,0,0,-2.5298067785422713,-2.86741364730897
IPO4,IPO4,14,0,0,-2.0268181573523663,
TM9SF1,TM9SF1,14,0,0,-0.44773345999545633,
TSSK4,TSSK4,14,0,0,-0.5876814788419296,
CHMP4A,CHMP4A,14,0,0,-0.934999015597306,
MDP1,MDP1,14,0,0,-1.2435202649363113,
NEDD8,NEDD8,14,0,0,-0.5660409287446946,
GMPR2,GMPR2,14,0,0,-0.1512024318912708,-0.225706173012223
TINF2,TINF2,14,0,0,-1.3264380328776308,-1.91470021215106
TGM1,TGM1,14,0,0,-1.6039903923949552,
RABGGTA,RABGGTA,14,0,0,-2.0108087959856515,-1.41337760772875
DHRS1,DHRS1,14,0,0,-0.8448260816090762,-0.271270234703872
NOP9,NOP9,14,0,0,-1.7289876980257457,-1.44096853747387
CIDEB,CIDEB,14,0,0,-1.6826104785058131,-0.255316078527475
LTB4R2,LTB4R2,14,0,0,-2.058525511710725,-2.18550699621689
LTB4R,LTB4R,14,0,0,-1.8930696400702853,
ADCY4,ADCY4,14,0,0,-1.520127188273145,
RIPK3,RIPK3,14,0,0,-1.7103257791977544,
NFATC4,NFATC4,14,0,0,-2.7846667952298674,-4.16575909347112
NYNRIN,NYNRIN,14,0,0,-2.0247382401426837,-2.13623816658556
CBLN3,CBLN3,14,0,0,-2.395239243131437,-3.35207375408173
KHNYN,KHNYN,14,0,0,-2.258444495453796,-3.45113650267807
SDR39U1,SDR39U1,14,0,0,-1.546145028854335,-0.953640499962638
CMA1,CMA1,14,0,0,-0.7766064545004898,
CTSG,CTSG,14,0,0,-2.036810068226332,-0.705346299200586
GZMH,GZMH,14,0,0,-1.494354765674375,-1.36743242007747
GZMB,GZMB,14,0,0,-1.287289317688609,-0.690236765975937
STXBP6,STXBP6,14,0,0,-0.6314815064383446,-0.207865559650932
NOVA1,NOVA1,14,0,0,-0.09287025953386774,-1.57319507167285
FOXG1,FOXG1,14,0,0,-3.315749258447939,
PRKD1,PRKD1,14,0,0,-0.5405470040878502,-1.08721732630641
G2E3,G2E3,14,0,0,0.7793457273532916,0.257066181016179
SCFD1,SCFD1,14,0,0,1.4299406936226333,1.6624283046826
COCH,COCH,14,0,0,0.7403024303147383,
STRN3,STRN3,14,0,0,0.22688187398095572,-0.971600723175466
AP4S1,AP4S1,14,0,0,1.9404088860608457,
HECTD1,HECTD1,14,0,0,0.3422205922344883,-0.436800418750035
HEATR5A,HEATR5A,14,0,0,0.5011405047547317,0.183918860359384
DTD2,DTD2,14,0,0,0.0979966495456761,
GPR33,GPR33,14,0,0,0.8271284300837642,
NUBPL,NUBPL,14,0,0,0.4992779928216873,2.47640966383766
ARHGAP5,ARHGAP5,14,0,0,0.9439210872670714,1.64308604154691
AKAP6,AKAP6,14,0,0,-0.4854052326475742,-1.73126986164333
NPAS3,NPAS3,14,0,0,-2.1005029419705217,
EGLN3,EGLN3,14,0,0,-1.1640892446190385,-0.472466812960562
SPTSSA,SPTSSA,14,0,0,1.1958110372707829,0.285989293280262
EAPP,EAPP,14,0,0,0.23927953565629778,0.77771618870463
SNX6,SNX6,14,0,0,1.3721210065362595,2.081750236373
CFL2,CFL2,14,0,0,1.7197715036870669,4.38457156541818
BAZ1A,BAZ1A,14,0,0,0.028503270020401317,-0.385380398873534
SRP54,SRP54,14,0,0,1.816469945239179,3.43781886019314
FAM177A1,FAM177A1,14,0,0,0.07398819905595388,-0.185997164347538
PPP2R3C,PPP2R3C,14,0,0,1.418162439647137,1.39025155565644
PRORP,PRORP,14,0,0,0.5121298013985331,0.784516338362406
PSMA6,PSMA6,14,0,0,1.211132505942226,2.09314973106615
NFKBIA,NFKBIA,14,0,0,-2.0709823734658492,-1.48984042904602
INSM2,INSM2,14,0,0,-2.8965398859353684,
RALGAPA1,RALGAPA1,14,0,0,0.3998504552006974,-1.1420690596741
BRMS1L,BRMS1L,14,0,0,0.3010001610544908,-0.460359980109049
MBIP,MBIP,14,0,0,-0.07645935655902925,1.54321110256182
NKX2-1,NKX2-1,14,0,0,-2.6695531986117107,
NKX2-8,NKX2-8,14,0,0,-2.9837988230353094,
PAX9,PAX9,14,0,0,-2.508726755203787,
SLC25A21,SLC25A21,14,0,0,0.9294449832710345,
MIPOL1,MIPOL1,14,0,0,0.43546630180488677,
FOXA1,FOXA1,14,0,0,-2.2824724938103227,-1.89564219869458
TTC6,TTC6,14,0,0,0.7192779617976441,
SSTR1,SSTR1,14,0,0,-1.1955592325887032,
CLEC14A,CLEC14A,14,0,0,-2.1500201383895146,-1.36179920421933
SEC23A,SEC23A,14,0,0,0.758638698175945,1.19852533660836
GEMIN2,GEMIN2,14,0,0,-0.17925968757859145,0.652186848046608
TRAPPC6B,TRAPPC6B,14,0,0,1.042063555006603,-0.0991046377747129
PNN,PNN,14,0,0,-1.6249394227508187,-1.47932562342281
MIA2,MIA2,14,0,0,0.4329264319616861,
FBXO33,FBXO33,14,0,0,-0.8990974648125647,-1.1432845856043
LRFN5,LRFN5,14,0,0,0.3361243161146028,
FSCB,FSCB,14,0,0,-0.7783112015836693,
C14orf28,C14orf28,14,0,0,1.0293833715419058,-2.22896410210205
KLHL28,KLHL28,14,0,0,1.2295407854132705,2.63943922874319
TOGARAM1,TOGARAM1,14,0,0,0.06602182368986576,0.128758136391599
PRPF39,PRPF39,14,0,0,1.1099168756519866,1.05720199429973
FKBP3,FKBP3,14,0,0,0.9797883801357639,2.28096705330379
FANCM,FANCM,14,0,0,0.6331755538937056,
MIS18BP1,MIS18BP1,14,0,0,0.7558186374113305,0.850456818847369
RPL10L,RPL10L,14,0,0,-0.39612924311856546,
MDGA2,MDGA2,14,0,0,0.4810846725903364,
RPS29,RPS29,14,0,0,-0.14493120246106272,2.1206596854854
LRR1,LRR1,14,0,0,0.01844923457925063,-1.23211831281007
RPL36AL,RPL36AL,14,0,0,0.1810888822745511,0.410208698252863
MGAT2,MGAT2,14,0,0,-0.4943348695033638,-1.79238433165063
DNAAF2,DNAAF2,14,0,0,-1.6634756738399705,-1.13097398653773
POLE2,POLE2,14,0,0,0.6899250664667687,
KLHDC1,KLHDC1,14,0,0,0.7333783211802292,0.0473906872842883
KLHDC2,KLHDC2,14,0,0,0.40293025982900943,0.46937992531922
NEMF,NEMF,14,0,0,0.7859441330190986,0.8198121255171
ARF6,ARF6,14,0,0,-1.005716364354548,-1.1809449639302
VCPKMT,VCPKMT,14,0,0,0.04079473340335049,-0.38248266553982
SOS2,SOS2,14,0,0,0.06553332631596831,-0.58217831615475
L2HGDH,L2HGDH,14,0,0,0.8776254751950319,0.72674806518704
DMAC2L,DMAC2L,14,0,0,0.23624799153106402,
CDKL1,CDKL1,14,0,0,-0.45769709802327085,-1.03732606979255
MAP4K5,MAP4K5,14,0,0,0.3442077601901907,-0.73044552128844
ATL1,ATL1,14,0,0,0.5280366721071594,
SAV1,SAV1,14,0,0,0.2794469006835989,-0.777512153632555
NIN,NIN,14,0,0,-1.1504768978908917,-3.84688393082524
ABHD12B,ABHD12B,14,0,0,0.07966410311791883,
PYGL,PYGL,14,0,0,0.0493220004600321,-0.248171567947194
TRIM9,TRIM9,14,0,0,-1.6057563230679204,
TMX1,TMX1,14,0,0,0.05810115750964506,0.292828257731236
FRMD6,FRMD6,14,0,0,-0.7101697835777205,-1.33306562963112
GNG2,GNG2,14,0,0,-0.6656693245179248,-1.05961868296939
RTRAF,RTRAF,14,0,0,1.261984022298087,2.13691136678303
NID2,NID2,14,0,0,-1.3496031286446044,-1.21254111237786
PTGDR,PTGDR,14,0,0,-0.9548078143033454,
PTGER2,PTGER2,14,0,0,-1.553987423223452,-2.86697820747007
TXNDC16,TXNDC16,14,0,0,1.322437522161632,0.644824153479695
GPR137C,GPR137C,14,0,0,-0.449627488409325,
ERO1A,ERO1A,14,0,0,0.6355358703243095,0.913498921893266
PSMC6,PSMC6,14,0,0,1.0845216251276497,0.990474239939343
STYX,STYX,14,0,0,1.056033436043533,-0.223855822833451
GNPNAT1,GNPNAT1,14,0,0,1.4841757217641014,5.02083130275093
FERMT2,FERMT2,14,0,0,0.7383956217551084,1.01780122275255
DDHD1,DDHD1,14,0,0,-0.7407599145580619,-2.58503230197635
BMP4,BMP4,14,0,0,-2.137170539231919,-2.0329412208901
CDKN3,CDKN3,14,0,0,-0.18775585049840693,-1.12719271948692
CNIH1,CNIH1,14,0,0,2.1424197368201323,2.41319598420391
GMFB,GMFB,14,0,0,1.5743617574847981,4.03593645484574
CGRRF1,CGRRF1,14,0,0,1.0864446517707975,
SAMD4A,SAMD4A,14,0,0,-2.064748474015772,-2.69244551565248
GCH1,GCH1,14,0,0,-1.2694854977300896,-0.324671596563184
WDHD1,WDHD1,14,0,0,0.7063968375654177,
SOCS4,SOCS4,14,0,0,0.021033565861966252,0.841104621885266
MAPK1IP1L,MAPK1IP1L,14,0,0,-1.5113485086656624,0.127401037657696
LGALS3,LGALS3,14,0,0,-0.6408187150413251,0.89163639890633
DLGAP5,DLGAP5,14,0,0,0.6724260604782373,
FBXO34,FBXO34,14,0,0,-0.9128274854618965,-1.10664609206457
ATG14,ATG14,14,0,0,-1.115573886950548,-2.34521631664522
TBPL2,TBPL2,14,0,0,-0.27893598424390476,
KTN1,KTN1,14,0,0,0.473054066822149,1.13009388919723
PELI2,PELI2,14,0,0,-1.7449576283818118,
TMEM260,TMEM260,14,0,0,0.5614080006326763,2.12201453398597
OTX2,OTX2,14,0,0,-0.8240275420649663,
EXOC5,EXOC5,14,0,0,1.1512818559668947,-0.0529271568396643
AP5M1,AP5M1,14,0,0,0.8185702478965524,0.555732041336227
NAA30,NAA30,14,0,0,-1.232206480227184,-2.19410155019631
CCDC198,CCDC198,14,0,0,-0.5286781172648993,-2.00205757722809
SLC35F4,SLC35F4,14,0,0,0.3346170370318369,
ARMH4,ARMH4,14,0,0,-0.5114597202203743,
ACTR10,ACTR10,14,0,0,0.7145340017107529,1.63653653736027
PSMA3,PSMA3,14,0,0,1.5635984704623258,2.3836630579814
ARID4A,ARID4A,14,0,0,0.36149819106193526,0.654021521615188
TOMM20L,TOMM20L,14,0,0,-0.7411810368958314,
TIMM9,TIMM9,14,0,0,0.4552196660292669,0.163931511985495
KIAA0586,KIAA0586,14,0,0,0.3601431284807042,-0.602901020595802
DACT1,DACT1,14,0,0,-2.7582168369827933,-3.53336938129682
DAAM1,DAAM1,14,0,0,-0.1413170797576253,0.339178596183434
GPR135,GPR135,14,0,0,-2.0615341759403325,-3.50961098887669
L3HYPDH,L3HYPDH,14,0,0,-0.716798907044895,-0.4518177217736
JKAMP,JKAMP,14,0,0,1.5361258622063794,3.23142013251941
CCDC175,CCDC175,14,0,0,0.6174328179759954,
RTN1,RTN1,14,0,0,-2.1904846213368128,-0.512936293025271
LRRC9,LRRC9,14,0,0,0.6296358741159427,
PCNX4,PCNX4,14,0,0,1.1694169030143264,-0.796960310925
DHRS7,DHRS7,14,0,0,0.3154005712640586,0.516112735431551
PPM1A,PPM1A,14,0,0,0.3694062986650586,-0.561573660912722
C14orf39,C14orf39,14,0,0,0.9705136439205599,
SIX6,SIX6,14,0,0,-2.3140343375688186,
SIX1,SIX1,14,0,0,-2.826236323166192,
SIX4,SIX4,14,0,0,-1.3354339780820599,
MNAT1,MNAT1,14,0,0,0.216857219781728,1.93249942193005
TRMT5,TRMT5,14,0,0,0.3412828134225787,0.57743052183918
SLC38A6,SLC38A6,14,0,0,1.6836845088768868,0.789839881917915
TMEM30B,TMEM30B,14,0,0,-1.9904540810916895,-1.78944416613084
PRKCH,PRKCH,14,0,0,-0.5381733396086101,-2.74074984922762
HIF1A,HIF1A,14,0,0,0.3315691743737723,1.18343326160539
SNAPC1,SNAPC1,14,0,0,0.48732644806365677,0.882775017565246
SYT16,SYT16,14,0,0,-1.2582625156788243,
KCNH5,KCNH5,14,0,0,-0.12074765213174743,
RHOJ,RHOJ,14,0,0,-0.5070990450723265,-2.38140596156726
GPHB5,GPHB5,14,0,0,-1.147014025798951,
PPP2R5E,PPP2R5E,14,0,0,0.27969037681337916,2.74323475744115
WDR89,WDR89,14,0,0,1.5967961929989993,0.623054395502696
SGPP1,SGPP1,14,0,0,-0.2172306954036891,-0.70806626209199
SYNE2,SYNE2,14,0,0,-0.22602696953757473,-2.21028356733488
ESR2,ESR2,14,0,0,-1.3948439569563096,
MTHFD1,MTHFD1,14,0,0,-0.19656949336057217,0.440060853511216
AKAP5,AKAP5,14,0,0,0.051044566107274036,-1.61959669637978
ZBTB25,ZBTB25,14,0,0,-1.064056891938364,-1.19101446926671
ZBTB1,ZBTB1,14,0,0,0.2675249504995971,1.29497360320247
HSPA2,HSPA2,14,0,0,-1.7413308181251583,-1.23785144652532
PPP1R36,PPP1R36,14,0,0,0.6543746526466325,
PLEKHG3,PLEKHG3,14,0,0,-3.1232860670012546,-3.03951489172985
SPTB,SPTB,14,0,0,-2.2040155460020827,
CHURC1,CHURC1,14,0,0,0.6451167904973101,
GPX2,GPX2,14,0,0,-0.8765569826099249,-0.236981641480185
RAB15,RAB15,14,0,0,-1.3799046633928533,-3.66534075212569
FNTB,FNTB,14,0,0,-1.112143136526468,-0.147028607964603
MAX,MAX,14,0,0,-2.8567077901313205,-2.12662656880101
FUT8,FUT8,14,0,0,0.23942595662367694,-1.41074730587294
CCDC196,CCDC196,14,0,0,-0.1491257556413519,
GPHN,GPHN,14,0,0,-0.19252146391050573,1.06359315693186
GARIN2,GARIN2,14,0,0,-0.37028413637283464,
PALS1,PALS1,14,0,0,0.13143328990964598,-0.678301403210447
ATP6V1D,ATP6V1D,14,0,0,0.7912061946270423,1.30433341496904
EIF2S1,EIF2S1,14,0,0,1.1359139182307896,2.8099395056376
PLEK2,PLEK2,14,0,0,-1.398716281327049,-0.939206856211064
TMEM229B,TMEM229B,14,0,0,-1.0946792545282253,
PLEKHH1,PLEKHH1,14,0,0,-1.8236408777793809,
PIGH,PIGH,14,0,0,-0.594139719418914,-0.457866396478626
ARG2,ARG2,14,0,0,-0.36955576469740414,-0.748571740094087
VTI1B,VTI1B,14,0,0,-1.3425351457369743,
RDH11,RDH11,14,0,0,-0.6120641267766711,
RDH12,RDH12,14,0,0,-1.3185039832649679,-0.484795822220568
ZFYVE26,ZFYVE26,14,0,0,-1.687813756257011,-2.67673654167153
RAD51B,RAD51B,14,0,0,-0.03631185620777977,0.25595730721285
ZFP36L1,ZFP36L1,14,0,0,-3.205163574398183,-1.43303260408883
ACTN1,ACTN1,14,0,0,-1.643854233332931,-1.59118931487895
DCAF5,DCAF5,14,0,0,-1.946403270455841,-2.19635962261025
EXD2,EXD2,14,0,0,-1.1949183823412444,-1.11163896561267
GALNT16,GALNT16,14,0,0,-1.8059371269326956,-1.89346434812712
ERH,ERH,14,0,0,0.6058569330003891,1.35288628999453
SLC39A9,SLC39A9,14,0,0,-0.27472937460239955,-0.0189725453030231
PLEKHD1,PLEKHD1,14,0,0,-2.4274839309162513,
CCDC177,CCDC177,14,0,0,-3.9636076703414655,
SUSD6,SUSD6,14,0,0,-1.7857342585306633,-0.51308402625715
SRSF5,SRSF5,14,0,0,-1.3062596246773754,-0.127115522649154
SLC10A1,SLC10A1,14,0,0,0.027804250382834184,1.11963400565922
SMOC1,SMOC1,14,0,0,-1.7463548314438313,-0.750184503021562
SLC8A3,SLC8A3,14,0,0,-0.45431080223599096,
COX16,COX16,14,0,0,1.1034103155926012,
SYNJ2BP,SYNJ2BP,14,0,0,-0.3574967978502315,
ADAM21,ADAM21,14,0,0,0.16236150618233047,
ADAM20,ADAM20,14,0,0,0.41247495843633963,
MED6,MED6,14,0,0,0.2112532619521872,2.32701436574214
TTC9,TTC9,14,0,0,-2.177553381208071,-2.77455457022077
MAP3K9,MAP3K9,14,0,0,-2.520973075363086,-4.26494208237736
PCNX1,PCNX1,14,0,0,-0.43800786255503077,-2.11331804164086
SIPA1L1,SIPA1L1,14,0,0,-1.2505497169307258,-2.76760442982145
RGS6,RGS6,14,0,0,-0.5430717770780511,
DPF3,DPF3,14,0,0,-2.001917867258774,-2.4833219873248
DCAF4,DCAF4,14,0,0,-1.4879425134520172,-1.22934607503432
ZFYVE1,ZFYVE1,14,0,0,-1.2799136046888027,-1.43105672110465
RBM25,RBM25,14,0,0,-0.5834564675899294,-0.936070062489561
PSEN1,PSEN1,14,0,0,0.2944095148304715,-0.253769649025657
PAPLN,PAPLN,14,0,0,-3.2346347316095887,-2.19936287804035
NUMB,NUMB,14,0,0,-0.7714513804087169,-0.887057447225123
HEATR4,HEATR4,14,0,0,-0.8983014799183895,
RIOX1,RIOX1,14,0,0,-1.7997664758679512,-1.8157244938808
ACOT1,ACOT1,14,0,0,-1.5343353057458877,-1.33841921332199
ACOT2,ACOT2,14,0,0,-1.5055570624893306,-0.782723332175178
ACOT4,ACOT4,14,0,0,-1.3302253671466655,0.0572157398248953
ACOT6,ACOT6,14,0,0,-0.738525673946393,-1.5726080562059
DNAL1,DNAL1,14,0,0,0.4095181741849956,0.334736423912715
PNMA1,PNMA1,14,0,0,-0.9033025376035013,-1.28255895136991
MIDEAS,MIDEAS,14,0,0,-2.880665853851058,-3.55045916319867
PTGR2,PTGR2,14,0,0,1.3340595353477074,2.41960990999915
ZNF410,ZNF410,14,0,0,-1.0656992100372449,-1.10842049598265
FAM161B,FAM161B,14,0,0,-2.164763280610604,-1.17206120921482
COQ6,COQ6,14,0,0,-0.845240397394992,0.419158827622711
ENTPD5,ENTPD5,14,0,0,-0.34087862422138215,0.897211841066164
BBOF1,BBOF1,14,0,0,0.10699293886649919,
ALDH6A1,ALDH6A1,14,0,0,0.6825962963906633,1.04970003972904
LIN52,LIN52,14,0,0,-0.13946037691415292,0.477163649944978
VSX2,VSX2,14,0,0,-3.014220645447903,
ABCD4,ABCD4,14,0,0,-1.4293977568288838,-0.931952560467219
VRTN,VRTN,14,0,0,-2.2119341431810433,
SYNDIG1L,SYNDIG1L,14,0,0,-2.9591139092485506,
NPC2,NPC2,14,0,0,-0.5709521128154886,0.856604252914979
ISCA2,ISCA2,14,0,0,-2.1383643596795743,-0.758591749266405
LTBP2,LTBP2,14,0,0,-2.666621390917671,-1.92543936887812
AREL1,AREL1,14,0,0,-0.1417468303653937,-2.17218756302814
FCF1,FCF1,14,0,0,0.6105590452278644,2.67186344807529
YLPM1,YLPM1,14,0,0,-1.1517608463800997,-1.51872616278002
PROX2,PROX2,14,0,0,-1.725727302632821,
DLST,DLST,14,0,0,-0.11028501500782362,0.17454603124679
RPS6KL1,RPS6KL1,14,0,0,-3.00739265050756,
PGF,PGF,14,0,0,-2.5551605832919275,-4.63101633172304
EIF2B2,EIF2B2,14,0,0,-1.1228671377303279,-0.735821979861654
MLH3,MLH3,14,0,0,0.16446316109963455,-1.60614147920799
ACYP1,ACYP1,14,0,0,0.372082912540769,-0.528595772841494
ZC2HC1C,ZC2HC1C,14,0,0,-1.8041864006347552,-1.70234548842654
NEK9,NEK9,14,0,0,-0.415410205357718,-0.722826658165696
TMED10,TMED10,14,0,0,-0.13504809727494305,0.549256500197719
FOS,FOS,14,0,0,-2.303723418450293,-1.96504264028313
JDP2,JDP2,14,0,0,-3.0328243480405064,-4.35513011428955
BATF,BATF,14,0,0,-3.6716469548575237,-4.15843123701906
FLVCR2,FLVCR2,14,0,0,-0.756335481554796,-0.677831166984113
ERG28,ERG28,14,0,0,-0.4400463390310083,1.19383270005965
TTLL5,TTLL5,14,0,0,-0.6610753283257473,-3.13520275195908
TGFB3,TGFB3,14,0,0,-1.5860912421837696,-3.73651159393497
IFT43,IFT43,14,0,0,-1.2275070548318894,-0.6119132309223
GPATCH2L,GPATCH2L,14,0,0,-1.2680330682227776,-1.02497132444645
ESRRB,ESRRB,14,0,0,-2.2413001648622526,
VASH1,VASH1,14,0,0,-2.4155162641049746,-3.59280618525321
ANGEL1,ANGEL1,14,0,0,-1.2153032547162308,-1.82876910956503
LRRC74A,LRRC74A,14,0,0,-0.47783127271321746,
IRF2BPL,IRF2BPL,14,0,0,-2.4689688322633785,-2.96135939734984
CIPC,CIPC,14,0,0,-2.091505071188296,-1.55188754831539
ZDHHC22,ZDHHC22,14,0,0,-1.8938077985059838,
TMEM63C,TMEM63C,14,0,0,-0.777674881528565,
NGB,NGB,14,0,0,-2.6171221499584725,
POMT2,POMT2,14,0,0,-0.8204454970029751,-1.93773560677525
GSTZ1,GSTZ1,14,0,0,-1.0521465623441486,-0.461920933819976
TMED8,TMED8,14,0,0,-1.3477892369047844,-1.80528070367168
SAMD15,SAMD15,14,0,0,-1.4990764489806097,
NOXRED1,NOXRED1,14,0,0,-0.6573831126679881,
VIPAS39,VIPAS39,14,0,0,-0.5662804876524792,-0.113394132621636
AHSA1,AHSA1,14,0,0,-0.469324300164752,-0.234063410462559
ISM2,ISM2,14,0,0,-2.773175549179461,
SPTLC2,SPTLC2,14,0,0,0.29644452039884506,-0.397886593671297
ALKBH1,ALKBH1,14,0,0,-0.7589018200505571,-0.655056499210594
SLIRP,SLIRP,14,0,0,0.5679134183446113,1.2580462741035
SNW1,SNW1,14,0,0,-0.011997780136306702,0.101721776078143
ADCK1,ADCK1,14,0,0,-1.4615400411149988,-1.57778412307926
NRXN3,NRXN3,14,0,0,-0.6508316622175272,
DIO2,DIO2,14,0,0,-0.6888034954260789,
CEP128,CEP128,14,0,0,-0.964768312631529,
TSHR,TSHR,14,0,0,-0.01461769791525036,
GTF2A1,GTF2A1,14,0,0,-0.01278203668268496,-0.0919099852157653
STON2,STON2,14,0,0,-1.6628354879007698,
SEL1L,SEL1L,14,0,0,0.5479834192571307,0.429420648828505
FLRT2,FLRT2,14,0,0,-1.169832766683383,
GALC,GALC,14,0,0,0.9345483198598501,0.780809139818703
GPR65,GPR65,14,0,0,1.074003221881572,
KCNK10,KCNK10,14,0,0,-1.257503779274538,
SPATA7,SPATA7,14,0,0,0.0990803965191347,-0.396290684308922
PTPN21,PTPN21,14,0,0,-1.6515853864532346,-3.77046167414913
ZC3H14,ZC3H14,14,0,0,-0.38502043711982026,0.219407333356662
EML5,EML5,14,0,0,0.8685350485505339,
TTC8,TTC8,14,0,0,0.35241068594146086,0.255700154287199
FOXN3,FOXN3,14,0,0,-2.619869186155933,-4.03119718873546
EFCAB11,EFCAB11,14,0,0,0.28633195495919317,1.18494501607052
TDP1,TDP1,14,0,0,-0.6028369981116537,-0.832376938561463
KCNK13,KCNK13,14,0,0,-1.751728705772111,-1.58487838296098
PSMC1,PSMC1,14,0,0,0.13279472926863534,0.722998891897023
NRDE2,NRDE2,14,0,0,-0.9594293499138509,-0.889934978456904
CALM1,CALM1,14,0,0,1.8493883735791794,3.96861950557197
TTC7B,TTC7B,14,0,0,-1.366265217525596,-4.00009496028555
RPS6KA5,RPS6KA5,14,0,0,0.3159514100882177,
DGLUCY,DGLUCY,14,0,0,-1.336831049801793,-1.81394660795403
GPR68,GPR68,14,0,0,-2.4071206330476738,-3.19081031464936
CCDC88C,CCDC88C,14,0,0,-3.122683294764288,-4.18797217741906
PPP4R3A,PPP4R3A,14,0,0,0.7083302956574862,-0.549809942150119
CATSPERB,CATSPERB,14,0,0,1.0160458030789083,
TC2N,TC2N,14,0,0,0.33511357790537843,0.436303641992492
FBLN5,FBLN5,14,0,0,-1.0289575629353624,-0.478487367520446
TRIP11,TRIP11,14,0,0,0.23113574967240602,0.702437249555053
ATXN3,ATXN3,14,0,0,-0.20582867476286282,0.154270505216561
NDUFB1,NDUFB1,14,0,0,0.29667505377372905,2.39332729055551
CPSF2,CPSF2,14,0,0,0.7320768432263538,2.36380024420684
SLC24A4,SLC24A4,14,0,0,-0.4440139095958777,
RIN3,RIN3,14,0,0,-2.670752290013441,-3.87340791106191
LGMN,LGMN,14,0,0,-0.35723923420120407,0.982714581822679
GOLGA5,GOLGA5,14,0,0,-0.3833414497666432,0.0386467213307256
CHGA,CHGA,14,0,0,-3.4230477276331452,
ITPK1,ITPK1,14,0,0,-2.4445481418068553,-1.61362849405687
MOAP1,MOAP1,14,0,0,-0.36445119020120487,-0.4214558579467
LYSET,LYSET,14,0,0,0.17018940340323319,0.0631039264089116
GON7,GON7,14,0,0,-0.7410411677150268,-0.0589434009563135
UBR7,UBR7,14,0,0,0.21423558352788952,0.358313365770325
BTBD7,BTBD7,14,0,0,-0.6280246697679353,-2.30086032031372
COX8C,COX8C,14,0,0,-1.1885291197954313,
UNC79,UNC79,14,0,0,-0.6498254160310459,
PRIMA1,PRIMA1,14,0,0,-2.072256809580562,
FAM181A,FAM181A,14,0,0,-2.5250062589842894,
ASB2,ASB2,14,0,0,-2.222733777231225,
CCDC197,CCDC197,14,0,0,-1.9992254342115192,
OTUB2,OTUB2,14,0,0,-1.1904552321463093,-0.541168700693106
DDX24,DDX24,14,0,0,-0.6258060060715547,-0.218390353007843
IFI27L1,IFI27L1,14,0,0,-0.21148784595924575,-0.0560697891135576
IFI27,IFI27,14,0,0,0.4012117224970275,0.260507671747201
IFI27L2,IFI27L2,14,0,0,-1.0308841404635896,-0.238056289317993
PPP4R4,PPP4R4,14,0,0,0.5593478042763138,-0.95198088557292
SERPINA10,SERPINA10,14,0,0,-0.45332502214907855,-0.82483853221532
SERPINA6,SERPINA6,14,0,0,-0.9858128936142467,0.628427821183185
SERPINA1,SERPINA1,14,0,0,-0.7587359789007309,0.431345676658673
SERPINA11,SERPINA11,14,0,0,-1.1412196547523408,0.115732116797434
SERPINA9,SERPINA9,14,0,0,-0.43377647827873744,
SERPINA12,SERPINA12,14,0,0,-0.4021957466692694,
SERPINA4,SERPINA4,14,0,0,-0.9083626599512442,0.78167444877684
SERPINA5,SERPINA5,14,0,0,-1.4482691009966366,-0.160397982374516
SERPINA3,SERPINA3,14,0,0,-1.0767505087159677,
GSC,GSC,14,0,0,-2.8006970129540765,
DICER1,DICER1,14,0,0,0.48930821257289026,-0.831057004349737
CLMN,CLMN,14,0,0,-1.456262431058283,-1.57618767274024
SYNE3,SYNE3,14,0,0,-2.430858467136595,-2.38941711962665
GLRX5,GLRX5,14,0,0,-1.50726495028999,-1.05442984827586
TCL1B,TCL1B,14,0,0,-1.9650816115586327,
TCL1A,TCL1A,14,0,0,-2.077682559801568,
TUNAR,TUNAR,14,0,0,0.7037583382877131,
C14orf132,C14orf132,14,0,0,-0.5022201697533557,0.458467731033012
BDKRB2,BDKRB2,14,0,0,-1.4823091834900008,
BDKRB1,BDKRB1,14,0,0,-1.3565901826405202,
ATG2B,ATG2B,14,0,0,0.0876157876042587,-1.15159688515266
GSKIP,GSKIP,14,0,0,0.794149377181439,3.02283312125828
AK7,AK7,14,0,0,0.0893937517840584,
PAPOLA,PAPOLA,14,0,0,0.2719916032967973,1.78940993440734
VRK1,VRK1,14,0,0,0.9855407561687599,1.18538799357805
BCL11B,BCL11B,14,0,0,-3.3946384933211586,
SETD3,SETD3,14,0,0,-0.06974741177653598,-1.17862107231526
CCNK,CCNK,14,0,0,-1.7361372132540218,-1.52387531973886
CCDC85C,CCDC85C,14,0,0,-3.5461719429262732,-3.56880071268889
HHIPL1,HHIPL1,14,0,0,-2.3792217503782336,
CYP46A1,CYP46A1,14,0,0,-1.4532324339665301,
EML1,EML1,14,0,0,-0.7440641639627703,-0.522456752865701
EVL,EVL,14,0,0,-2.6904125769307257,-3.72384445436868
DEGS2,DEGS2,14,0,0,-1.9391853096952527,
YY1,YY1,14,0,0,-2.055483891612493,-1.9609861964389
SLC25A29,SLC25A29,14,0,0,-2.077323419579887,-2.53545491287106
SLC25A47,SLC25A47,14,0,0,-2.246286342457033,-1.36793563068887
WARS1,WARS1,14,0,0,-0.7451632180022809,0.048161767669848
WDR25,WDR25,14,0,0,-1.5457554074300663,-1.59906306190653
BEGAIN,BEGAIN,14,0,0,-3.4346670859512702,
DLK1,DLK1,14,0,0,-2.1535811901804216,
RTL1,RTL1,14,0,0,-2.120320018266172,
DIO3,DIO3,14,0,0,-2.037728770338548,
PPP2R5C,PPP2R5C,14,0,0,-0.031854425485821736,-1.04037959350719
DYNC1H1,DYNC1H1,14,0,0,-0.5462934782682893,-2.10218020610595
HSP90AA1,HSP90AA1,14,0,0,0.5424940882483593,1.42441237115538
WDR20,WDR20,14,0,0,-1.3183545310653209,-1.5460894166318
MOK,MOK,14,0,0,-0.4767542526449198,-2.6631798161409
ZNF839,ZNF839,14,0,0,-1.9110176039170828,-3.93041286677217
CINP,CINP,14,0,0,-0.9301974252012464,
TECPR2,TECPR2,14,0,0,-1.855090032466208,-2.67806426373174
ANKRD9,ANKRD9,14,0,0,-2.4979496325838575,-7.27324521897371
RCOR1,RCOR1,14,0,0,-0.8583469946883824,-0.959312972394232
TRAF3,TRAF3,14,0,0,-1.2565036844403785,-4.25755374610104
AMN,AMN,14,0,0,-2.5736868579443346,-1.49528102940675
CDC42BPB,CDC42BPB,14,0,0,-1.4543634624758717,-3.00838738081627
LBHD2,LBHD2,14,0,0,-3.8237038099089897,
EXOC3L4,EXOC3L4,14,0,0,-2.7878189836814986,-2.9399070205729
TNFAIP2,TNFAIP2,14,0,0,-2.5653973185770553,-3.88295475121393
EIF5,EIF5,14,0,0,0.5172125496224762,0.582496746857433
MARK3,MARK3,14,0,0,-0.4048698413933014,-1.90353448886725
CKB,CKB,14,0,0,-2.3134950420859592,-1.89741411505218
TRMT61A,TRMT61A,14,0,0,-2.802008872941702,-1.79111549847449
BAG5,BAG5,14,0,0,-0.2194648188910726,-0.695327721225176
COA8,COA8,14,0,0,0.08722513752271865,-0.405404852039001
KLC1,KLC1,14,0,0,-0.5195667504480213,-1.66399951606136
XRCC3,XRCC3,14,0,0,-2.64596602922963,-2.28358156979727
ZFYVE21,ZFYVE21,14,0,0,-1.4381530174608432,-1.04666417613592
PPP1R13B,PPP1R13B,14,0,0,-1.8976232313206118,-2.57941866627813
ATP5MJ,ATP5MJ,14,0,0,1.8026744854179455,4.19247642830368
TDRD9,TDRD9,14,0,0,-0.08415206427980948,
RD3L,RD3L,14,0,0,-0.6240101754522733,
ASPG,ASPG,14,0,0,-2.4569016249232725,-2.01107645307973
KIF26A,KIF26A,14,0,0,-3.556590658268947,
C14orf180,C14orf180,14,0,0,-3.7204054502021915,-4.22389242129872
TMEM179,TMEM179,14,0,0,-1.7639518506770546,
INF2,INF2,14,0,0,-3.107744236786276,-2.63193928499956
ADSS1,ADSS1,14,0,0,-1.4922668684635223,-1.84810937637046
SIVA1,SIVA1,14,0,0,-2.315800952254202,-1.3957112509146
AKT1,AKT1,14,0,0,-1.849453535349939,-4.22978942846966
ZBTB42,ZBTB42,14,0,0,-3.402269548709322,-3.13419603363137
CEP170B,CEP170B,14,0,0,-3.818112014062594,-4.21900727630273
PLD4,PLD4,14,0,0,-2.1755944314923656,-1.64093805163528
AHNAK2,AHNAK2,14,0,0,-1.863097797175719,
CLBA1,CLBA1,14,0,0,-2.1052199094784196,-2.74478864350733
CDCA4,CDCA4,14,0,0,-2.5760646044463105,-1.84284208868949
GPR132,GPR132,14,0,0,-1.6606806098702886,
JAG2,JAG2,14,0,0,-2.7075471623720517,-3.57100566436853
NUDT14,NUDT14,14,0,0,-2.1751922865907822,-1.65110190785331
BRF1,BRF1,14,0,0,-2.7832754456193705,-2.41487447705389
BTBD6,BTBD6,14,0,0,-2.138496368071605,-4.33034216703761
PACS2,PACS2,14,0,0,-2.91820369326272,-4.78089008116988
TEX22,TEX22,14,0,0,-3.791500741596968,
MTA1,MTA1,14,0,0,-2.3348362337635447,-3.24537037504966
CRIP2,CRIP2,14,0,0,-2.5480831461434956,-1.66460241785076
CRIP1,CRIP1,14,0,0,-2.3034443505018807,-1.55624811795638
TEDC1,TEDC1,14,0,0,-2.7438549292038523,-2.0100484926206
TMEM121,TMEM121,14,0,0,-1.291667762693523,
GOLGA6L6,GOLGA6L6,15,0,0,-3.068382868881546,
POTEB2,POTEB2,15,0,0,-0.08391458512866556,
POTEB3,POTEB3,15,0,0,-0.2305850140121155,
OR4M2B,OR4M2B,15,0,0,0.771898569099239,
OR4N4C,OR4N4C,15,0,0,0.5615304855091168,
POTEB,POTEB,15,0,0,-0.08391458512866556,
OR4M2,OR4M2,15,0,0,0.8950308516239094,
OR4N4,OR4N4,15,0,0,0.5796799572060714,
GOLGA6L22,GOLGA6L22,15,0,0,-3.175465605788169,
NIPA1,NIPA1,15,0,0,-0.8325566595844656,-1.01252249767817
NIPA2,NIPA2,15,0,0,1.0187419585369035,0.178630579243727
CYFIP1,CYFIP1,15,0,0,-1.207578143385044,-0.765270869783864
TUBGCP5,TUBGCP5,15,0,0,0.030014023616011798,-0.723648233340521
GOLGA6L1,GOLGA6L1,15,0,0,-2.9794359869930425,
GOLGA6L26,GOLGA6L26,15,0,0,-2.9052283396404963,
GOLGA8S,GOLGA8S,15,0,0,-1.9990987721473044,
GOLGA6L2,GOLGA6L2,15,0,0,-1.2435898231846583,
MKRN3,MKRN3,15,0,0,-1.3396886254253708,
MAGEL2,MAGEL2,15,0,0,-2.212958648334686,-1.8499026259534
NDN,NDN,15,0,0,-2.410178225463616,-0.870137668628554
NPAP1,NPAP1,15,0,0,-1.6709372349043612,
SNURF,SNURF,15,0,0,-2.1237866892108084,-0.55562424626661
SNRPN,SNRPN,15,0,0,-0.5392747555962885,-2.13261128813378
UBE3A,UBE3A,15,0,0,1.2079820267627284,0.208381068796843
ATP10A,ATP10A,15,0,0,-1.801366172834534,
GABRB3,GABRB3,15,0,0,-0.07647637396481066,
GABRA5,GABRA5,15,0,0,-0.6615235683395344,
GABRG3,GABRG3,15,0,0,0.22445918372172535,
OCA2,OCA2,15,0,0,-0.9400735837805652,
HERC2,HERC2,15,0,0,-1.0446226095372602,-2.8099375506518
GOLGA6L24,GOLGA6L24,15,0,0,-3.118365735067453,
GOLGA8F,GOLGA8F,15,0,0,-2.1348423130882797,
GOLGA8G,GOLGA8G,15,0,0,-2.1498555458091158,
GOLGA6L25,GOLGA6L25,15,0,0,-3.1052664829621968,
GOLGA8M,GOLGA8M,15,0,0,-1.959831246708804,
GOLGA6L7,GOLGA6L7,15,0,0,-2.681471002412973,
APBA2,APBA2,15,0,0,-2.829087609213179,-3.38257919439711
ENTREP2,ENTREP2,15,0,0,-2.1386583462395983,
NSMCE3,NSMCE3,15,0,0,-2.407174903197083,-0.721776916411695
TJP1,TJP1,15,0,0,-0.454221943158748,-0.47257684466555
GOLGA8J,GOLGA8J,15,0,0,-2.029551472366933,
GOLGA8T,GOLGA8T,15,0,0,-2.0076199108713606,
CHRFAM7A,CHRFAM7A,15,0,0,-1.2224663915140273,
GOLGA8R,GOLGA8R,15,0,0,-2.1472988127886268,
GOLGA8Q,GOLGA8Q,15,0,0,-2.1181321341406587,
GOLGA8H,GOLGA8H,15,0,0,-2.0209061193794025,
ARHGAP11B,ARHGAP11B,15,0,0,0.38542550461363234,
FAN1,FAN1,15,0,0,-0.501565060567037,-1.52922656319605
MTMR10,MTMR10,15,0,0,-0.265825938533661,-0.48237165844821
TRPM1,TRPM1,15,0,0,-0.47541384741343506,
KLF13,KLF13,15,0,0,-3.7269056504726823,-2.57121863933994
OTUD7A,OTUD7A,15,0,0,-2.656806449836175,
CHRNA7,CHRNA7,15,0,0,-1.1748133076697371,
GOLGA8K,GOLGA8K,15,0,0,-1.978644860590391,
GOLGA8O,GOLGA8O,15,0,0,-2.1786045875690796,
GOLGA8N,GOLGA8N,15,0,0,-2.1617787057270768,
ARHGAP11A,ARHGAP11A,15,0,0,0.31137423553490073,
SCG5,SCG5,15,0,0,-0.6080683899623551,-3.47148842876499
GREM1,GREM1,15,0,0,-2.1788072457162464,
FMN1,FMN1,15,0,0,-1.683766918181309,-2.47566213213587
RYR3,RYR3,15,0,0,-0.5336248099005783,
AVEN,AVEN,15,0,0,-1.3819141596905151,-1.87974760063672
CHRM5,CHRM5,15,0,0,-0.7152605218608361,
EMC7,EMC7,15,0,0,0.23451727586152948,0.568498650768709
PGBD4,PGBD4,15,0,0,0.8694257443079163,0.618959994732799
KATNBL1,KATNBL1,15,0,0,1.0462083209476667,0.879600613861599
EMC4,EMC4,15,0,0,-0.44291913303147545,-0.556050939037381
SLC12A6,SLC12A6,15,0,0,0.22252876609856287,-1.19496384673077
NOP10,NOP10,15,0,0,-0.43166929179924196,1.96650757973012
NUTM1,NUTM1,15,0,0,-1.7199163934047554,
LPCAT4,LPCAT4,15,0,0,-1.7739953329508378,-2.79012143206939
GOLGA8A,GOLGA8A,15,0,0,-2.2524547460091213,
GOLGA8B,GOLGA8B,15,0,0,-2.253343214630446,
GJD2,GJD2,15,0,0,-0.859311835011443,
ACTC1,ACTC1,15,0,0,-0.1287310413980265,
AQR,AQR,15,0,0,0.7929708373932964,0.769973686861212
ZNF770,ZNF770,15,0,0,0.34417994047685063,2.10775109642796
NANOGP8,NANOGP8,15,0,0,-0.8913425869696567,
DPH6,DPH6,15,0,0,1.177686647108196,1.51493639578056
CDIN1,CDIN1,15,0,0,-0.8555734988976695,0.115339490349891
MEIS2,MEIS2,15,0,0,-1.1395275635112583,-1.923648855526
TMCO5A,TMCO5A,15,0,0,-0.548178931283358,
SPRED1,SPRED1,15,0,0,-0.025222649951205156,-0.458100165122398
FAM98B,FAM98B,15,0,0,0.39665177417729325,-0.0254559706192101
RASGRP1,RASGRP1,15,0,0,-0.7058816335376434,
THBS1,THBS1,15,0,0,-1.0170979750112572,-0.814732776955405
FSIP1,FSIP1,15,0,0,0.24093855694929545,
GPR176,GPR176,15,0,0,-1.3015208070829392,-3.41062718576019
EIF2AK4,EIF2AK4,15,0,0,-0.6501481022939579,-2.14603703960044
SRP14,SRP14,15,0,0,-0.08550008953180566,1.24648622103066
BMF,BMF,15,0,0,-2.5865419685136217,
BUB1B,BUB1B,15,0,0,-0.06504528792912723,
PAK6,PAK6,15,0,0,-2.780019777846169,
ANKRD63,ANKRD63,15,0,0,-2.888233604636218,
PLCB2,PLCB2,15,0,0,-1.7636664087097458,-2.56751956600633
INAFM2,INAFM2,15,0,0,-2.5086347467200714,
CCDC9B,CCDC9B,15,0,0,-3.5572442671032096,-3.52414932562275
PHGR1,PHGR1,15,0,0,-6.3140798494512556,
DISP2,DISP2,15,0,0,-2.574536571313148,
KNSTRN,KNSTRN,15,0,0,-1.0527393986234141,0.304049489948899
IVD,IVD,15,0,0,-0.7391843298103264,-0.106588079390216
BAHD1,BAHD1,15,0,0,-2.5806193298885134,-1.82571176659109
CHST14,CHST14,15,0,0,-2.2163958037755886,-1.23800121902897
CCDC32,CCDC32,15,0,0,-0.7167288994868013,-0.0303658263311378
RPUSD2,RPUSD2,15,0,0,-1.8251402458664625,-1.21612922437675
KNL1,KNL1,15,0,0,0.6987528666336686,0.139552607331886
RAD51,RAD51,15,0,0,0.5768418576741361,
RMDN3,RMDN3,15,0,0,-1.8300361668393723,-2.17647389773989
GCHFR,GCHFR,15,0,0,-1.2237888153267242,-1.05958189143291
DNAJC17,DNAJC17,15,0,0,-1.7832406224106272,-1.39914647954745
C15orf62,C15orf62,15,0,0,-3.702550476346607,
ZFYVE19,ZFYVE19,15,0,0,-2.2428937874067376,-2.2956232421544
PPP1R14D,PPP1R14D,15,0,0,-2.666626438080449,
SPINT1,SPINT1,15,0,0,-2.1220469717744894,-0.420416718964365
RHOV,RHOV,15,0,0,-1.9269314481326987,
VPS18,VPS18,15,0,0,-2.1280062321516624,-2.05075490011788
DLL4,DLL4,15,0,0,-2.153720688408761,-0.716993759140719
CHAC1,CHAC1,15,0,0,-1.534184751434493,-2.65963807593547
INO80,INO80,15,0,0,-0.5676164813167635,-3.98054512019152
EXD1,EXD1,15,0,0,-0.10286870631400724,
CHP1,CHP1,15,0,0,-0.9932299035287304,-0.596447627521499
OIP5,OIP5,15,0,0,-0.9358382100053593,
NUSAP1,NUSAP1,15,0,0,-0.7319166897629614,-0.0866170064539257
NDUFAF1,NDUFAF1,15,0,0,0.6191708624649905,1.11667570859115
RTF1,RTF1,15,0,0,-0.9941096199837123,-0.789882521647408
ITPKA,ITPKA,15,0,0,-2.7902899737137634,-3.9768566972852
LTK,LTK,15,0,0,-2.422982670731775,-2.10351693158706
RPAP1,RPAP1,15,0,0,-2.2716712705376576,-2.27728033410359
TYRO3,TYRO3,15,0,0,-1.8364035377870085,
MGA,MGA,15,0,0,-0.08385539690171662,-0.940169040168116
MAPKBP1,MAPKBP1,15,0,0,-2.331810276286756,-3.4989359206339
JMJD7,JMJD7,15,0,0,-1.4103126567350408,
PLA2G4B,PLA2G4B,15,0,0,-2.495041233201757,
SPTBN5,SPTBN5,15,0,0,-3.2888087848685945,-4.62852651227452
EHD4,EHD4,15,0,0,-1.8895442716320563,-1.11202907271738
PLA2G4E,PLA2G4E,15,0,0,-1.7907744324280337,
PLA2G4D,PLA2G4D,15,0,0,-2.380338217380375,
PLA2G4F,PLA2G4F,15,0,0,-2.2313607317597963,
VPS39,VPS39,15,0,0,-0.6829943726805769,-1.0704786451415
TMEM87A,TMEM87A,15,0,0,1.1105142654670654,1.37163447514475
GANC,GANC,15,0,0,0.1424000443912643,-0.986809609388599
CAPN3,CAPN3,15,0,0,-0.7876402780025913,-2.62884460153117
ZNF106,ZNF106,15,0,0,-0.6960544789495966,-0.808936331779094
SNAP23,SNAP23,15,0,0,0.19403498141617526,2.62996758268221
LRRC57,LRRC57,15,0,0,-0.9610236416704439,0.517687193635532
HAUS2,HAUS2,15,0,0,1.017041146729115,1.7382751762612
STARD9,STARD9,15,0,0,-1.827056449539052,-4.69219237188086
CDAN1,CDAN1,15,0,0,-2.527148686157444,-2.49066123747446
TTBK2,TTBK2,15,0,0,-0.8437829354126762,-3.13446795712961
UBR1,UBR1,15,0,0,0.6060551672544161,1.93679944294938
TMEM62,TMEM62,15,0,0,0.22452865288462576,1.30775218498445
CCNDBP1,CCNDBP1,15,0,0,-0.3491456573420155,0.591483731100202
EPB42,EPB42,15,0,0,-1.4869779559084346,
TGM5,TGM5,15,0,0,-1.389260458341207,
TGM7,TGM7,15,0,0,-1.5623251192991088,
LCMT2,LCMT2,15,0,0,-1.3981796782193072,-1.01812087301684
MAPDA,MAPDA,15,0,0,0.19760655081471512,0.36019039579775
ZSCAN29,ZSCAN29,15,0,0,-1.5503654404450042,-2.75063614151473
TUBGCP4,TUBGCP4,15,0,0,-0.5786875043554129,
TP53BP1,TP53BP1,15,0,0,-1.1051446516745997,-0.93354871304501
MAP1A,MAP1A,15,0,0,-2.2309747102830233,
PPIP5K1,PPIP5K1,15,0,0,-1.3914518029705274,-2.04656689512783
CKMT1B,CKMT1B,15,0,0,-0.7456455941265858,
STRC,STRC,15,0,0,-1.999065328544992,
CATSPER2,CATSPER2,15,0,0,-0.0678654285937057,
CKMT1A,CKMT1A,15,0,0,-0.7755203462468465,
PDIA3,PDIA3,15,0,0,0.5882074262749342,1.468703974503
ELL3,ELL3,15,0,0,-1.9239793984014621,
SERF2,SERF2,15,0,0,-1.1826241434748042,-1.89312125793515
SERINC4,SERINC4,15,0,0,-0.919705706221766,
HYPK,HYPK,15,0,0,-1.7880385420287883,-1.06984457613339
MFAP1,MFAP1,15,0,0,-0.38927671190942803,0.197117250999121
WDR76,WDR76,15,0,0,0.08165210721966432,0.305208035614518
FRMD5,FRMD5,15,0,0,-1.340175005635622,
GOLM2,GOLM2,15,0,0,-0.6344530978918126,-1.65978769406411
CTDSPL2,CTDSPL2,15,0,0,0.522120458727807,0.94776752710915
EIF3J,EIF3J,15,0,0,0.7006015792605034,0.300613538689192
SPG11,SPG11,15,0,0,-0.10054069476914229,-0.461974922660779
PATL2,PATL2,15,0,0,-1.6375854104335996,-5.59972750155329
B2M,B2M,15,0,0,0.38983594205988226,3.21452065935176
TRIM69,TRIM69,15,0,0,-0.3203623249481389,
TERB2,TERB2,15,0,0,0.6918945655148239,
SORD,SORD,15,0,0,-0.6673901601778436,-1.19470541456208
DUOX2,DUOX2,15,0,0,-1.6589951903637168,
DUOXA2,DUOXA2,15,0,0,-1.212555391063292,
DUOXA1,DUOXA1,15,0,0,-0.7673859694043443,
DUOX1,DUOX1,15,0,0,-1.9998490167425516,
SHF,SHF,15,0,0,-3.127731499409503,-2.09328768123865
SLC28A2,SLC28A2,15,0,0,-0.033277645969665315,
GATM,GATM,15,0,0,0.18118529976051967,-0.248762335652453
AFG2B,AFG2B,15,0,0,-1.227256225581284,-1.08103459055759
C15orf48,C15orf48,15,0,0,0.9424279483479889,-0.377009206479278
SLC30A4,SLC30A4,15,0,0,0.42447118798535755,-1.30770384296451
BLOC1S6,BLOC1S6,15,0,0,-1.0874358841596976,-0.571797625188764
SQOR,SQOR,15,0,0,0.09513325393036531,0.80171364150097
SEMA6D,SEMA6D,15,0,0,-0.1236362440621459,-0.675179400571405
SLC24A5,SLC24A5,15,0,0,1.2326868807707694,
MYEF2,MYEF2,15,0,0,0.7217585648187619,
CTXN2,CTXN2,15,0,0,1.0708961823982381,
SLC12A1,SLC12A1,15,0,0,0.7672611285895119,
DUT,DUT,15,0,0,-0.9182353439061952,-0.764026596210121
FBN1,FBN1,15,0,0,-0.256357062298342,-0.226565359354023
CEP152,CEP152,15,0,0,-0.055298495033623496,
SHC4,SHC4,15,0,0,-1.3252384657396892,
EID1,EID1,15,0,0,-1.7764672788909728,-0.946378088534273
SECISBP2L,SECISBP2L,15,0,0,-0.18660182662628166,-0.354310161737039
COPS2,COPS2,15,0,0,1.351334172067217,4.567538487
GALK2,GALK2,15,0,0,-0.23133075970662276,0.0087293331255511
FAM227B,FAM227B,15,0,0,0.5311104557298894,0.333159687290034
FGF7,FGF7,15,0,0,1.000315878753911,
DTWD1,DTWD1,15,0,0,1.0224364209624373,1.02905436804196
ATP8B4,ATP8B4,15,0,0,0.81706227223345,-1.03359718873837
SLC27A2,SLC27A2,15,0,0,0.7617711348999219,0.785603476354822
HDC,HDC,15,0,0,-1.2459648930889937,-4.94860226167166
GABPB1,GABPB1,15,0,0,0.43646499460226806,0.510378981822742
USP8,USP8,15,0,0,0.3411752624758666,0.398121964000768
USP50,USP50,15,0,0,0.26191430507995683,
TRPM7,TRPM7,15,0,0,1.2416668846120213,-0.439863152281661
LOC128092252,LOC128092252,15,0,0,-0.7481489274052286,
SPPL2A,SPPL2A,15,0,0,1.886088710880676,2.82456787700183
AP4E1,AP4E1,15,0,0,0.903034605504903,0.916328368324366
TNFAIP8L3,TNFAIP8L3,15,0,0,-1.3360768509119794,-1.09937576742005
CYP19A1,CYP19A1,15,0,0,0.33981080908185923,
GLDN,GLDN,15,0,0,-0.7762378445387821,
DMXL2,DMXL2,15,0,0,0.5515851824370337,0.0545279675073125
SCG3,SCG3,15,0,0,0.8362106673469203,
LYSMD2,LYSMD2,15,0,0,-1.848004379355844,-1.37928093581578
TMOD2,TMOD2,15,0,0,-0.1884008516821396,
TMOD3,TMOD3,15,0,0,0.5456323661864548,1.63695997537213
LEO1,LEO1,15,0,0,-0.3803242272040013,0.815228705941135
MAPK6,MAPK6,15,0,0,0.37014158931562413,-1.10675732758082
BCL2L10,BCL2L10,15,0,0,-2.242281413602914,-0.941357101745279
GNB5,GNB5,15,0,0,-0.842166365399514,-0.994560773092646
MYO5C,MYO5C,15,0,0,-0.1636901058402973,-1.18572949548916
MYO5A,MYO5A,15,0,0,-0.1157708505823436,-2.69191201484174
ARPP19,ARPP19,15,0,0,0.005505500816903819,-0.870717178750027
ATOSA,ATOSA,15,0,0,0.03825730468822641,1.2318780017915
ONECUT1,ONECUT1,15,0,0,-3.081354175615301,-3.66069245923627
WDR72,WDR72,15,0,0,0.45036783634059674,0.469366030682537
UNC13C,UNC13C,15,0,0,0.4345907032589835,
RSL24D1,RSL24D1,15,0,0,1.2975870111537073,1.97679549345196
RAB27A,RAB27A,15,0,0,0.11180592487514573,-0.408339286335197
PIGBOS1,PIGBOS1,15,0,0,1.819652657526344,
PIGB,PIGB,15,0,0,0.9518789812497328,0.954830344230247
CCPG1,CCPG1,15,0,0,0.3172416508670377,1.95694165953351
PIERCE2,PIERCE2,15,0,0,0.6639220793349061,
DNAAF4,DNAAF4,15,0,0,1.062260862119377,
PYGO1,PYGO1,15,0,0,0.10179298781470969,
PRTG,PRTG,15,0,0,0.05068963083949818,
NEDD4,NEDD4,15,0,0,0.4633137608573161,1.09052952455999
RFX7,RFX7,15,0,0,-0.7272979778092541,-1.30120354149111
TEX9,TEX9,15,0,0,0.451237069108835,
MNS1,MNS1,15,0,0,0.5296850657249141,
ZNF280D,ZNF280D,15,0,0,0.1955885269172839,1.3289073960641
TCF12,TCF12,15,0,0,-1.1300183571204059,-0.580494291096178
CGNL1,CGNL1,15,0,0,-1.8513278908254929,-2.55781984140829
MYZAP,MYZAP,15,0,0,-0.892606170308845,-2.30785922587672
POLR2M,POLR2M,15,0,0,-0.8170666404611868,-2.27941202642908
ALDH1A2,ALDH1A2,15,0,0,0.04321710400062351,-1.14355973005726
AQP9,AQP9,15,0,0,0.5961157911300141,1.56094482923645
LIPC,LIPC,15,0,0,-1.2244472799411863,0.146573536694564
ADAM10,ADAM10,15,0,0,0.602989811167502,1.24475201117635
MINDY2,MINDY2,15,0,0,-0.9364730999231163,-1.57345560312562
SLTM,SLTM,15,0,0,-0.7912635788279072,-1.1497639597258
RNF111,RNF111,15,0,0,-1.413272414897186,-0.322721695998697
CCNB2,CCNB2,15,0,0,0.5660719922938302,0.293959048940396
MYO1E,MYO1E,15,0,0,-0.7244348500676185,-0.805084853397537
LDHAL6B,LDHAL6B,15,0,0,0.349612004942049,
FAM81A,FAM81A,15,0,0,-1.1434302303578328,
GCNT3,GCNT3,15,0,0,-0.0770562759851412,
GTF2A2,GTF2A2,15,0,0,1.334051201051178,2.63002226534365
BNIP2,BNIP2,15,0,0,1.116096956386528,-0.285226844761178
FOXB1,FOXB1,15,0,0,-2.7208104980885413,
ANXA2,ANXA2,15,0,0,0.2176100822400855,0.73155033955993
ICE2,ICE2,15,0,0,0.7350007958279967,0.274260925859862
RORA,RORA,15,0,0,-0.8711533481616254,-0.662718908006427
VPS13C,VPS13C,15,0,0,0.9316246327529996,-0.187542650294322
C2CD4A,C2CD4A,15,0,0,-3.354384279169583,
C2CD4B,C2CD4B,15,0,0,-3.2974585494724984,-2.66851766769457
TLN2,TLN2,15,0,0,-1.1325649926840082,
TPM1,TPM1,15,0,0,-0.9997462647058235,-1.13499251638086
LACTB,LACTB,15,0,0,0.32132011827394,0.556640503077789
RPS27L,RPS27L,15,0,0,0.33508405134669594,3.14337844261177
RAB8B,RAB8B,15,0,0,1.0495606489956213,1.56721523394335
APH1B,APH1B,15,0,0,1.1038584188584295,1.75788077053373
CA12,CA12,15,0,0,-1.4261470855201512,
USP3,USP3,15,0,0,-0.15375173118408014,-0.176708048214305
FBXL22,FBXL22,15,0,0,-2.657668422458455,
HERC1,HERC1,15,0,0,-0.20128839547632182,-1.991545775829
DAPK2,DAPK2,15,0,0,-1.9799308533508935,-2.30058796624144
CIAO2A,CIAO2A,15,0,0,-0.7600934949143525,-1.18884970364391
SNX1,SNX1,15,0,0,-1.125047962547285,-0.713084486071896
SNX22,SNX22,15,0,0,-3.1065326964247593,-0.476819749613433
PPIB,PPIB,15,0,0,-0.2617380716264037,-0.326932974836382
CSNK1G1,CSNK1G1,15,0,0,-0.3500733015226327,-1.17575114189439
PCLAF,PCLAF,15,0,0,-0.05455934358250403,
TRIP4,TRIP4,15,0,0,-0.3973823374567349,0.214484205394827
ZNF609,ZNF609,15,0,0,-1.9196508184094938,-3.57198852282194
RBPMS2,RBPMS2,15,0,0,-1.3683372622494314,-3.12743561085569
PIF1,PIF1,15,0,0,-2.7221246528882137,
PLEKHO2,PLEKHO2,15,0,0,-2.892731766445033,-1.7159862179764
ANKDD1A,ANKDD1A,15,0,0,-2.1603830681540597,-3.36568904166174
SPG21,SPG21,15,0,0,0.7716424744051871,-0.218037249838246
MTFMT,MTFMT,15,0,0,-0.052510088913198416,-1.1061054554402
SLC51B,SLC51B,15,0,0,-1.0901735856842354,-0.391784762631722
RASL12,RASL12,15,0,0,-2.677404142268193,-1.49727458113041
KBTBD13,KBTBD13,15,0,0,-2.4925043523788357,
UBAP1L,UBAP1L,15,0,0,-3.5149444477913807,
PDCD7,PDCD7,15,0,0,-2.416658853598335,-3.24788986027339
CLPX,CLPX,15,0,0,0.42243677166679383,1.26357201272272
CILP,CILP,15,0,0,-1.4493302701651487,-0.355944726967156
PARP16,PARP16,15,0,0,-1.5897190165112907,-0.805743542875878
IGDCC3,IGDCC3,15,0,0,-2.7274600038680745,
IGDCC4,IGDCC4,15,0,0,-2.4556341582286905,
DPP8,DPP8,15,0,0,0.719873687505741,0.931580789251444
HACD3,HACD3,15,0,0,1.0113360413438741,1.71749923536372
INTS14,INTS14,15,0,0,0.18068590558486797,-0.177474636044377
SLC24A1,SLC24A1,15,0,0,-1.198742425738999,-4.11908646320241
DENND4A,DENND4A,15,0,0,0.4809767939944152,1.80810734893516
RAB11A,RAB11A,15,0,0,0.9607846727398464,2.07224634609362
MEGF11,MEGF11,15,0,0,-2.3669508673356,
DIS3L,DIS3L,15,0,0,-0.09119688954203298,-1.55958267033512
TIPIN,TIPIN,15,0,0,0.14491055740337622,
MAP2K1,MAP2K1,15,0,0,-1.0279342761199182,-0.331088600597237
SNAPC5,SNAPC5,15,0,0,-2.3375551371026564,-1.04175978695028
RPL4,RPL4,15,0,0,0.5751145666240784,-1.49392287058745
ZWILCH,ZWILCH,15,0,0,0.575183218749574,1.7716746731845
LCTL,LCTL,15,0,0,-0.5515488463661171,
SMAD6,SMAD6,15,0,0,-3.3240496038760714,-4.68211834559904
SMAD3,SMAD3,15,0,0,-1.946603024069459,-2.56350910577979
AAGAB,AAGAB,15,0,0,0.13233061114165423,1.93116381102941
IQCH,IQCH,15,0,0,-0.2944374855450409,
C15orf61,C15orf61,15,0,0,-1.5922896362514773,-0.630274502763243
MAP2K5,MAP2K5,15,0,0,0.39405543641887064,-0.544469852855696
SKOR1,SKOR1,15,0,0,-2.4708471734001307,
PIAS1,PIAS1,15,0,0,-0.5426447136206942,1.06242067559539
CALML4,CALML4,15,0,0,-0.6118092499254288,-0.332122002515769
CLN6,CLN6,15,0,0,-1.3143431194616948,-0.617841082113652
FEM1B,FEM1B,15,0,0,0.44555940915922854,-0.610343585007469
ITGA11,ITGA11,15,0,0,-1.859428852017194,-1.435325020218
CORO2B,CORO2B,15,0,0,-1.5172278464419637,
ANP32A,ANP32A,15,0,0,-1.3617553241802955,-0.310511748639232
SPESP1,SPESP1,15,0,0,0.48423122455247913,-0.285278176603719
NOX5,NOX5,15,0,0,-1.6078096164190274,
GLCE,GLCE,15,0,0,0.5656058840694449,1.53419938127121
PAQR5,PAQR5,15,0,0,-0.5272357219157229,-0.974928412850109
KIF23,KIF23,15,0,0,0.1807518919576161,
RPLP1,RPLP1,15,0,0,-0.43437495572604057,-2.85318556655408
TLE3,TLE3,15,0,0,-2.5095874832544958,-2.57417776180985
UACA,UACA,15,0,0,0.13205309839366564,0.195192043210542
LARP6,LARP6,15,0,0,-2.491329948916203,-3.15880383158993
THAP10,THAP10,15,0,0,-1.338387479035541,-0.327184203295617
LRRC49,LRRC49,15,0,0,0.6190038683602666,
THSD4,THSD4,15,0,0,-2.377111916019226,-2.29719613802886
NR2E3,NR2E3,15,0,0,-2.4552840650330037,
MYO9A,MYO9A,15,0,0,0.18142175894985435,-2.7241100485703
SENP8,SENP8,15,0,0,-0.5733045579315217,1.69484611182172
GRAMD2A,GRAMD2A,15,0,0,-1.7002778808018544,
PKM,PKM,15,0,0,-0.7748348999908021,-0.336070321242265
PARP6,PARP6,15,0,0,-0.7328553809516372,-4.49940010558378
CELF6,CELF6,15,0,0,-2.0275180884332205,-3.25202428135464
HEXA,HEXA,15,0,0,-0.3674381204645165,0.565287246036765
TMEM202,TMEM202,15,0,0,-0.7444780155210076,
ARIH1,ARIH1,15,0,0,-0.31949105800170585,-1.17206900350944
GOLGA6B,GOLGA6B,15,0,0,-2.6034975886771967,
HIGD2B,HIGD2B,15,0,0,-0.8031785327222405,
BBS4,BBS4,15,0,0,0.12876247033518595,0.108978864267139
ADPGK,ADPGK,15,0,0,-1.051761527504544,-0.24139173676148
NEO1,NEO1,15,0,0,-0.3266225676979957,-0.167340069044626
HCN4,HCN4,15,0,0,-2.8376438282639356,
REC114,REC114,15,0,0,-0.8007556987949691,
NPTN,NPTN,15,0,0,-1.3151463035626527,0.49183385869195
CD276,CD276,15,0,0,-2.3131652272178176,-1.64815473025762
INSYN1,INSYN1,15,0,0,-3.4116570697664024,
TBC1D21,TBC1D21,15,0,0,-1.014484871212689,
LOXL1,LOXL1,15,0,0,-2.8051427343237947,-3.90924706959785
STOML1,STOML1,15,0,0,-1.8557709388245822,-1.64814768669762
PML,PML,15,0,0,-2.7180401167754287,-2.22919583311099
GOLGA6A,GOLGA6A,15,0,0,-2.5848632408845074,
ISLR2,ISLR2,15,0,0,-2.420578522377948,
ISLR,ISLR,15,0,0,-2.71339002045041,-1.50674149828118
STRA6,STRA6,15,0,0,-2.08497679947679,
CCDC33,CCDC33,15,0,0,-2.1929771813880734,
CYP11A1,CYP11A1,15,0,0,-0.9606061287968384,-1.51877302378556
SEMA7A,SEMA7A,15,0,0,-2.3763726773970184,-2.5413234888087
UBL7,UBL7,15,0,0,-2.032649803367704,-0.605207671886195
ARID3B,ARID3B,15,0,0,-2.0002484156692084,-3.37737715656733
CLK3,CLK3,15,0,0,-2.438042226644047,-1.5771401713959
EDC3,EDC3,15,0,0,-1.2902724800703282,-0.489558948876913
CYP1A1,CYP1A1,15,0,0,-1.3187539493973226,-0.191759462243794
CYP1A2,CYP1A2,15,0,0,-2.0238836726644145,-0.239641568806517
CSK,CSK,15,0,0,-1.5852997140354272,-2.88120757390673
LMAN1L,LMAN1L,15,0,0,-2.6382637237211277,
CPLX3,CPLX3,15,0,0,-2.197639737841568,
ULK3,ULK3,15,0,0,-2.034102299238601,-3.23571910293546
SCAMP2,SCAMP2,15,0,0,-1.1209512675686835,-0.687858046831458
MPI,MPI,15,0,0,-1.3201605520837898,-0.332773621766689
FAM219B,FAM219B,15,0,0,-2.2541796252872874,-2.46566467283903
COX5A,COX5A,15,0,0,-0.25069190480528114,0.600186940755333
RPP25,RPP25,15,0,0,-2.8491127874651845,-2.47203581480517
SCAMP5,SCAMP5,15,0,0,-0.3177392518051274,-1.12393965172959
PPCDC,PPCDC,15,0,0,-1.1104544586782286,-1.1130951306928
C15orf39,C15orf39,15,0,0,-2.8009719762701053,-3.62579871304653
GOLGA6C,GOLGA6C,15,0,0,-2.6116202743792307,
GOLGA6D,GOLGA6D,15,0,0,-2.6053530688223407,
COMMD4,COMMD4,15,0,0,-2.0799708281443987,-0.440593803934288
NEIL1,NEIL1,15,0,0,-2.933709725022858,-2.5742157481254
MAN2C1,MAN2C1,15,0,0,-2.0337574244882273,-2.19895601862744
SIN3A,SIN3A,15,0,0,-0.6781732202175892,-1.17524493165701
PTPN9,PTPN9,15,0,0,-0.5241395809561027,-1.50928065334153
SNUPN,SNUPN,15,0,0,-0.5416653786706824,-0.752237928934189
IMP3,IMP3,15,0,0,-1.9096808127754983,-0.914156434356501
SNX33,SNX33,15,0,0,-1.9557612341558421,-2.14439742823049
CSPG4,CSPG4,15,0,0,-2.7237722239677424,
CIMAP1C,CIMAP1C,15,0,0,-2.3347483871778962,
UBE2Q2,UBE2Q2,15,0,0,-0.3160985981156177,-1.93025614222427
FBXO22,FBXO22,15,0,0,-0.03611464477053339,-0.987456610507573
NRG4,NRG4,15,0,0,-1.1655011078663087,
TMEM266,TMEM266,15,0,0,-2.234318868551556,
ETFA,ETFA,15,0,0,0.842602235193187,1.89552319972217
ISL2,ISL2,15,0,0,-2.958920537118443,
SCAPER,SCAPER,15,0,0,0.05107559956540264,-1.53148775015166
RCN2,RCN2,15,0,0,0.5211897559602594,-0.0255770923071745
PSTPIP1,PSTPIP1,15,0,0,-2.393325000131771,-3.71331059079471
TSPAN3,TSPAN3,15,0,0,0.6972470136560123,1.15270675990344
PEAK1,PEAK1,15,0,0,-1.0911074232000644,-2.2828376752928
HMG20A,HMG20A,15,0,0,-1.2559423378712165,-0.501650928198029
LINGO1,LINGO1,15,0,0,-2.3939541810408667,-2.71700476189274
TBC1D2B,TBC1D2B,15,0,0,-1.128817180012847,-1.69831691295957
SH2D7,SH2D7,15,0,0,-2.8705625268495787,
CIB2,CIB2,15,0,0,-1.2122678509985096,
IDH3A,IDH3A,15,0,0,0.5743912920080927,0.401875471303791
ACSBG1,ACSBG1,15,0,0,-1.4672910528364564,
DNAJA4,DNAJA4,15,0,0,-0.5397131017691432,-3.20898466230429
SKIC8,SKIC8,15,0,0,0.40361055610380525,0.572470246704289
CRABP1,CRABP1,15,0,0,-1.090228050708312,
IREB2,IREB2,15,0,0,0.9443174952311537,0.902895500009624
HYKK,HYKK,15,0,0,0.12852898607394714,1.828545052724
PSMA4,PSMA4,15,0,0,1.24567653636608,3.26143751465167
CHRNA5,CHRNA5,15,0,0,1.2887860924577126,
CHRNA3,CHRNA3,15,0,0,-0.41308499116355435,
CHRNB4,CHRNB4,15,0,0,-1.2519710808939148,
ADAMTS7,ADAMTS7,15,0,0,-2.9704432831153103,
MORF4L1,MORF4L1,15,0,0,1.0193424094478676,0.101332623537931
CTSH,CTSH,15,0,0,-0.5417672648762508,-0.0691674940567314
RASGRF1,RASGRF1,15,0,0,-1.6818093493117328,
ANKRD34C,ANKRD34C,15,0,0,-1.184057741788255,
TMED3,TMED3,15,0,0,-1.80981104805951,-0.854991783614405
MINAR1,MINAR1,15,0,0,-1.7007286082310937,
MTHFS,MTHFS,15,0,0,-0.8042025664549772,
BCL2A1,BCL2A1,15,0,0,1.3989527250254437,-0.606110982314459
ZFAND6,ZFAND6,15,0,0,0.03607896675572775,3.05956055974808
FAH,FAH,15,0,0,-0.9218336994099214,-0.139789472867906
CTXND1,CTXND1,15,0,0,-1.5405711205972121,-5.74130543195298
ARNT2,ARNT2,15,0,0,-1.363792146558902,
ABHD17C,ABHD17C,15,0,0,-1.5135696946792034,-1.92451971170337
CEMIP,CEMIP,15,0,0,-0.9163909794330269,
MESD,MESD,15,0,0,-0.5210043672722264,0.0475934222400197
LOC128071545,LOC128071545,15,0,0,-4.083077557118086,
TLNRD1,TLNRD1,15,0,0,-2.7827930318336414,-6.41978073778107
CFAP161,CFAP161,15,0,0,-0.3801967110035598,
IL16,IL16,15,0,0,-2.2229588142177636,-1.04360658204808
STARD5,STARD5,15,0,0,-0.7709791988914976,0.0035736913268832
TMC3,TMC3,15,0,0,-1.1248559221531647,
MEX3B,MEX3B,15,0,0,-2.786304553575457,-4.3494958107328
EFL1,EFL1,15,0,0,-0.020643774951405902,0.55375915202231
SAXO2,SAXO2,15,0,0,0.293848050723982,
GOLGA6L10,GOLGA6L10,15,0,0,-3.279267307200687,
GOLGA6L9,GOLGA6L9,15,0,0,-2.8055903476580095,
RPS17,RPS17,15,0,0,-0.4815325786413869,0.231403676256313
CPEB1,CPEB1,15,0,0,-1.113811485205085,
AP3B2,AP3B2,15,0,0,-1.6602431934590651,
FSD2,FSD2,15,0,0,-0.7517666693849705,
WHAMM,WHAMM,15,0,0,-1.200583099527842,-3.4719080750832
HOMER2,HOMER2,15,0,0,-1.8221317248454092,-3.16988146354831
RAMAC,RAMAC,15,0,0,-0.550976849541799,1.693808448453
C15orf40,C15orf40,15,0,0,-0.4758350278165402,0.15419140604984
BTBD1,BTBD1,15,0,0,-0.06634748424268189,-1.22544714559334
TM6SF1,TM6SF1,15,0,0,1.4407542677321707,
HDGFL3,HDGFL3,15,0,0,-0.14686774059821772,-2.52289510814292
BNC1,BNC1,15,0,0,-1.9374873979672298,
SH3GL3,SH3GL3,15,0,0,0.14904890314748975,
ADAMTSL3,ADAMTSL3,15,0,0,-0.9572178158148983,-0.529861561531587
GOLGA6L4,GOLGA6L4,15,0,0,-3.3789838047209546,
ZSCAN2,ZSCAN2,15,0,0,-2.7508793057482315,-1.3149702870642
WDR73,WDR73,15,0,0,-1.0824186519663037,-1.37496189574258
NMB,NMB,15,0,0,-3.1207440577117005,-2.28025712833465
SEC11A,SEC11A,15,0,0,1.2963997418301147,1.27151454682691
ZNF592,ZNF592,15,0,0,-2.7260137405060707,-2.67672973402553
ALPK3,ALPK3,15,0,0,-2.7593078121232324,
SLC28A1,SLC28A1,15,0,0,-1.3564517023821292,-1.54772526134197
PDE8A,PDE8A,15,0,0,-0.05911158907002978,-1.60184155814338
AKAP13,AKAP13,15,0,0,-1.1131974484750966,-2.17882748753552
KLHL25,KLHL25,15,0,0,-2.1058300169588478,-2.19985951869542
AGBL1,AGBL1,15,0,0,-1.0804908728656315,
NTRK3,NTRK3,15,0,0,-1.3722502483981618,
MRPL46,MRPL46,15,0,0,-0.7201116069171363,-0.11422322928612
MRPS11,MRPS11,15,0,0,-1.6497745077564279,-1.13124727228268
DET1,DET1,15,0,0,-0.571529112634872,-1.41129210572002
AEN,AEN,15,0,0,-2.8874263486067147,-1.87101129255984
ISG20,ISG20,15,0,0,-2.679198606042455,-1.57512633760332
ACAN,ACAN,15,0,0,-2.0037437732916246,
HAPLN3,HAPLN3,15,0,0,-2.1626601732014574,
MFGE8,MFGE8,15,0,0,-1.5803383071299208,0.105752563733142
ABHD2,ABHD2,15,0,0,-0.6250424891615687,0.353582725878516
RLBP1,RLBP1,15,0,0,-1.3483527857523239,
FANCI,FANCI,15,0,0,0.05082221674486753,-1.97699817352117
POLG,POLG,15,0,0,-1.995486660197109,-3.70345423822241
RHCG,RHCG,15,0,0,-0.5908006190335158,-0.817462045456461
TICRR,TICRR,15,0,0,-1.6824778427691385,
KIF7,KIF7,15,0,0,-3.5065266854877333,-3.14932018118913
PLIN1,PLIN1,15,0,0,-2.8641021841734826,-2.12325403513036
PEX11A,PEX11A,15,0,0,-0.22378482794103682,1.35863607892369
WDR93,WDR93,15,0,0,-0.20136972124814534,
MESP1,MESP1,15,0,0,-3.4940512056807993,-1.45375917062868
MESP2,MESP2,15,0,0,-3.8841828539160215,
ANPEP,ANPEP,15,0,0,-1.515030132355994,-0.991096405663712
AP3S2,AP3S2,15,0,0,0.086545293342148,
ARPIN,ARPIN,15,0,0,-1.8867356447744754,
ZNF710,ZNF710,15,0,0,-2.8856954628581466,-2.56093075102822
IDH2,IDH2,15,0,0,-1.3377236705793933,-0.889627911177782
SEMA4B,SEMA4B,15,0,0,-2.355957196444841,-1.85035099292582
CIB1,CIB1,15,0,0,-2.633468203947043,-0.182143258847294
GDPGP1,GDPGP1,15,0,0,-1.9419193568167756,-1.2379789748128
TTLL13,TTLL13,15,0,0,-1.3393418791629532,
NGRN,NGRN,15,0,0,-2.0594847286363684,-2.26638969071698
ZNF774,ZNF774,15,0,0,-2.2799822346663046,
IQGAP1,IQGAP1,15,0,0,0.22019162551633187,0.22370778958331
CRTC3,CRTC3,15,0,0,-2.5261281493189003,-2.56931409392998
BLM,BLM,15,0,0,0.5610127455735654,
FURIN,FURIN,15,0,0,-2.614663943426036,-3.80304634311485
FES,FES,15,0,0,-2.8776064900573477,-2.08784080347116
MAN2A2,MAN2A2,15,0,0,-1.832342557042601,-2.72681670520765
HDDC3,HDDC3,15,0,0,-2.2154798462544303,-1.8093417974755
UNC45A,UNC45A,15,0,0,-1.7720105569705513,-1.13905368500208
RCCD1,RCCD1,15,0,0,-1.9283165309567885,-2.28882676604717
PRC1,PRC1,15,0,0,-0.9662358211373867,0.708291245103836
VPS33B,VPS33B,15,0,0,-0.6960083866946647,-0.679906826780379
SV2B,SV2B,15,0,0,0.23713659660474562,
SLCO3A1,SLCO3A1,15,0,0,-1.3983751303187866,-2.60334180102283
ST8SIA2,ST8SIA2,15,0,0,-1.3890749827856421,
FAM174B,FAM174B,15,0,0,-2.199265117683769,-1.59339706717205
CHD2,CHD2,15,0,0,-0.7568465529762154,
RGMA,RGMA,15,0,0,-2.466270480560654,
MCTP2,MCTP2,15,0,0,-0.30950405836588324,
NR2F2,NR2F2,15,0,0,-2.2893746978949387,-2.17130854210873
ARRDC4,ARRDC4,15,0,0,-0.9131530981608442,-1.38831276509456
IGF1R,IGF1R,15,0,0,-1.2576639865312806,
PGPEP1L,PGPEP1L,15,0,0,-1.1991141656909132,
SYNM,SYNM,15,0,0,-2.0797958135666246,-3.07534438667048
TTC23,TTC23,15,0,0,-0.7387829286633121,-3.96118264155079
LRRC28,LRRC28,15,0,0,-0.6034932378689515,-0.631350856309986
MEF2A,MEF2A,15,0,0,-1.2498543181331492,-0.883125995800173
LYSMD4,LYSMD4,15,0,0,-0.9090248474153828,
ADAMTS17,ADAMTS17,15,0,0,-2.278814379102906,-3.0682597502321
CERS3,CERS3,15,0,0,0.867685527168943,
LINS1,LINS1,15,0,0,0.5748712745386602,-0.130959177124015
ASB7,ASB7,15,0,0,-0.5609663597119088,-1.44716250740688
ALDH1A3,ALDH1A3,15,0,0,-1.1634823191707593,-1.86123172410193
LRRK1,LRRK1,15,0,0,-1.8351091065760503,
CHSY1,CHSY1,15,0,0,-0.873656647812048,-4.0682245772661
SELENOS,SELENOS,15,0,0,-0.6549358616260204,-0.229697938708397
SNRPA1,SNRPA1,15,0,0,0.16294356162866386,-0.300800123699934
PCSK6,PCSK6,15,0,0,-1.61948637145505,-2.07453718938385
TM2D3,TM2D3,15,0,0,-0.11769693328852071,0.541337261229351
TARS3,TARS3,15,0,0,-0.17588793947850867,-0.542643708936847
OR4F6,OR4F6,15,0,0,1.303565227503297,
OR4F15,OR4F15,15,0,0,1.351463456332647,
POLR3K,POLR3K,16,0,0,-0.1830642295822198,0.241264092328936
SNRNP25,SNRNP25,16,0,0,-1.0661202772484693,-3.16992388093715
RHBDF1,RHBDF1,16,0,0,-2.378060592324374,-2.63189665118522
MPG,MPG,16,0,0,-2.5626213274074843,-2.19598599744263
NPRL3,NPRL3,16,0,0,-2.1090482039060348,-2.36595207645353
HBZ,HBZ,16,0,0,-2.16043614456607,
HBM,HBM,16,0,0,-1.715790723849846,
HBA2,HBA2,16,0,0,-1.708883950378178,
HBA1,HBA1,16,0,0,-1.708883950378178,
HBQ1,HBQ1,16,0,0,-2.431890087658454,
LUC7L,LUC7L,16,0,0,-2.091645247597288,-2.31382824297519
FAM234A,FAM234A,16,0,0,-2.2942328982523144,-2.38762387323454
RGS11,RGS11,16,0,0,-2.164344950690973,
ARHGDIG,ARHGDIG,16,0,0,-2.170807886550561,
PDIA2,PDIA2,16,0,0,-1.9636390309834262,
AXIN1,AXIN1,16,0,0,-2.891498003137782,-4.62420434300901
MRPL28,MRPL28,16,0,0,-2.3771817451813906,-0.778331577493102
PGAP6,PGAP6,16,0,0,-2.3038280478825914,-4.75370882863195
NME4,NME4,16,0,0,-3.2360019888381775,-3.68511504911702
DECR2,DECR2,16,0,0,-2.192706694164727,-1.35270496960622
RAB11FIP3,RAB11FIP3,16,0,0,-3.5066887662079775,-3.74839613587722
CAPN15,CAPN15,16,0,0,-3.446573492463205,-4.23366256303637
PRR35,PRR35,16,0,0,-3.7593052186981364,
NHLRC4,NHLRC4,16,0,0,-2.662932901826677,
PIGQ,PIGQ,16,0,0,-2.674813467282698,-2.77691190456187
RAB40C,RAB40C,16,0,0,-2.544496140021282,-2.10894101483726
WFIKKN1,WFIKKN1,16,0,0,-2.9929641309598356,
METTL26,METTL26,16,0,0,-2.55194567406253,-1.85400029673119
MCRIP2,MCRIP2,16,0,0,-3.001148964069813,-2.07892188549732
WDR90,WDR90,16,0,0,-2.769489955459635,-3.58252312575463
RHOT2,RHOT2,16,0,0,-2.762386120512682,-1.60284281895142
RHBDL1,RHBDL1,16,0,0,-1.9928080296658237,
STUB1,STUB1,16,0,0,-2.4841012968665304,-2.06847976484376
JMJD8,JMJD8,16,0,0,-2.103057563295751,-2.10529651906568
WDR24,WDR24,16,0,0,-2.5094008075385545,-2.89878538261965
FBXL16,FBXL16,16,0,0,-2.565674848732023,
METRN,METRN,16,0,0,-2.922857377336795,-5.62457083663272
ANTKMT,ANTKMT,16,0,0,-2.5169333479501397,-2.2766700716391
CCDC78,CCDC78,16,0,0,-3.2975146900744896,
HAGHL,HAGHL,16,0,0,-2.7698558553191095,-1.28055410086069
CIAO3,CIAO3,16,0,0,-2.342642057424756,-1.53722976372043
MSLN,MSLN,16,0,0,-2.534528330794002,
RPUSD1,RPUSD1,16,0,0,-3.2431769353017454,-2.24092095210534
CHTF18,CHTF18,16,0,0,-3.29296254792356,-3.31701360661423
GNG13,GNG13,16,0,0,-1.6108672166589972,
LMF1,LMF1,16,0,0,-2.037424511193908,-0.97827839884294
SOX8,SOX8,16,0,0,-3.4518707207523516,
SSTR5,SSTR5,16,0,0,-1.7144607225201618,
C1QTNF8,C1QTNF8,16,0,0,-3.050409207023309,
CACNA1H,CACNA1H,16,0,0,-2.6776148302658154,-4.39329801605249
TPSG1,TPSG1,16,0,0,-3.124053464616514,
TPSB2,TPSB2,16,0,0,-2.3273263946871747,-0.881655738493882
TPSAB1,TPSAB1,16,0,0,-2.4060697841700236,
TPSD1,TPSD1,16,0,0,-2.6404212188700757,-2.00936954481371
UBE2I,UBE2I,16,0,0,-1.0257270683091484,-0.515629813017762
BAIAP3,BAIAP3,16,0,0,-2.592726702498748,-1.23956286961272
TSR3,TSR3,16,0,0,-2.5781524470895114,-3.23665170961642
GNPTG,GNPTG,16,0,0,-2.6365870478291757,-1.94586053781749
UNKL,UNKL,16,0,0,-3.308688514211079,-3.29511183494772
UQCC4,UQCC4,16,0,0,-2.525797947280246,-1.64982741258841
PERCC1,PERCC1,16,0,0,-4.234696924601602,
CCDC154,CCDC154,16,0,0,-3.5000287119080458,
CLCN7,CLCN7,16,0,0,-1.8221182309519435,-1.80219969863705
PTX4,PTX4,16,0,0,-3.1334807506907847,
TELO2,TELO2,16,0,0,-2.6703711335657605,-3.0864209359294
IFT140,IFT140,16,0,0,-2.015044433849324,-2.65802830245842
TMEM204,TMEM204,16,0,0,-1.8915455493343618,-4.63811097641502
CRAMP1,CRAMP1,16,0,0,-2.905122995286474,-3.49237659029324
JPT2,JPT2,16,0,0,-2.255751775964187,-0.548464997939301
MAPK8IP3,MAPK8IP3,16,0,0,-2.7353777029897444,-6.05596293951368
NME3,NME3,16,0,0,-1.7644833812444247,-1.75872316865241
MRPS34,MRPS34,16,0,0,-2.399276010487741,-1.15396232335992
EME2,EME2,16,0,0,-3.118885536353833,-5.74400412872556
SPSB3,SPSB3,16,0,0,-2.782043924286711,-2.43998154947947
NUBP2,NUBP2,16,0,0,-2.5967121658170793,-1.94196514190582
IGFALS,IGFALS,16,0,0,-3.075075783552137,-1.31859915785417
HAGH,HAGH,16,0,0,-1.6741613648517077,-1.88253498283893
FAHD1,FAHD1,16,0,0,-1.0906392334850423,-1.15354849401489
MEIOB,MEIOB,16,0,0,1.0035490609081812,
HS3ST6,HS3ST6,16,0,0,-2.9510063194331835,
MSRB1,MSRB1,16,0,0,-1.3197926135601712,-0.335377184958112
RPL3L,RPL3L,16,0,0,-2.117962398601138,
NDUFB10,NDUFB10,16,0,0,-1.305600037801483,-0.724330002677577
RPS2,RPS2,16,0,0,-0.9453064691332234,-3.2492391066159
RNF151,RNF151,16,0,0,-2.7514030736615993,
TBL3,TBL3,16,0,0,-2.5810356753832018,-1.64299581995122
NOXO1,NOXO1,16,0,0,-3.1065020144467574,
GFER,GFER,16,0,0,-2.3351563023166015,-2.29470999124215
SYNGR3,SYNGR3,16,0,0,-2.152623147483654,
NPW,NPW,16,0,0,-2.914270681214596,-1.25822498814082
NHERF2,NHERF2,16,0,0,-3.281320758419465,-3.02448789150365
NTHL1,NTHL1,16,0,0,-2.758964467411243,-1.37431612047792
TSC2,TSC2,16,0,0,-2.32150165591003,-2.65834851154913
PKD1,PKD1,16,0,0,-2.8921398025605303,-5.07827592403177
RAB26,RAB26,16,0,0,-1.544525032709382,-2.85655931043626
TRAF7,TRAF7,16,0,0,-2.5317134154668413,-3.07466009521943
CASKIN1,CASKIN1,16,0,0,-3.408932505070961,
MLST8,MLST8,16,0,0,-2.330734719958656,-2.54998782591781
BRICD5,BRICD5,16,0,0,-2.6525536708464568,
PGP,PGP,16,0,0,-2.052213117128524,-2.49500730926128
E4F1,E4F1,16,0,0,-2.9049422122489634,-2.74128049297812
DNASE1L2,DNASE1L2,16,0,0,-2.388350436238426,-2.57359506704627
ECI1,ECI1,16,0,0,-2.0001852254021557,-1.18337873400884
RNPS1,RNPS1,16,0,0,-2.9752976619257705,-1.35900959264454
ABCA3,ABCA3,16,0,0,-1.7764173836866526,-3.30798146270157
CCNF,CCNF,16,0,0,-2.469810479549457,-2.77331588859602
TEDC2,TEDC2,16,0,0,-2.7200551660495016,
NTN3,NTN3,16,0,0,-3.0046456814687392,
TBC1D24,TBC1D24,16,0,0,-2.1440664135946914,-2.13143852650934
ATP6V0C,ATP6V0C,16,0,0,-1.5185954704866678,0.675332609592202
AMDHD2,AMDHD2,16,0,0,-2.648307655012882,-1.97516763686212
CEMP1,CEMP1,16,0,0,-2.8853709721401053,
PDPK1,PDPK1,16,0,0,-1.102689851984202,-1.21846579034121
KCTD5,KCTD5,16,0,0,-1.9382733683919344,-1.06804178482887
PRSS27,PRSS27,16,0,0,-2.4839435269758354,
SRRM2,SRRM2,16,0,0,-2.9979489408624254,-2.21385290728778
ELOB,ELOB,16,0,0,-2.4411160651597967,-0.547425251154641
PRSS33,PRSS33,16,0,0,-2.7233464601606077,
PRSS41,PRSS41,16,0,0,-1.7214272297492013,
PRSS21,PRSS21,16,0,0,-1.187310621315115,-1.4617048496534
ZG16B,ZG16B,16,0,0,-0.48063087289244777,
PRSS22,PRSS22,16,0,0,-2.4797692022661835,-1.14364920250077
FLYWCH2,FLYWCH2,16,0,0,-3.573442445589249,-2.92089637434249
FLYWCH1,FLYWCH1,16,0,0,-3.3746190307415738,-3.62887728458174
KREMEN2,KREMEN2,16,0,0,-2.902609401218035,
PAQR4,PAQR4,16,0,0,-1.916102114783877,-3.1437675574718
PKMYT1,PKMYT1,16,0,0,-3.3755703770901135,
GREP1,GREP1,16,0,0,-1.4791586917559467,
CLDN9,CLDN9,16,0,0,-1.9724622922520005,-2.50945289835442
CLDN6,CLDN6,16,0,0,-1.4145012390031049,
TNFRSF12A,TNFRSF12A,16,0,0,-2.118202084836943,-1.07455186466254
HCFC1R1,HCFC1R1,16,0,0,-3.486910167893898,-0.717228309583428
THOC6,THOC6,16,0,0,-1.939460303700102,-2.02405945910364
BICDL2,BICDL2,16,0,0,-4.255458773296928,-2.07319910683023
MMP25,MMP25,16,0,0,-2.5456089716791617,-5.34585893074124
IL32,IL32,16,0,0,-1.0286305005495926,-0.49038612992288
ZSCAN10,ZSCAN10,16,0,0,-3.8724986510300123,
ZNF205,ZNF205,16,0,0,-3.2197696242744733,-3.74884552806608
ZNF213,ZNF213,16,0,0,-3.350424924953783,-5.01418932917533
OR1F1,OR1F1,16,0,0,-0.15792363868563442,
ZNF200,ZNF200,16,0,0,-0.8258860574075086,0.773398855000821
MEFV,MEFV,16,0,0,-2.1708882218816274,
ZNF263,ZNF263,16,0,0,-2.683331440485693,-3.11917347136774
TIGD7,TIGD7,16,0,0,0.6094211338215931,-2.45974343280057
ZNF75A,ZNF75A,16,0,0,-0.8919544898613996,1.55535859174041
OR2C1,OR2C1,16,0,0,-0.7390707602165918,
ZSCAN32,ZSCAN32,16,0,0,-1.7761858992355322,-2.65586293320242
ZNF174,ZNF174,16,0,0,-2.3720262493930875,-2.06598423552877
ZNF597,ZNF597,16,0,0,-0.8230291170075663,-0.513823637205692
NAA60,NAA60,16,0,0,-1.0299958946722736,-1.15914387394605
C16orf90,C16orf90,16,0,0,-3.79290470585161,
CLUAP1,CLUAP1,16,0,0,0.06295246407293043,0.117468529215931
NLRC3,NLRC3,16,0,0,-2.5494457690889387,
SLX4,SLX4,16,0,0,-2.7048181715665205,-3.36623525926036
DNASE1,DNASE1,16,0,0,-1.2974917989386707,-5.6753395021267
TRAP1,TRAP1,16,0,0,-1.6647956286349626,-1.2209250095632
CREBBP,CREBBP,16,0,0,-2.010189796919777,-3.40555625440477
ADCY9,ADCY9,16,0,0,-1.7924080728627096,-3.01449514288012
SRL,SRL,16,0,0,-0.8921700053586079,
TFAP4,TFAP4,16,0,0,-3.311567889736388,-2.2247498515522
GLIS2,GLIS2,16,0,0,-3.21045406020456,-5.55825743622715
PAM16,PAM16,16,0,0,-2.052146697331782,-1.12273958369186
CORO7,CORO7,16,0,0,-2.812279479242399,
VASN,VASN,16,0,0,-3.5216855504016085,-1.51733914188653
DNAJA3,DNAJA3,16,0,0,-1.5091980163552172,-1.38443313578856
NMRAL1,NMRAL1,16,0,0,-1.4676766588504613,-1.58626643780944
HMOX2,HMOX2,16,0,0,-1.0495757437683508,-1.64566388671771
CDIP1,CDIP1,16,0,0,-2.0016987866727423,-0.681767538941522
C16orf96,C16orf96,16,0,0,-1.9416589577935142,
UBALD1,UBALD1,16,0,0,-3.2764639029629645,-1.5237683427346
MGRN1,MGRN1,16,0,0,-2.904158957306443,-2.30385877880889
NUDT16L1,NUDT16L1,16,0,0,-2.333127589020707,-1.52871577721797
ANKS3,ANKS3,16,0,0,-2.784309458199685,-4.86680992989448
DNAAF8,DNAAF8,16,0,0,-2.730684143165604,
ZNF500,ZNF500,16,0,0,-3.565832924501306,-2.97205005545842
SEPTIN12,SEPTIN12,16,0,0,-2.5169681361611964,
SMIM22,SMIM22,16,0,0,-1.966993567963991,-0.865674452493157
ROGDI,ROGDI,16,0,0,-2.215583278456151,-2.41107819925491
GLYR1,GLYR1,16,0,0,-0.718167268439803,-0.369882221166909
UBN1,UBN1,16,0,0,-1.5125447473269826,-3.00898967888356
PPL,PPL,16,0,0,-3.063161362084811,-2.64292040233587
SEC14L5,SEC14L5,16,0,0,-2.7089653530858975,
NAGPA,NAGPA,16,0,0,-2.6702042227223384,-2.24762310188472
C16orf89,C16orf89,16,0,0,-2.0400972722483104,
ALG1,ALG1,16,0,0,-1.279170883915496,-0.27586956140865
EEF2KMT,EEF2KMT,16,0,0,-1.9039040071322013,-1.31399409824855
RBFOX1,RBFOX1,16,0,0,-0.5531696196251019,
TMEM114,TMEM114,16,0,0,-2.317358764936305,
METTL22,METTL22,16,0,0,-1.4112640370071574,-2.77875870594221
ABAT,ABAT,16,0,0,-1.2797573639961701,-0.561686958531213
TMEM186,TMEM186,16,0,0,-0.5361148040624144,-0.0089886108827749
PMM2,PMM2,16,0,0,0.4201318500347391,-0.211967224842059
CARHSP1,CARHSP1,16,0,0,-2.633585588783932,-1.09744348275418
LITAFD,LITAFD,16,0,0,-0.8703270371298704,
USP7,USP7,16,0,0,0.17682535141926792,-0.148477701137618
HAPSTR1,HAPSTR1,16,0,0,-1.5098946459035947,-1.44543157168705
GRIN2A,GRIN2A,16,0,0,-1.0205146752744412,
ATF7IP2,ATF7IP2,16,0,0,0.17300121688601955,-0.0972557654227811
EMP2,EMP2,16,0,0,0.3866168013931599,1.23948789618914
TEKT5,TEKT5,16,0,0,-2.0919347361061824,
NUBP1,NUBP1,16,0,0,-1.4503869940415566,-0.374943240964661
TVP23A,TVP23A,16,0,0,-0.6960210331223529,
CIITA,CIITA,16,0,0,-2.3876544323520665,-2.5735569983227
DEXI,DEXI,16,0,0,-0.7542988341891768,-2.82121704530226
CLEC16A,CLEC16A,16,0,0,-1.5121758468946709,-3.08888058401757
SOCS1,SOCS1,16,0,0,-2.851257938296305,-4.47214128323662
TNP2,TNP2,16,0,0,-3.7989871152638752,
PRM3,PRM3,16,0,0,-4.521664268181693,
PRM2,PRM2,16,0,0,-5.007383836904934,
PRM1,PRM1,16,0,0,-3.7155385800978333,
RMI2,RMI2,16,0,0,-1.4397738947808705,
LOC400499,LOC400499,16,0,0,-2.7567984118399025,
LITAF,LITAF,16,0,0,-1.0269406852442202,-0.295013273476287
SNN,SNN,16,0,0,-2.1080872100934247,
TXNDC11,TXNDC11,16,0,0,-1.512141618873832,-2.18263505338132
ZC3H7A,ZC3H7A,16,0,0,0.6198827145949917,-0.421331333433484
RSL1D1,RSL1D1,16,0,0,-0.253239660734522,-0.146458520671535
GSPT1,GSPT1,16,0,0,-0.12242788849177977,-0.266485079182065
NPIPB2,NPIPB2,16,0,0,-1.0027590239281494,
TNFRSF17,TNFRSF17,16,0,0,-0.05632355120203236,-0.932078817562705
SNX29,SNX29,16,0,0,-1.741014953681761,-2.44597207164985
CPPED1,CPPED1,16,0,0,-1.8755464539655637,-0.284248195213867
SHISA9,SHISA9,16,0,0,-2.075508003792663,
ERCC4,ERCC4,16,0,0,-0.1332644755216137,1.19763461112112
MRTFB,MRTFB,16,0,0,-1.73353660599561,
PARN,PARN,16,0,0,0.008420451810470908,0.583740654313373
BFAR,BFAR,16,0,0,-0.6445145762439015,-0.779497114660943
PLA2G10,PLA2G10,16,0,0,-1.3910985907770712,
NPIPA3,NPIPA3,16,0,0,-0.8239449212604733,
NPIPA2,NPIPA2,16,0,0,-0.8049976323265238,
NOMO1,NOMO1,16,0,0,-0.7301143224081983,-0.591926259228226
NPIPA1,NPIPA1,16,0,0,-0.5866332686522728,
PDXDC1,PDXDC1,16,0,0,-0.7977676955448914,-1.3475977219672
NTAN1,NTAN1,16,0,0,-0.7855675050492881,-2.98219535745633
RRN3,RRN3,16,0,0,0.5982920625687722,0.219741211648735
NPIPA5,NPIPA5,16,0,0,-0.5960516712152906,
MPV17L,MPV17L,16,0,0,-0.3735922271142762,-1.02572269298574
BMERB1,BMERB1,16,0,0,-1.4611023720789102,-2.01950145219317
MARF1,MARF1,16,0,0,-0.6800874873346672,
NDE1,NDE1,16,0,0,-2.2620952502583194,-2.7542181082117
MYH11,MYH11,16,0,0,-1.9038463456314503,-3.91110403736904
CEP20,CEP20,16,0,0,0.22057818923867423,
ABCC1,ABCC1,16,0,0,-1.455918787571493,-2.80161758834428
ABCC6,ABCC6,16,0,0,-1.9300824484591068,-1.66056168920198
NOMO3,NOMO3,16,0,0,-0.7690149614783817,0.302586014983376
NPIPA7,NPIPA7,16,0,0,-0.6624458174863239,
XYLT1,XYLT1,16,0,0,-1.9610690935138386,
NPIPA8,NPIPA8,16,0,0,-0.6624458174863239,
NPIPA9,NPIPA9,16,0,0,-0.591813967362322,
NOMO2,NOMO2,16,0,0,-0.7696442283482856,2.69681151961086
RPS15A,RPS15A,16,0,0,0.23987446597381634,
ARL6IP1,ARL6IP1,16,0,0,1.394002072621836,
SMG1,SMG1,16,0,0,0.16944011241913337,-2.02838506186134
TMC7,TMC7,16,0,0,-0.46421881909323304,
COQ7,COQ7,16,0,0,-0.8743903102102326,-0.732453461518676
ITPRIPL2,ITPRIPL2,16,0,0,-2.4875526901015412,
SYT17,SYT17,16,0,0,-1.8428215501208864,-1.58590636855836
CLEC19A,CLEC19A,16,0,0,-1.4404918102255113,
TMC5,TMC5,16,0,0,-0.39537244375052616,
GDE1,GDE1,16,0,0,0.059539839161038444,-0.849055502551613
CCP110,CCP110,16,0,0,0.33675156785276705,-0.0631472022217786
VPS35L,VPS35L,16,0,0,-0.44788527966149516,-0.85651825971896
KNOP1,KNOP1,16,0,0,-1.60925983496446,-1.42705015211345
IQCK,IQCK,16,0,0,-0.7970967932405806,
GPRC5B,GPRC5B,16,0,0,-1.6407935165302092,-1.19184904005297
GPR139,GPR139,16,0,0,-0.47639601409716725,
GP2,GP2,16,0,0,-1.2095811234267035,
UMOD,UMOD,16,0,0,-1.6624740337097244,
PDILT,PDILT,16,0,0,-0.47121348097619276,
ACSM5,ACSM5,16,0,0,-1.5039620908014246,-1.8957448059345
ACSM2A,ACSM2A,16,0,0,-0.4519217150586634,-1.09082218981356
ACSM2B,ACSM2B,16,0,0,-0.3809199518504869,0.142143269384147
ACSM1,ACSM1,16,0,0,-0.79726837050457,-0.593923612743288
THUMPD1,THUMPD1,16,0,0,-0.15544129589174283,0.33684146017376
ACSM3,ACSM3,16,0,0,0.6401730051069485,1.42989596709903
ERI2,ERI2,16,0,0,0.40241470568224,0.900182866355151
REXO5,REXO5,16,0,0,-0.3818790636631366,-0.216503279561311
DCUN1D3,DCUN1D3,16,0,0,-1.533302710787627,-3.04882615999854
LYRM1,LYRM1,16,0,0,-0.6977897352635996,-1.65247597598197
DNAH3,DNAH3,16,0,0,-0.2534268422768946,
LDAF1,LDAF1,16,0,0,-0.35484405309339984,-1.60658641882768
ZP2,ZP2,16,0,0,-0.5083402711959586,
ANKS4B,ANKS4B,16,0,0,-1.114304116025421,-0.526317713061194
CRYM,CRYM,16,0,0,-0.8912872979874908,-0.493085069756734
METTL9,METTL9,16,0,0,0.23082126623188337,-3.28355966034476
IGSF6,IGSF6,16,0,0,-0.3439819623146896,0.659895002604482
OTOA,OTOA,16,0,0,-1.1049084750990747,
NPIPB4,NPIPB4,16,0,0,-2.0584650580633923,
UQCRC2,UQCRC2,16,0,0,0.6829332559855512,1.82268968375948
PDZD9,PDZD9,16,0,0,-0.07504860901698507,
MOSMO,MOSMO,16,0,0,0.4312057318354494,-2.05422304326674
VWA3A,VWA3A,16,0,0,-1.3275213476825467,
SDR42E2,SDR42E2,16,0,0,-1.6707372592844791,
EEF2K,EEF2K,16,0,0,-1.788112317418884,-2.70739924298826
POLR3E,POLR3E,16,0,0,-1.9222094727755845,-2.89963116013211
CDR2,CDR2,16,0,0,-1.8498092592318969,-1.79970670918204
NPIPB5,NPIPB5,16,0,0,-2.189912432759341,
HS3ST2,HS3ST2,16,0,0,-2.02319613201014,
USP31,USP31,16,0,0,-2.008621901186512,-4.57416177435769
SCNN1G,SCNN1G,16,0,0,-0.9614290010848539,
SCNN1B,SCNN1B,16,0,0,-1.4916354126794502,
COG7,COG7,16,0,0,-1.0178138386405777,-0.486257222999612
GGA2,GGA2,16,0,0,-1.0432836419315716,-0.949543718302544
EARS2,EARS2,16,0,0,-1.8708882059499476,-1.30674022918332
UBFD1,UBFD1,16,0,0,-0.8317332502285169,-0.758814309644057
NDUFAB1,NDUFAB1,16,0,0,-0.05541435607446488,1.13978594905383
PALB2,PALB2,16,0,0,-0.41774223425160883,-0.348911377384846
DCTN5,DCTN5,16,0,0,-0.2527467099820697,0.78320570720826
PLK1,PLK1,16,0,0,-1.6354521600002947,
ERN2,ERN2,16,0,0,-2.4021497864062553,
CHP2,CHP2,16,0,0,-1.6940999140034911,
PRKCB,PRKCB,16,0,0,-0.5821435926532263,-2.18028527310693
CACNG3,CACNG3,16,0,0,-1.173147248857946,
RBBP6,RBBP6,16,0,0,-0.19235496816359188,-0.479301974353502
TNRC6A,TNRC6A,16,0,0,-0.987872424783939,-3.59461020524312
SLC5A11,SLC5A11,16,0,0,-0.6386576361994649,
ARHGAP17,ARHGAP17,16,0,0,-1.7352136840615557,-1.60115433820599
LCMT1,LCMT1,16,0,0,-0.49544275598931975,-0.877078299766007
AQP8,AQP8,16,0,0,-1.2055316797653983,
ZKSCAN2,ZKSCAN2,16,0,0,-1.196366990440092,-0.760398913310102
HS3ST4,HS3ST4,16,0,0,-2.0133983762759815,
C16orf82,C16orf82,16,0,0,-4.4294482814571925,
KDM8,KDM8,16,0,0,-2.134770325993129,-1.19584367622975
NSMCE1,NSMCE1,16,0,0,-0.8026816125037364,-0.269080822183449
IL4R,IL4R,16,0,0,-2.4762929764154915,-3.07679921093364
IL21R,IL21R,16,0,0,-2.407290355174231,
GTF3C1,GTF3C1,16,0,0,-1.8790837958984188,-1.83034779761766
KATNIP,KATNIP,16,0,0,-2.0587894013527013,-2.63020853308731
GSG1L,GSG1L,16,0,0,-2.3032704447395105,
XPO6,XPO6,16,0,0,-1.0206595779194956,-2.8739696557804
SBK1,SBK1,16,0,0,-2.637501983464544,
NPIPB6,NPIPB6,16,0,0,-1.0662218378552097,
EIF3CL,EIF3CL,16,0,0,-1.2136459223941074,
NPIPB7,NPIPB7,16,0,0,-0.8875214405884719,
CLN3,CLN3,16,0,0,-1.7526512682899682,-1.19006625297594
APOBR,APOBR,16,0,0,-3.253901919655881,-2.98518023974819
IL27,IL27,16,0,0,-3.182301930562696,-3.34321401923787
NUPR1,NUPR1,16,0,0,-3.1219773448726063,-2.03915612586279
SGF29,SGF29,16,0,0,-1.6114710039533637,-0.751078343640495
SULT1A2,SULT1A2,16,0,0,-0.9723353807668218,-0.0949971785286691
SULT1A1,SULT1A1,16,0,0,-1.0849288554770258,-0.313184938651588
NPIPB8,NPIPB8,16,0,0,-0.9417787356880734,
EIF3C,EIF3C,16,0,0,-1.2054281303636714,1.01361061302632
NPIPB9,NPIPB9,16,0,0,-0.9282985140155127,
ATXN2L,ATXN2L,16,0,0,-2.4608839700004257,-1.76976616987442
TUFM,TUFM,16,0,0,-1.474763710505412,-1.10583230506325
SH2B1,SH2B1,16,0,0,-2.825367257297545,-4.40353274182284
ATP2A1,ATP2A1,16,0,0,-1.3089464449443362,
RABEP2,RABEP2,16,0,0,-3.933029496571093,-3.30543877491953
CD19,CD19,16,0,0,-2.1201471339416376,
NFATC2IP,NFATC2IP,16,0,0,-2.727698455768069,-1.27513534222605
SPNS1,SPNS1,16,0,0,-1.6916327674751894,-1.83427544969516
LAT,LAT,16,0,0,-2.7783033520938876,-3.41487154048651
NPIPB11,NPIPB11,16,0,0,-2.1137215582519957,
BOLA2,BOLA2,16,0,0,-2.649007018311508,
SLX1B,SLX1B,16,0,0,-2.512345656626753,
SULT1A4,SULT1A4,16,0,0,-1.2201144622759674,
NPIPB12,NPIPB12,16,0,0,-2.114449564515466,
SPN,SPN,16,0,0,-2.3621732352805367,
QPRT,QPRT,16,0,0,-2.3075233366931123,-1.60588032448067
C16orf54,C16orf54,16,0,0,-3.209336111521562,
ZG16,ZG16,16,0,0,-0.8910062814028183,-1.62711368519445
KIF22,KIF22,16,0,0,-2.007188110164991,-0.941412906767378
MAZ,MAZ,16,0,0,-2.400753168072791,-4.82129646618765
PRRT2,PRRT2,16,0,0,-3.321403993161443,
PAGR1,PAGR1,16,0,0,-3.6421432307597836,-3.35495240489937
MVP,MVP,16,0,0,-2.282841854262596,-1.5808618535614
CDIPT,CDIPT,16,0,0,-0.8735580385850596,-1.61908767906629
SEZ6L2,SEZ6L2,16,0,0,-2.746892140736856,
ASPHD1,ASPHD1,16,0,0,-2.9541397646955208,-2.65776928248324
KCTD13,KCTD13,16,0,0,-2.252513352901296,-3.60083130150246
TMEM219,TMEM219,16,0,0,-1.8820257516072836,-2.91657367689987
TAOK2,TAOK2,16,0,0,-2.8517648165616194,-4.01564979188738
HIRIP3,HIRIP3,16,0,0,-3.2834371789470342,-1.66736161980643
INO80E,INO80E,16,0,0,-2.8792487643974454,-1.17793644355501
DOC2A,DOC2A,16,0,0,-2.2202444246558457,
C16orf92,C16orf92,16,0,0,-0.9325403160475148,
TLCD3B,TLCD3B,16,0,0,-1.7721119564970262,
LOC112694756,LOC112694756,16,0,0,-2.3891567630551602,
ALDOA,ALDOA,16,0,0,-1.345362350370289,-0.935044014370631
PPP4C,PPP4C,16,0,0,-1.4377007282641525,-1.01552540600683
TBX6,TBX6,16,0,0,-2.486123900602152,-3.67967759840009
YPEL3,YPEL3,16,0,0,-2.5115830978297407,-2.06857948179041
GDPD3,GDPD3,16,0,0,-1.5008231013910365,-3.81031074696949
MAPK3,MAPK3,16,0,0,-1.5448451238216183,-1.53486390300602
CORO1A,CORO1A,16,0,0,-2.516696752742911,-2.14557902364505
BOLA2B,BOLA2B,16,0,0,-2.649007018311508,
SLX1A,SLX1A,16,0,0,-2.512345656626753,
SULT1A3,SULT1A3,16,0,0,-1.2201144622759674,
NPIPB13,NPIPB13,16,0,0,-2.00214968956943,
CD2BP2,CD2BP2,16,0,0,-1.921246843538304,-1.78843388145334
TBC1D10B,TBC1D10B,16,0,0,-2.8186718286247654,-3.34952446017833
MYL11,MYL11,16,0,0,-1.0350367298402077,
SEPTIN1,SEPTIN1,16,0,0,-2.0017906758053723,-2.57277402120568
ZNF48,ZNF48,16,0,0,-3.261414831807979,
ZNF771,ZNF771,16,0,0,-3.1548921624564468,-2.71290438465004
DCTPP1,DCTPP1,16,0,0,-2.3825157997921433,-0.461743144329421
SEPHS2,SEPHS2,16,0,0,-0.9079185381336554,-2.66233762428221
ITGAL,ITGAL,16,0,0,-1.3928427457765036,-1.08889405912605
ZNF768,ZNF768,16,0,0,-3.4507238792997352,-3.45198128563879
ZNF747,ZNF747,16,0,0,-2.865284335674234,
ZNF764,ZNF764,16,0,0,-3.341047778814941,
ZNF688,ZNF688,16,0,0,-2.9628271093396883,-4.96539315645926
ZNF785,ZNF785,16,0,0,-2.9497937710217617,-3.30957677713051
ZNF689,ZNF689,16,0,0,-3.2214566676302656,-2.58412363721484
PRR14,PRR14,16,0,0,-3.206573536296048,-3.73243278495684
FBRS,FBRS,16,0,0,-3.7782523719402423,-3.90503807940129
SRCAP,SRCAP,16,0,0,-2.188622189708001,-4.44655587253742
TMEM265,TMEM265,16,0,0,-1.5201270480986082,
PHKG2,PHKG2,16,0,0,-1.8137596086867482,-1.68015102505027
CFAP119,CFAP119,16,0,0,-2.177276119848841,
RNF40,RNF40,16,0,0,-2.5927723847949906,-2.53125002966216
ZNF629,ZNF629,16,0,0,-3.561809599158712,-2.61742500156315
BCL7C,BCL7C,16,0,0,-3.1823231588153913,-3.53215975486283
CTF1,CTF1,16,0,0,-3.281336350842148,-1.63879758608031
FBXL19,FBXL19,16,0,0,-3.3919693241380315,-5.00693847425127
ORAI3,ORAI3,16,0,0,-2.3455208291615097,-2.0842555105064
SETD1A,SETD1A,16,0,0,-2.9743915406488313,-3.67907234098482
HSD3B7,HSD3B7,16,0,0,-2.1168511581575693,-1.42295863075055
STX1B,STX1B,16,0,0,-1.5223911792079186,-1.27871366473586
STX4,STX4,16,0,0,-2.210593614713032,-1.79332637053465
ZNF668,ZNF668,16,0,0,-3.091460023428173,-3.37467131695731
ZNF646,ZNF646,16,0,0,-3.2898694214064452,-3.72456208783732
PRSS53,PRSS53,16,0,0,-2.7953471735293984,
VKORC1,VKORC1,16,0,0,-1.0521724095692715,-0.175707036578185
BCKDK,BCKDK,16,0,0,-1.7804006932300762,-1.21068462993147
KAT8,KAT8,16,0,0,-1.3440355031158955,-1.50469725394953
PRSS8,PRSS8,16,0,0,-2.9238544557979527,-1.50640707901593
PRSS36,PRSS36,16,0,0,-2.721730924720923,-1.83627223136428
FUS,FUS,16,0,0,-1.2642366256182918,-0.276825480368659
PYCARD,PYCARD,16,0,0,-2.116431269438978,-1.29499998986811
TRIM72,TRIM72,16,0,0,-2.5879565599145664,
PYDC1,PYDC1,16,0,0,-1.6813506110663479,
ITGAM,ITGAM,16,0,0,-1.5926318131998745,-1.10281733712698
ITGAX,ITGAX,16,0,0,-1.7998346298831631,-2.49825200750534
ITGAD,ITGAD,16,0,0,-1.7041289778467572,-1.60290117171192
COX6A2,COX6A2,16,0,0,-2.4012665038965793,-1.37195519616084
ZNF843,ZNF843,16,0,0,-3.371259416886163,
ARMC5,ARMC5,16,0,0,-2.660207344718147,-2.80621773829092
TGFB1I1,TGFB1I1,16,0,0,-2.3304885402159297,-1.9297965900197
SLC5A2,SLC5A2,16,0,0,-1.1430198602134443,
RUSF1,RUSF1,16,0,0,-1.6117307694886627,-1.56645293233503
AHSP,AHSP,16,0,0,-0.936523524411756,
KRBOX5,KRBOX5,16,0,0,-0.563766445276725,-0.730595045178894
ZNF267,ZNF267,16,0,0,0.07121879444919621,0.451148178042858
TP53TG3D,TP53TG3D,16,0,0,-2.0908013707845594,
TP53TG3,TP53TG3,16,0,0,-2.147272408495059,
TP53TG3C,TP53TG3C,16,0,0,-2.147272408495059,
TP53TG3E,TP53TG3E,16,0,0,-2.147272408495059,
TP53TG3B,TP53TG3B,16,0,0,-2.147272408495059,
TP53TG3F,TP53TG3F,16,0,0,-2.147272408495059,
SHCBP1,SHCBP1,16,0,0,0.19145607463941516,
VPS35,VPS35,16,0,0,0.6216749132407653,1.30895745111978
ORC6,ORC6,16,0,0,0.00550689250195191,
MYLK3,MYLK3,16,0,0,-2.4779267207082416,
C16orf87,C16orf87,16,0,0,-0.43700841556856496,0.680025041903169
GPT2,GPT2,16,0,0,-1.897803608931289,-1.49667327436235
DNAJA2,DNAJA2,16,0,0,0.269573015879482,0.485846779080249
NETO2,NETO2,16,0,0,0.20744669018969653,
ITFG1,ITFG1,16,0,0,0.8178332669419426,1.07019363698937
PHKB,PHKB,16,0,0,0.6283386982513282,0.415236229075142
ABCC12,ABCC12,16,0,0,-0.6057764479573091,
ABCC11,ABCC11,16,0,0,-0.9132472287665827,-1.28529901014672
LONP2,LONP2,16,0,0,-0.22667342286261594,0.133771717397046
SIAH1,SIAH1,16,0,0,0.22481017419165994,0.409716843273862
N4BP1,N4BP1,16,0,0,-0.21832302445551655,-1.40183669528901
CBLN1,CBLN1,16,0,0,-1.4270765067180093,-2.66721821785166
C16orf78,C16orf78,16,0,0,-1.0135981479674658,
ZNF423,ZNF423,16,0,0,-2.552901059750802,
CNEP1R1,CNEP1R1,16,0,0,0.9967247881723207,1.46877219546112
HEATR3,HEATR3,16,0,0,0.02316235399374733,0.611347914318091
TENT4B,TENT4B,16,0,0,-1.0017776780980547,-0.589858026162569
ADCY7,ADCY7,16,0,0,-1.8994984206449814,-3.67594031750085
BRD7,BRD7,16,0,0,-0.20777868423029489,-2.15193803832997
NKD1,NKD1,16,0,0,-3.646029503388041,
SNX20,SNX20,16,0,0,-2.7781370639255947,-2.83167279429606
NOD2,NOD2,16,0,0,-1.7688385374767286,-1.74598154051654
CYLD,CYLD,16,0,0,0.1897362084654972,-1.47421665181824
SALL1,SALL1,16,0,0,-2.0564323214554747,-2.4109232477018
HNRNPA1L3,HNRNPA1L3,16,0,0,-0.16427899472863672,
TOX3,TOX3,16,0,0,-1.7229157902321166,-1.82668256600024
CHD9NB,CHD9NB,16,0,0,-2.6739909618561626,
CHD9,CHD9,16,0,0,0.3597611954061346,-1.3072438249006
RBL2,RBL2,16,0,0,-0.23186588581951284,-1.48390131685991
AKTIP,AKTIP,16,0,0,0.6040492731224223,2.98331450381952
RPGRIP1L,RPGRIP1L,16,0,0,0.1539125107134396,
FTO,FTO,16,0,0,-0.309400888414034,0.289315659748745
IRX3,IRX3,16,0,0,-2.8663135507194397,
IRX5,IRX5,16,0,0,-2.3549538788350723,
IRX6,IRX6,16,0,0,-1.9105889170501467,
MMP2,MMP2,16,0,0,-0.686227425853934,-0.96599082935542
LPCAT2,LPCAT2,16,0,0,0.44569156956530875,
CAPNS2,CAPNS2,16,0,0,0.7255409184239276,
SLC6A2,SLC6A2,16,0,0,-0.5130150183754978,
CES1,CES1,16,0,0,-0.6323093193770628,0.527506633991949
CES5A,CES5A,16,0,0,-0.760958052296818,-0.551354286870821
GNAO1,GNAO1,16,0,0,-1.0231000185274368,-1.55147771253641
AMFR,AMFR,16,0,0,-1.0552160203347523,-1.77578280494148
NUDT21,NUDT21,16,0,0,0.3630303869855265,0.891632803753317
OGFOD1,OGFOD1,16,0,0,-0.5906411719684979,-0.454101384177037
BBS2,BBS2,16,0,0,0.14017994220427354,-1.09828704072846
MT4,MT4,16,0,0,-0.8006977327954523,
MT3,MT3,16,0,0,-1.6113712766162074,
MT2A,MT2A,16,0,0,-1.6878678687958466,-2.3186021676949
MT1E,MT1E,16,0,0,-1.4519922054258174,-1.25011184889538
MT1M,MT1M,16,0,0,-2.250930069184193,-0.842507110461526
MT1A,MT1A,16,0,0,-1.731009750300741,-0.670453225716674
MT1B,MT1B,16,0,0,-1.3297275854030755,-0.469983323568936
MT1F,MT1F,16,0,0,-1.457462351032154,-0.529174661611393
MT1G,MT1G,16,0,0,-1.8966976447119759,-0.0578140577852327
MT1H,MT1H,16,0,0,-1.8236791134729309,-1.52411013953723
MT1X,MT1X,16,0,0,-2.0938706405609544,-0.334074006912233
NUP93,NUP93,16,0,0,-0.8997053337666436,-0.143739769851218
SLC12A3,SLC12A3,16,0,0,-1.4693009246744406,
HERPUD1,HERPUD1,16,0,0,-0.9974799488012778,1.46025380650138
CETP,CETP,16,0,0,-1.1373020582094515,1.22253725621771
NLRC5,NLRC5,16,0,0,-2.4995210002006516,-4.55769922878671
CPNE2,CPNE2,16,0,0,-1.3472450470530895,-2.12690176881782
PSME3IP1,PSME3IP1,16,0,0,-1.1061779762670714,-0.663149817630658
RSPRY1,RSPRY1,16,0,0,-0.1926444144817001,0.334924267590805
ARL2BP,ARL2BP,16,0,0,0.3590946155093899,1.92785575989845
PLLP,PLLP,16,0,0,-0.1467719994602188,-0.912932870173044
CCL22,CCL22,16,0,0,-0.2126868971626319,
CX3CL1,CX3CL1,16,0,0,-2.662531081003028,-0.831199613087947
CCL17,CCL17,16,0,0,-1.2189595303818823,
CIAPIN1,CIAPIN1,16,0,0,-0.8460805083418261,0.274490887023649
COQ9,COQ9,16,0,0,-1.528920822084153,-1.61336931593919
POLR2C,POLR2C,16,0,0,-1.386636125704353,-0.045341795502919
DOK4,DOK4,16,0,0,-2.022488392311402,-2.82198774216383
CCDC102A,CCDC102A,16,0,0,-3.7001660968107632,
ADGRG5,ADGRG5,16,0,0,-1.736455499042373,
ADGRG1,ADGRG1,16,0,0,-2.5203703814734073,-1.88346111036341
ADGRG3,ADGRG3,16,0,0,-1.185642975139979,
DRC7,DRC7,16,0,0,-1.8442054864459987,
KATNB1,KATNB1,16,0,0,-2.793908970869426,-3.96000162355927
KIFC3,KIFC3,16,0,0,-3.0102212961776065,-3.09999299640994
CNGB1,CNGB1,16,0,0,-2.0548974637291515,
SPMIP8,SPMIP8,16,0,0,-2.109848268868376,
ZNF319,ZNF319,16,0,0,-3.1113733592078674,-2.36383815477694
USB1,USB1,16,0,0,-1.6146455992788056,-3.32267819520823
MMP15,MMP15,16,0,0,-2.29309908617444,-2.26997021764713
CFAP20,CFAP20,16,0,0,-0.0665349156706796,1.79127059729995
CSNK2A2,CSNK2A2,16,0,0,0.07725782351427668,-0.0318772316989811
CFAP263,CFAP263,16,0,0,-0.5289135611180757,-0.560685142031035
PRSS54,PRSS54,16,0,0,-0.7701822877498472,
GINS3,GINS3,16,0,0,-0.8955335771561952,-0.839452754884696
NDRG4,NDRG4,16,0,0,-1.8140216116105385,
SETD6,SETD6,16,0,0,-1.5466244798975133,-1.88452996608768
CNOT1,CNOT1,16,0,0,0.23493923764676516,-0.594345163245815
SLC38A7,SLC38A7,16,0,0,-1.1183052721740125,-1.15509766505829
GOT2,GOT2,16,0,0,-0.3210248313462003,0.317774837613796
CDH8,CDH8,16,0,0,0.25283971286421725,
CDH11,CDH11,16,0,0,-0.7545637231994125,-2.25109895950706
CDH5,CDH5,16,0,0,-1.5814237547962673,-0.92610082041861
BEAN1,BEAN1,16,0,0,-4.160028612810992,
TK2,TK2,16,0,0,-1.2022108137001446,-0.453638230982534
CKLF,CKLF,16,0,0,1.2307443397447742,
CMTM1,CMTM1,16,0,0,-1.3001922572157607,
CMTM2,CMTM2,16,0,0,-1.1031462287018279,-2.87933696501175
CMTM3,CMTM3,16,0,0,-0.7212693457912245,-0.878723015168435
CMTM4,CMTM4,16,0,0,-1.2568489293507596,
DYNC1LI2,DYNC1LI2,16,0,0,-0.5708221521475068,-0.742848087511574
TERB1,TERB1,16,0,0,0.7020846601924546,
NAE1,NAE1,16,0,0,1.0686478332551115,1.06626157548142
CA7,CA7,16,0,0,-2.012762029399614,
PDP2,PDP2,16,0,0,-1.4279021509613603,-0.82646050089987
CDH16,CDH16,16,0,0,-2.1787858137627634,
RRAD,RRAD,16,0,0,-2.2765209953532075,-2.0645667319205
CIAO2B,CIAO2B,16,0,0,-1.9809744785248213,-0.742537575354418
CES2,CES2,16,0,0,-1.3825834015778806,-0.204757640123892
CES3,CES3,16,0,0,-1.3810974107126537,-0.31508944483518
CES4A,CES4A,16,0,0,-0.5848182538126334,-0.74485155724347
CBFB,CBFB,16,0,0,-1.3225742450103812,-1.42831569638335
PHAF1,PHAF1,16,0,0,0.08457940515248374,0.216178610339617
B3GNT9,B3GNT9,16,0,0,-1.990633779028185,
TRADD,TRADD,16,0,0,-2.664436655757628,-1.99809539140613
FBXL8,FBXL8,16,0,0,-2.33292879073238,-2.3917224585127
HSF4,HSF4,16,0,0,-3.26697178412571,-5.91105836198954
NOL3,NOL3,16,0,0,-3.482536933315279,-1.91386924873553
MATCAP1,MATCAP1,16,0,0,-2.012979150972095,-4.9051061531486
EXOC3L1,EXOC3L1,16,0,0,-2.5476906663310626,-2.47485631199388
E2F4,E2F4,16,0,0,-2.6660770572214822,-3.30653258048516
ELMO3,ELMO3,16,0,0,-2.444359028719722,-1.6120098979374
TMEM208,TMEM208,16,0,0,-0.8355327007882671,-1.12618976212776
FHOD1,FHOD1,16,0,0,-2.2340874350041613,-2.17865962818072
SLC9A5,SLC9A5,16,0,0,-1.6174049478068486,
PLEKHG4,PLEKHG4,16,0,0,-2.5816796592181603,
KCTD19,KCTD19,16,0,0,-1.4658928757167722,
LRRC36,LRRC36,16,0,0,-0.8311571245974481,
TPPP3,TPPP3,16,0,0,-1.1263813427354794,-1.59075988109035
ZDHHC1,ZDHHC1,16,0,0,-2.4804773966211204,-3.19183528956947
HSD11B2,HSD11B2,16,0,0,-1.5879428779915497,-1.13914975263332
ATP6V0D1,ATP6V0D1,16,0,0,-1.1474263305077912,0.139152704692466
AGRP,AGRP,16,0,0,-1.9394809065238476,
RIPOR1,RIPOR1,16,0,0,-2.789102601435612,-2.78414332946136
CTCF,CTCF,16,0,0,-0.7550921755309776,-1.3128137890104
CARMIL2,CARMIL2,16,0,0,-2.862854320729504,-3.30145455487544
ACD,ACD,16,0,0,-3.11500567925577,-1.68638728870077
PARD6A,PARD6A,16,0,0,-2.6236623022893024,-4.28379007072365
ENKD1,ENKD1,16,0,0,-3.4494550008448552,-3.22026172785372
C16orf86,C16orf86,16,0,0,-3.3182159871495855,-2.04451986507234
GFOD2,GFOD2,16,0,0,-1.403941347750834,-3.00306314660189
RANBP10,RANBP10,16,0,0,-2.186479264519326,-2.09234717467377
TSNAXIP1,TSNAXIP1,16,0,0,-1.5709593952238539,-1.66696724436203
CENPT,CENPT,16,0,0,-2.6058713923346897,-1.67701742202804
THAP11,THAP11,16,0,0,-1.9478721478292655,-2.09097204239564
NUTF2,NUTF2,16,0,0,-0.05997159380403261,0.565044103397716
EDC4,EDC4,16,0,0,-2.526986117463828,-1.55993767784985
NRN1L,NRN1L,16,0,0,-1.9690812441682777,
PSKH1,PSKH1,16,0,0,-1.7945404671816672,-4.53179568198737
CTRL,CTRL,16,0,0,-1.4973056710547912,
PSMB10,PSMB10,16,0,0,-1.7543057676735305,
LCAT,LCAT,16,0,0,-1.7450294381222022,-1.06842041802533
SLC12A4,SLC12A4,16,0,0,-1.4642192250721777,-1.98122526390057
DPEP3,DPEP3,16,0,0,-1.7710077247584497,
DPEP2,DPEP2,16,0,0,-1.6402442094204392,-2.15849325907219
DPEP2NB,DPEP2NB,16,0,0,-1.6254234033316095,
DDX28,DDX28,16,0,0,-2.0251026764577613,-0.726015071804838
DUS2,DUS2,16,0,0,-1.0088990962588742,-0.351918256633386
NFATC3,NFATC3,16,0,0,-1.0818226940030105,-1.60922932889012
ESRP2,ESRP2,16,0,0,-1.84565294967185,-1.96570649404412
PLA2G15,PLA2G15,16,0,0,-1.493081531477518,-1.07560720996732
SLC7A6,SLC7A6,16,0,0,-0.33816446425212376,
SLC7A6OS,SLC7A6OS,16,0,0,-2.279001703105312,-1.88280951732627
PRMT7,PRMT7,16,0,0,-1.8273126049485011,-1.35832087906771
SMPD3,SMPD3,16,0,0,-2.736954543814562,-2.63905438945335
ZFP90,ZFP90,16,0,0,-0.9589866494541077,-0.511709188229383
CDH3,CDH3,16,0,0,-1.5679739814974187,
CDH1,CDH1,16,0,0,-0.6403394070684634,0.585955975148847
TANGO6,TANGO6,16,0,0,-0.5791348687712077,-1.48028215001514
HAS3,HAS3,16,0,0,-1.1400996098048566,-3.75090058712153
DERPC,DERPC,16,0,0,-1.7430200511500171,
CHTF8,CHTF8,16,0,0,-0.7265213285240382,-2.09885935882056
UTP4,UTP4,16,0,0,-0.1515417128623806,0.702357310309145
SNTB2,SNTB2,16,0,0,-1.4197780699989782,-1.38858217438766
VPS4A,VPS4A,16,0,0,-1.8659609554350336,-2.11274619081721
PDF,PDF,16,0,0,-2.453516785808798,-1.9974225262024
COG8,COG8,16,0,0,-1.6800034554430248,
NIP7,NIP7,16,0,0,0.20157512670776256,0.577625080983809
TMED6,TMED6,16,0,0,-0.0916974588372188,1.76866408723383
TERF2,TERF2,16,0,0,-1.2771552638847634,-0.986480163659862
CYB5B,CYB5B,16,0,0,-0.21436965793405172,-0.352182900075064
NFAT5,NFAT5,16,0,0,-0.7133234110887745,
NQO1,NQO1,16,0,0,0.008126138295667218,0.92009882087074
NOB1,NOB1,16,0,0,-1.936353096799719,-1.16137387038248
WWP2,WWP2,16,0,0,-1.466462966885457,-2.01915655072805
CLEC18A,CLEC18A,16,0,0,-2.3922229903512715,
PDPR,PDPR,16,0,0,-0.594784463562716,-0.934882712749655
CLEC18C,CLEC18C,16,0,0,-2.356141380931902,
EXOSC6,EXOSC6,16,0,0,-2.92161067714337,-2.41147371128741
AARS1,AARS1,16,0,0,-0.6309955413242037,-0.461330229858266
DDX19B,DDX19B,16,0,0,-0.6201559029190502,0.014216120304862
DDX19A,DDX19A,16,0,0,-0.6907711127370906,
ST3GAL2,ST3GAL2,16,0,0,-2.002332072878035,-4.76937543620818
FCSK,FCSK,16,0,0,-2.357851966914053,-2.2656749171369
COG4,COG4,16,0,0,-0.9566181326897247,-0.765814566877367
SF3B3,SF3B3,16,0,0,-0.16055694818311217,-0.259984906705621
IL34,IL34,16,0,0,-2.708688659772074,-3.73939501257452
MTSS2,MTSS2,16,0,0,-3.3231191105791424,-3.97709616071023
VAC14,VAC14,16,0,0,-1.9543801685519053,-2.6618032547249
HYDIN,HYDIN,16,0,0,-0.8528487748755982,-3.95880111664782
CMTR2,CMTR2,16,0,0,0.9136381447580924,0.915977986807108
CALB2,CALB2,16,0,0,-0.5925607919612315,
TLE7,TLE7,16,0,0,-1.953039772790902,
ZNF23,ZNF23,16,0,0,-0.9181838428614881,
ZNF19,ZNF19,16,0,0,-0.8848526188960975,-0.675519255122864
CHST4,CHST4,16,0,0,-1.0742615560169924,-0.642627354654346
TAT,TAT,16,0,0,-0.5231885269962255,0.630044917879819
MARVELD3,MARVELD3,16,0,0,-2.2365675948214516,-1.59253808404775
PHLPP2,PHLPP2,16,0,0,-0.8857202620466644,-3.54253034951031
AP1G1,AP1G1,16,0,0,0.33744309324686483,1.02155771845315
ATXN1L,ATXN1L,16,0,0,-2.1275034780851723,-3.79078522486804
ZNF821,ZNF821,16,0,0,-2.0737664086564624,-3.28542107715643
IST1,IST1,16,0,0,0.1471422061051495,0.323389122428661
PKD1L3,PKD1L3,16,0,0,-0.49445278864896913,
DHODH,DHODH,16,0,0,-1.484146990712727,-1.9769056713084
HP,HP,16,0,0,0.2520356727464872,1.65710088187037
HPR,HPR,16,0,0,0.16219075475416922,0.758386175045284
TXNL4B,TXNL4B,16,0,0,1.5793855491518443,1.66972962192015
DHX38,DHX38,16,0,0,-1.8590704087371765,-2.40391768709865
PMFBP1,PMFBP1,16,0,0,-1.6377554952817377,
ZFHX3,ZFHX3,16,0,0,-2.1480246676042736,-4.2060268552061
PSMD7,PSMD7,16,0,0,-0.17203623322661699,0.15207386114324
NPIPB15,NPIPB15,16,0,0,-0.9685395343791257,
CLEC18B,CLEC18B,16,0,0,-2.3624639856070697,
GLG1,GLG1,16,0,0,-0.7672973677058632,0.152952289466864
RFWD3,RFWD3,16,0,0,-1.170389026464374,-0.278937967811433
MLKL,MLKL,16,0,0,-0.6296477649216232,-1.21857471587358
FA2H,FA2H,16,0,0,-2.0251720864645737,
WDR59,WDR59,16,0,0,-1.175539907576784,-1.81361666094081
ZNRF1,ZNRF1,16,0,0,-2.3651691444671723,-3.06527143096378
LDHD,LDHD,16,0,0,-2.425018735867887,-1.04776402453109
ZFP1,ZFP1,16,0,0,-0.32341886110159557,-0.92588455801246
CTRB2,CTRB2,16,0,0,-2.141863686736391,
CTRB1,CTRB1,16,0,0,-2.2495106374283242,
BCAR1,BCAR1,16,0,0,-2.869125400855605,-2.58417853261868
CFDP1,CFDP1,16,0,0,-1.2411315852998097,
TMEM170A,TMEM170A,16,0,0,-0.49796997283022115,
CHST6,CHST6,16,0,0,-2.1755864265649834,
CHST5,CHST5,16,0,0,-2.4991999986309636,
TMEM231,TMEM231,16,0,0,-1.3116362994327293,-0.699541039113576
GABARAPL2,GABARAPL2,16,0,0,0.5401416116509061,1.72025485712387
ADAT1,ADAT1,16,0,0,-0.9758244293988039,-3.16792621831549
KARS1,KARS1,16,0,0,-0.10573250355133723,-0.377305121537598
TERF2IP,TERF2IP,16,0,0,-1.6365815762027474,-0.479122632492116
CPHXL2,CPHXL2,16,0,0,-0.9596251539337839,
DUXB,DUXB,16,0,0,-0.7321010905173146,
CPHXL,CPHXL,16,0,0,-0.8977373298993552,
CNTNAP4,CNTNAP4,16,0,0,-0.12190402387812505,
MON1B,MON1B,16,0,0,-2.009597518909505,-2.87390565660257
SYCE1L,SYCE1L,16,0,0,-2.810182479656067,-3.512984380297
ADAMTS18,ADAMTS18,16,0,0,-0.7528966380580755,
NUDT7,NUDT7,16,0,0,0.1702995526707909,1.05466481800212
VAT1L,VAT1L,16,0,0,-0.8776868517840573,-1.00595861235113
CLEC3A,CLEC3A,16,0,0,-0.6922035372754802,
WWOX,WWOX,16,0,0,-0.6075327794875971,-0.920255478037829
MAF,MAF,16,0,0,-2.991213116885234,-2.52076406576279
DYNLRB2,DYNLRB2,16,0,0,0.6852425077541131,
CDYL2,CDYL2,16,0,0,-1.8696905616035107,
CMC2,CMC2,16,0,0,-0.09033862679071625,1.03640102537516
CENPN,CENPN,16,0,0,0.58131589584948,0.969129238919554
ATMIN,ATMIN,16,0,0,-0.9282847271469983,-2.32490027461641
C16orf46,C16orf46,16,0,0,-1.227644930252083,
GCSH,GCSH,16,0,0,0.1321357206440137,0.659711598762394
BCO1,BCO1,16,0,0,-0.6308370880987866,-0.477168467222135
GAN,GAN,16,0,0,0.18877138135520077,
CMIP,CMIP,16,0,0,-2.1254899674562022,-2.67890116003437
PLCG2,PLCG2,16,0,0,-1.1539956974737642,-1.72018747580204
SDR42E1,SDR42E1,16,0,0,-0.5818923947607857,-1.01682023306887
HSD17B2,HSD17B2,16,0,0,0.17871992810924198,0.614180009545285
MPHOSPH6,MPHOSPH6,16,0,0,0.7869413549144131,2.51077238327786
CDH13,CDH13,16,0,0,-0.466765303856187,
HSBP1,HSBP1,16,0,0,-0.5071293592470241,-0.26088074298523
MLYCD,MLYCD,16,0,0,-2.0980892204346837,
OSGIN1,OSGIN1,16,0,0,-2.8855042837364078,-2.23290303175839
NECAB2,NECAB2,16,0,0,-2.145007779043656,-2.04376952864251
SLC38A8,SLC38A8,16,0,0,-1.2804073361326225,
MBTPS1,MBTPS1,16,0,0,-0.5602375345316108,-3.35562706020204
HSDL1,HSDL1,16,0,0,0.18952524323633568,1.29761228106564
DNAAF1,DNAAF1,16,0,0,-1.6944353635669067,
TAF1C,TAF1C,16,0,0,-2.694163479128701,-3.25907134337278
ADAD2,ADAD2,16,0,0,-3.10578040543429,
KCNG4,KCNG4,16,0,0,-2.7326741060433104,
WFDC1,WFDC1,16,0,0,-2.66239043911974,-2.370171078807
ATP2C2,ATP2C2,16,0,0,-1.2631220342492284,
MEAK7,MEAK7,16,0,0,-1.7475133458342178,-0.887847630510372
COTL1,COTL1,16,0,0,-1.2536359954802236,-1.43531116299918
KLHL36,KLHL36,16,0,0,-2.4548881904527633,-3.98402074472523
USP10,USP10,16,0,0,-0.5971515149448798,-0.567780016707868
CRISPLD2,CRISPLD2,16,0,0,-1.4006541582637588,-0.552104729666699
ZDHHC7,ZDHHC7,16,0,0,-0.7264570463350957,-3.5985021909517
KIAA0513,KIAA0513,16,0,0,-2.100512532255024,-2.60376791720276
CIBAR2,CIBAR2,16,0,0,-1.7615058380120558,
GSE1,GSE1,16,0,0,-3.629361516908398,-3.88954137826907
GINS2,GINS2,16,0,0,-0.9873810154799489,0.510310892352798
C16orf74,C16orf74,16,0,0,-3.0143335516882352,
EMC8,EMC8,16,0,0,-1.741022886834438,-1.12699993370376
COX4I1,COX4I1,16,0,0,-0.644017238058904,-0.400664622138922
IRF8,IRF8,16,0,0,-1.8505632448686118,-0.775674961695761
FOXF1,FOXF1,16,0,0,-2.619157426911684,-2.21091061547725
MTHFSD,MTHFSD,16,0,0,-1.77396250063574,-1.1971652948408
FOXC2,FOXC2,16,0,0,-3.0306713746111793,
FOXL1,FOXL1,16,0,0,-2.81642541243961,
C16orf95,C16orf95,16,0,0,-2.2513290370789534,
FBXO31,FBXO31,16,0,0,-2.6809973761414554,-2.20335947449093
MAP1LC3B,MAP1LC3B,16,0,0,-0.20244325267897167,1.08628449251469
ZCCHC14,ZCCHC14,16,0,0,-2.8004382827915055,-3.88567847390138
JPH3,JPH3,16,0,0,-3.273430942634569,
KLHDC4,KLHDC4,16,0,0,-1.7414062934063619,-2.18338386460937
SLC7A5,SLC7A5,16,0,0,-1.4229758593654935,-1.84066088520761
CA5A,CA5A,16,0,0,-1.2303850404856433,-1.55670409792344
BANP,BANP,16,0,0,-2.736236679845854,-3.26851459280599
ZNF469,ZNF469,16,0,0,-3.743939466300068,-5.3427853568381
ZFPM1,ZFPM1,16,0,0,-3.8494768842803726,-4.04787110916363
ZC3H18,ZC3H18,16,0,0,-3.3181571131328482,-2.38753142484441
IL17C,IL17C,16,0,0,-3.671715427842722,
CYBA,CYBA,16,0,0,-1.8436164552752317,-0.510784669060161
MVD,MVD,16,0,0,-2.267341903131598,-1.94684698717319
SNAI3,SNAI3,16,0,0,-3.4958323251843257,-3.14689509013653
RNF166,RNF166,16,0,0,-2.584630554778551,-2.7390528254171
CTU2,CTU2,16,0,0,-2.434035310936844,-1.53170082695444
PIEZO1,PIEZO1,16,0,0,-2.1915811508668384,-3.86265127705934
CDT1,CDT1,16,0,0,-3.0405726461372797,
APRT,APRT,16,0,0,-2.049203080857257,-1.00030792610112
GALNS,GALNS,16,0,0,-1.9610537977847535,-1.35827121820946
TRAPPC2L,TRAPPC2L,16,0,0,-0.5410778080110852,-0.205189469361224
PABPN1L,PABPN1L,16,0,0,-3.3710218858616425,
CBFA2T3,CBFA2T3,16,0,0,-3.763790652788318,
ACSF3,ACSF3,16,0,0,-2.0302280544272815,-1.88408973832097
CDH15,CDH15,16,0,0,-2.810481077541004,
SLC22A31,SLC22A31,16,0,0,-2.28934462019717,
ZNF778,ZNF778,16,0,0,-0.7636707926068329,
ANKRD11,ANKRD11,16,0,0,-2.505664725059237,-4.18030228775726
LOC128462377,LOC128462377,16,0,0,1.2123824998945256,
SPG7,SPG7,16,0,0,-1.6017828703581856,-1.77877387192235
RPL13,RPL13,16,0,0,-1.9422226503878974,-3.06171978215782
CPNE7,CPNE7,16,0,0,-2.230734017637827,
DPEP1,DPEP1,16,0,0,-2.4181693228424344,
CHMP1A,CHMP1A,16,0,0,-1.7853178771916092,-1.53868316215904
SPATA33,SPATA33,16,0,0,-2.9016557359504436,-2.16980098984669
CDK10,CDK10,16,0,0,-1.989904476191235,-2.26317104411593
SPATA2L,SPATA2L,16,0,0,-3.2158806992858846,-1.96462296975489
VPS9D1,VPS9D1,16,0,0,-3.024403077269696,-3.23886882992713
ZNF276,ZNF276,16,0,0,-2.73127907763765,-3.87519261327552
FANCA,FANCA,16,0,0,-1.521124557550909,-1.54288586697525
SPIRE2,SPIRE2,16,0,0,-2.921762369656461,-3.98024013216696
TCF25,TCF25,16,0,0,-2.4073679519051225,-2.20709429712684
MC1R,MC1R,16,0,0,-2.126888663417919,
TUBB3,TUBB3,16,0,0,-2.3604164466863686,
DEF8,DEF8,16,0,0,-2.3823130746719166,-2.80684010072541
DBNDD1,DBNDD1,16,0,0,-4.081217152966298,-2.44592852793058
GAS8,GAS8,16,0,0,-2.0951855619919026,
PRDM7,PRDM7,16,0,0,-0.9866301027901461,
SCGB1C2,SCGB1C2,17,0,0,-1.0860513333284718,
DOC2B,DOC2B,17,0,0,-2.2169381011162397,
RPH3AL,RPH3AL,17,0,0,-3.3049530732854837,-3.51515244210736
LIAT1,LIAT1,17,0,0,-3.291938887282903,-1.54395461732017
VPS53,VPS53,17,0,0,-0.703206255488082,-0.304200493199694
TLCD3A,TLCD3A,17,0,0,-0.7873904916059953,
GEMIN4,GEMIN4,17,0,0,-1.6761773240987239,-1.49160569397075
GLOD4,GLOD4,17,0,0,0.4032367166966111,0.489427017944555
MRM3,MRM3,17,0,0,-1.1898217356773912,-0.941115652450316
NXN,NXN,17,0,0,-2.2796529902842675,-1.86597657720436
TIMM22,TIMM22,17,0,0,-0.14260634532920058,-0.799876857183116
ABR,ABR,17,0,0,-1.9079667707204582,-2.91225266260174
BHLHA9,BHLHA9,17,0,0,-3.717414557850878,-2.75248520980498
TRARG1,TRARG1,17,0,0,-2.449952043689441,
YWHAE,YWHAE,17,0,0,0.7062840930405052,0.538945919881677
CRK,CRK,17,0,0,-2.047921715719257,-1.44341876018362
MYO1C,MYO1C,17,0,0,-2.1670848429147487,-1.77763000518448
INPP5K,INPP5K,17,0,0,-1.5159302205909047,-1.08183350409003
PITPNA,PITPNA,17,0,0,-0.23645218033044735,-0.858088226489639
SLC43A2,SLC43A2,17,0,0,-1.461883422268956,
SCARF1,SCARF1,17,0,0,-3.1812321711452842,-2.2839449144379
RILP,RILP,17,0,0,-3.3165991744028815,-2.33390679843094
PRPF8,PRPF8,17,0,0,-0.6169032001926649,-1.00460119282751
TLCD2,TLCD2,17,0,0,-1.9520044287452336,-2.48543075772017
WDR81,WDR81,17,0,0,-2.817507559842875,-2.44038740510596
SERPINF2,SERPINF2,17,0,0,-2.355674254008017,-1.05660664370732
SERPINF1,SERPINF1,17,0,0,-1.8686783906670357,-0.0058313340880965
SMYD4,SMYD4,17,0,0,-1.1552725284729721,-1.40899709263152
RPA1,RPA1,17,0,0,-0.014031061975670056,0.569812842320453
RTN4RL1,RTN4RL1,17,0,0,-3.158613995255868,-2.98324865122514
DPH1,DPH1,17,0,0,-1.7958025303819447,-1.5481526743098
OVCA2,OVCA2,17,0,0,-2.514490415026728,
HIC1,HIC1,17,0,0,-3.1404770694446924,-4.55018772116968
SMG6,SMG6,17,0,0,-1.230659571994595,-2.44174399162474
SRR,SRR,17,0,0,0.8388102160394322,1.58091044714384
TSR1,TSR1,17,0,0,-0.03243937897337901,-0.473165121969804
SGSM2,SGSM2,17,0,0,-2.326359532233207,-3.97428832195383
MNT,MNT,17,0,0,-3.4528726429679075,-2.55888087701618
METTL16,METTL16,17,0,0,-0.4977652633267837,-1.4406474375014
PAFAH1B1,PAFAH1B1,17,0,0,0.7808036058384022,1.43435219448215
CLUH,CLUH,17,0,0,-2.6249474049122536,-2.38735420078571
CCDC92B,CCDC92B,17,0,0,-3.570339984523825,
RAP1GAP2,RAP1GAP2,17,0,0,-2.3756139468892794,
OR1D5,OR1D5,17,0,0,-0.23797431522609358,
OR1D2,OR1D2,17,0,0,-0.037403150891078596,
OR1G1,OR1G1,17,0,0,-0.405410031135057,
OR1A2,OR1A2,17,0,0,0.8859967114714635,
OR1A1,OR1A1,17,0,0,0.5539814328314439,
OR3A2,OR3A2,17,0,0,-0.3991436502678951,
OR3A1,OR3A1,17,0,0,-0.3177318261478277,
OR1R1P,OR1R1P,17,0,0,-1.5473507439597096,
OR1E1,OR1E1,17,0,0,0.11093322990487131,
OR3A3,OR3A3,17,0,0,-0.3613191251696062,
OR1E2,OR1E2,17,0,0,0.11264425292246827,
SPATA22,SPATA22,17,0,0,1.0050949046653255,
ASPA,ASPA,17,0,0,0.9892784147181075,0.871351357663676
TRPV3,TRPV3,17,0,0,-1.3061216167462728,
TRPV1,TRPV1,17,0,0,-1.4973978828571415,-5.26678106377207
SHPK,SHPK,17,0,0,-1.7685127733605963,-1.77880705557166
CTNS,CTNS,17,0,0,-0.48682898683881604,-0.548260771437003
TAX1BP3,TAX1BP3,17,0,0,-1.1695904020035215,-0.98176361754809
EMC6,EMC6,17,0,0,-1.1727963032801387,-0.735394085156784
P2RX5,P2RX5,17,0,0,-1.2568630386369133,
ITGAE,ITGAE,17,0,0,-1.3801377942084816,
HASPIN,HASPIN,17,0,0,-1.9706829649769375,-2.64076962686436
NCBP3,NCBP3,17,0,0,-0.8854501881983392,-1.47493526887664
CAMKK1,CAMKK1,17,0,0,-2.488907451007597,
P2RX1,P2RX1,17,0,0,-1.4741676247257711,
ATP2A3,ATP2A3,17,0,0,-1.9614910054391466,-3.75098544325457
ZZEF1,ZZEF1,17,0,0,-0.9761418881065733,-2.71513457282886
CYB5D2,CYB5D2,17,0,0,-1.3118361731926544,-1.70230487818317
ANKFY1,ANKFY1,17,0,0,-1.0730536195921214,-0.831433887931067
UBE2G1,UBE2G1,17,0,0,0.9950034922497792,0.789988024917076
SPNS3,SPNS3,17,0,0,-1.7752082234106688,
SPNS2,SPNS2,17,0,0,-1.9501478515421748,-4.07348064380208
MYBBP1A,MYBBP1A,17,0,0,-2.576158412035456,-1.86734981358889
GGT6,GGT6,17,0,0,-2.8606691319314645,-0.237584611034807
SMTNL2,SMTNL2,17,0,0,-2.9957205020326576,
ALOX15,ALOX15,17,0,0,-1.3224745844265424,
PELP1,PELP1,17,0,0,-2.754926227266143,-1.99201911358884
ARRB2,ARRB2,17,0,0,-1.5874060333409332,-2.9356598515995
MED11,MED11,17,0,0,-1.379978939806108,0.322596147724641
CXCL16,CXCL16,17,0,0,-1.7290502650291657,-0.988497028912899
ZMYND15,ZMYND15,17,0,0,-2.4571775502603526,-3.10821184513321
TM4SF5,TM4SF5,17,0,0,-0.7563193525610004,0.267552844756321
VMO1,VMO1,17,0,0,-1.6744300342017056,-1.05690407884332
GLTPD2,GLTPD2,17,0,0,-2.4237707388046186,-1.60399621490993
PSMB6,PSMB6,17,0,0,-0.5409517847129024,0.220252160864729
C17orf114,C17orf114,17,0,0,-2.284731881119214,
PLD2,PLD2,17,0,0,-1.7149650055404226,-1.57673816500134
MINK1,MINK1,17,0,0,-2.77232274484877,-3.39450643518659
CHRNE,CHRNE,17,0,0,-1.9269260663145715,-2.75465360001032
C17orf107,C17orf107,17,0,0,-2.8569239661443167,-3.44426852894401
GP1BA,GP1BA,17,0,0,-2.095646899224283,
SLC25A11,SLC25A11,17,0,0,-0.6789314325930746,-0.49847946302356
RNF167,RNF167,17,0,0,-1.2522916410928797,-1.96698849024279
PFN1,PFN1,17,0,0,-1.0038858853506714,-1.79416490066331
ENO3,ENO3,17,0,0,-0.8583217908014955,-0.519615428057827
SPAG7,SPAG7,17,0,0,-1.8022393031293813,-0.910936390906884
CAMTA2,CAMTA2,17,0,0,-2.2084763184477065,-3.94192123360802
INCA1,INCA1,17,0,0,-2.1618728423265736,-2.159258218604
KIF1C,KIF1C,17,0,0,-2.406099180886832,-4.69184106403446
SLC52A1,SLC52A1,17,0,0,-1.6661026363168645,
ZFP3,ZFP3,17,0,0,-0.972231725544793,0.0965734581993452
ZNF232,ZNF232,17,0,0,-1.5651392087612592,-1.52598453680224
USP6,USP6,17,0,0,-0.9392274003989183,
ZNF594,ZNF594,17,0,0,-0.9374678551996265,-0.679153300968283
SCIMP,SCIMP,17,0,0,0.5260340467812146,
RABEP1,RABEP1,17,0,0,-0.4120916369924945,-1.40118054770389
NUP88,NUP88,17,0,0,-0.41636622656140254,0.0244301148809565
RPAIN,RPAIN,17,0,0,-1.6816826900443989,-0.0759780870431667
C1QBP,C1QBP,17,0,0,-1.2321262880008916,-0.354976850879786
DHX33,DHX33,17,0,0,-1.05381300885783,-1.45920144036498
DERL2,DERL2,17,0,0,0.7728856471689731,-0.0354529401471187
MIS12,MIS12,17,0,0,0.16409281493217698,
LOC728392,LOC728392,17,0,0,-2.3915671802553415,
NLRP1,NLRP1,17,0,0,-1.7748559448281505,-3.209612193497
WSCD1,WSCD1,17,0,0,-2.3823453317153103,
AIPL1,AIPL1,17,0,0,-2.623547358870038,
PIMREG,PIMREG,17,0,0,-3.4101654525742457,
PITPNM3,PITPNM3,17,0,0,-2.6397902591715923,-3.71996518263415
KIAA0753,KIAA0753,17,0,0,-0.7562893203477117,-2.67595584905744
LOC122526780,LOC122526780,17,0,0,-2.3824290074217505,
TXNDC17,TXNDC17,17,0,0,-0.22537663345410053,0.634557975436602
MED31,MED31,17,0,0,0.9651356620359728,1.5129355987246
C17orf100,C17orf100,17,0,0,-4.778418662714939,
SLC13A5,SLC13A5,17,0,0,-0.6359278791898664,-0.564833205345013
XAF1,XAF1,17,0,0,-1.2473412874542795,-1.0569997170332
FBXO39,FBXO39,17,0,0,-0.7535553201550265,
TEKT1,TEKT1,17,0,0,-0.919359084321913,
ALOX12,ALOX12,17,0,0,-1.3966560018101113,
RNASEK,RNASEK,17,0,0,0.264483824580358,
C17orf49,C17orf49,17,0,0,-1.6151951017128692,
BCL6B,BCL6B,17,0,0,-2.7237604346989404,-3.0982320654528
SLC16A13,SLC16A13,17,0,0,-1.2130875116840656,-1.10203608298693
SLC16A11,SLC16A11,17,0,0,-1.9818648203463276,-1.2887767907169
CLEC10A,CLEC10A,17,0,0,-1.6347266702352705,-1.01842325930056
ASGR2,ASGR2,17,0,0,-1.9937310474383612,-0.68485753479854
ASGR1,ASGR1,17,0,0,-2.8600637127990733,-1.96821123507448
DLG4,DLG4,17,0,0,-2.1029483482901803,-4.93099190729354
ACADVL,ACADVL,17,0,0,-1.3213962846616667,-1.11941416827354
DVL2,DVL2,17,0,0,-2.7249123512457274,-1.96885805811101
PHF23,PHF23,17,0,0,-2.2693675013241155,-2.03329829890718
GABARAP,GABARAP,17,0,0,-0.1507975978213878,0.690741705608411
CTDNEP1,CTDNEP1,17,0,0,-1.5065131737663506,-3.07360847659692
ELP5,ELP5,17,0,0,-1.7978659574362652,-1.41632423629392
CLDN7,CLDN7,17,0,0,-0.2507720146100798,-0.988184820516035
SLC2A4,SLC2A4,17,0,0,-1.2907836359646794,
YBX2,YBX2,17,0,0,-2.63020423870357,-2.7578220323506
EIF5A,EIF5A,17,0,0,-0.5602492544385065,0.821354123828553
GPS2,GPS2,17,0,0,-1.8779429002632089,-1.32941186655633
NEURL4,NEURL4,17,0,0,-1.9057701451522373,-3.21473704517331
ACAP1,ACAP1,17,0,0,-2.161026403434027,-3.49519094531546
KCTD11,KCTD11,17,0,0,-2.6215741048993078,-1.93390778751595
TMEM95,TMEM95,17,0,0,-1.8494666219397313,
TNK1,TNK1,17,0,0,-2.5398099627896897,-1.57090062041053
PLSCR3,PLSCR3,17,0,0,-2.0142688403711,-1.95559496047671
TMEM256,TMEM256,17,0,0,-1.3905682470916396,0.691654945916373
NLGN2,NLGN2,17,0,0,-2.441475029633013,-4.50060309403366
SPEM1,SPEM1,17,0,0,-2.1566438580698986,
SPEM2,SPEM2,17,0,0,-2.9615338629820585,
SPEM3,SPEM3,17,0,0,-2.0290242965440353,
TMEM102,TMEM102,17,0,0,-2.2371559998341546,-1.45643177135777
FGF11,FGF11,17,0,0,-2.0844884413798734,
CHRNB1,CHRNB1,17,0,0,-1.4638590340616187,-1.54931047654346
ZBTB4,ZBTB4,17,0,0,-2.9478462879113376,-4.27201570866869
SLC35G6,SLC35G6,17,0,0,-1.6692946558784652,
TNFSF12,TNFSF12,17,0,0,-2.5923044567616067,
TNFSF13,TNFSF13,17,0,0,-1.7385366844087002,-0.812047748384099
SENP3,SENP3,17,0,0,-1.9049952709884916,-2.89430330291073
EIF4A1,EIF4A1,17,0,0,-0.19352601320718144,
CD68,CD68,17,0,0,-2.4213570739341304,-0.287357648266304
MPDU1,MPDU1,17,0,0,-0.7390934592047564,1.05162014981705
SOX15,SOX15,17,0,0,-2.9046660396277666,
FXR2,FXR2,17,0,0,-1.575444746202571,-1.70461631370023
SAT2,SAT2,17,0,0,-0.061815140933873636,-1.13641640886603
SHBG,SHBG,17,0,0,-2.0036290054035764,-0.776721651029232
ATP1B2,ATP1B2,17,0,0,-0.2906151883933106,-0.875091773355839
TP53,TP53,17,0,0,-1.7924581440940184,-0.312355691983696
WRAP53,WRAP53,17,0,0,-2.0701871477881415,-0.682802780167542
EFNB3,EFNB3,17,0,0,-2.313073310913664,-3.75960920709401
DNAH2,DNAH2,17,0,0,-0.9539085848517459,
KDM6B,KDM6B,17,0,0,-3.2012626107500513,-4.77927631183473
TMEM88,TMEM88,17,0,0,-1.5122329290328498,-3.05027243123368
NAA38,NAA38,17,0,0,-1.4895681874364506,-0.527416151095285
CYB5D1,CYB5D1,17,0,0,-1.243389049803616,-0.717065256520185
CHD3,CHD3,17,0,0,-1.4090178049565303,-4.34585584643465
RNF227,RNF227,17,0,0,-2.6162854986027604,-0.841696745213759
KCNAB3,KCNAB3,17,0,0,-1.3258860449385708,
TRAPPC1,TRAPPC1,17,0,0,-0.522831747755605,-0.0320328441023658
CNTROB,CNTROB,17,0,0,-2.956120524399539,-4.69025340981412
GUCY2D,GUCY2D,17,0,0,-2.309238865795619,
ALOX15B,ALOX15B,17,0,0,-1.9477458149029268,
ALOX12B,ALOX12B,17,0,0,-1.6163217199475692,
ALOXE3,ALOXE3,17,0,0,-1.7267773222293297,
HES7,HES7,17,0,0,-3.017701526449674,
PER1,PER1,17,0,0,-3.1094575617378606,-3.28285333733721
VAMP2,VAMP2,17,0,0,-1.3987833636128677,-1.29885958728082
TMEM107,TMEM107,17,0,0,-0.8582447975016443,-0.208582208804805
BORCS6,BORCS6,17,0,0,-3.55738970009798,-2.65776273363791
AURKB,AURKB,17,0,0,-1.9197296692863137,-0.347368556338293
CTC1,CTC1,17,0,0,-1.8270923999354984,-1.86319088868726
PFAS,PFAS,17,0,0,-2.002898374367023,-0.832222750624281
RANGRF,RANGRF,17,0,0,-2.051793255654733,-1.25959323424902
SLC25A35,SLC25A35,17,0,0,-0.9238119948751304,-1.0524646969349
ARHGEF15,ARHGEF15,17,0,0,-2.768543334232067,-3.34358545668214
ODF4,ODF4,17,0,0,-1.4984107513961362,
KRBA2,KRBA2,17,0,0,0.04936343992820902,-2.76271898727964
RPL26,RPL26,17,0,0,0.21035631851714243,1.85951342065698
RNF222,RNF222,17,0,0,-3.8123318005725313,
NDEL1,NDEL1,17,0,0,-0.637858359842765,-1.08603669404396
MYH10,MYH10,17,0,0,-0.7190675172872094,-2.66221662759098
CCDC42,CCDC42,17,0,0,-1.3643784261548308,
SPDYE4,SPDYE4,17,0,0,-2.16118930090518,
MFSD6L,MFSD6L,17,0,0,-1.7751531893505934,
PIK3R6,PIK3R6,17,0,0,-2.261712738196417,
PIK3R5,PIK3R5,17,0,0,-2.767883084311565,-4.04206054070707
NTN1,NTN1,17,0,0,-2.1083756122853643,-1.89940991259376
STX8,STX8,17,0,0,-0.28297640837236493,0.674865567028611
CFAP52,CFAP52,17,0,0,-0.32640299816788065,
USP43,USP43,17,0,0,-2.3729858661744245,-2.98293268175242
DHRS7C,DHRS7C,17,0,0,-0.8760928935455468,
GSG1L2,GSG1L2,17,0,0,-1.7139304956834955,
GLP2R,GLP2R,17,0,0,-0.7919539318744313,-3.43205408796385
RCVRN,RCVRN,17,0,0,-0.929445543351962,
GAS7,GAS7,17,0,0,-2.1067308230973723,
MYH13,MYH13,17,0,0,-1.3441477185915733,
MYH8,MYH8,17,0,0,-0.5108842348127478,
MYH4,MYH4,17,0,0,-0.5832149142710357,
MYH1,MYH1,17,0,0,-0.6707418869537722,
MYH2,MYH2,17,0,0,-0.8423849191218125,
MYH3,MYH3,17,0,0,-1.2932922000373654,-5.59298665970676
SCO1,SCO1,17,0,0,-0.3906089195109015,-0.13298557927311
ADPRM,ADPRM,17,0,0,0.6256769744147004,0.80825986814931
TMEM220,TMEM220,17,0,0,0.5700094002964384,3.54963746766128
TMEM238L,TMEM238L,17,0,0,-1.0632318475478613,
PIRT,PIRT,17,0,0,-1.2488196441871118,
SHISA6,SHISA6,17,0,0,-2.501326438364865,
DNAH9,DNAH9,17,0,0,-0.7051774573004401,
ZNF18,ZNF18,17,0,0,-1.716088380882086,-1.80287804260916
MAP2K4,MAP2K4,17,0,0,0.20875415024659283,-0.115270960601012
MYOCD,MYOCD,17,0,0,-1.9578503055970327,
ARHGAP44,ARHGAP44,17,0,0,-1.8188197258454988,-1.7802699385884
ELAC2,ELAC2,17,0,0,-1.7992219909378662,-0.793335064013394
HS3ST3A1,HS3ST3A1,17,0,0,-2.814194520111183,-3.42560512824182
COX10,COX10,17,0,0,-0.6073033157592196,-1.51233954015219
CDRT15,CDRT15,17,0,0,-2.5796181110420715,
HS3ST3B1,HS3ST3B1,17,0,0,-2.7993054260008385,-3.33302138719793
PMP22,PMP22,17,0,0,-0.7915137300746053,1.01959984737147
TEKT3,TEKT3,17,0,0,-0.45348384498552363,
CDRT4,CDRT4,17,0,0,-0.34432027433047097,
TVP23C,TVP23C,17,0,0,0.8250263701158556,
FBXW10B,FBXW10B,17,0,0,-0.3838030772267107,
TRIM16,TRIM16,17,0,0,-1.7332127241790527,-3.43820548437728
ZNF286A,ZNF286A,17,0,0,-0.36270798643431235,
TBC1D26,TBC1D26,17,0,0,-1.2418545982731644,
ADORA2B,ADORA2B,17,0,0,-0.32266504438230825,
ZSWIM7,ZSWIM7,17,0,0,-0.6870282765907767,-0.242588877255061
TTC19,TTC19,17,0,0,-0.5707589803373434,-1.21174932601724
NCOR1,NCOR1,17,0,0,-1.25380620121895,-1.38264576176931
PIGL,PIGL,17,0,0,-0.5806746236953124,-1.54425907705367
CENPV,CENPV,17,0,0,-2.008435386197423,-2.1458735259058
UBB,UBB,17,0,0,-1.2948833811929283,-0.566574997186387
TRPV2,TRPV2,17,0,0,-1.4314213894433951,-1.8665925228128
LRRC75A,LRRC75A,17,0,0,-2.9910872421513925,-2.23427677306063
ZNF287,ZNF287,17,0,0,-0.09181496322652904,
ZNF624,ZNF624,17,0,0,0.07034559899245707,
CCDC144A,CCDC144A,17,0,0,0.1311201573463947,
TNFRSF13B,TNFRSF13B,17,0,0,-2.9886661956589116,
MPRIP,MPRIP,17,0,0,-3.164868800062454,-4.57582623779256
PLD6,PLD6,17,0,0,-2.360846778390057,
FLCN,FLCN,17,0,0,-2.3010596693639247,-2.82223703616656
COPS3,COPS3,17,0,0,0.5098561371216448,0.717207930153823
NT5M,NT5M,17,0,0,-1.8193374708482644,-3.734167762628
MED9,MED9,17,0,0,-2.7939924921805,-1.03372237729029
RASD1,RASD1,17,0,0,-2.2472233556429977,-1.90244423815068
PEMT,PEMT,17,0,0,-1.3011547615506505,-0.779262363161628
RAI1,RAI1,17,0,0,-3.2214943166212304,-3.53696038019882
SREBF1,SREBF1,17,0,0,-2.807830493633329,-2.20067703214232
TOM1L2,TOM1L2,17,0,0,-1.6743873737181918,-0.794557580827301
DRC3,DRC3,17,0,0,-1.5017715764157806,
ATPAF2,ATPAF2,17,0,0,-2.007531491360991,-0.489304842529896
GID4,GID4,17,0,0,-1.4686500764419428,-1.41764484344494
DRG2,DRG2,17,0,0,-1.158992834624673,-0.417700187483994
MYO15A,MYO15A,17,0,0,-2.3357246214717406,-3.36197128855175
ALKBH5,ALKBH5,17,0,0,-2.7166022272558283,-4.0826120900891
LLGL1,LLGL1,17,0,0,-2.317466498695799,-2.19722054164177
FLII,FLII,17,0,0,-1.9316763931293224,-2.0475859601777
MIEF2,MIEF2,17,0,0,-2.6939194253501952,-1.92663560259556
TOP3A,TOP3A,17,0,0,-1.3525112755596869,-2.51560892657662
SMCR8,SMCR8,17,0,0,-1.642151733605509,-1.76421731737712
SHMT1,SHMT1,17,0,0,-1.0142794357052036,-0.207872764008113
EVPLL,EVPLL,17,0,0,-3.3536117096561053,-2.9749443590516
LGALS9C,LGALS9C,17,0,0,-1.8548621957451665,
TBC1D28,TBC1D28,17,0,0,-0.4467721750689755,
FOXO3B,FOXO3B,17,0,0,-2.9678811863174808,
FBXW10,FBXW10,17,0,0,-0.5476068054051719,
TVP23B,TVP23B,17,0,0,0.7361079835298163,1.46447874918792
PRPSAP2,PRPSAP2,17,0,0,0.029277477459670465,0.134903422873575
SLC5A10,SLC5A10,17,0,0,-1.452308583913446,
FAM83G,FAM83G,17,0,0,-3.0077790004227953,-2.74557124152281
GRAP,GRAP,17,0,0,-2.2240128517639057,-1.38487442331313
GRAPL,GRAPL,17,0,0,-2.265845794319125,
EPN2,EPN2,17,0,0,-2.2607420478361266,-2.85501543117089
B9D1,B9D1,17,0,0,-1.5397931926823052,-0.207953715439002
MAPK7,MAPK7,17,0,0,-2.304083301293584,-2.60163586977171
MFAP4,MFAP4,17,0,0,-1.074533581181118,-0.086344717558703
RNF112,RNF112,17,0,0,-2.255320057532794,
SLC47A1,SLC47A1,17,0,0,-0.5140036023265147,0.112941833055081
ALDH3A2,ALDH3A2,17,0,0,0.6085445449269269,1.15445236248867
SLC47A2,SLC47A2,17,0,0,-0.8044154143884263,
ALDH3A1,ALDH3A1,17,0,0,-1.9590137370153133,-1.28223180671957
ULK2,ULK2,17,0,0,-0.9225554501318811,-4.029510283563
AKAP10,AKAP10,17,0,0,-0.11907728194199585,-1.60263871978215
SPECC1,SPECC1,17,0,0,-1.7006709803965627,-3.01039817255954
LGALS9B,LGALS9B,17,0,0,-1.9037595067519035,
CDRT15L2,CDRT15L2,17,0,0,-1.8383193055366487,
USP22,USP22,17,0,0,-1.8991904992268527,-1.51688464613785
DHRS7B,DHRS7B,17,0,0,-0.6177987165296432,-0.0800108175960793
TMEM11,TMEM11,17,0,0,-1.5478533045723744,-1.53283753637649
NATD1,NATD1,17,0,0,-2.337248187185571,-1.19380711873231
MAP2K3,MAP2K3,17,0,0,-1.5430853994162597,-1.8640568474056
KCNJ12,KCNJ12,17,0,0,-2.056242565034651,
KCNJ18,KCNJ18,17,0,0,-1.9257345328011795,
WSB1,WSB1,17,0,0,0.7014721490132008,0.425058686610081
KSR1,KSR1,17,0,0,-2.434047876822776,-3.07956660748197
LGALS9,LGALS9,17,0,0,-1.747935255535154,-0.942666603757856
NOS2,NOS2,17,0,0,-1.7026498749568404,
LYRM9,LYRM9,17,0,0,-0.7884393355213994,0.0816637143651543
NLK,NLK,17,0,0,-0.3599398709545909,-2.69764262614895
TMEM97,TMEM97,17,0,0,-0.13988829801513525,1.25989324310159
IFT20,IFT20,17,0,0,0.503851676550445,-1.11666293968354
TNFAIP1,TNFAIP1,17,0,0,-1.5205601505112352,-1.25198566143638
POLDIP2,POLDIP2,17,0,0,-1.6374385075938118,-1.47116437739232
TMEM199,TMEM199,17,0,0,-1.0669678340516828,-0.122695312633657
SEBOX,SEBOX,17,0,0,-2.6363759695618043,
VTN,VTN,17,0,0,-1.8445376651871843,0.0385408203271842
SARM1,SARM1,17,0,0,-2.058095518940762,
SLC46A1,SLC46A1,17,0,0,-1.404526503404016,-0.39914117332219
SLC13A2,SLC13A2,17,0,0,-1.6289346233692292,
FOXN1,FOXN1,17,0,0,-3.010437031994636,
UNC119,UNC119,17,0,0,-2.5053052686755812,-2.27294568538911
PIGS,PIGS,17,0,0,-1.1861361284118992,-0.92092373497933
ALDOC,ALDOC,17,0,0,-0.6697274725822489,-0.325130589379532
SPAG5,SPAG5,17,0,0,-1.3778809021803529,-1.67893204087045
RSKR,RSKR,17,0,0,-1.3339969103237657,-4.5708734240852
BLTP2,BLTP2,17,0,0,-1.0211457861054622,-3.11554440432581
SDF2,SDF2,17,0,0,-1.4655004477876226,0.488383441700872
SUPT6H,SUPT6H,17,0,0,-1.0928057288663577,-2.08240161299662
PROCA1,PROCA1,17,0,0,-2.5334352146146824,
RAB34,RAB34,17,0,0,-0.5094141865984163,-1.31572364609433
RPL23A,RPL23A,17,0,0,0.20127274925961558,-1.29896568238136
TLCD1,TLCD1,17,0,0,-0.6254733188268329,-0.32464279086032
NEK8,NEK8,17,0,0,-2.2024953978380175,-2.43987189241035
TRAF4,TRAF4,17,0,0,-1.8482850113093026,-3.17718484105461
FAM222B,FAM222B,17,0,0,-2.581060280055455,-3.79095181665875
ERAL1,ERAL1,17,0,0,-1.5690410550715264,-0.667332372664311
FLOT2,FLOT2,17,0,0,-1.403381512697358,-1.87342511890809
DHRS13,DHRS13,17,0,0,-2.271866408371329,-1.30877836837442
PHF12,PHF12,17,0,0,-2.102660988093197,-3.46900092715099
SEZ6,SEZ6,17,0,0,-2.125657675433523,
PIPOX,PIPOX,17,0,0,-1.4087360104017215,-0.729470169356787
MYO18A,MYO18A,17,0,0,-2.3096085335502536,-3.35472905030293
CRYBA1,CRYBA1,17,0,0,-0.8199101577029104,
NUFIP2,NUFIP2,17,0,0,-0.6361690535791737,-0.381193724208512
TAOK1,TAOK1,17,0,0,-0.5481108346514532,-3.11998623174195
ABHD15,ABHD15,17,0,0,-2.6607425455634406,-2.40730695371013
TP53I13,TP53I13,17,0,0,-3.024782419614347,-2.87961241075787
GIT1,GIT1,17,0,0,-2.9525898049064097,-4.12582530837712
ANKRD13B,ANKRD13B,17,0,0,-2.6672399616152784,-2.98341845157962
CORO6,CORO6,17,0,0,-2.14929670703194,
SSH2,SSH2,17,0,0,-1.5284410428864827,-1.7900489228477
EFCAB5,EFCAB5,17,0,0,-0.013155212416011253,
NSRP1,NSRP1,17,0,0,-0.5909348328833914,-0.508250643235062
SLC6A4,SLC6A4,17,0,0,-0.2723153006185566,
BLMH,BLMH,17,0,0,0.28234073742709853,-0.161748461710915
TMIGD1,TMIGD1,17,0,0,-0.13360138697976787,
CPD,CPD,17,0,0,0.13149292736606988,0.440164797162665
GOSR1,GOSR1,17,0,0,-0.028556600749517713,0.893121133563208
CRLF3,CRLF3,17,0,0,-0.2623899852717475,-0.631582359457004
ATAD5,ATAD5,17,0,0,0.7713567993151198,
TEFM,TEFM,17,0,0,0.305750750910347,1.90037396522106
ADAP2,ADAP2,17,0,0,-1.2607352805986523,-2.2787496983316
RNF135,RNF135,17,0,0,-1.8643507049355872,-2.47442518478319
NF1,NF1,17,0,0,0.29951052049865723,-1.26813271948917
OMG,OMG,17,0,0,0.18631163110953075,
EVI2B,EVI2B,17,0,0,-0.05905310598947722,1.16393884659277
EVI2A,EVI2A,17,0,0,0.7078602536537772,
RAB11FIP4,RAB11FIP4,17,0,0,-2.4911417502596898,-2.927686879039
COPRS,COPRS,17,0,0,-1.6130988116155578,-0.662451954877346
UTP6,UTP6,17,0,0,0.5578580358148475,0.4170027862972
SUZ12,SUZ12,17,0,0,0.2983700569042309,0.544079331954103
LRRC37B,LRRC37B,17,0,0,-0.7991516215572059,
RHOT1,RHOT1,17,0,0,0.6712345031034452,-0.110494368643911
RHBDL3,RHBDL3,17,0,0,-1.4909988343515757,
C17orf75,C17orf75,17,0,0,0.02474372984949902,-0.253408244298925
ZNF207,ZNF207,17,0,0,-0.11190210609427176,0.0127727419760423
PSMD11,PSMD11,17,0,0,-0.34457636257332247,0.245914747103645
CDK5R1,CDK5R1,17,0,0,-2.43543297888006,
MYO1D,MYO1D,17,0,0,0.35649551745093255,-0.683515855181932
H2BN1,H2BN1,17,0,0,-0.0737730738237854,
TMEM98,TMEM98,17,0,0,-1.0850330990115111,-0.817769040613625
SPACA3,SPACA3,17,0,0,-1.7771845630485945,
ASIC2,ASIC2,17,0,0,-1.5506647051491065,
CCL2,CCL2,17,0,0,-0.48114740989250393,0.0897413713776594
CCL7,CCL7,17,0,0,-0.6596200149079596,
CCL11,CCL11,17,0,0,-0.8241094185378852,
CCL8,CCL8,17,0,0,-0.3803520574657835,
CCL13,CCL13,17,0,0,-0.36615258217721625,
CCL1,CCL1,17,0,0,-0.7331754649562843,
TMEM132E,TMEM132E,17,0,0,-3.2715465783993896,
CCT6B,CCT6B,17,0,0,1.718082824754772,2.22629130855703
ZNF830,ZNF830,17,0,0,-1.3711944838655743,-0.856201521290355
LIG3,LIG3,17,0,0,-0.7873406680711827,-1.59753289995962
RFFL,RFFL,17,0,0,-1.7840580129264652,
RAD51D,RAD51D,17,0,0,-1.0489103070127417,-2.56870936213371
FNDC8,FNDC8,17,0,0,-1.34395341085364,
NLE1,NLE1,17,0,0,-2.032058304446881,-2.52726366133743
UNC45B,UNC45B,17,0,0,-1.2494324477313334,
SLC35G3,SLC35G3,17,0,0,-1.5461705923217046,
SLFN5,SLFN5,17,0,0,0.18751925191707386,0.106000873650763
SLFN11,SLFN11,17,0,0,-0.3892193978355696,0.29875204671753
SLFN12,SLFN12,17,0,0,0.7755684665262095,0.399728894519995
SLFN13,SLFN13,17,0,0,-0.1360212688082072,-1.26752378720783
SLFN12L,SLFN12L,17,0,0,1.0710171242486108,-3.25128877729585
SLFN14,SLFN14,17,0,0,-0.15869407402555957,
PEX12,PEX12,17,0,0,0.09691845844568192,1.63595809735114
AP2B1,AP2B1,17,0,0,0.23744998077453872,0.855999757937265
RASL10B,RASL10B,17,0,0,-2.0250691892710417,
GAS2L2,GAS2L2,17,0,0,-2.9699340469930355,
C17orf50,C17orf50,17,0,0,-3.233610031831592,
MMP28,MMP28,17,0,0,-1.748813554931667,
TAF15,TAF15,17,0,0,-0.07877955043850093,-0.117709586045741
HEATR9,HEATR9,17,0,0,-1.108738051934738,
CCL5,CCL5,17,0,0,-0.8670364639339532,-1.45123449661084
RDM1,RDM1,17,0,0,-0.40571507777147353,
LYZL6,LYZL6,17,0,0,-0.661947640217754,
CCL16,CCL16,17,0,0,-0.8574340779454648,0.406807683082282
CCL14,CCL14,17,0,0,-0.6510497974213596,0.452527132123345
CCL15,CCL15,17,0,0,-0.2951055939939149,1.03329783034796
CCL23,CCL23,17,0,0,-0.2666020529450961,1.35581623501745
CCL18,CCL18,17,0,0,-0.31855062261711,-0.173164074120482
CCL3,CCL3,17,0,0,-1.4973693919458597,-0.893007909145563
CCL4,CCL4,17,0,0,-0.2331879890372779,2.08029200559265
TBC1D3B,TBC1D3B,17,0,0,-1.9614261681473941,
CCL3L3,CCL3L3,17,0,0,-1.7287295144907677,-1.47023102929437
CCL4L2,CCL4L2,17,0,0,-0.5280453136497574,-0.138493500357695
TBC1D3I,TBC1D3I,17,0,0,-1.9604701197407746,
TBC1D3G,TBC1D3G,17,0,0,-1.9673218697701031,
TBC1D3H,TBC1D3H,17,0,0,-1.9743879623304998,
ZNHIT3,ZNHIT3,17,0,0,-0.3449117839272393,0.912971433605793
MYO19,MYO19,17,0,0,-1.8942007374576626,-3.72654032841823
PIGW,PIGW,17,0,0,1.234794650200337,1.86872866153
GGNBP2,GGNBP2,17,0,0,0.019132753659418356,0.634703569769675
DHRS11,DHRS11,17,0,0,-1.936731655944108,-1.11987838060955
MRM1,MRM1,17,0,0,-2.583956348980559,-1.36011815236553
LHX1,LHX1,17,0,0,-2.5986285887576788,
AATF,AATF,17,0,0,-1.0644890113706023,-0.99036003827142
ACACA,ACACA,17,0,0,0.14898421039168142,-0.481494614457196
C17orf78,C17orf78,17,0,0,-0.4295109027673245,
TADA2A,TADA2A,17,0,0,-0.13087419499978736,-1.30238060980823
DUSP14,DUSP14,17,0,0,-1.0252515120898469,0.362737043319587
SYNRG,SYNRG,17,0,0,-0.20169420708492325,-0.511963262532283
DDX52,DDX52,17,0,0,0.4343233242589015,1.66786199615151
HNF1B,HNF1B,17,0,0,-2.7522357252320955,-2.03886692320958
TBC1D3K,TBC1D3K,17,0,0,-1.9503788981449635,
TBC1D3L,TBC1D3L,17,0,0,-1.9660095695853066,
TBC1D3D,TBC1D3D,17,0,0,-1.9792504823588946,
TBC1D3C,TBC1D3C,17,0,0,-1.9794590718003349,
TBC1D3E,TBC1D3E,17,0,0,-1.952623790799601,
TBC1D3,TBC1D3,17,0,0,-2.0000347497308315,
MRPL45,MRPL45,17,0,0,0.052184616353418534,0.509768465067006
GPR179,GPR179,17,0,0,-2.3484061625390353,
SOCS7,SOCS7,17,0,0,-2.397449518200487,-3.76312591830096
ARHGAP23,ARHGAP23,17,0,0,-2.878821523658095,-4.42631092619203
SRCIN1,SRCIN1,17,0,0,-3.236234491602401,-2.63514280413749
EPOP,EPOP,17,0,0,-2.9762657533546015,-4.83444694415136
MLLT6,MLLT6,17,0,0,-3.1570228463110173,-5.75030466960561
CISD3,CISD3,17,0,0,-2.049253691845399,-1.25287079885174
PCGF2,PCGF2,17,0,0,-2.3382676771670443,-3.88368226225935
PSMB3,PSMB3,17,0,0,-0.33432581840709297,0.584815108551276
PIP4K2B,PIP4K2B,17,0,0,-1.2741320364216797,-2.54092375574606
CWC25,CWC25,17,0,0,-1.971573297404749,-1.38408399083366
SPMAP1,SPMAP1,17,0,0,-1.2725472468134225,
RPL23,RPL23,17,0,0,0.769888952782674,-1.016635886021
LASP1,LASP1,17,0,0,-2.252257323257279,-1.0001647711354
LASP1NB,LASP1NB,17,0,0,2.968672466519152,
FBXO47,FBXO47,17,0,0,0.8460615490991454,
PLXDC1,PLXDC1,17,0,0,-1.8302482597723486,
ARL5C,ARL5C,17,0,0,-0.9408459651467673,
CACNB1,CACNB1,17,0,0,-2.3206852765738226,
RPL19,RPL19,17,0,0,-1.3310338752209478,-1.25540884712419
STAC2,STAC2,17,0,0,-2.712431636859314,
FBXL20,FBXL20,17,0,0,-0.6756731537125393,0.264399686077886
MED1,MED1,17,0,0,-1.0636645269529748,-1.23631289363728
CDK12,CDK12,17,0,0,-1.7155483981199833,-2.21038632214684
NEUROD2,NEUROD2,17,0,0,-2.633633402431162,
PPP1R1B,PPP1R1B,17,0,0,-3.3989905698092038,
STARD3,STARD3,17,0,0,-1.570583291799819,-2.72490022507037
TCAP,TCAP,17,0,0,-2.590251449341057,-4.28720079390306
PNMT,PNMT,17,0,0,-2.394285822282816,-3.48939118427088
PGAP3,PGAP3,17,0,0,-1.1739970375097943,-0.362850813820117
ERBB2,ERBB2,17,0,0,-2.351877067187335,-3.11042447321412
MIEN1,MIEN1,17,0,0,-2.160636534665235,-0.186057938376907
GRB7,GRB7,17,0,0,-2.4175108566294004,-2.08279874364794
IKZF3,IKZF3,17,0,0,-0.9338772221205911,-1.77394043045461
ZPBP2,ZPBP2,17,0,0,1.2615198705716608,
GSDMB,GSDMB,17,0,0,-0.5851867231845134,-4.84664744225739
ORMDL3,ORMDL3,17,0,0,-1.2079181135123722,-0.0570141720869971
LRRC3C,LRRC3C,17,0,0,-2.2615693132498063,-1.57338852645546
GSDMA,GSDMA,17,0,0,-1.5082581633027967,
PSMD3,PSMD3,17,0,0,-1.2460449949646701,-1.29625220419632
CSF3,CSF3,17,0,0,-2.509223710343324,
MED24,MED24,17,0,0,-1.5845558662571015,-2.016258290386
THRA,THRA,17,0,0,-1.6114038345399493,-4.35766280366029
NR1D1,NR1D1,17,0,0,-2.316753329959374,-2.06898306103495
MSL1,MSL1,17,0,0,-2.191094723872384,-3.03038420263419
CASC3,CASC3,17,0,0,-1.8887513569562735,-2.00592318314526
RAPGEFL1,RAPGEFL1,17,0,0,-2.453178278688311,-3.88762079336797
WIPF2,WIPF2,17,0,0,-3.169538060331403,-1.77579674619789
CDC6,CDC6,17,0,0,-0.0978258817029296,0.402148376741705
RARA,RARA,17,0,0,-2.6149230251202162,-2.40594088709061
GJD3,GJD3,17,0,0,-2.1042587254702863,-4.59845141884558
TOP2A,TOP2A,17,0,0,1.0678979922748262,1.58504669873075
IGFBP4,IGFBP4,17,0,0,-3.5861963221821664,-2.11428411193432
TNS4,TNS4,17,0,0,-2.917668675411628,
CCR7,CCR7,17,0,0,-0.8946386112338303,
SMARCE1,SMARCE1,17,0,0,-1.1916214491195323,-0.802310551629617
KRT222,KRT222,17,0,0,-0.36976028091368285,0.306672257276873
KRT24,KRT24,17,0,0,-0.9491595145058742,
KRT25,KRT25,17,0,0,-0.7601779224899854,
KRT26,KRT26,17,0,0,-0.4972158362881487,
KRT27,KRT27,17,0,0,-0.9545337512777348,
KRT28,KRT28,17,0,0,-0.6884043814013303,
KRT10,KRT10,17,0,0,-1.1852030176277015,-0.817491053550263
KRT12,KRT12,17,0,0,-1.13141154184623,
KRT20,KRT20,17,0,0,-0.6658765123827894,
KRT23,KRT23,17,0,0,-1.51894899704725,-2.79210772194717
KRT39,KRT39,17,0,0,-1.1329525483563803,
KRT40,KRT40,17,0,0,-1.8159815681672722,
KRTAP3-3,KRTAP3-3,17,0,0,-2.643534228191191,
KRTAP3-2,KRTAP3-2,17,0,0,-2.6464206505249983,
KRTAP3-1,KRTAP3-1,17,0,0,-1.8551194213279842,
KRTAP1-5,KRTAP1-5,17,0,0,-3.337744350815729,
KRTAP1-4,KRTAP1-4,17,0,0,-3.193439603745725,
KRTAP1-3,KRTAP1-3,17,0,0,-3.0894420185948146,
KRTAP1-1,KRTAP1-1,17,0,0,-2.974975802526499,
KRTAP2-1,KRTAP2-1,17,0,0,-2.9360679559796807,
KRTAP2-2,KRTAP2-2,17,0,0,-2.815422783762873,
KRTAP2-3,KRTAP2-3,17,0,0,-2.9593019443572572,
KRTAP2-4,KRTAP2-4,17,0,0,-2.985487176913672,
KRTAP4-7,KRTAP4-7,17,0,0,-2.890910332555592,
KRTAP4-8,KRTAP4-8,17,0,0,-2.9589691983603217,
KRTAP4-16,KRTAP4-16,17,0,0,-3.504624981838086,
KRTAP4-9,KRTAP4-9,17,0,0,-3.1678352244082024,
KRTAP4-11,KRTAP4-11,17,0,0,-2.9955436025222237,
KRTAP4-12,KRTAP4-12,17,0,0,-2.89031076472984,
KRTAP4-6,KRTAP4-6,17,0,0,-2.83723066184886,
KRTAP4-5,KRTAP4-5,17,0,0,-2.8635460819915615,
KRTAP4-4,KRTAP4-4,17,0,0,-2.798881537047814,
KRTAP4-3,KRTAP4-3,17,0,0,-3.0817497221424794,
KRTAP4-2,KRTAP4-2,17,0,0,-2.6382902705374054,
KRTAP4-1,KRTAP4-1,17,0,0,-2.337676604717613,
KRTAP9-1,KRTAP9-1,17,0,0,-2.806872407808113,
KRTAP9-2,KRTAP9-2,17,0,0,-2.8026552531561677,
KRTAP9-3,KRTAP9-3,17,0,0,-2.67245427709061,
KRTAP9-8,KRTAP9-8,17,0,0,-2.8683114730614996,
KRTAP9-4,KRTAP9-4,17,0,0,-2.507905297984994,
KRTAP9-9,KRTAP9-9,17,0,0,-2.779580066193832,
KRTAP9-6,KRTAP9-6,17,0,0,-3.035990184931757,
KRTAP9-7,KRTAP9-7,17,0,0,-3.021312760371625,
KRTAP29-1,KRTAP29-1,17,0,0,-1.2608964513556362,
KRTAP16-1,KRTAP16-1,17,0,0,-2.5263146801611995,
KRTAP17-1,KRTAP17-1,17,0,0,-2.3420389374513597,
KRT33A,KRT33A,17,0,0,-2.946061389224946,
KRT33B,KRT33B,17,0,0,-2.7859450488449635,
KRT34,KRT34,17,0,0,-2.990591789569713,
KRT31,KRT31,17,0,0,-2.8336166777846667,
KRT37,KRT37,17,0,0,-2.452424027091297,
KRT38,KRT38,17,0,0,-2.561412143923622,
KRT32,KRT32,17,0,0,-2.446360255200677,
KRT35,KRT35,17,0,0,-2.549509048966616,
KRT36,KRT36,17,0,0,-2.186763449487964,
KRT13,KRT13,17,0,0,-1.6890077862261013,
KRT15,KRT15,17,0,0,-1.5996902480845012,
KRT19,KRT19,17,0,0,-2.168603821499646,-1.04774717747021
KRT9,KRT9,17,0,0,-1.2090380441943243,
KRT14,KRT14,17,0,0,-1.940665435645041,
KRT16,KRT16,17,0,0,-2.2536688400151945,
KRT17,KRT17,17,0,0,-2.1695935950927456,
EIF1,EIF1,17,0,0,1.0075276873302261,3.67663486360843
GAST,GAST,17,0,0,-2.034934158735277,
HAP1,HAP1,17,0,0,-2.2822305658021804,
JUP,JUP,17,0,0,-2.095751025160899,-1.17714441563772
P3H4,P3H4,17,0,0,-2.025041495663878,-1.69899088726912
FKBP10,FKBP10,17,0,0,-1.9298010682074231,-1.56670018227336
NT5C3B,NT5C3B,17,0,0,-0.6995166018966863,-2.34883540378844
KLHL10,KLHL10,17,0,0,0.4137644471547226,
KLHL11,KLHL11,17,0,0,-0.18794579036696568,
ACLY,ACLY,17,0,0,-0.8497989856244299,-0.335301231283801
ODAD4,ODAD4,17,0,0,-1.158697774001146,-2.66702608775903
CNP,CNP,17,0,0,-1.9197503876581816,-1.03469912199321
DNAJC7,DNAJC7,17,0,0,1.0168183587393909,-0.253954980587005
NKIRAS2,NKIRAS2,17,0,0,-1.9307297767121145,-1.90621547301005
ZNF385C,ZNF385C,17,0,0,-3.3172721528449376,
C17orf113,C17orf113,17,0,0,-2.259938653635114,
DHX58,DHX58,17,0,0,-2.065325504027385,-1.84865662637016
KAT2A,KAT2A,17,0,0,-1.916712723433923,
HSPB9,HSPB9,17,0,0,-2.3025325471581173,-0.777407754107674
RAB5C,RAB5C,17,0,0,-1.0742821748798725,
KCNH4,KCNH4,17,0,0,-2.323774136392993,
HCRT,HCRT,17,0,0,-2.6617687886171684,
GHDC,GHDC,17,0,0,-2.6988234635735413,-1.71492605681541
STAT5B,STAT5B,17,0,0,-1.621017665479842,-0.837562064311806
STAT5A,STAT5A,17,0,0,-2.1335613261261237,-1.48593921345089
STAT3,STAT3,17,0,0,-0.7819887463353865,-0.584042116180309
CAVIN1,CAVIN1,17,0,0,-2.8965784011758977,-2.40612404715348
ATP6V0A1,ATP6V0A1,17,0,0,0.2228194530828116,0.382833854394348
NAGLU,NAGLU,17,0,0,-1.8071930498625939,-1.38558768205591
HSD17B1,HSD17B1,17,0,0,-2.130303696894803,-1.6253166589664
COASY,COASY,17,0,0,-1.8613293319856385,-1.42420091934928
MLX,MLX,17,0,0,-1.7744009895664483,-0.484892521455017
PSMC3IP,PSMC3IP,17,0,0,-1.020991547414491,-2.25078787693252
RETREG3,RETREG3,17,0,0,-1.5974682888760476,-1.30171847328514
TUBG1,TUBG1,17,0,0,-2.1485813090170325,-0.701351250395687
TUBG2,TUBG2,17,0,0,-2.142818042924299,-3.51478246623978
PLEKHH3,PLEKHH3,17,0,0,-3.1647880263043824,-3.92427413421583
CCR10,CCR10,17,0,0,-2.315793539819188,
CNTNAP1,CNTNAP1,17,0,0,-1.3551897417247467,-2.08731761349024
EZH1,EZH1,17,0,0,-0.3041305140796968,-1.45639921221272
RAMP2,RAMP2,17,0,0,-1.8022822930252929,-0.602990573063316
VPS25,VPS25,17,0,0,-1.3799710566830221,0.0900871529747356
WNK4,WNK4,17,0,0,-2.6552385747065355,
COA3,COA3,17,0,0,-1.235873538470937,-0.0379489231985997
CNTD1,CNTD1,17,0,0,-0.7354388113872101,
BECN1,BECN1,17,0,0,-0.7598208887348576,-1.82535484728753
PSME3,PSME3,17,0,0,-0.18194173487351506,0.817503429905988
AOC2,AOC2,17,0,0,-1.844522528319052,-4.94924772750256
AOC3,AOC3,17,0,0,-1.8852834578527027,-0.0369846780478677
G6PC1,G6PC1,17,0,0,-0.3415170249591082,0.461584846697298
AARSD1,AARSD1,17,0,0,-1.2428762630543417,-1.16755685179736
PTGES3L,PTGES3L,17,0,0,0.021305049877449633,
RUNDC1,RUNDC1,17,0,0,-1.9786334243323296,-1.89997552030526
RPL27,RPL27,17,0,0,0.8845634109375364,-0.523182115216647
IFI35,IFI35,17,0,0,-2.1943055786844123,-1.0351719853661
VAT1,VAT1,17,0,0,-1.4314939773078184,-0.950871397029017
RND2,RND2,17,0,0,-1.477932314608795,-2.55467338568467
BRCA1,BRCA1,17,0,0,-0.38209633794277664,0.350066745376913
NBR1,NBR1,17,0,0,-0.9571928941999595,-0.504947137653542
TMEM106A,TMEM106A,17,0,0,-1.3923298726543312,-0.657934381965367
CCDC200,CCDC200,17,0,0,-3.1687033204646795,
ARL4D,ARL4D,17,0,0,-1.9978210357201345,-1.60792718717066
DHX8,DHX8,17,0,0,-0.5818582047077623,-1.01425950259867
ETV4,ETV4,17,0,0,-2.2297533228677118,-4.25270638837244
MEOX1,MEOX1,17,0,0,-3.009342979193855,
SOST,SOST,17,0,0,-2.5591514356632032,
DUSP3,DUSP3,17,0,0,-1.6662765826916957,-0.805534105367442
CFAP97D1,CFAP97D1,17,0,0,-0.06424502626709483,
MPP3,MPP3,17,0,0,-2.0816745676945327,-4.74857675517199
CD300LG,CD300LG,17,0,0,-2.491609976425785,
MPP2,MPP2,17,0,0,-2.177914569276819,
PPY,PPY,17,0,0,-2.0943588463959166,
PYY,PYY,17,0,0,-2.414529178771101,
NAGS,NAGS,17,0,0,-2.7077113763174356,-1.87416457385859
TMEM101,TMEM101,17,0,0,-0.5899028030343381,-0.283044745708687
LSM12,LSM12,17,0,0,-1.2292550373008506,-0.430630833439311
G6PC3,G6PC3,17,0,0,-1.164213033003076,-0.43621622119522
HDAC5,HDAC5,17,0,0,-2.9335343344649036,-3.60199537648218
HROB,HROB,17,0,0,-2.0522366714595623,
ASB16,ASB16,17,0,0,-2.619602012684288,
TMUB2,TMUB2,17,0,0,-1.5989401005476989,-1.76951517222379
ATXN7L3,ATXN7L3,17,0,0,-1.3692910615339091,-4.74341740057074
UBTF,UBTF,17,0,0,-1.6956495458841427,-1.81283082344076
SLC4A1,SLC4A1,17,0,0,-1.46532289042338,
RUNDC3A,RUNDC3A,17,0,0,-2.7099184064018704,
SLC25A39,SLC25A39,17,0,0,-1.1277282991813298,-3.0586803613121
GRN,GRN,17,0,0,-2.508085225438789,-0.68483889223501
FAM171A2,FAM171A2,17,0,0,-3.2098897437821208,
ITGA2B,ITGA2B,17,0,0,-2.048554035887191,
GPATCH8,GPATCH8,17,0,0,-2.1107613356600456,-2.23486845388105
FZD2,FZD2,17,0,0,-1.5967795971420884,-1.18579943572404
MEIOC,MEIOC,17,0,0,0.38526374303463484,
CCDC43,CCDC43,17,0,0,-0.6298192073988904,-1.41845487159191
DBF4B,DBF4B,17,0,0,-2.1543028856734505,
ADAM11,ADAM11,17,0,0,-2.5461968067637883,
GJC1,GJC1,17,0,0,-0.40598964521099035,
HIGD1B,HIGD1B,17,0,0,-0.14858546731411337,
EFTUD2,EFTUD2,17,0,0,-0.49289007457512213,-0.599994265340823
CCDC103,CCDC103,17,0,0,-1.8440928111951749,-0.701573673991067
FAM187A,FAM187A,17,0,0,-1.6467411792474032,
GFAP,GFAP,17,0,0,-2.3584293138976626,
KIF18B,KIF18B,17,0,0,-2.9643769245700504,
C1QL1,C1QL1,17,0,0,-2.568720637615124,
DCAKD,DCAKD,17,0,0,-1.680037781587302,-0.892040040076076
NMT1,NMT1,17,0,0,-0.9067529659798907,-0.76630015109794
PLCD3,PLCD3,17,0,0,-2.5552328646261593,
ACBD4,ACBD4,17,0,0,-2.258166281619875,-2.06452113282838
HEXIM1,HEXIM1,17,0,0,-2.9721452787679983,-2.17361519455959
HEXIM2,HEXIM2,17,0,0,-3.4512869538162985,-2.95210125308665
FMNL1,FMNL1,17,0,0,-2.05352436983984,-3.02598928838388
SPATA32,SPATA32,17,0,0,-2.9686510747506176,
MAP3K14,MAP3K14,17,0,0,-2.812987246740816,-2.89957338573103
ARHGAP27,ARHGAP27,17,0,0,-3.129477898292876,-3.55780079558756
PLEKHM1,PLEKHM1,17,0,0,-2.4252769014308218,-3.28990419575913
CRHR1,CRHR1,17,0,0,-1.3737606666853797,
SPPL2C,SPPL2C,17,0,0,-1.7063801865344104,
MAPT,MAPT,17,0,0,-2.7256798565625786,
STH,STH,17,0,0,-1.7768277765086662,
KANSL1,KANSL1,17,0,0,-1.7654012416332012,-2.05594751044067
LRRC37A,LRRC37A,17,0,0,-1.368377575144292,
ARL17B,ARL17B,17,0,0,-0.6430543791261965,
LRRC37A2,LRRC37A2,17,0,0,-1.347194829034704,
ARL17A,ARL17A,17,0,0,-0.6430543791261965,
NSF,NSF,17,0,0,0.26767230993914026,1.2986997859813
WNT3,WNT3,17,0,0,-2.406319878770219,-6.2275721294727
WNT9B,WNT9B,17,0,0,-2.6620869274494883,
GOSR2,GOSR2,17,0,0,-1.1508742521983901,-0.661339129161577
RPRML,RPRML,17,0,0,-2.6359589537910644,
CDC27,CDC27,17,0,0,0.4654750086018211,0.12822289049708
MYL4,MYL4,17,0,0,-1.2818087542187353,
ITGB3,ITGB3,17,0,0,-1.1278766886036689,-1.23686789454212
EFCAB13,EFCAB13,17,0,0,1.042724391590438,
NPEPPS,NPEPPS,17,0,0,0.5673382239845939,0.102471243970369
KPNB1,KPNB1,17,0,0,0.24272823418446698,-0.0681714543264616
TBKBP1,TBKBP1,17,0,0,-3.502882600890059,-4.17187676576776
TBX21,TBX21,17,0,0,-1.8346947881121114,-2.32101185151936
OSBPL7,OSBPL7,17,0,0,-2.7522810383743845,-2.58060105930863
MRPL10,MRPL10,17,0,0,-1.641084365172377,-1.10311066968025
LRRC46,LRRC46,17,0,0,-2.615384398882181,
SCRN2,SCRN2,17,0,0,-2.5314649101779576,-1.61527234176184
SP6,SP6,17,0,0,-3.129349667712523,
SP2,SP2,17,0,0,-2.4120238259072657,-2.70252625297931
PNPO,PNPO,17,0,0,-1.2839550739124181,-0.525638478630043
PRR15L,PRR15L,17,0,0,-1.1028869951965152,0.189499542641059
CDK5RAP3,CDK5RAP3,17,0,0,-1.519429638153218,-0.929670544054401
COPZ2,COPZ2,17,0,0,-0.827338377359716,-1.7916382936955
NFE2L1,NFE2L1,17,0,0,-2.3220463884482054,-2.57716189713297
CBX1,CBX1,17,0,0,-0.5508225329391525,0.0418096156792814
SNX11,SNX11,17,0,0,-1.3347679932141325,-1.72636150635822
SKAP1,SKAP1,17,0,0,-0.508014554229911,-0.559192937425901
HOXB1,HOXB1,17,0,0,-2.4296906329386747,
HOXB2,HOXB2,17,0,0,-2.8169296916573288,-3.66189648180365
HOXB3,HOXB3,17,0,0,-2.926304517262288,-5.77413672242371
HOXB4,HOXB4,17,0,0,-2.973953315193132,-1.54890786724613
HOXB5,HOXB5,17,0,0,-2.3653606387534953,-3.27678815980137
HOXB6,HOXB6,17,0,0,-2.2212009635235006,
HOXB7,HOXB7,17,0,0,-1.37902211169604,
HOXB8,HOXB8,17,0,0,-2.194619764130845,
HOXB9,HOXB9,17,0,0,-2.245373481679099,
PRAC1,PRAC1,17,0,0,-0.49063215792504344,
PRAC2,PRAC2,17,0,0,-1.9316158319313068,
HOXB13,HOXB13,17,0,0,-1.7339512375662647,
TTLL6,TTLL6,17,0,0,-1.4667735804088569,
CALCOCO2,CALCOCO2,17,0,0,-0.26590966622191026,0.827949280212334
ATP5MC1,ATP5MC1,17,0,0,-0.6011327095945695,1.32974706264255
UBE2Z,UBE2Z,17,0,0,-1.3325111393062823,-0.329394543409271
SNF8,SNF8,17,0,0,-0.9041110286390133,-1.52599952457827
GIP,GIP,17,0,0,-2.0758070880517767,
IGF2BP1,IGF2BP1,17,0,0,-1.5429013068698918,
B4GALNT2,B4GALNT2,17,0,0,-1.0857080296643673,
GNGT2,GNGT2,17,0,0,-0.583443194333773,-1.36102114742763
ABI3,ABI3,17,0,0,-3.1919166551060556,-1.78783585856327
PHOSPHO1,PHOSPHO1,17,0,0,-2.3371344878929676,
ZNF652,ZNF652,17,0,0,-1.293587994353505,-2.16438416922706
PHB1,PHB1,17,0,0,-1.1338644760045309,-0.73133323278098
NGFR,NGFR,17,0,0,-3.141286694168805,-2.58634697427821
NXPH3,NXPH3,17,0,0,-2.3063130110445584,
SPOP,SPOP,17,0,0,0.06707242840758454,-0.574217900028822
SLC35B1,SLC35B1,17,0,0,0.14552682148775986,-0.85038338138266
FAM117A,FAM117A,17,0,0,-3.2448966409655906,-2.30872595935925
KAT7,KAT7,17,0,0,-0.49779650110649065,-0.172545649001251
TAC4,TAC4,17,0,0,-1.838498098276304,
DLX4,DLX4,17,0,0,-2.2809676196273294,
DLX3,DLX3,17,0,0,-2.629258616833914,
ITGA3,ITGA3,17,0,0,-1.8760601155967933,-1.91304343294995
PDK2,PDK2,17,0,0,-1.5886575725638874,-1.14075662280209
SAMD14,SAMD14,17,0,0,-3.605417758627384,
PPP1R9B,PPP1R9B,17,0,0,-3.090811245838232,-4.45734879053669
SGCA,SGCA,17,0,0,-2.456428810488463,-2.18223010908534
COL1A1,COL1A1,17,0,0,-1.5536219330576504,-2.40051921793753
TMEM92,TMEM92,17,0,0,-2.0993885737852853,-0.486329163481962
XYLT2,XYLT2,17,0,0,-2.5071119880761508,-2.74406510256049
MRPL27,MRPL27,17,0,0,-0.21049292723562374,0.453538310101907
EME1,EME1,17,0,0,-1.2951084361800387,
LRRC59,LRRC59,17,0,0,-1.5864462012997542,-1.22808499974753
ACSF2,ACSF2,17,0,0,-1.3304164667150733,-1.19217628671229
CHAD,CHAD,17,0,0,-2.155139309561701,-3.03790204819317
RSAD1,RSAD1,17,0,0,-2.2075370177987192,-2.34096560267222
MYCBPAP,MYCBPAP,17,0,0,-1.6331530945830277,
EPN3,EPN3,17,0,0,-3.053259638150209,
SPATA20,SPATA20,17,0,0,-1.9946051679705707,
CACNA1G,CACNA1G,17,0,0,-2.5032583401610715,
ABCC3,ABCC3,17,0,0,-1.2531141537394639,-1.30402928775564
ANKRD40,ANKRD40,17,0,0,-0.9406885677702466,-1.62553504558042
LUC7L3,LUC7L3,17,0,0,-1.0734688434095805,-0.661219178108663
ANKRD40CL,ANKRD40CL,17,0,0,-0.29879543496891436,
WFIKKN2,WFIKKN2,17,0,0,-2.0433749025739942,
TOB1,TOB1,17,0,0,-0.1960100259914075,0.842683994661361
SPAG9,SPAG9,17,0,0,-0.2668571144902465,-1.10737779562338
NME1,NME1,17,0,0,-0.343146819907032,0.343534801781224
NME2,NME2,17,0,0,-0.6455653761197429,-1.31589988016333
MBTD1,MBTD1,17,0,0,0.6447003806915337,-0.134763161682015
UTP18,UTP18,17,0,0,0.27807745218004953,-0.888024202058058
CA10,CA10,17,0,0,-0.6969240836173345,
KIF2B,KIF2B,17,0,0,-1.1380358716356476,
TOM1L1,TOM1L1,17,0,0,-0.08576157902417059,0.0880465703648267
COX11,COX11,17,0,0,0.02724666491736727,-0.999803892875142
STXBP4,STXBP4,17,0,0,0.6786707336940392,
HLF,HLF,17,0,0,-2.0601085712035836,-2.04970673130398
MMD,MMD,17,0,0,1.068941416478614,-0.703600521140647
SMIM36,SMIM36,17,0,0,-1.1745903194161667,
TMEM100,TMEM100,17,0,0,-0.7374703894308805,-2.55863493755888
PCTP,PCTP,17,0,0,-0.6060035881760122,-0.631633355256044
ANKFN1,ANKFN1,17,0,0,-1.2642389299977825,
NOG,NOG,17,0,0,-2.6936734046026984,
C17orf67,C17orf67,17,0,0,-2.28901035159498,-3.00529719180192
DGKE,DGKE,17,0,0,0.49096349195922073,-0.727990896477394
TRIM25,TRIM25,17,0,0,-2.0747593738157697,-1.14291408013805
COIL,COIL,17,0,0,-0.6304058315184164,0.0135200313302863
SCPEP1,SCPEP1,17,0,0,0.171348701622426,0.383716062155299
AKAP1,AKAP1,17,0,0,-1.884072338796976,-2.09899923427922
MSI2,MSI2,17,0,0,-0.036140851778251104,-1.69048645172692
CCDC182,CCDC182,17,0,0,-2.175136214874902,
MRPS23,MRPS23,17,0,0,-1.1229340505269754,0.267886660608259
CUEDC1,CUEDC1,17,0,0,-2.4764764004465007,-3.78302659020544
VEZF1,VEZF1,17,0,0,-1.5672679298279135,-0.86410046138671
SRSF1,SRSF1,17,0,0,-0.8949439165298845,-0.112815147169112
DYNLL2,DYNLL2,17,0,0,0.2674966685112512,0.637318908817652
OR4D1,OR4D1,17,0,0,0.21055186364800882,
OR4D2,OR4D2,17,0,0,-0.054245055661874986,
EPX,EPX,17,0,0,-1.828172503095681,
MKS1,MKS1,17,0,0,-1.573658675567895,-1.16656358066755
LPO,LPO,17,0,0,-1.4887744265306289,
MPO,MPO,17,0,0,-2.0193297916173627,-0.787155731441479
TSPOAP1,TSPOAP1,17,0,0,-3.3053692216055364,-5.73480099424435
SUPT4H1,SUPT4H1,17,0,0,-0.00193361864293351,0.963366695598788
RNF43,RNF43,17,0,0,-2.8795561204843363,-4.37291590719872
HSF5,HSF5,17,0,0,-1.6598329752629262,
MTMR4,MTMR4,17,0,0,-1.4573986530388936,-1.66652977385833
SEPTIN4,SEPTIN4,17,0,0,-1.641764140427565,-2.05470542776151
TEX14,TEX14,17,0,0,-1.0521095103449003,
IGBP1C,IGBP1C,17,0,0,-0.4174709835650905,
RAD51C,RAD51C,17,0,0,0.30797050935831827,1.04114524762861
PPM1E,PPM1E,17,0,0,-0.9996852556241578,
TRIM37,TRIM37,17,0,0,-0.03950456670014546,-0.840282622204671
SKA2,SKA2,17,0,0,0.7990002808365588,1.41294860165091
PRR11,PRR11,17,0,0,-0.8563021894616156,
SMG8,SMG8,17,0,0,-0.5499620178022724,-0.222540125564741
GDPD1,GDPD1,17,0,0,0.8423307376006761,
YPEL2,YPEL2,17,0,0,0.09118631552753342,-0.133506864139127
DHX40,DHX40,17,0,0,0.5118080745667388,-0.488901480102957
CLTC,CLTC,17,0,0,1.071005236704897,2.10042673546093
PTRH2,PTRH2,17,0,0,0.23631105933117702,0.95281089258357
VMP1,VMP1,17,0,0,0.568722675947825,1.04871281344915
TUBD1,TUBD1,17,0,0,0.602671644131604,1.14439935723259
RPS6KB1,RPS6KB1,17,0,0,-0.14456151101260772,-1.7979576372196
RNFT1,RNFT1,17,0,0,0.27407634175818885,-0.159588616315633
HEATR6,HEATR6,17,0,0,-0.5010029206173954,-0.696813490634128
CA4,CA4,17,0,0,-1.7038057474135737,
USP32,USP32,17,0,0,-0.023794946558163943,-2.05733276523093
CHCT1,CHCT1,17,0,0,-2.033526157352629,
APPBP2,APPBP2,17,0,0,1.0971729315430476,-0.142010855581017
PPM1D,PPM1D,17,0,0,-0.7840301161129215,-0.789091633956922
BCAS3,BCAS3,17,0,0,-0.785371175192088,-1.11758015047176
TBX2,TBX2,17,0,0,-2.602271687207521,-3.09534002212149
TBX4,TBX4,17,0,0,-2.1953454228114015,
NACA2,NACA2,17,0,0,0.06999683394074552,
BRIP1,BRIP1,17,0,0,0.7208568732354603,-0.593434977456148
INTS2,INTS2,17,0,0,0.3789077547422508,1.70328461705201
MED13,MED13,17,0,0,0.45303594852817675,-2.31847580362142
EFCAB3,EFCAB3,17,0,0,0.9649863922507773,
METTL2A,METTL2A,17,0,0,-0.0012080706192136859,-0.459569912512208
TLK2,TLK2,17,0,0,-0.41327720604651574,-0.513142912261697
MRC2,MRC2,17,0,0,-2.6428694108720325,-1.92619951737608
MARCHF10,MARCHF10,17,0,0,-1.3243425774360613,
TANC2,TANC2,17,0,0,-1.1784520125165727,-2.59208324954812
CYB561,CYB561,17,0,0,-1.1907567297551953,-1.23385853725663
ACE,ACE,17,0,0,-1.9502656092276354,-0.991610851690738
KCNH6,KCNH6,17,0,0,-2.1086972244639934,
DCAF7,DCAF7,17,0,0,-0.8892768278233429,0.202697294070906
TACO1,TACO1,17,0,0,-1.5117018238301192,-0.725472500509196
MAP3K3,MAP3K3,17,0,0,-1.939045459800754,-3.90604333862396
LIMD2,LIMD2,17,0,0,-2.720119941554122,-2.95009854069344
STRADA,STRADA,17,0,0,-1.3351195107362557,-0.992602829382209
CCDC47,CCDC47,17,0,0,0.47367624586522616,0.579709086541357
DDX42,DDX42,17,0,0,-0.5901827465201244,-1.07796906581618
FTSJ3,FTSJ3,17,0,0,-1.067938091988342,-1.2165130095719
PSMC5,PSMC5,17,0,0,-0.6554415514005463,-0.516281518668762
SMARCD2,SMARCD2,17,0,0,-1.5926634474724786,-1.53193864481811
CSH2,CSH2,17,0,0,-1.5617165101576074,
GH2,GH2,17,0,0,-1.6784608402166512,
CSH1,CSH1,17,0,0,-1.7037581393167347,
CSHL1,CSHL1,17,0,0,-1.715002133589433,
GH1,GH1,17,0,0,-1.9031525386430896,
CD79B,CD79B,17,0,0,-1.708547816907112,-0.383332565737516
SCN4A,SCN4A,17,0,0,-1.265243950749646,
PRR29,PRR29,17,0,0,-2.627070743150485,
ICAM2,ICAM2,17,0,0,-1.5761793658997298,0.290623733903138
ERN1,ERN1,17,0,0,-1.7937484072278185,-1.61292896780043
TEX2,TEX2,17,0,0,-1.270831605365231,-2.45315204299185
PECAM1,PECAM1,17,0,0,-0.552284705529356,-0.140990708396138
MILR1,MILR1,17,0,0,0.02823004019653652,-0.375760970425909
POLG2,POLG2,17,0,0,-0.32943993241946146,-1.84358543068648
DDX5,DDX5,17,0,0,0.8670961081542998,0.602942436920458
CEP95,CEP95,17,0,0,-0.23806870287410398,-1.1746774230161
SMURF2,SMURF2,17,0,0,0.20339343035631074,-2.61676935299131
LRRC37A3,LRRC37A3,17,0,0,-1.302424959159847,-2.91104638718976
GNA13,GNA13,17,0,0,-0.19392089628121134,-1.03399983829569
RGS9,RGS9,17,0,0,-1.2596142413435825,-1.86725021122306
AXIN2,AXIN2,17,0,0,-2.323916915548182,-3.45306087087223
CEP112,CEP112,17,0,0,-0.18580155448065838,-1.69153641074643
APOH,APOH,17,0,0,0.7044409169813939,2.62756397576409
PRKCA,PRKCA,17,0,0,-0.13818477420734965,-0.628565977716191
CACNG5,CACNG5,17,0,0,-1.4375773022086378,
CACNG4,CACNG4,17,0,0,-2.0086260634575694,
CACNG1,CACNG1,17,0,0,-1.5219771429734958,
HELZ,HELZ,17,0,0,-0.5298061506227629,-1.5186241986397
PSMD12,PSMD12,17,0,0,0.928122133251426,0.848113525069523
PITPNC1,PITPNC1,17,0,0,-0.6447077256067164,-2.02312559836304
NOL11,NOL11,17,0,0,0.6178739367919768,1.56527429452161
BPTF,BPTF,17,0,0,-0.5979248606475895,-3.35720495492925
C17orf58,C17orf58,17,0,0,-2.6000117340139024,-2.36594626863853
KPNA2,KPNA2,17,0,0,0.596235641005153,1.59596959455844
AMZ2,AMZ2,17,0,0,0.15577620198854447,0.307654116519637
SLC16A6,SLC16A6,17,0,0,0.3383384135425125,
ARSG,ARSG,17,0,0,-0.8139361846080018,-2.72271527125875
WIPI1,WIPI1,17,0,0,-0.7260924534610886,-0.496166935276339
PRKAR1A,PRKAR1A,17,0,0,0.022943827318401944,0.721220939200115
FAM20A,FAM20A,17,0,0,-1.9830762437194362,-1.17537453774923
ABCA8,ABCA8,17,0,0,0.7438826595345258,-0.0322534650653313
ABCA9,ABCA9,17,0,0,0.6730599303232374,-2.09417766128651
ABCA6,ABCA6,17,0,0,1.0630646214509838,0.267434636005133
ABCA10,ABCA10,17,0,0,1.0863884018830827,-4.21664052284372
ABCA5,ABCA5,17,0,0,1.6407670502735936,3.56952604015032
MAP2K6,MAP2K6,17,0,0,-0.031080589599207897,-0.715824475808302
KCNJ16,KCNJ16,17,0,0,0.14140632943361986,-0.984802963461658
KCNJ2,KCNJ2,17,0,0,-0.47276133158775835,1.22634971919323
SOX9,SOX9,17,0,0,-3.518564369036385,-1.75104198965392
SLC39A11,SLC39A11,17,0,0,-0.6552408737423878,-0.973049657859374
SSTR2,SSTR2,17,0,0,-0.2790383186923844,
COG1,COG1,17,0,0,-1.5103813630898575,-1.38247889519427
VCF1,VCF1,17,0,0,-3.0765964342558814,-2.20164858749791
MTNAP1,MTNAP1,17,0,0,-0.4072889143118843,-0.446859407773485
CPSF4L,CPSF4L,17,0,0,-0.5073049391807913,
CDC42EP4,CDC42EP4,17,0,0,-3.178236773680201,-2.37744866618318
SDK2,SDK2,17,0,0,-2.542399344594152,
RPL38,RPL38,17,0,0,-0.11895930554147505,-0.421406828364659
TTYH2,TTYH2,17,0,0,-1.5491235953814773,-0.908379016100482
DNAI2,DNAI2,17,0,0,-1.7411784361504026,
KIF19,KIF19,17,0,0,-3.1854639189414424,-3.18687638501795
BTBD17,BTBD17,17,0,0,-2.472382208732405,
GPR142,GPR142,17,0,0,-2.26663185161258,
GPRC5C,GPRC5C,17,0,0,-1.497158314748324,-1.22563962943603
CD300A,CD300A,17,0,0,-1.7693923564773524,-0.536117905622713
CD300LB,CD300LB,17,0,0,-1.2063358826502721,
CD300C,CD300C,17,0,0,-2.5806630737415546,
CD300LD,CD300LD,17,0,0,-0.48131881446420266,
CD300E,CD300E,17,0,0,-1.157007613468842,-1.18592585733416
CD300LF,CD300LF,17,0,0,-1.214759272750534,
RAB37,RAB37,17,0,0,-1.2389625843700802,-1.47117137205469
NHERF1,NHERF1,17,0,0,-3.3011733378619876,-1.63205499249188
NAT9,NAT9,17,0,0,-1.5942322901327568,-1.27370127335984
TMEM104,TMEM104,17,0,0,-0.8562688725587844,-0.775006441204454
GRIN2C,GRIN2C,17,0,0,-2.656892125473293,
FDXR,FDXR,17,0,0,-2.577454453969793,-1.44095603830605
FADS6,FADS6,17,0,0,-2.085733030950255,-0.564268799263226
USH1G,USH1G,17,0,0,-2.990600156867755,
OTOP2,OTOP2,17,0,0,-1.586691841648209,
OTOP3,OTOP3,17,0,0,-1.3758768265120906,
HID1,HID1,17,0,0,-2.2164838456105436,-1.71905754491859
CDR2L,CDR2L,17,0,0,-3.5471120913835623,-5.08529244615003
MRPL58,MRPL58,17,0,0,-1.7106668184903704,-0.248360020390911
ATP5PD,ATP5PD,17,0,0,0.5531866471632565,2.7850490105928
KCTD2,KCTD2,17,0,0,-1.8614336134329665,-1.67134921461207
SLC16A5,SLC16A5,17,0,0,-1.4869971845085654,-2.60198736208805
ARMC7,ARMC7,17,0,0,-2.9788537596447107,-1.22087848893788
NT5C,NT5C,17,0,0,-2.4516826934122236,-1.58275120969146
JPT1,JPT1,17,0,0,-1.8502377925732443,-0.104352105911975
SUMO2,SUMO2,17,0,0,0.027671367159397775,
NUP85,NUP85,17,0,0,-1.0248848249801146,-0.748673723486791
GGA3,GGA3,17,0,0,-2.624461475868962,-1.84945167730469
MRPS7,MRPS7,17,0,0,-0.5402616415533217,-0.155558549419592
MIF4GD,MIF4GD,17,0,0,-1.5008233997798595,-1.13368722022911
SLC25A19,SLC25A19,17,0,0,-0.7062769096824297,-2.55621225213029
GRB2,GRB2,17,0,0,-0.4945313342660924,0.223457322488812
TMEM94,TMEM94,17,0,0,-2.5016065092960513,-3.544977782245
CASKIN2,CASKIN2,17,0,0,-3.308054748060089,-2.80378332627007
TSEN54,TSEN54,17,0,0,-3.0660991249389635,-3.05786781275427
LLGL2,LLGL2,17,0,0,-2.9101726670073678,-2.42306134603677
MYO15B,MYO15B,17,0,0,-3.1614623891947833,-4.83159665226626
RECQL5,RECQL5,17,0,0,-2.063890632293724,-1.64978724244337
SMIM5,SMIM5,17,0,0,-1.899674498721721,
SMIM6,SMIM6,17,0,0,0.1036770162066194,-0.443893124048728
SAP30BP,SAP30BP,17,0,0,-0.5847752263993904,-0.616027182410876
ITGB4,ITGB4,17,0,0,-2.6805324543917184,-1.88547521775893
GALK1,GALK1,17,0,0,-2.657281288005068,-1.47711942373757
H3-3B,H3-3B,17,0,0,-1.510130105575044,-0.711830053573999
UNK,UNK,17,0,0,-2.967528325437568,-2.56299627384391
UNC13D,UNC13D,17,0,0,-2.8060176967828045,-3.17949115683866
WBP2,WBP2,17,0,0,-0.6288614115352509,0.0984558585379797
TRIM47,TRIM47,17,0,0,-2.882729895414233,-2.14276992856387
TRIM65,TRIM65,17,0,0,-3.4599849289151425,-2.85852028421997
MRPL38,MRPL38,17,0,0,-2.0521914517745756,-1.66448611243067
FBF1,FBF1,17,0,0,-3.05238883504655,
ACOX1,ACOX1,17,0,0,-0.22103038613606252,1.58331992244936
TEN1,TEN1,17,0,0,-1.7369170176476256,-2.45958460579548
CDK3,CDK3,17,0,0,-1.7279424316446494,
EVPL,EVPL,17,0,0,-3.5611201260306924,
SRP68,SRP68,17,0,0,-0.6984994984346145,-0.216808830758566
GALR2,GALR2,17,0,0,-1.8367139528058445,
ZACN,ZACN,17,0,0,-2.1476175531040855,
EXOC7,EXOC7,17,0,0,-1.8793621420171434,-1.37128797089469
FOXJ1,FOXJ1,17,0,0,-3.3294349600920867,
RNF157,RNF157,17,0,0,-1.9394537929457218,
UBALD2,UBALD2,17,0,0,-2.784323513561194,-2.54250685001704
QRICH2,QRICH2,17,0,0,-1.8279252610934034,-5.47680645233524
PRPSAP1,PRPSAP1,17,0,0,-0.01419425947804065,0.0387126965305442
SPHK1,SPHK1,17,0,0,-1.599078721268194,
UBE2O,UBE2O,17,0,0,-2.3120594342730527,-1.73529347537921
AANAT,AANAT,17,0,0,-3.356898278756386,
RHBDF2,RHBDF2,17,0,0,-2.627686472482676,-1.48673570920944
CYGB,CYGB,17,0,0,-2.605746133190067,-2.74287473885684
PRCD,PRCD,17,0,0,-2.5013473557115358,
ST6GALNAC2,ST6GALNAC2,17,0,0,-0.9920124884793129,-2.43180491501824
LOC122455342,LOC122455342,17,0,0,-3.18307113872568,
ST6GALNAC1,ST6GALNAC1,17,0,0,-1.8731504146027227,
MXRA7,MXRA7,17,0,0,-2.8502942865051164,-3.25240181873673
JMJD6,JMJD6,17,0,0,-1.5205549058932188,-1.63310664968149
METTL23,METTL23,17,0,0,0.5470507267696956,2.39653204557441
SRSF2,SRSF2,17,0,0,-3.2525911529438307,-1.29044319996378
MFSD11,MFSD11,17,0,0,1.0267845816993422,
MGAT5B,MGAT5B,17,0,0,-2.390386231339118,
SEC14L1,SEC14L1,17,0,0,-0.9494781557696239,-2.13400486019089
SEPTIN9,SEPTIN9,17,0,0,-2.9117221094070658,-2.37323065488215
TNRC6C,TNRC6C,17,0,0,-1.7648599059897503,-3.22738028691066
TMC6,TMC6,17,0,0,-2.591794846892979,-3.25720308469644
TMC8,TMC8,17,0,0,-2.2202269238199417,-3.38490745898179
C17orf99,C17orf99,17,0,0,-2.271453017907808,
SYNGR2,SYNGR2,17,0,0,-0.7341163691612334,-0.465301431833387
TK1,TK1,17,0,0,-1.885058665303557,-0.846579330878455
AFMID,AFMID,17,0,0,-1.2797260711361211,-0.541019856926183
BIRC5,BIRC5,17,0,0,-0.8567030389271633,-1.60329560967242
TMEM235,TMEM235,17,0,0,-2.5501471549323895,
SOCS3,SOCS3,17,0,0,-3.1559803427276467,-3.12260455512689
PGS1,PGS1,17,0,0,-1.8667447106044346,-2.8034207126998
DNAH17,DNAH17,17,0,0,-1.2030643226425788,
CYTH1,CYTH1,17,0,0,-0.9048034739828488,-1.44659398084685
USP36,USP36,17,0,0,-2.174609153323546,-2.81087064042658
TIMP2,TIMP2,17,0,0,-1.3211773014641537,-1.10417164081235
CEP295NL,CEP295NL,17,0,0,-2.4911349106384186,-5.13349325925969
LGALS3BP,LGALS3BP,17,0,0,-2.008555982154741,-0.600778509624964
CANT1,CANT1,17,0,0,-2.081063978823515,-2.91967331221901
C1QTNF1,C1QTNF1,17,0,0,-2.2157914744154183,-2.26637612050475
ENGASE,ENGASE,17,0,0,-2.267860371495379,-3.20488561635267
RBFOX3,RBFOX3,17,0,0,-1.8814650472512522,
ENPP7,ENPP7,17,0,0,-2.0480829498897677,-0.558516517852473
CBX2,CBX2,17,0,0,-3.3581778681041374,
CBX8,CBX8,17,0,0,-3.2074936686132194,-1.74771739508503
CBX4,CBX4,17,0,0,-2.75020976107057,-2.59077292735789
TBC1D16,TBC1D16,17,0,0,-2.7397041555123653,-4.60609774067304
CCDC40,CCDC40,17,0,0,-2.449280416739658,-3.70008729829954
GAA,GAA,17,0,0,-2.596043552950892,-1.3474286490258
EIF4A3,EIF4A3,17,0,0,-0.17520844481439113,0.397549005863853
CARD14,CARD14,17,0,0,-3.029156341493186,
SGSH,SGSH,17,0,0,-2.485902758180602,-1.34487020527033
SLC26A11,SLC26A11,17,0,0,-1.4226893917376167,-1.4095034968622
RNF213,RNF213,17,0,0,-1.3524974897583686,-2.47591287851193
ENDOV,ENDOV,17,0,0,-2.624377862642465,-1.90439625362485
NPTX1,NPTX1,17,0,0,-2.6301435142648284,
RPTOR,RPTOR,17,0,0,-1.9228940169322701,-2.77518992996188
CHMP6,CHMP6,17,0,0,-2.9185975589048923,-1.63135007557352
BAIAP2,BAIAP2,17,0,0,-2.379707330143555,-1.38451296606989
AATK,AATK,17,0,0,-3.3099685290259355,
PVALEF,PVALEF,17,0,0,-2.060215666565492,
CEP131,CEP131,17,0,0,-3.784476023673358,-2.99810538156578
TEPSIN,TEPSIN,17,0,0,-3.4885153590259126,-1.3606628711355
NDUFAF8,NDUFAF8,17,0,0,-2.465144932868382,-3.01239837547427
SLC38A10,SLC38A10,17,0,0,-2.5128780859456192,-2.71699216731889
BAHCC1,BAHCC1,17,0,0,-3.635596482345141,-5.2400854557289
ACTG1,ACTG1,17,0,0,-1.63460419044144,-0.83624455404954
FSCN2,FSCN2,17,0,0,-2.476033160453275,
FAAP100,FAAP100,17,0,0,-2.8887708781632533,-3.57771204639473
NPLOC4,NPLOC4,17,0,0,-1.0656750848236136,-0.851675130053624
TSPAN10,TSPAN10,17,0,0,-2.897722502530799,-1.74059843082826
PDE6G,PDE6G,17,0,0,-2.3669434163587866,-1.14373408341853
OXLD1,OXLD1,17,0,0,-2.753652699486798,-2.13002490999395
CCDC137,CCDC137,17,0,0,-2.7342186823382058,-1.85225130724401
ARL16,ARL16,17,0,0,-1.9332436364887275,-1.62790959687058
HGS,HGS,17,0,0,-2.552864402608371,-1.85877879503272
MRPL12,MRPL12,17,0,0,-1.5063862157326735,-1.32700618551224
SLC25A10,SLC25A10,17,0,0,-1.699229823716415,-1.65330438566483
GCGR,GCGR,17,0,0,-1.946455816530456,-3.17119447058655
MCRIP1,MCRIP1,17,0,0,-3.4720324264165665,-1.85528722016412
PPP1R27,PPP1R27,17,0,0,-2.062660134992445,-1.47694216282221
P4HB,P4HB,17,0,0,-1.388672779597039,-0.528435735755957
ARHGDIA,ARHGDIA,17,0,0,-2.2411779716008855,-1.20087001728412
ALYREF,ALYREF,17,0,0,-1.5569014221689539,-1.03141748282148
ANAPC11,ANAPC11,17,0,0,-1.055946049895267,-0.273770649903398
NPB,NPB,17,0,0,-2.875399761555011,
PCYT2,PCYT2,17,0,0,-1.8560277839122676,-1.71655249906433
SIRT7,SIRT7,17,0,0,-2.9511385459149686,-2.75708379742611
MAFG,MAFG,17,0,0,-2.922802500918076,-2.5660056079912
PYCR1,PYCR1,17,0,0,-2.3504041591073452,-1.56456622202876
MYADML2,MYADML2,17,0,0,-1.849281987398113,
NOTUM,NOTUM,17,0,0,-2.868108006110795,-2.33907549548753
ASPSCR1,ASPSCR1,17,0,0,-3.1927609738085323,-2.44776309807035
CENPX,CENPX,17,0,0,-1.4144829242885208,-1.46306271274103
LRRC45,LRRC45,17,0,0,-3.246667241812764,-4.1842148993706
RAC3,RAC3,17,0,0,-1.8129528410724856,-2.37107784058887
DCXR,DCXR,17,0,0,-1.9543487157671056,-0.762500004796603
RFNG,RFNG,17,0,0,-2.756053593968419,-2.60630078515838
GPS1,GPS1,17,0,0,-2.2181552344943043,-1.67654556743743
DUS1L,DUS1L,17,0,0,-2.487991139966047,-3.65626726796039
FASN,FASN,17,0,0,-2.6811186234257214,-1.90037730632407
CCDC57,CCDC57,17,0,0,-2.725405599259398,-2.0522707157939
SLC16A3,SLC16A3,17,0,0,-1.5075344926977952,-1.38768919361998
CSNK1D,CSNK1D,17,0,0,-1.7845633632959075,-1.22065335031154
CD7,CD7,17,0,0,-2.7166330919496566,-2.56345052897377
SECTM1,SECTM1,17,0,0,-1.792539148743316,-1.19547626429352
TEX19,TEX19,17,0,0,-1.825288845513107,
UTS2R,UTS2R,17,0,0,-2.4798728131113705,
OGFOD3,OGFOD3,17,0,0,-2.20505267681175,-2.34431833117902
HEXD,HEXD,17,0,0,-2.512843168159881,-3.78166722385202
CYBC1,CYBC1,17,0,0,-1.966423143084402,-0.997644278900598
NARF,NARF,17,0,0,-1.060980344196354,-1.81211776435211
FOXK2,FOXK2,17,0,0,-2.3428810802403692,-4.13839531235885
WDR45B,WDR45B,17,0,0,-0.29985739008784584,-1.81514199948548
RAB40B,RAB40B,17,0,0,-2.3003137831996625,-3.2474762305502
FN3KRP,FN3KRP,17,0,0,-1.65775640769683,-0.631058823827294
FN3K,FN3K,17,0,0,-2.040782909735288,-0.523646254317572
TBCD,TBCD,17,0,0,-1.3408216383231366,-2.13537637833722
ZNF750,ZNF750,17,0,0,-2.56457605569846,
B3GNTL1,B3GNTL1,17,0,0,-1.8570073758439154,-4.41288164103143
METRNL,METRNL,17,0,0,-3.008701526948748,-3.96502274401304
TUBB8B,TUBB8B,18,0,0,-1.5770793078499636,
USP14,USP14,18,0,0,1.274184080093388,2.47099763339839
THOC1,THOC1,18,0,0,0.6433765704540129,0.660461157413733
COLEC12,COLEC12,18,0,0,-0.9501786495561024,
CETN1,CETN1,18,0,0,-1.2702690598925397,-2.45960313672768
CLUL1,CLUL1,18,0,0,0.08573484912702334,
TYMS,TYMS,18,0,0,-0.648018360111509,-0.0428597005872955
ENOSF1,ENOSF1,18,0,0,-0.13225690190790473,-0.999644972550587
YES1,YES1,18,0,0,1.1500147399993867,0.980702464066218
ADCYAP1,ADCYAP1,18,0,0,-2.2964457556442586,
METTL4,METTL4,18,0,0,0.602391408922685,
NDC80,NDC80,18,0,0,0.5741573736406806,0.142812839917369
SMCHD1,SMCHD1,18,0,0,1.1032043662506457,0.667792502624314
EMILIN2,EMILIN2,18,0,0,-1.670213333486398,
LPIN2,LPIN2,18,0,0,-0.7170858570694136,-1.28963614335156
MYOM1,MYOM1,18,0,0,-0.3399761634155354,-1.27517510554607
MYL12A,MYL12A,18,0,0,1.1534913680415642,2.03505790209901
MYL12B,MYL12B,18,0,0,0.9469138713013319,1.57766726827628
TGIF1,TGIF1,18,0,0,-0.8449498868228922,-0.414658377343989
DLGAP1,DLGAP1,18,0,0,-2.369245414779348,
AKAIN1,AKAIN1,18,0,0,-2.0942520304355945,-3.12044775341364
ZBTB14,ZBTB14,18,0,0,-0.24112541088035222,
EPB41L3,EPB41L3,18,0,0,-1.4161690294048022,-1.34907304186163
TMEM200C,TMEM200C,18,0,0,-3.4949597890509683,-5.11277396676483
L3MBTL4,L3MBTL4,18,0,0,0.009530766879715102,-1.92658153770118
ARHGAP28,ARHGAP28,18,0,0,-0.025580303785345038,
LAMA1,LAMA1,18,0,0,-0.8345710403346658,
LRRC30,LRRC30,18,0,0,-2.4218962645527355,
PTPRM,PTPRM,18,0,0,-0.5005737872489924,-1.70189869694656
RAB12,RAB12,18,0,0,-1.5929323291349515,-0.942423908791736
MTCL1,MTCL1,18,0,0,-3.2911501859919934,-5.19297219156457
NDUFV2,NDUFV2,18,0,0,0.842026931106929,0.972889554920322
ANKRD12,ANKRD12,18,0,0,0.13221650579359867,1.93039482442664
TWSG1,TWSG1,18,0,0,0.05536576163254381,0.177395872487951
RALBP1,RALBP1,18,0,0,-1.0002515746763105,-2.47638986139332
PPP4R1,PPP4R1,18,0,0,-0.0074918656757976265,-0.984846799635459
RAB31,RAB31,18,0,0,0.036543959782068924,-0.782568911139158
TXNDC2,TXNDC2,18,0,0,-2.612766936138721,
VAPA,VAPA,18,0,0,0.9213941500864191,1.11802243058424
APCDD1,APCDD1,18,0,0,-2.395758857007049,-4.06176400469566
NAPG,NAPG,18,0,0,0.8161212186390667,0.803882194610224
PIEZO2,PIEZO2,18,0,0,-0.14468638107011067,-0.653510440021668
SLC35G4,SLC35G4,18,0,0,-1.4605540145204419,
GNAL,GNAL,18,0,0,-1.196061085054204,
CHMP1B,CHMP1B,18,0,0,-0.5165250997355866,-0.244621442910587
MPPE1,MPPE1,18,0,0,-0.8248638686485172,-1.85643991768087
IMPA2,IMPA2,18,0,0,-1.155362205840591,-2.74487885148966
ANKRD62,ANKRD62,18,0,0,0.4356115388844515,
CIDEA,CIDEA,18,0,0,-1.5503086538232616,
TUBB6,TUBB6,18,0,0,-1.8584632778194212,-1.14465766121718
AFG3L2,AFG3L2,18,0,0,0.26905663687036885,-0.953667927607753
PRELID3A,PRELID3A,18,0,0,-1.2870601793676517,
SPIRE1,SPIRE1,18,0,0,-1.3536788693292525,-2.44765275182858
CEP76,CEP76,18,0,0,0.4747453452221855,1.14294789444892
PSMG2,PSMG2,18,0,0,0.7729077806416065,2.32031107113981
PTPN2,PTPN2,18,0,0,0.49479632724277245,-0.395630915860404
SEH1L,SEH1L,18,0,0,0.132277651654098,1.41701572310922
CEP192,CEP192,18,0,0,-0.06955251689796071,-0.791039418153995
LDLRAD4,LDLRAD4,18,0,0,-2.7842405128918646,-3.10538402736286
FAM210A,FAM210A,18,0,0,0.202968511287569,0.433837978029009
RNMT,RNMT,18,0,0,1.2906093825235843,3.66539512092931
MC5R,MC5R,18,0,0,-0.2868232519162657,
MC2R,MC2R,18,0,0,0.010469290406268428,
ZNF519,ZNF519,18,0,0,0.20095562674139522,
POTEC,POTEC,18,0,0,-0.32176207492614495,
ANKRD30B,ANKRD30B,18,0,0,0.3955100362500623,
ROCK1,ROCK1,18,0,0,0.9233196859215269,0.789202730873712
GREB1L,GREB1L,18,0,0,-1.0263333366627894,
ESCO1,ESCO1,18,0,0,0.23868849167171824,0.694498068517156
SNRPD1,SNRPD1,18,0,0,0.5196215562516535,0.0704167906584002
ABHD3,ABHD3,18,0,0,0.4430573366683763,0.977631558978622
MIB1,MIB1,18,0,0,0.509980817438759,-1.19907611604523
GATA6,GATA6,18,0,0,-2.758032661184936,-1.95517517684862
CTAGE1,CTAGE1,18,0,0,0.3531121045577805,
RBBP8,RBBP8,18,0,0,0.02381818143594394,0.244626686393013
CABLES1,CABLES1,18,0,0,-2.320976022713017,-3.27511343074992
TMEM241,TMEM241,18,0,0,0.09288297393501743,-3.3453594127837
RIOK3,RIOK3,18,0,0,1.0524208972835822,1.2670890739171
RMC1,RMC1,18,0,0,-0.26564818000105106,-0.824331485427704
NPC1,NPC1,18,0,0,0.03352771902332208,0.700692201744618
ANKRD29,ANKRD29,18,0,0,-0.4829877386380801,-1.34007474017079
LAMA3,LAMA3,18,0,0,-0.8621101459385532,-1.59485917528346
TTC39C,TTC39C,18,0,0,0.5141491909141589,-0.890118687672426
CABYR,CABYR,18,0,0,0.15991027545014802,-1.76710594088179
OSBPL1A,OSBPL1A,18,0,0,0.018842819670748412,-0.400213455141762
IMPACT,IMPACT,18,0,0,0.6536049306243861,-0.032445285183756
HRH4,HRH4,18,0,0,0.818462254772033,
ZNF521,ZNF521,18,0,0,-1.2145392685667993,-2.86590114385275
SS18,SS18,18,0,0,-0.45890031882863624,-0.462589063129994
PSMA8,PSMA8,18,0,0,1.4102765528167556,
TAF4B,TAF4B,18,0,0,-0.284325633722883,
KCTD1,KCTD1,18,0,0,-2.5238168435096178,-1.3251368908927
AQP4,AQP4,18,0,0,0.2700609255279982,-2.07319725726396
CHST9,CHST9,18,0,0,0.6098735377344848,1.37407470075085
CDH2,CDH2,18,0,0,0.08483102955087318,0.844738642646605
DSC3,DSC3,18,0,0,0.7222945526538176,
DSC2,DSC2,18,0,0,0.5292138008176508,0.881754169238132
DSC1,DSC1,18,0,0,0.5509092246040286,
DSG1,DSG1,18,0,0,0.584832038553813,-2.28235921739281
DSG4,DSG4,18,0,0,0.4947157082288953,
DSG3,DSG3,18,0,0,0.40725849834093353,
DSG2,DSG2,18,0,0,0.44921244309800556,0.984344787124582
TTR,TTR,18,0,0,-0.7212193099756341,0.467537411929689
B4GALT6,B4GALT6,18,0,0,0.9652782419857022,
SLC25A52,SLC25A52,18,0,0,0.7077634927801224,
TRAPPC8,TRAPPC8,18,0,0,0.49701277879003314,0.642649097434306
RNF125,RNF125,18,0,0,-0.8686845466473816,0.294110735878255
RNF138,RNF138,18,0,0,0.0986699638485522,0.142206684824206
MEP1B,MEP1B,18,0,0,0.43160692624580577,-0.099339256212889
GAREM1,GAREM1,18,0,0,-1.4174039455244571,-3.02936832409711
KLHL14,KLHL14,18,0,0,-1.157954238093664,
CCDC178,CCDC178,18,0,0,0.9417857557115568,
ASXL3,ASXL3,18,0,0,-0.9328677450241099,
NOL4,NOL4,18,0,0,-0.7812910300884681,
DTNA,DTNA,18,0,0,-0.9574939633867672,-1.29157337441482
MAPRE2,MAPRE2,18,0,0,-0.42738890283614595,0.100805770175939
ZNF397,ZNF397,18,0,0,-1.1012921030814145,0.0487442172989356
ZSCAN30,ZSCAN30,18,0,0,-1.136881383709774,-2.46162528755072
ZNF24,ZNF24,18,0,0,-0.9636092900820259,0.557644513755215
ZNF396,ZNF396,18,0,0,-1.4941994303164652,-0.35067579596931
INO80C,INO80C,18,0,0,-1.0821169422365333,
GALNT1,GALNT1,18,0,0,0.9191790108747551,0.382365355950679
C18orf21,C18orf21,18,0,0,-0.43258463974394346,0.275761931751694
RPRD1A,RPRD1A,18,0,0,-0.2947808760191908,-1.3867219403816
SLC39A6,SLC39A6,18,0,0,-0.16857399953231145,0.492418885825192
ELP2,ELP2,18,0,0,0.4808312004949187,1.27141416190039
MOCOS,MOCOS,18,0,0,-1.0192880711824923,-1.13974775061859
FHOD3,FHOD3,18,0,0,-1.8986698757981824,-1.79723109232866
TPGS2,TPGS2,18,0,0,-0.9303949214263447,-1.12654240181753
KIAA1328,KIAA1328,18,0,0,-0.5146080186435267,0.923636991225266
CELF4,CELF4,18,0,0,-1.839754636410209,
PIK3C3,PIK3C3,18,0,0,0.7682152574931553,-0.585748690387668
RIT2,RIT2,18,0,0,0.24749680444281275,
SYT4,SYT4,18,0,0,0.14078831863771413,
SETBP1,SETBP1,18,0,0,-2.04064523394789,-3.43502859894536
SLC14A2,SLC14A2,18,0,0,-1.1860279406534868,
SLC14A1,SLC14A1,18,0,0,0.3229499645258045,
SIGLEC15,SIGLEC15,18,0,0,-2.803466077472814,
EPG5,EPG5,18,0,0,-0.3858001688839465,-1.38539758623969
PSTPIP2,PSTPIP2,18,0,0,-0.5559032202869201,-0.136927686740841
ATP5F1A,ATP5F1A,18,0,0,0.9537366260688565,1.38744364490632
HAUS1,HAUS1,18,0,0,0.0868609756758314,1.19639395694004
ARK2N,ARK2N,18,0,0,-0.919935766070962,-1.01486682301999
ARK2C,ARK2C,18,0,0,-2.5223844410177723,-3.4746893689832
LOXHD1,LOXHD1,18,0,0,-1.1552217407568257,
ST8SIA5,ST8SIA5,18,0,0,-1.2629900744128353,
PIAS2,PIAS2,18,0,0,-0.273288362709172,-0.514083644230577
KATNAL2,KATNAL2,18,0,0,-0.801895280843377,
ELOA2,ELOA2,18,0,0,-2.5854989070739407,
HDHD2,HDHD2,18,0,0,0.15726791881532876,-0.115437763810458
IER3IP1,IER3IP1,18,0,0,0.3598085898818084,0.285770800791553
SKOR2,SKOR2,18,0,0,-2.869917711397001,
SMAD2,SMAD2,18,0,0,-0.08951474350477895,-1.08058067810407
ZBTB7C,ZBTB7C,18,0,0,-2.5307690192950023,
CTIF,CTIF,18,0,0,-2.8452801207713616,-3.68264804544114
SMAD7,SMAD7,18,0,0,-2.3152886241493764,-4.07810501412564
DYM,DYM,18,0,0,0.17388718346921728,-0.263914376031943
C18orf32,C18orf32,18,0,0,1.3317532230266966,
RPL17,RPL17,18,0,0,0.1168119540883783,
LIPG,LIPG,18,0,0,-1.0322011873863737,-0.273179906642255
ACAA2,ACAA2,18,0,0,0.872387628612806,1.54611835180323
MYO5B,MYO5B,18,0,0,-1.332374868692705,-1.32756796037739
CFAP53,CFAP53,18,0,0,-0.8823187723822112,-1.82813074081035
MBD1,MBD1,18,0,0,-2.218144990723948,-2.56344643453469
CXXC1,CXXC1,18,0,0,-2.3596321015475645,-3.23856756818531
SKA1,SKA1,18,0,0,1.0578534815214269,
MAPK4,MAPK4,18,0,0,-2.362312561961458,
MRO,MRO,18,0,0,-0.25025854633136824,1.35397065282038
ME2,ME2,18,0,0,1.111914729691577,2.23388426644184
ELAC1,ELAC1,18,0,0,-0.042344568288283924,-0.282993186825009
SMAD4,SMAD4,18,0,0,-0.4085337289354012,-0.59795764285194
MEX3C,MEX3C,18,0,0,-1.495550189308462,-2.64586560363679
DCC,DCC,18,0,0,-0.5604674513289254,
MBD2,MBD2,18,0,0,-1.7144872461546807,-2.07200464635843
POLI,POLI,18,0,0,0.4858886039718229,0.116533634407183
STARD6,STARD6,18,0,0,0.9624697311221091,
C18orf54,C18orf54,18,0,0,0.6175359098594573,
DYNAP,DYNAP,18,0,0,0.04108653563862674,
RAB27B,RAB27B,18,0,0,0.7667291620529202,
CCDC68,CCDC68,18,0,0,0.12159034403083346,0.45786480760118
TCF4,TCF4,18,0,0,-1.7134186099559265,-1.43762817173901
TXNL1,TXNL1,18,0,0,0.8350662829202715,1.49597455507216
WDR7,WDR7,18,0,0,0.027075504912446036,-2.68456892613129
BOD1L2,BOD1L2,18,0,0,-2.4547081192017597,
ST8SIA3,ST8SIA3,18,0,0,0.21831433217753293,
ONECUT2,ONECUT2,18,0,0,-2.923189396336488,-3.54541878639374
FECH,FECH,18,0,0,-0.8278785257693109,0.0528152637580203
NARS1,NARS1,18,0,0,0.10187571046695787,0.590356154233538
ATP8B1,ATP8B1,18,0,0,0.5115873021088504,-1.32848543730625
NEDD4L,NEDD4L,18,0,0,-0.5313788438084526,-0.976596212879653
ALPK2,ALPK2,18,0,0,-1.0429884837721737,-1.64225576603723
MALT1,MALT1,18,0,0,0.3011309348289597,-1.86195523210668
ZNF532,ZNF532,18,0,0,-1.3161030522849302,-4.50418065464336
SEC11C,SEC11C,18,0,0,1.0259225689141918,0.411499427121725
GRP,GRP,18,0,0,-1.6831099981452766,
RAX,RAX,18,0,0,-3.5204375914637094,
CPLX4,CPLX4,18,0,0,0.8749905800421995,
LMAN1,LMAN1,18,0,0,0.16176293821011,0.566755276135426
CCBE1,CCBE1,18,0,0,-1.6836730437885397,-0.428877464971088
PMAIP1,PMAIP1,18,0,0,-0.716346301982469,
MC4R,MC4R,18,0,0,0.4081302017575368,
CDH20,CDH20,18,0,0,-1.1755605014015913,
RNF152,RNF152,18,0,0,-1.9569436364671802,-2.89946338773572
PIGN,PIGN,18,0,0,1.3537733611184795,1.59176034331606
RELCH,RELCH,18,0,0,-0.1713489803021062,-0.941747628198414
TNFRSF11A,TNFRSF11A,18,0,0,-1.7533084517036812,
ZCCHC2,ZCCHC2,18,0,0,-1.5355019635630676,-1.89164233203479
PHLPP1,PHLPP1,18,0,0,-1.966070012651505,-2.19153338497936
BCL2,BCL2,18,0,0,-2.025031391614654,-4.53981076442319
KDSR,KDSR,18,0,0,0.20645640564191403,-0.590797298376118
VPS4B,VPS4B,18,0,0,0.5134284712479502,0.758558433865468
SERPINB5,SERPINB5,18,0,0,0.5254113513896908,
SERPINB12,SERPINB12,18,0,0,-0.16926475757620274,
SERPINB13,SERPINB13,18,0,0,0.044290825396929634,
SERPINB4,SERPINB4,18,0,0,0.5534605689999168,
SERPINB3,SERPINB3,18,0,0,0.5164603698833385,
SERPINB11,SERPINB11,18,0,0,0.16651835231387402,
SERPINB7,SERPINB7,18,0,0,0.8161154696121589,
SERPINB2,SERPINB2,18,0,0,0.5066813790886187,
SERPINB10,SERPINB10,18,0,0,0.2834893314691129,
HMSD,HMSD,18,0,0,1.591567368341062,
SERPINB8,SERPINB8,18,0,0,0.12316098959431443,0.684964836122356
CDH7,CDH7,18,0,0,-0.017957059325164337,
CDH19,CDH19,18,0,0,0.5795519455646474,-0.0478179587409286
DSEL,DSEL,18,0,0,1.0496792881835848,-1.50923100334641
TMX3,TMX3,18,0,0,1.6520135645763592,0.938403257947997
CCDC102B,CCDC102B,18,0,0,0.04964928399061108,
DOK6,DOK6,18,0,0,-0.7690503240062103,-2.20728056004758
CD226,CD226,18,0,0,0.24278437760466787,
RTTN,RTTN,18,0,0,0.11510040996896365,-0.287751210794289
SOCS6,SOCS6,18,0,0,-0.8081135377652853,-1.77346662087794
CBLN2,CBLN2,18,0,0,-1.4862424558106415,
NETO1,NETO1,18,0,0,-0.20128667094657082,
FBXO15,FBXO15,18,0,0,0.23059187518989255,
TIMM21,TIMM21,18,0,0,-0.3432860448232251,-0.726634563913865
CYB5A,CYB5A,18,0,0,-1.0060733557161683,0.234021022556949
C18orf63,C18orf63,18,0,0,0.40695351334245444,
DIPK1C,DIPK1C,18,0,0,-2.3457452138742347,
CNDP2,CNDP2,18,0,0,-1.010636066256481,-0.558615905890902
CNDP1,CNDP1,18,0,0,-0.2855168494226845,0.390550343210384
ZNF407,ZNF407,18,0,0,-0.9460706792140634,-2.32955455218926
PTGR3,PTGR3,18,0,0,-0.26137250900647935,-0.562085015598496
TSHZ1,TSHZ1,18,0,0,-2.437502620683043,-4.99841565165928
SMIM21,SMIM21,18,0,0,-0.031585720221141145,
ZNF516,ZNF516,18,0,0,-3.1146879482743035,-3.28502772054556
ZNF236,ZNF236,18,0,0,-1.8781885372230516,-4.18762640508671
MBP,MBP,18,0,0,-2.0563833424628175,-1.74219738688685
GALR1,GALR1,18,0,0,-0.9974908832828362,
SALL3,SALL3,18,0,0,-3.149477509811442,
ATP9B,ATP9B,18,0,0,-0.35682778931918335,
NFATC1,NFATC1,18,0,0,-3.156833270276623,-3.27518536860778
CTDP1,CTDP1,18,0,0,-3.035923417611425,-2.43575482826875
KCNG2,KCNG2,18,0,0,-2.432241657908973,
SLC66A2,SLC66A2,18,0,0,-1.5821173982024845,-2.76707977529474
HSBP1L1,HSBP1L1,18,0,0,-0.01739496822843023,-0.528868349527573
TXNL4A,TXNL4A,18,0,0,-0.15039995321659383,-1.67055008524291
RBFA,RBFA,18,0,0,-1.3276094112872432,-1.22393794146483
ADNP2,ADNP2,18,0,0,-0.8819228130549668,-2.42088692384834
PARD6G,PARD6G,18,0,0,-2.6090228417412558,-2.84344612005963
OR4F17,OR4F17,19,0,0,1.139065750373561,
PLPP2,PLPP2,19,0,0,-1.1932382601451117,-0.189402816048677
MIER2,MIER2,19,0,0,-2.812276196846083,-2.66729627756607
SPMAP2,SPMAP2,19,0,0,-2.7182267236529007,
C2CD4C,C2CD4C,19,0,0,-3.8226858775055366,-1.62502144548764
SHC2,SHC2,19,0,0,-3.1752222709222817,-3.88887497008468
CIMAP1D,CIMAP1D,19,0,0,-3.5208697059050973,
MADCAM1,MADCAM1,19,0,0,-3.613308585720487,
TPGS1,TPGS1,19,0,0,-2.782217550025747,-1.7794172981242
CDC34,CDC34,19,0,0,-2.4404076156649186,-2.66649220772346
GZMM,GZMM,19,0,0,-2.8736988440298887,-2.12553636913725
BSG,BSG,19,0,0,-2.7782989857660354,-0.759777408279195
HCN2,HCN2,19,0,0,-2.413971009628055,
POLRMT,POLRMT,19,0,0,-2.5010120064432257,-2.55391022007288
FGF22,FGF22,19,0,0,-2.6739477819998587,
RNF126,RNF126,19,0,0,-3.5510163067184077,-2.44598570633041
FSTL3,FSTL3,19,0,0,-2.649167890139383,-1.05332117587064
PRSS57,PRSS57,19,0,0,-3.0799887474426058,
PALM,PALM,19,0,0,-3.485147830485582,-3.09139703563271
MISP,MISP,19,0,0,-3.382267978575591,
PTBP1,PTBP1,19,0,0,-1.7336749066796102,-0.843458678443383
PLPPR3,PLPPR3,19,0,0,-2.8817667933526216,
AZU1,AZU1,19,0,0,-2.7385883688470987,
PRTN3,PRTN3,19,0,0,-2.6208598630511837,
ELANE,ELANE,19,0,0,-2.3931121081237823,
CFD,CFD,19,0,0,-2.557027808689737,-0.842295739430984
MED16,MED16,19,0,0,-2.6187011080230125,-2.33493557900884
R3HDM4,R3HDM4,19,0,0,-3.0166508465349757,-2.07151324000098
KISS1R,KISS1R,19,0,0,-2.1309330559152446,
ARID3A,ARID3A,19,0,0,-3.0709722787275346,-2.76583675949904
WDR18,WDR18,19,0,0,-2.904625388611697,-1.47470693863942
GRIN3B,GRIN3B,19,0,0,-2.875149951677775,
TMEM259,TMEM259,19,0,0,-2.107720837926662,-3.4211059670928
CNN2,CNN2,19,0,0,-1.9286063234784248,-1.44377779344456
ABCA7,ABCA7,19,0,0,-2.3027152895965823,-4.22105195510533
ARHGAP45,ARHGAP45,19,0,0,-3.016531796822843,-3.48385135370137
POLR2E,POLR2E,19,0,0,-2.4988127937369757,-1.29545284286406
GPX4,GPX4,19,0,0,-0.9566642449850367,-1.58745548674688
SBNO2,SBNO2,19,0,0,-2.8170234510002317,-4.39487039465428
STK11,STK11,19,0,0,-2.185099299820001,-5.42909488615715
CBARP,CBARP,19,0,0,-3.4490732124031336,
ATP5F1D,ATP5F1D,19,0,0,-2.600869147115686,-1.29142164768004
MIDN,MIDN,19,0,0,-3.7434302100530648,-2.58118490438626
CIRBP,CIRBP,19,0,0,-2.0608642068855207,-1.00124860651153
FAM174C,FAM174C,19,0,0,-2.7499420015815303,-6.92640319693135
EFNA2,EFNA2,19,0,0,-2.3322934873597774,-3.19760450955205
PWWP3A,PWWP3A,19,0,0,-2.0741602849017795,-2.01261620569699
NDUFS7,NDUFS7,19,0,0,-1.974240134104548,-0.864192901890958
GAMT,GAMT,19,0,0,-1.9913639258928484,-1.60994902348084
DAZAP1,DAZAP1,19,0,0,-1.8975579882412834,-2.14701279371852
RPS15,RPS15,19,0,0,-1.839824112952181,-1.64943574949577
APC2,APC2,19,0,0,-3.6670517745143076,
C19orf25,C19orf25,19,0,0,-2.649755878453794,-1.76546991680608
PCSK4,PCSK4,19,0,0,-2.821926983300406,-3.22606509739032
REEP6,REEP6,19,0,0,-1.0103641778985128,-0.862219855654995
ADAMTSL5,ADAMTSL5,19,0,0,-2.923026925055611,-4.30516139209071
PLK5,PLK5,19,0,0,-3.3547420878152643,
MEX3D,MEX3D,19,0,0,-3.47862159633525,-6.18577395873313
MBD3,MBD3,19,0,0,-2.60001979163758,-3.65971037648333
UQCR11,UQCR11,19,0,0,-0.2424280954130591,0.154267494986527
TCF3,TCF3,19,0,0,-3.7451802349461314,-4.43497593032837
ONECUT3,ONECUT3,19,0,0,-2.9547477532748054,
ATP8B3,ATP8B3,19,0,0,-1.7323926420293532,-1.52765939155132
REXO1,REXO1,19,0,0,-3.5606276030987107,-4.91291190269591
KLF16,KLF16,19,0,0,-3.8125207952182603,-2.05860644308262
ABHD17A,ABHD17A,19,0,0,-2.7784454475429694,-3.76277288524101
ADAT3,ADAT3,19,0,0,-3.1765514749384565,
SCAMP4,SCAMP4,19,0,0,-0.9349736116610075,-0.37190952831019
CSNK1G2,CSNK1G2,19,0,0,-2.336440129008448,-4.53727102184451
BTBD2,BTBD2,19,0,0,-2.30183498569229,-3.4791439988905
MKNK2,MKNK2,19,0,0,-2.8017795100642946,-3.42927914044013
MOB3A,MOB3A,19,0,0,-1.4467996357829538,-2.30407723063134
IZUMO4,IZUMO4,19,0,0,-1.893458749950689,-3.01161236849213
AP3D1,AP3D1,19,0,0,-2.243880836136089,-2.52028613968947
DOT1L,DOT1L,19,0,0,-2.9002935830932657,-4.79375690397393
PLEKHJ1,PLEKHJ1,19,0,0,-2.600735551148235,-1.81864325460562
SF3A2,SF3A2,19,0,0,-3.692615357901248,-2.04385709966611
AMH,AMH,19,0,0,-3.048100569999427,
JSRP1,JSRP1,19,0,0,-4.018741827783698,
PEAK3,PEAK3,19,0,0,-3.1724067435051726,
LINGO3,LINGO3,19,0,0,-2.749376928344315,
LSM7,LSM7,19,0,0,-1.9456783580267665,0.0012659882431461
SPPL2B,SPPL2B,19,0,0,-1.7985476150848552,-1.36276611825064
TMPRSS9,TMPRSS9,19,0,0,-2.453183489059686,-3.00676056568216
TIMM13,TIMM13,19,0,0,-1.9084777601566696,-1.63852190598593
LMNB2,LMNB2,19,0,0,-3.4672411712865987,-2.81219503364744
GADD45B,GADD45B,19,0,0,-2.475439387639822,-1.56025082785487
GNG7,GNG7,19,0,0,-1.4528431050274389,-0.499672703848875
DIRAS1,DIRAS1,19,0,0,-2.166377445482775,
SLC39A3,SLC39A3,19,0,0,-1.9580275517772883,-2.31029158258245
SGTA,SGTA,19,0,0,-2.3909442366462645,-1.23040171279759
THOP1,THOP1,19,0,0,-2.3125707603737613,-1.69695277841141
ZNF554,ZNF554,19,0,0,-1.8661073931104522,-1.62507122340126
ZNF555,ZNF555,19,0,0,-0.4513352778352324,1.40831923544173
ZNF556,ZNF556,19,0,0,-0.9139485534340892,
ZNF57,ZNF57,19,0,0,-0.8541945081796953,-0.792666224136655
ZNF77,ZNF77,19,0,0,-1.1343578325805765,-0.704541209545505
TLE6,TLE6,19,0,0,-2.5451828342079335,-1.284176563586
TLE2,TLE2,19,0,0,-2.717627384303519,-3.37537012109214
TLE5,TLE5,19,0,0,-2.479676411695797,-2.11214633874254
GNA11,GNA11,19,0,0,-1.9770149399075212,-2.21365048140782
GNA15,GNA15,19,0,0,-2.1815603615405887,
S1PR4,S1PR4,19,0,0,-2.609960205902931,-3.91603651556812
NCLN,NCLN,19,0,0,-2.1245991643798803,-2.37527310107185
CELF5,CELF5,19,0,0,-2.7093456269921656,
NFIC,NFIC,19,0,0,-2.8025901262782043,-2.37967619189398
SMIM24,SMIM24,19,0,0,-1.6893327943019116,-0.181497899388973
SMIM44,SMIM44,19,0,0,-3.445643401941359,
DOHH,DOHH,19,0,0,-2.8454488252336603,-1.91139149011225
FZR1,FZR1,19,0,0,-2.7636746305606934,-2.2573376544251
TEKTIP1,TEKTIP1,19,0,0,-3.272560420198449,-6.70542482993551
MFSD12,MFSD12,19,0,0,-1.9365295529877784,-2.93894513374494
HMG20B,HMG20B,19,0,0,-2.363646837387483,-2.30972239678389
GIPC3,GIPC3,19,0,0,-2.4432572519771583,-2.07087216829051
TBXA2R,TBXA2R,19,0,0,-2.361381547692652,-3.27953890788282
CACTIN,CACTIN,19,0,0,-3.291908450759582,-3.05187620681565
PIP5K1C,PIP5K1C,19,0,0,-2.555090361439987,-4.216820086624
TJP3,TJP3,19,0,0,-2.874876548326771,-1.65200537153074
APBA3,APBA3,19,0,0,-3.404574560758844,-2.46412248304772
MRPL54,MRPL54,19,0,0,-1.4086985282216133,-0.590138145238181
RAX2,RAX2,19,0,0,-2.7905514866860273,
MATK,MATK,19,0,0,-2.6681750634408257,-4.38631559180218
ZFR2,ZFR2,19,0,0,-3.4214030958462747,
ATCAY,ATCAY,19,0,0,-2.3143997516117913,
NMRK2,NMRK2,19,0,0,-2.0014730803955114,
DAPK3,DAPK3,19,0,0,-2.7671004146431972,-1.23166897039052
EEF2,EEF2,19,0,0,-1.8484893280574202,-2.55120126273327
PIAS4,PIAS4,19,0,0,-2.5246423143302845,-1.84579539360347
ZBTB7A,ZBTB7A,19,0,0,-3.157237615824428,-2.98993570126848
MAP2K2,MAP2K2,19,0,0,-2.566391749166513,-2.65558404710659
CREB3L3,CREB3L3,19,0,0,-2.5033618492970646,-1.80110204877145
SIRT6,SIRT6,19,0,0,-3.141014827266666,-1.55455115364888
ANKRD24,ANKRD24,19,0,0,-3.053704338654237,-3.99082925433026
EBI3,EBI3,19,0,0,-2.620182753697799,
YJU2,YJU2,19,0,0,-2.8475480975541956,-1.69526419079263
SHD,SHD,19,0,0,-2.801585535545959,-1.46999190674431
TMIGD2,TMIGD2,19,0,0,-2.94860332767945,
FSD1,FSD1,19,0,0,-1.596352994111788,
STAP2,STAP2,19,0,0,-1.7706159030384168,-1.22297697639799
MPND,MPND,19,0,0,-2.829425970333462,-3.35188973241201
SH3GL1,SH3GL1,19,0,0,-2.3040621242006853,-2.21083698570584
CHAF1A,CHAF1A,19,0,0,-2.323059490404072,-2.16646417965769
UBXN6,UBXN6,19,0,0,-2.7329088483814967,-2.88258079837803
HDGFL2,HDGFL2,19,0,0,-3.6197901998516304,-1.91845775069381
PLIN4,PLIN4,19,0,0,-1.5280173380267907,-2.45256588707342
PLIN5,PLIN5,19,0,0,-3.1586013291013355,-2.72160815851259
LRG1,LRG1,19,0,0,-2.4531322795742376,-0.561843723373452
SEMA6B,SEMA6B,19,0,0,-2.9897923966591,-2.87289256860452
TNFAIP8L1,TNFAIP8L1,19,0,0,-2.4524428927496658,-1.13812298285564
MYDGF,MYDGF,19,0,0,-1.3966833701258032,-0.719487757101222
DPP9,DPP9,19,0,0,-2.0148271317719395,-2.65178705202926
FEM1A,FEM1A,19,0,0,-2.610618187825427,-3.67883949272757
TICAM1,TICAM1,19,0,0,-3.226139986325787,-3.27633774498123
PLIN3,PLIN3,19,0,0,-2.6396076159735156,-1.26860093923336
ARRDC5,ARRDC5,19,0,0,-1.6516463287304965,
UHRF1,UHRF1,19,0,0,-2.4798307832671274,
KDM4B,KDM4B,19,0,0,-2.765940694102502,-2.29577148100064
PTPRS,PTPRS,19,0,0,-2.169510741165398,-2.31578719191414
ZNRF4,ZNRF4,19,0,0,-2.9929098542472428,
TINCR,TINCR,19,0,0,-3.2673864869402927,
SAFB2,SAFB2,19,0,0,-2.481882457677239,-1.96720428056946
SAFB,SAFB,19,0,0,-2.243656332749792,-1.01117314088165
MICOS13,MICOS13,19,0,0,-1.6266713416185663,-0.154596447559626
HSD11B1L,HSD11B1L,19,0,0,-1.9156199510108145,-3.30163695480206
RPL36,RPL36,19,0,0,-2.1420766104934206,-2.20136379716958
LONP1,LONP1,19,0,0,-2.140325747566612,-2.18759260877964
CATSPERD,CATSPERD,19,0,0,-0.21530442763803137,
PRR22,PRR22,19,0,0,-3.2570169494307066,
DUS3L,DUS3L,19,0,0,-2.428051914594377,
NRTN,NRTN,19,0,0,-2.9987685132453343,-7.05890344270169
FUT6,FUT6,19,0,0,-2.166655775502699,-2.31639556866907
FUT5,FUT5,19,0,0,-2.217497080091185,
NDUFA11,NDUFA11,19,0,0,-0.6558515425309306,
VMAC,VMAC,19,0,0,-3.6666764191349106,-3.69507294134613
CAPS,CAPS,19,0,0,-2.401301746006242,-3.21104106117283
RANBP3,RANBP3,19,0,0,-2.6637155316233763,-1.71934701385732
RFX2,RFX2,19,0,0,-2.603031359276738,-3.64993485027682
ACSBG2,ACSBG2,19,0,0,-0.015436896101650888,
MLLT1,MLLT1,19,0,0,-3.5104598350390166,-2.85846005783232
ACER1,ACER1,19,0,0,-0.7672787627513706,
CLPP,CLPP,19,0,0,-2.323530739029991,-1.33815008596929
ALKBH7,ALKBH7,19,0,0,-3.3488715749772364,-2.26563871318887
PSPN,PSPN,19,0,0,-2.2920617041881375,
GTF2F1,GTF2F1,19,0,0,-2.888899987478549,-1.94332861163959
KHSRP,KHSRP,19,0,0,-2.4398226020059397,-1.59610103306051
SLC25A41,SLC25A41,19,0,0,-1.5253651346700625,
SLC25A23,SLC25A23,19,0,0,-1.9314810566505543,-5.49572101350634
CRB3,CRB3,19,0,0,-2.3719498993960926,-1.7631589259796
DENND1C,DENND1C,19,0,0,-2.7003996264125316,-4.93418285639878
TUBB4A,TUBB4A,19,0,0,-2.1505058599355866,-1.25815855089069
TNFSF9,TNFSF9,19,0,0,-2.3509986620523176,
CD70,CD70,19,0,0,-2.4578874994191455,
TNFSF14,TNFSF14,19,0,0,-2.370139260140048,-3.95034764097757
C3,C3,19,0,0,-1.4391767331181633,-0.622092428402356
GPR108,GPR108,19,0,0,-1.6389233261844414,-0.971359759382321
TRIP10,TRIP10,19,0,0,-2.273229747388461,-2.12074342098726
SH2D3A,SH2D3A,19,0,0,-2.684898167104052,-3.08562852788114
VAV1,VAV1,19,0,0,-1.3053048423546532,-2.62703641565453
ADGRE1,ADGRE1,19,0,0,-0.4446834926832608,
MBD3L2B,MBD3L2B,19,0,0,-2.7121831661220845,
MBD3L5,MBD3L5,19,0,0,-2.6055328771381596,
MBD3L4,MBD3L4,19,0,0,-2.5690786515881623,
MBD3L2,MBD3L2,19,0,0,-2.6430850907792216,
MBD3L3,MBD3L3,19,0,0,-2.682437331079864,
ZNF557,ZNF557,19,0,0,-0.7649404260681187,
INSR,INSR,19,0,0,-1.4000133029843145,-2.18580984188252
ARHGEF18,ARHGEF18,19,0,0,-2.986403077881066,
PEX11G,PEX11G,19,0,0,-2.186312839091748,-1.41156418494029
SAXO5,SAXO5,19,0,0,-2.558575445762438,
ZNF358,ZNF358,19,0,0,-3.3503624388411755,-5.37271003586868
MCOLN1,MCOLN1,19,0,0,-1.7987585755636584,-0.882688509189559
PNPLA6,PNPLA6,19,0,0,-2.353504481544391,-2.82483861646
CAMSAP3,CAMSAP3,19,0,0,-3.17527908875992,-3.03759015058959
XAB2,XAB2,19,0,0,-2.082543817982925,-1.54833957184771
PET100,PET100,19,0,0,-1.414499393345439,0.377848612078988
PCP2,PCP2,19,0,0,-3.285907355498548,
STXBP2,STXBP2,19,0,0,-1.7830537674006504,-1.29057702468202
RETN,RETN,19,0,0,-1.9206574622717696,
MCEMP1,MCEMP1,19,0,0,-1.433767501479858,
TRAPPC5,TRAPPC5,19,0,0,-1.8141211828262964,-1.73310190993875
FCER2,FCER2,19,0,0,-2.517261341263305,
CLEC4G,CLEC4G,19,0,0,-2.2875989600815636,-1.53613814042325
CD209,CD209,19,0,0,-1.5978049234138094,
CLEC4M,CLEC4M,19,0,0,-1.7828385269581357,-0.556512896589666
EVI5L,EVI5L,19,0,0,-2.7684738104952107,-4.1000502734092
PRR36,PRR36,19,0,0,-3.446599475509215,
LRRC8E,LRRC8E,19,0,0,-2.2567370201851826,0.827010356391623
MAP2K7,MAP2K7,19,0,0,-2.142718932696308,-1.91788539807806
TGFBR3L,TGFBR3L,19,0,0,-3.253883706998794,
SNAPC2,SNAPC2,19,0,0,-3.0720305533336045,-1.97845655342623
CTXN1,CTXN1,19,0,0,-2.126147787893027,
TIMM44,TIMM44,19,0,0,-1.839609414760293,-1.70689546458534
ELAVL1,ELAVL1,19,0,0,-0.9824362238616935,-0.152396375841614
CCL25,CCL25,19,0,0,-1.640584056256797,
FBN3,FBN3,19,0,0,-2.2577690731193645,
CERS4,CERS4,19,0,0,-1.4051168400068104,-0.749256086412908
CD320,CD320,19,0,0,-2.568335682969206,-1.14165999127024
NDUFA7,NDUFA7,19,0,0,-1.8677567742578542,-0.195831493610217
RPS28,RPS28,19,0,0,-2.6161158715093737,-1.75579667143607
KANK3,KANK3,19,0,0,-3.4885984745900043,-2.77788481868401
ANGPTL4,ANGPTL4,19,0,0,-2.7755558496332657,-1.6782452817494
RAB11B,RAB11B,19,0,0,-1.9912826228674252,-0.902216063022791
MARCHF2,MARCHF2,19,0,0,-2.5271956340157242,-5.60888797026793
HNRNPM,HNRNPM,19,0,0,-0.025164027750323115,-0.504140115872661
PRAM1,PRAM1,19,0,0,-3.274549787215067,-2.03491264573916
ZNF414,ZNF414,19,0,0,-3.3657172981339603,-3.25821105376086
MYO1F,MYO1F,19,0,0,-2.0582714738041954,-3.20156972034564
ADAMTS10,ADAMTS10,19,0,0,-2.709840297357628,-5.726814360627
NFILZ,NFILZ,19,0,0,-2.276554894592177,
ACTL9,ACTL9,19,0,0,-2.5088560577933983,
OR2Z1,OR2Z1,19,0,0,-0.2547346882195267,
ZNF558,ZNF558,19,0,0,-0.816922895992203,-2.04494806083472
MBD3L1,MBD3L1,19,0,0,-1.289270776922356,
OR1M1,OR1M1,19,0,0,-0.6881947575307148,
OR7G2,OR7G2,19,0,0,0.18504301292017367,
OR7G1,OR7G1,19,0,0,0.7325929591560403,
OR7G3,OR7G3,19,0,0,0.19851026903021385,
ZNF317,ZNF317,19,0,0,-2.185175288977467,-2.6228301114247
OR7D2,OR7D2,19,0,0,-0.2572175462208488,
OR7D4,OR7D4,19,0,0,-0.28835886109828657,
OR7E24,OR7E24,19,0,0,-0.10475275335776324,
ZNF699,ZNF699,19,0,0,-0.452742343704843,
ZNF559,ZNF559,19,0,0,-0.11165867124319107,0.073162572641848
ZNF177,ZNF177,19,0,0,-0.4469955045820395,
ZNF266,ZNF266,19,0,0,-0.3255003414029076,-1.64103739852182
ZNF560,ZNF560,19,0,0,0.310090067845298,
ZNF426,ZNF426,19,0,0,-0.4086648402589024,-0.148693934875332
ZNF121,ZNF121,19,0,0,0.24833340087791278,1.57112424420126
ZNF561,ZNF561,19,0,0,0.451596190449445,-0.726257556354504
ZNF562,ZNF562,19,0,0,0.01684476462764195,
ZNF846,ZNF846,19,0,0,0.2717311150087447,-0.91087178203276
FBXL12,FBXL12,19,0,0,-2.307992893127274,-2.22395976812902
UBL5,UBL5,19,0,0,0.8074605031753777,3.33462867280252
PIN1,PIN1,19,0,0,-3.517446096489854,-1.48006077606172
OLFM2,OLFM2,19,0,0,-1.8628319991911173,-3.4871877873257
COL5A3,COL5A3,19,0,0,-2.4998459694055235,-2.92843914294266
RDH8,RDH8,19,0,0,-1.6178163559413772,
SHFL,SHFL,19,0,0,-2.856867081186337,-2.09058703769008
ANGPTL6,ANGPTL6,19,0,0,-2.107646180336415,-1.39300041913001
PPAN,PPAN,19,0,0,-2.5554750305719853,
P2RY11,P2RY11,19,0,0,-2.477510358158952,
EIF3G,EIF3G,19,0,0,-2.074878091631536,-1.63789789764228
DNMT1,DNMT1,19,0,0,-1.7146656024854856,-1.76000844980956
S1PR2,S1PR2,19,0,0,-2.186089261920099,-2.80373331297867
MRPL4,MRPL4,19,0,0,-2.2792982030910114,-1.42647932114236
ICAM1,ICAM1,19,0,0,-2.379247957679384,-0.87630711485243
ICAM4,ICAM4,19,0,0,-1.6115283275825227,
ICAM5,ICAM5,19,0,0,-2.4920182886060775,
ZGLP1,ZGLP1,19,0,0,-3.0655064684485307,
FDX2,FDX2,19,0,0,-2.561724897627524,-1.66056181822714
RAVER1,RAVER1,19,0,0,-3.2868607483223986,-2.5116963505427
ICAM3,ICAM3,19,0,0,-2.296238114972942,-2.40038918811089
TYK2,TYK2,19,0,0,-2.57157195335291,-3.50729110642754
CDC37,CDC37,19,0,0,-2.20286571448057,-1.58261446450371
PDE4A,PDE4A,19,0,0,-2.5241495826012486,-5.39821737017373
KEAP1,KEAP1,19,0,0,-2.1039476873166727,-2.30051895351495
S1PR5,S1PR5,19,0,0,-1.8335593728656985,-2.95469650918593
ATG4D,ATG4D,19,0,0,-2.5983284062587355,-4.75484861111127
KRI1,KRI1,19,0,0,-2.56936597832161,-2.13311466551353
CDKN2D,CDKN2D,19,0,0,-2.2763557135254135,-2.9807305658715
AP1M2,AP1M2,19,0,0,-1.3255262877634255,-0.348858708050063
SLC44A2,SLC44A2,19,0,0,-0.17506384012185627,-0.656395258497122
ILF3,ILF3,19,0,0,-1.7656892846323604,-1.66885935142038
QTRT1,QTRT1,19,0,0,-1.8223140968811773,-1.21173376150432
DNM2,DNM2,19,0,0,-2.4848243605581395,-2.00922916417731
TMED1,TMED1,19,0,0,-1.774373674854468,-1.50415192933734
C19orf38,C19orf38,19,0,0,-2.1607499965032115,-1.10100194211499
CARM1,CARM1,19,0,0,-1.7516911754426996,-1.2201770163347
YIPF2,YIPF2,19,0,0,-1.9873237039583387,-2.11276649629043
TIMM29,TIMM29,19,0,0,-1.9835924038455914,-2.04805312496407
SMARCA4,SMARCA4,19,0,0,-2.4864603180410327,-3.09770105551815
LDLR,LDLR,19,0,0,-1.8790295337327798,-1.11665608215425
SPC24,SPC24,19,0,0,-2.994104110907143,-1.47078478874489
KANK2,KANK2,19,0,0,-3.065347077725667,-2.60453645199937
DOCK6,DOCK6,19,0,0,-2.3410743641588247,-2.79998073334514
ANGPTL8,ANGPTL8,19,0,0,-3.0524987595213204,-1.51177056569573
TSPAN16,TSPAN16,19,0,0,-0.06393204481005199,
RAB3D,RAB3D,19,0,0,-1.3135178602268738,-2.09308034917568
TMEM205,TMEM205,19,0,0,-1.1262300561244771,-0.117779947359337
CCDC159,CCDC159,19,0,0,-2.464442183543971,-3.09921038380537
PLPPR2,PLPPR2,19,0,0,-2.4327813738847297,-5.35694847209691
SWSAP1,SWSAP1,19,0,0,-2.3747260198883087,-0.749236796942342
EPOR,EPOR,19,0,0,-2.513095104638227,-3.03974414475215
RGL3,RGL3,19,0,0,-3.049560345127899,-3.19827724224798
ODAD3,ODAD3,19,0,0,-2.796203149069539,-1.86573822897636
PRKCSH,PRKCSH,19,0,0,-2.3378470224374848,-0.834131682143177
ELAVL3,ELAVL3,19,0,0,-1.505870164949041,
ZNF653,ZNF653,19,0,0,-2.860508725494215,-2.47720181204159
ECSIT,ECSIT,19,0,0,-2.413385888344136,-2.30598179898062
CNN1,CNN1,19,0,0,-1.9068242454719364,-2.48644129017704
ELOF1,ELOF1,19,0,0,-0.7628184920185515,-0.744527490172949
ACP5,ACP5,19,0,0,-1.2934099449550693,0.241716734295615
ZNF627,ZNF627,19,0,0,-0.36053958932761,1.08364764017744
ZNF823,ZNF823,19,0,0,-0.5261276140483204,0.832224506231916
ZNF441,ZNF441,19,0,0,-0.1300410035812014,
ZNF491,ZNF491,19,0,0,-0.637876344368955,
ZNF440,ZNF440,19,0,0,-0.10202634521567155,
ZNF439,ZNF439,19,0,0,-0.2200770200924076,
ZNF69,ZNF69,19,0,0,-0.4873567836079662,-0.503762992993528
ZNF700,ZNF700,19,0,0,-0.21497363141086367,
ZNF763,ZNF763,19,0,0,-0.09829221581052927,
ZNF433,ZNF433,19,0,0,-0.39644283350165566,
ZNF878,ZNF878,19,0,0,-0.39466744161636846,
ZNF844,ZNF844,19,0,0,0.4898955004075969,1.45627034779926
ZNF20,ZNF20,19,0,0,-0.0802623890941927,1.55105129685115
ZNF625,ZNF625,19,0,0,-0.27567906228417804,
ZNF136,ZNF136,19,0,0,-0.10969266989145154,
ZNF44,ZNF44,19,0,0,-0.29352338294833835,0.28514226194226
ZNF563,ZNF563,19,0,0,-0.4952439246613949,1.26774280980087
ZNF442,ZNF442,19,0,0,-0.11815386933603023,
ZNF799,ZNF799,19,0,0,-0.006445569654232486,
ZNF443,ZNF443,19,0,0,-0.11959958917641877,
ZNF709,ZNF709,19,0,0,-0.4058855592344681,
ZNF564,ZNF564,19,0,0,0.07303225130199031,1.19960147847361
ZNF490,ZNF490,19,0,0,-0.7551375774317624,0.473433320710801
ZNF791,ZNF791,19,0,0,-0.19414794225032495,1.13364089160951
MAN2B1,MAN2B1,19,0,0,-1.4693394794187178,-1.26700105927735
WDR83OS,WDR83OS,19,0,0,-0.8557054665154347,
WDR83,WDR83,19,0,0,-2.2463733939228057,-2.87038429957583
DHPS,DHPS,19,0,0,-1.2578156058250496,-0.951208115411888
GNG14,GNG14,19,0,0,-1.708900108976394,
FBXW9,FBXW9,19,0,0,-2.2841086367985532,-1.81662429146807
TNPO2,TNPO2,19,0,0,-1.542372425548768,-1.72268882382974
TRIR,TRIR,19,0,0,-2.4125836968369825,-1.56627916846091
GET3,GET3,19,0,0,-1.602276328122814,-0.885149247547956
BEST2,BEST2,19,0,0,-0.9766950321192898,
HOOK2,HOOK2,19,0,0,-2.9143270414608793,-1.89760356219154
JUNB,JUNB,19,0,0,-2.743978426739613,-2.11698494365118
PRDX2,PRDX2,19,0,0,-0.6016162342639095,0.453996146928759
THSD8,THSD8,19,0,0,-1.9923644397258347,
RNASEH2A,RNASEH2A,19,0,0,-1.3356268401584224,-0.708498505050672
RTBDN,RTBDN,19,0,0,-2.5786949640254733,
MAST1,MAST1,19,0,0,-2.83485127769384,
DNASE2,DNASE2,19,0,0,-1.7596307059321568,-0.536291089759558
KLF1,KLF1,19,0,0,-2.5457596956275683,
GCDH,GCDH,19,0,0,-1.980972866941526,-0.653106027801851
SYCE2,SYCE2,19,0,0,-2.1996950548772336,
FARSA,FARSA,19,0,0,-2.181304343731483,-1.23128930538067
CALR,CALR,19,0,0,-1.2649081191840246,-0.213265490715986
RAD23A,RAD23A,19,0,0,-2.6583635218615136,-2.18749564828563
GADD45GIP1,GADD45GIP1,19,0,0,-2.4704572772033444,-1.57513143643795
DAND5,DAND5,19,0,0,-2.1605450337459207,
NFIX,NFIX,19,0,0,-2.2191878830000817,-2.41978815783715
LYL1,LYL1,19,0,0,-3.6011675193758403,-2.0462474930814
TRMT1,TRMT1,19,0,0,-2.2361966328167036,-2.27554730013517
NACC1,NACC1,19,0,0,-2.648550076087533,-3.22615044431659
STX10,STX10,19,0,0,-1.9268036425507589,-2.82406503643658
IER2,IER2,19,0,0,-2.962892424389901,-2.09926082034635
CACNA1A,CACNA1A,19,0,0,-1.9328343454504644,
YJU2B,YJU2B,19,0,0,-2.771066577349133,-2.56928344889136
MRI1,MRI1,19,0,0,-1.9572984475614614,-1.85828974443725
C19orf53,C19orf53,19,0,0,-1.2953215070935507,-1.44837461535691
ZSWIM4,ZSWIM4,19,0,0,-2.6714048808836957,
NANOS3,NANOS3,19,0,0,-2.4801466690287413,
BRME1,BRME1,19,0,0,-3.207795493255084,
CC2D1A,CC2D1A,19,0,0,-2.5736012003478326,-1.91499061398546
PODNL1,PODNL1,19,0,0,-3.4222020365329,
DCAF15,DCAF15,19,0,0,-2.3028622466108395,-1.5869172646552
RFX1,RFX1,19,0,0,-3.091132473184988,-2.84918263914038
RLN3,RLN3,19,0,0,-1.8678711528617082,
IL27RA,IL27RA,19,0,0,-2.1432369631043056,-1.44253284897586
PALM3,PALM3,19,0,0,-3.1431181397566093,-2.3429169125191
MISP3,MISP3,19,0,0,-3.584905255787289,-2.12275396185468
C19orf67,C19orf67,19,0,0,-2.247742890665526,
PRKACA,PRKACA,19,0,0,-0.98403704141956,-0.809871355167429
SMIM46,SMIM46,19,0,0,-2.1337782690778067,
ASF1B,ASF1B,19,0,0,-2.106026323162215,-0.82921474396272
ADGRL1,ADGRL1,19,0,0,-2.2296023473466065,-3.75560503288851
ADGRE5,ADGRE5,19,0,0,-1.5428222717890812,-0.883260606666008
DDX39A,DDX39A,19,0,0,-1.518253019630409,-1.24706156974915
PKN1,PKN1,19,0,0,-2.7856948340150733,-3.81349179170316
PTGER1,PTGER1,19,0,0,-2.263948175293459,
GIPC1,GIPC1,19,0,0,-2.641160351548983,-1.97276455674248
DNAJB1,DNAJB1,19,0,0,-1.269709718656129,-1.22985340679232
TECR,TECR,19,0,0,-1.202322672382273,-0.352909195319722
NDUFB7,NDUFB7,19,0,0,-2.5994920598842413,-1.57066389759083
CLEC17A,CLEC17A,19,0,0,-1.2709414558841612,
ADGRE3,ADGRE3,19,0,0,-0.20265834278740513,
ZNF333,ZNF333,19,0,0,-1.646726014412021,-1.9448985249267
ADGRE2,ADGRE2,19,0,0,-1.5519322382633103,
OR7C1,OR7C1,19,0,0,-0.007689364790621767,
OR7A5,OR7A5,19,0,0,0.43160512958458597,
OR7A10,OR7A10,19,0,0,0.3757287806115599,
OR7A17,OR7A17,19,0,0,-0.13747794003655578,
OR7C2,OR7C2,19,0,0,-0.171509378088869,
SLC1A6,SLC1A6,19,0,0,-1.4548058643401198,
TEKTL1,TEKTL1,19,0,0,-2.0235292408513885,
CASP14,CASP14,19,0,0,-1.0446753044659136,
OR1I1,OR1I1,19,0,0,-0.8247265128687538,
SYDE1,SYDE1,19,0,0,-3.5210659464252974,-3.46348303992238
ILVBL,ILVBL,19,0,0,-1.719700517499911,-1.06432042032835
NOTCH3,NOTCH3,19,0,0,-2.6160730099297336,-3.53524320480885
EPHX3,EPHX3,19,0,0,-1.5397814293819945,
BRD4,BRD4,19,0,0,-3.059128194869011,-3.00341485047957
AKAP8,AKAP8,19,0,0,-1.7386926184448583,-2.31484087670306
AKAP8L,AKAP8L,19,0,0,-1.660219706626652,-2.26882250297497
WIZ,WIZ,19,0,0,-3.215562386950422,-3.7787244071365
RASAL3,RASAL3,19,0,0,-2.711045777492277,-3.33432346256629
PGLYRP2,PGLYRP2,19,0,0,-1.8564476639880194,-0.427195914097559
CYP4F22,CYP4F22,19,0,0,-1.1734009409366681,-0.252579194743569
CYP4F8,CYP4F8,19,0,0,-1.4453920060931083,
CYP4F3,CYP4F3,19,0,0,-1.3928169056253985,-0.797679316300273
CYP4F12,CYP4F12,19,0,0,-1.4383292787444226,-0.278518029262601
OR10H2,OR10H2,19,0,0,-0.9304211209917579,
OR10H3,OR10H3,19,0,0,0.35837551207656304,
OR10H5,OR10H5,19,0,0,-0.9787384570936073,
OR10H1,OR10H1,19,0,0,-0.9929440012319137,
CYP4F2,CYP4F2,19,0,0,-1.6485118564833652,-0.365776521589984
CYP4F11,CYP4F11,19,0,0,-1.1582543808872252,-0.569969921348141
OR10H4,OR10H4,19,0,0,-0.012775319722670986,
TPM4,TPM4,19,0,0,-1.134194226750573,-1.75136010409181
RAB8A,RAB8A,19,0,0,-0.39843463384938715,-0.0062900602480264
HSH2D,HSH2D,19,0,0,-2.8762177106152773,-2.64217760914426
CIB3,CIB3,19,0,0,-0.7760644346631889,
FAM32A,FAM32A,19,0,0,-1.5546058397097706,-1.3772012686198
AP1M1,AP1M1,19,0,0,-1.8580282118757854,-0.93430850602277
KLF2,KLF2,19,0,0,-2.507745575673896,-2.21890434931394
EPS15L1,EPS15L1,19,0,0,-1.9611831362362242,-1.55579620133643
CALR3,CALR3,19,0,0,0.18534595103883333,
C19orf44,C19orf44,19,0,0,-1.8384490241219371,-2.52160766603013
CHERP,CHERP,19,0,0,-3.182592268972634,-1.84925040343768
SLC35E1,SLC35E1,19,0,0,-1.6018831338796353,-2.36388280875158
MED26,MED26,19,0,0,-3.6296789596649415,-2.55568683391282
SMIM7,SMIM7,19,0,0,-0.42761190174782193,0.260334493333969
TMEM38A,TMEM38A,19,0,0,-1.571175865270968,-2.10275869075856
NWD1,NWD1,19,0,0,-1.9436002497684246,
SIN3B,SIN3B,19,0,0,-2.4163576407643728,-2.99490604410605
F2RL3,F2RL3,19,0,0,-2.3414407968732576,
CPAMD8,CPAMD8,19,0,0,-2.0748693719190907,
HAUS8,HAUS8,19,0,0,-1.847877593555225,-1.69859735587961
MYO9B,MYO9B,19,0,0,-2.5764854825128563,-4.08975279792925
USE1,USE1,19,0,0,-1.6734697938712362,-1.64820199909901
OCEL1,OCEL1,19,0,0,-3.055275757087534,-2.10571017322348
NR2F6,NR2F6,19,0,0,-2.3309546598860784,
USHBP1,USHBP1,19,0,0,-3.1671436247608202,-2.44452369746173
BABAM1,BABAM1,19,0,0,-2.043255356671903,-2.99670726995399
ANKLE1,ANKLE1,19,0,0,-2.7164107687088244,
ABHD8,ABHD8,19,0,0,-2.2907968860216528,-3.27537466899361
MRPL34,MRPL34,19,0,0,-2.573001419632398,-0.186816924314574
DDA1,DDA1,19,0,0,-1.8123220809630638,-0.925051116868119
ANO8,ANO8,19,0,0,-2.8987280691315256,-3.28650519340914
GTPBP3,GTPBP3,19,0,0,-3.0532121887854213,-2.89886555558314
PLVAP,PLVAP,19,0,0,-2.0944832180960233,-1.23353894296016
CCDC194,CCDC194,19,0,0,-3.369329586934631,
BST2,BST2,19,0,0,-1.2484888437306942,-0.390002208250682
MVB12A,MVB12A,19,0,0,-2.0523614009130835,-1.13752646465519
TMEM221,TMEM221,19,0,0,-2.3942987380409253,
NXNL1,NXNL1,19,0,0,-2.333174899764323,
SLC27A1,SLC27A1,19,0,0,-1.7600595023565546,-2.14656298211105
PGLS,PGLS,19,0,0,-2.1534330708837874,-1.59232654297274
NIBAN3,NIBAN3,19,0,0,-2.726576186181914,
COLGALT1,COLGALT1,19,0,0,-1.8462715191348416,-2.08040030020409
UNC13A,UNC13A,19,0,0,-1.8607862815254546,
MAP1S,MAP1S,19,0,0,-3.385010001137717,-2.16936181088162
FCHO1,FCHO1,19,0,0,-2.67129487067222,-3.30839097071559
B3GNT3,B3GNT3,19,0,0,-1.8681194317040646,-0.854791418402498
INSL3,INSL3,19,0,0,-2.478738670564695,
JAK3,JAK3,19,0,0,-2.4148942018203385,-3.60231840603044
RPL18A,RPL18A,19,0,0,-1.451193153263672,-3.01233534635979
SLC5A5,SLC5A5,19,0,0,-1.2230307623632068,
CCDC124,CCDC124,19,0,0,-2.8472681007376384,-1.9640460788507
KCNN1,KCNN1,19,0,0,-2.437519487682959,
ARRDC2,ARRDC2,19,0,0,-2.6676142264344023,-2.05662085007314
IL12RB1,IL12RB1,19,0,0,-2.082254354087917,
MAST3,MAST3,19,0,0,-3.11295702444815,-3.21107657460975
PIK3R2,PIK3R2,19,0,0,-2.625928918726709,-4.61903792225039
IFI30,IFI30,19,0,0,-1.015096721216354,-0.0655979282695667
MPV17L2,MPV17L2,19,0,0,-1.0268255234054458,-1.24530669981178
RAB3A,RAB3A,19,0,0,-1.226993472567381,-1.6357334841236
PDE4C,PDE4C,19,0,0,-2.695377386584372,
CIST1,CIST1,19,0,0,-3.0524089159754233,
IQCN,IQCN,19,0,0,-2.2468299779174163,
JUND,JUND,19,0,0,-3.0308131604092736,-3.92337072521549
LSM4,LSM4,19,0,0,-1.9364290219175242,-1.60499570338103
PGPEP1,PGPEP1,19,0,0,-1.7079109215946637,-1.27142105285142
GDF15,GDF15,19,0,0,-2.966811286776311,-1.6008621512458
LRRC25,LRRC25,19,0,0,-2.5620374679996356,-1.4971441344242
SSBP4,SSBP4,19,0,0,-2.6838630429889037,-4.40458526082144
ISYNA1,ISYNA1,19,0,0,-2.022946275244891,-1.7941243630168
ELL,ELL,19,0,0,-3.248139849282051,-2.25738152056139
FKBP8,FKBP8,19,0,0,-2.725636556582108,-2.86373302103443
KXD1,KXD1,19,0,0,-3.011462248267062,-2.90610807479953
UBA52,UBA52,19,0,0,-0.8048025074700167,-0.61192091136944
REX1BD,REX1BD,19,0,0,-2.618345866841782,-1.76023859133351
CRLF1,CRLF1,19,0,0,-2.7895559606001985,
TMEM59L,TMEM59L,19,0,0,-2.3083452742161423,
KLHL26,KLHL26,19,0,0,-2.535396645597322,-1.97890978729669
CRTC1,CRTC1,19,0,0,-3.354003366100015,-2.00120211508664
COMP,COMP,19,0,0,-2.305437113067903,
UPF1,UPF1,19,0,0,-2.0782869123545886,-1.43010143930406
GDF1,GDF1,19,0,0,-2.8195733835034424,
CERS1,CERS1,19,0,0,-1.1581634921254018,
COPE,COPE,19,0,0,-2.345273688264868,-1.52077931559636
DDX49,DDX49,19,0,0,-2.2682171433087106,-2.22688278352682
HOMER3,HOMER3,19,0,0,-2.835161231244774,-3.34835490942538
SUGP2,SUGP2,19,0,0,-1.161181373982643,-2.46282037934559
ARMC6,ARMC6,19,0,0,-1.9178887359243593,-1.70786476507825
SLC25A42,SLC25A42,19,0,0,-1.5834926333460686,-1.26043248858615
TMEM161A,TMEM161A,19,0,0,-1.7095475021389177,-0.724982133757345
MEF2B,MEF2B,19,0,0,-3.5808002016662552,
BORCS8,BORCS8,19,0,0,-3.3006722847114993,
RFXANK,RFXANK,19,0,0,-2.4741243836062754,-2.21484975197019
NR2C2AP,NR2C2AP,19,0,0,-1.6833318595066622,-0.616113460012682
NCAN,NCAN,19,0,0,-2.4861699565186797,
HAPLN4,HAPLN4,19,0,0,-1.6585332136987052,
TM6SF2,TM6SF2,19,0,0,-0.23524434671858785,-0.583404325219972
SUGP1,SUGP1,19,0,0,-1.9603578424926802,-1.44660724169017
MAU2,MAU2,19,0,0,-1.761982890805518,-1.73005247031692
GATAD2A,GATAD2A,19,0,0,-2.90922881724798,-3.57329361754051
TSSK6,TSSK6,19,0,0,-1.9438875177386006,
NDUFA13,NDUFA13,19,0,0,-1.7613002169871077,
YJEFN3,YJEFN3,19,0,0,-2.424431918884137,
CILP2,CILP2,19,0,0,-2.689125121144018,
PBX4,PBX4,19,0,0,-2.3604699770235893,
LPAR2,LPAR2,19,0,0,-1.206908499992947,-4.56514067287147
GMIP,GMIP,19,0,0,-3.0811460208860346,-3.27964404100425
ATP13A1,ATP13A1,19,0,0,-2.115000511242945,-1.79366537901869
ZNF101,ZNF101,19,0,0,-0.7134688453286095,-1.36600349982051
ZNF14,ZNF14,19,0,0,-0.23512465910139113,
ZNF506,ZNF506,19,0,0,0.6960627394936161,1.6661984684547
ZNF253,ZNF253,19,0,0,0.2328387647631054,0.602817284253124
ZNF93,ZNF93,19,0,0,0.26833263493237425,
ZNF682,ZNF682,19,0,0,0.18105456452116364,-0.235223845280362
ZNF90,ZNF90,19,0,0,0.13495399544364162,
ZNF486,ZNF486,19,0,0,0.20110906952385754,
ZNF737,ZNF737,19,0,0,0.1250818869465551,
ZNF626,ZNF626,19,0,0,0.22186533225629468,
ZNF66,ZNF66,19,0,0,0.16871950720552498,
ZNF85,ZNF85,19,0,0,0.5541068682111749,
ZNF430,ZNF430,19,0,0,0.6079682794612662,
ZNF714,ZNF714,19,0,0,0.3353866874396907,
ZNF431,ZNF431,19,0,0,0.5223410754965734,
ZNF708,ZNF708,19,0,0,0.596772645974033,-0.560249631415457
ZNF738,ZNF738,19,0,0,0.7702284922556295,-0.313514993686376
ZNF493,ZNF493,19,0,0,0.4031968084635533,-2.47244145351804
ZNF429,ZNF429,19,0,0,0.2814948514183726,1.18797900047101
ZNF100,ZNF100,19,0,0,0.03015626389370496,1.33302551702146
ZNF43,ZNF43,19,0,0,0.5612902797055028,
ZNF208,ZNF208,19,0,0,0.6001121718974058,
ZNF257,ZNF257,19,0,0,0.2528355997278755,
ZNF676,ZNF676,19,0,0,0.09481995721711023,
ZNF729,ZNF729,19,0,0,0.6247043110910457,
ZNF98,ZNF98,19,0,0,0.4004975445194603,
ZNF492,ZNF492,19,0,0,0.40590411205115906,
ZNF99,ZNF99,19,0,0,0.8320924913190186,
ZNF723,ZNF723,19,0,0,0.5223560174498001,
ZNF728,ZNF728,19,0,0,0.2930431871680188,
ZNF730,ZNF730,19,0,0,0.4836644223524864,
ZNF724,ZNF724,19,0,0,0.28438268928104904,
ZNF91,ZNF91,19,0,0,0.18868796911910657,-1.31410626517381
ZNF675,ZNF675,19,0,0,0.5133957646395046,
ZNF681,ZNF681,19,0,0,0.2301365851698911,
RPSA2,RPSA2,19,0,0,0.15885079077464148,
ZNF726,ZNF726,19,0,0,0.23340069177742429,-0.898449251392209
ZNF254,ZNF254,19,0,0,0.5254208377238268,-1.09884086641967
UQCRFS1,UQCRFS1,19,0,0,-0.44029178240319844,2.958102010188
VSTM2B,VSTM2B,19,0,0,-2.617115828871615,
POP4,POP4,19,0,0,-1.0638806507606269,0.0717229511293548
PLEKHF1,PLEKHF1,19,0,0,-3.261949152606105,-1.95635091974329
C19orf12,C19orf12,19,0,0,-1.5624516934737347,-1.32541560890397
CCNE1,CCNE1,19,0,0,-0.22683626554133518,
URI1,URI1,19,0,0,-0.07128124410945524,-2.31868950625178
ZNF536,ZNF536,19,0,0,-2.534172701729574,
TSHZ3,TSHZ3,19,0,0,-2.4591999841399304,-3.58648301016969
ZNF507,ZNF507,19,0,0,-0.6659348136494732,-0.300083068225387
DPY19L3,DPY19L3,19,0,0,0.7907414684799026,
PDCD5,PDCD5,19,0,0,-0.3137936715852092,-1.11012919186841
ANKRD27,ANKRD27,19,0,0,-1.2287103665524377,-2.96670662114883
RGS9BP,RGS9BP,19,0,0,-2.3041640135770614,
NUDT19,NUDT19,19,0,0,-1.6786514834133435,-1.19605710553977
TDRD12,TDRD12,19,0,0,0.06925416514817861,
SLC7A9,SLC7A9,19,0,0,-0.4602052770515339,-0.178066931436732
CEP89,CEP89,19,0,0,-1.1488324153336382,-1.55638481564706
FAAP24,FAAP24,19,0,0,-0.5952583536153249,
RHPN2,RHPN2,19,0,0,-1.4060019060742643,-1.05872503391942
GPATCH1,GPATCH1,19,0,0,-1.0400471230357944,-1.63606404752399
WDR88,WDR88,19,0,0,-1.3010827123282738,
LRP3,LRP3,19,0,0,-3.1585512302574283,-6.06494336824383
SLC7A10,SLC7A10,19,0,0,-1.8541126959520007,
CEBPA,CEBPA,19,0,0,-3.577351867175972,-3.12048934522787
CEBPG,CEBPG,19,0,0,-1.5475024611360144,0.100162107642405
PEPD,PEPD,19,0,0,-1.5943711178149194,-0.331825820188452
CHST8,CHST8,19,0,0,-2.392393358723881,
KCTD15,KCTD15,19,0,0,-2.6153869203474915,-3.99129980719475
LSM14A,LSM14A,19,0,0,-0.5830325160271208,-1.19489212273074
GARRE1,GARRE1,19,0,0,-1.5317544464539417,-2.71859815402413
GPI,GPI,19,0,0,-1.2334363643493784,-0.649392574053975
PDCD2L,PDCD2L,19,0,0,-0.8164713232241549,-0.966454755061358
UBA2,UBA2,19,0,0,0.41521861604556953,-0.111844045109485
WTIP,WTIP,19,0,0,-2.9774716026400743,-4.64011607640458
SCGB2B2,SCGB2B2,19,0,0,-0.13797459973299375,
ZNF302,ZNF302,19,0,0,0.0683860413513262,0.350413519789828
ZNF181,ZNF181,19,0,0,0.027498276554618784,0.659183765096372
ZNF599,ZNF599,19,0,0,-0.7673182511744088,-2.58038327883551
ZNF30,ZNF30,19,0,0,-0.5040349499080587,-0.71695375787184
ZNF792,ZNF792,19,0,0,-1.9385099673918287,-2.03305222310035
GRAMD1A,GRAMD1A,19,0,0,-3.1183791315994416,-2.99214205514933
SCN1B,SCN1B,19,0,0,-0.9807182509697707,-2.76937914633853
HPN,HPN,19,0,0,-2.276930766420671,-2.67746402824165
FXYD3,FXYD3,19,0,0,-1.2499191985489553,
LGI4,LGI4,19,0,0,-2.5044158314385463,-4.37824648976036
FXYD1,FXYD1,19,0,0,-1.7381704718261002,-1.13739100565848
FXYD7,FXYD7,19,0,0,-1.2813966772859064,
FXYD5,FXYD5,19,0,0,-2.0382156312003925,-0.923737245242564
FAM187B,FAM187B,19,0,0,-1.812249073681679,
LSR,LSR,19,0,0,-2.987645007913228,-1.6221600795208
USF2,USF2,19,0,0,-2.1396169171597688,-4.29501337317931
HAMP,HAMP,19,0,0,-2.3335923206350433,-0.0951984587203147
MAG,MAG,19,0,0,-2.7342317484305756,
CD22,CD22,19,0,0,-1.616119167730762,-2.45930014485253
FFAR1,FFAR1,19,0,0,-2.0324989073492574,
FFAR3,FFAR3,19,0,0,-1.8280718620592804,
GPR42,GPR42,19,0,0,-1.7872686694335247,
FFAR2,FFAR2,19,0,0,-1.4638890026240787,-1.54894706393731
KRTDAP,KRTDAP,19,0,0,-1.0026436992323742,
DMKN,DMKN,19,0,0,-2.121675551721667,-1.15731939141276
SBSN,SBSN,19,0,0,-2.5835868057958216,
GAPDHS,GAPDHS,19,0,0,-1.1250525932375162,
TMEM147,TMEM147,19,0,0,0.32095214268853134,0.207425629016582
ATP4A,ATP4A,19,0,0,-1.364458690592965,
PMIS2,PMIS2,19,0,0,-0.31029266131523414,
HAUS5,HAUS5,19,0,0,-3.1713838948365076,-2.45441340335904
RBM42,RBM42,19,0,0,-1.8516869075177365,-1.59492619103548
ETV2,ETV2,19,0,0,-2.255545053178519,-2.28215569135529
COX6B1,COX6B1,19,0,0,-0.6382707342529148,0.68941697400507
UPK1A,UPK1A,19,0,0,-0.3864507641503696,
ZBTB32,ZBTB32,19,0,0,-2.9144189676831793,
KMT2B,KMT2B,19,0,0,-2.7529300865022535,-4.25436083988205
IGFLR1,IGFLR1,19,0,0,-2.3592557042515985,-2.5477186631848
U2AF1L4,U2AF1L4,19,0,0,-2.061274982791934,
PSENEN,PSENEN,19,0,0,-0.5050891323926994,1.0205503891231
LIN37,LIN37,19,0,0,-2.474331121563063,-0.932895434632125
HSPB6,HSPB6,19,0,0,-2.552451933081368,-1.75004104749529
PROSER3,PROSER3,19,0,0,-3.2422786378160726,-1.99460603086241
ARHGAP33,ARHGAP33,19,0,0,-3.4691545704566735,
PRODH2,PRODH2,19,0,0,-2.377280484074042,-1.6892864030514
NPHS1,NPHS1,19,0,0,-2.3219834547644016,
KIRREL2,KIRREL2,19,0,0,-2.4345848526887455,
APLP1,APLP1,19,0,0,-2.679415817677901,
NFKBID,NFKBID,19,0,0,-2.556275226905253,
HCST,HCST,19,0,0,-1.4262293607082661,-0.98576464871795
TYROBP,TYROBP,19,0,0,-2.1695124754167168,-1.00271709613957
LRFN3,LRFN3,19,0,0,-2.768012259697814,-4.40038552658358
SDHAF1,SDHAF1,19,0,0,-3.857411341530126,-2.06109536379197
SYNE4,SYNE4,19,0,0,-3.1459615079380967,-2.37194051156848
ALKBH6,ALKBH6,19,0,0,-2.444101239811289,-1.23293283933252
CLIP3,CLIP3,19,0,0,-1.7815568933895651,-1.61545993808969
THAP8,THAP8,19,0,0,-2.9992148765447695,-2.15633233569808
WDR62,WDR62,19,0,0,-2.616589587738652,
OVOL3,OVOL3,19,0,0,-2.9390983810680495,
POLR2I,POLR2I,19,0,0,-1.9567522882457773,-0.983319742471933
TBCB,TBCB,19,0,0,-1.8150983250771304,-0.727642268208859
CAPNS1,CAPNS1,19,0,0,-1.1044061112231365,0.338303696890559
COX7A1,COX7A1,19,0,0,-1.4080957410586432,-1.3170856914287
ZNF565,ZNF565,19,0,0,-1.1033119941919587,-1.15439206945527
ZNF146,ZNF146,19,0,0,-0.8684922358263041,0.858022791015808
ZFP14,ZFP14,19,0,0,-0.0656532396456786,0.837967735947375
ZFP82,ZFP82,19,0,0,0.16545223048885305,
ZNF566,ZNF566,19,0,0,-0.2470416093023715,2.2159878432508
ZNF260,ZNF260,19,0,0,-0.12242551494843923,
ZNF529,ZNF529,19,0,0,0.40912747339751654,
ZNF382,ZNF382,19,0,0,-0.1476228925901566,
ZNF461,ZNF461,19,0,0,-0.2876210682199787,-2.29390055196437
ZNF567,ZNF567,19,0,0,0.05784483638420568,0.122644165131518
ZNF850,ZNF850,19,0,0,-0.148924753355697,
ZNF790,ZNF790,19,0,0,0.09698878949885881,-0.0968667852190561
ZNF345,ZNF345,19,0,0,-0.44762764534019617,
ZNF829,ZNF829,19,0,0,0.06094755437951527,0.609399816625267
ZNF568,ZNF568,19,0,0,-0.015750824602696056,-0.839783384570103
ZNF420,ZNF420,19,0,0,-0.27227903498783235,
ZNF585A,ZNF585A,19,0,0,-0.5680436108911238,0.0549271299864309
ZNF585B,ZNF585B,19,0,0,-0.5267516337755627,-0.9513257881644
ZNF383,ZNF383,19,0,0,0.029253821272739344,1.58248913365193
ZNF875,ZNF875,19,0,0,-2.277291646303029,-1.9546368305175
ZNF527,ZNF527,19,0,0,-0.19333048807090414,-0.863781304663848
ZNF569,ZNF569,19,0,0,0.5094489799766411,-0.787075805642495
ZNF570,ZNF570,19,0,0,-0.259065541569905,0.796133778177371
ZNF793,ZNF793,19,0,0,-0.6739407972572451,
ZNF571,ZNF571,19,0,0,0.06212451224335602,1.91693680704913
ZNF540,ZNF540,19,0,0,0.373374716619999,-0.319811576669289
ZFP30,ZFP30,19,0,0,0.12672718420813034,-0.988166649920728
ZNF607,ZNF607,19,0,0,-0.2757747422129224,
ZNF573,ZNF573,19,0,0,0.3506562152434469,0.189632132572647
WDR87,WDR87,19,0,0,-0.8596989861134681,
SIPA1L3,SIPA1L3,19,0,0,-3.2575579338305527,-4.82581960366567
DPF1,DPF1,19,0,0,-2.3784690517032043,
PPP1R14A,PPP1R14A,19,0,0,-3.750938355309044,-2.28278863817331
SPINT2,SPINT2,19,0,0,-1.2187929280045005,
C19orf33,C19orf33,19,0,0,-3.1641270349957473,
YIF1B,YIF1B,19,0,0,-0.8099398136746814,-0.640487122954978
KCNK6,KCNK6,19,0,0,-2.109547164864475,-2.28728663364605
CATSPERG,CATSPERG,19,0,0,-1.1143999102443392,
PSMD8,PSMD8,19,0,0,-1.6273727874263546,-0.328110178857454
GGN,GGN,19,0,0,-2.8946765535740155,
SPRED3,SPRED3,19,0,0,-2.9161633734501766,
FAM98C,FAM98C,19,0,0,-2.336765042280984,-2.15939994319473
RASGRP4,RASGRP4,19,0,0,-2.698242689795334,-2.94158565688402
RYR1,RYR1,19,0,0,-1.8317565394530657,
MAP4K1,MAP4K1,19,0,0,-1.8854207474965126,-2.69488792660511
EIF3K,EIF3K,19,0,0,-1.0462509511628415,0.216486903891231
ACTN4,ACTN4,19,0,0,-2.315043877211753,-1.20532888661162
CAPN12,CAPN12,19,0,0,-2.2988525709952103,-5.20929533200298
LGALS7,LGALS7,19,0,0,-2.8047714277823754,
LGALS7B,LGALS7B,19,0,0,-2.893556122911539,
LGALS4,LGALS4,19,0,0,-1.1404864899167766,-0.473788038292315
ECH1,ECH1,19,0,0,-1.0294370171883145,
HNRNPL,HNRNPL,19,0,0,-1.5214980098958417,
RINL,RINL,19,0,0,-3.097363594701857,-2.98592109471554
SIRT2,SIRT2,19,0,0,-1.9809206220475843,-1.81651377850832
NFKBIB,NFKBIB,19,0,0,-2.7300156184945976,-2.16919707512212
CCER2,CCER2,19,0,0,-3.9588599094921317,
SARS2,SARS2,19,0,0,-2.3101605431082124,-1.71957009112872
MRPS12,MRPS12,19,0,0,-2.2995229076139267,-1.60662514745431
FBXO17,FBXO17,19,0,0,-2.0595354697683614,-2.65922594786261
FBXO27,FBXO27,19,0,0,-2.2115194063653956,-1.41799660349284
ACP7,ACP7,19,0,0,-1.4216493988504322,
PAK4,PAK4,19,0,0,-3.309774277880983,-3.0659598456548
NCCRP1,NCCRP1,19,0,0,-2.7894541315845753,
SYCN,SYCN,19,0,0,-2.6022433451186178,
IFNL3,IFNL3,19,0,0,-2.8058511220483133,
IFNL2,IFNL2,19,0,0,-2.7131028077788866,
IFNL1,IFNL1,19,0,0,-2.7812303325997156,
LRFN1,LRFN1,19,0,0,-2.522823030227979,-4.95551843800932
GMFG,GMFG,19,0,0,-0.7584733613971739,-0.737650116492275
SAMD4B,SAMD4B,19,0,0,-2.85525866246088,-3.67584480150452
PAF1,PAF1,19,0,0,-2.02948303738418,-1.20886465142264
MED29,MED29,19,0,0,-1.8285328371800738,-0.581872246654783
ZFP36,ZFP36,19,0,0,-3.3759083292400636,-2.28795074958843
PLEKHG2,PLEKHG2,19,0,0,-2.862903395074655,-3.7642913770078
RPS16,RPS16,19,0,0,-0.27995565516704524,-2.09298413067525
SUPT5H,SUPT5H,19,0,0,-2.03417785992602,-2.34805111863238
TIMM50,TIMM50,19,0,0,-1.2603775982045704,-0.873397858174391
DLL3,DLL3,19,0,0,-2.4661927479567485,
SELENOV,SELENOV,19,0,0,-2.5219471640488944,
EID2B,EID2B,19,0,0,-1.9100644824876785,-0.959624683833816
EID2,EID2,19,0,0,-1.493663888978661,-0.426095864631876
LGALS13,LGALS13,19,0,0,0.08122990497104077,
LGALS16,LGALS16,19,0,0,0.18148542090346886,
LGALS14,LGALS14,19,0,0,0.4920801018621024,
CLC,CLC,19,0,0,0.13716573158714418,-0.169419862736316
LEUTX,LEUTX,19,0,0,-0.4468969705831487,
DYRK1B,DYRK1B,19,0,0,-2.615535179191397,-3.38829697766428
FBL,FBL,19,0,0,-0.841647839113298,-1.02590077532637
PSMC4,PSMC4,19,0,0,-1.1463730198851287,-0.209829815790076
ZNF546,ZNF546,19,0,0,-0.129719138254476,-1.59855147829181
ZNF780B,ZNF780B,19,0,0,-0.0777277929602409,
ZNF780A,ZNF780A,19,0,0,-0.08103445056836556,
MAP3K10,MAP3K10,19,0,0,-3.296002396204461,-6.77352911503776
TTC9B,TTC9B,19,0,0,-2.753906989466085,
CCNP,CCNP,19,0,0,-2.0135333321860642,-1.29077337543064
AKT2,AKT2,19,0,0,-1.6359831881970255,-2.54622826495631
C19orf47,C19orf47,19,0,0,-2.111804194238239,
PLD3,PLD3,19,0,0,-1.7861329916977677,-1.03047743648396
HIPK4,HIPK4,19,0,0,-2.5885483048300593,
PRX,PRX,19,0,0,-2.4233847023959676,
SERTAD1,SERTAD1,19,0,0,-2.857862804737101,-1.99598619555558
SERTAD3,SERTAD3,19,0,0,-2.4625133546017874,-1.31011433482919
BLVRB,BLVRB,19,0,0,-1.6020213621347565,-0.529947821921355
SPTBN4,SPTBN4,19,0,0,-2.583278548814583,
SHKBP1,SHKBP1,19,0,0,-2.4654801306999534,-2.32758721015868
LTBP4,LTBP4,19,0,0,-2.605165011677583,-2.55880643730878
NUMBL,NUMBL,19,0,0,-2.8943760450168163,
COQ8B,COQ8B,19,0,0,-2.354623556763883,
ITPKC,ITPKC,19,0,0,-2.4254139563526955,-2.86990399189378
ACTMAP,ACTMAP,19,0,0,-2.812222262299114,-2.42140987390151
SNRPA,SNRPA,19,0,0,-1.1139978184418915,-0.688460751064845
MIA,MIA,19,0,0,-0.48812471219158304,
RAB4B,RAB4B,19,0,0,-1.7352310069450105,
EGLN2,EGLN2,19,0,0,-2.6809603186878217,-4.45634100091764
CYP2A6,CYP2A6,19,0,0,-1.2928528125413585,0.412815356616653
CYP2A7,CYP2A7,19,0,0,-1.5528190306280152,-0.140891707782115
CYP2B6,CYP2B6,19,0,0,-1.175601536611934,0.0392470896482988
CYP2A13,CYP2A13,19,0,0,-1.3962864793131722,
CYP2F1,CYP2F1,19,0,0,-1.7297776779913807,
CYP2S1,CYP2S1,19,0,0,-1.6133420057076542,
AXL,AXL,19,0,0,-1.8329244911553513,-1.42491822646038
HNRNPUL1,HNRNPUL1,19,0,0,-1.6733697811587582,-2.65449258894748
CCDC97,CCDC97,19,0,0,-2.9387685582247602,-2.1824721170837
TGFB1,TGFB1,19,0,0,-2.360384277658831,-2.44542166182682
B9D2,B9D2,19,0,0,-2.4148498522972073,-1.24077717098943
TMEM91,TMEM91,19,0,0,-2.3786095484872742,-2.5353375473352
EXOSC5,EXOSC5,19,0,0,-2.0785070828108125,-0.982699941627755
BCKDHA,BCKDHA,19,0,0,-1.8846130527067952,-0.756682311658503
B3GNT8,B3GNT8,19,0,0,-2.5557846306409537,
DMAC2,DMAC2,19,0,0,-1.6486530751484079,-0.597141236973575
ERICH4,ERICH4,19,0,0,-3.3616691339487286,
CEACAM21,CEACAM21,19,0,0,-1.6406453605618,-2.00529372072006
CEACAM4,CEACAM4,19,0,0,-1.5020190680175176,
CEACAM7,CEACAM7,19,0,0,-0.5255430076712155,
CEACAM5,CEACAM5,19,0,0,-1.2292601402949295,
CEACAM6,CEACAM6,19,0,0,-0.9474126259474502,
CEACAM3,CEACAM3,19,0,0,-0.9932160834921113,-3.37829790443752
LYPD4,LYPD4,19,0,0,-0.5289447867656598,
DMRTC2,DMRTC2,19,0,0,-2.7997647431509503,
RPS19,RPS19,19,0,0,-0.9385394786262822,-3.55272294549614
CD79A,CD79A,19,0,0,-1.9890457588204509,-0.948139302613423
ARHGEF1,ARHGEF1,19,0,0,-3.026747446040659,-2.56424216613558
ERFL,ERFL,19,0,0,-2.3558959972245592,
RABAC1,RABAC1,19,0,0,-1.134625982737413,-0.835303807194069
ATP1A3,ATP1A3,19,0,0,-1.5058026804206364,
GRIK5,GRIK5,19,0,0,-2.1119252862179714,
ZNF574,ZNF574,19,0,0,-2.88695153669034,-2.03211681033553
POU2F2,POU2F2,19,0,0,-3.078742742795363,-2.93505576411447
DEDD2,DEDD2,19,0,0,-3.1586788876775795,-2.44342237213429
ZNF526,ZNF526,19,0,0,-2.8843394673517526,-2.4471496710068
GSK3A,GSK3A,19,0,0,-1.992699629599107,-2.06291808343408
ERF,ERF,19,0,0,-2.934350151917455,-2.96376370213993
CIC,CIC,19,0,0,-3.231062323442343,-3.80216857337033
PAFAH1B3,PAFAH1B3,19,0,0,-2.2850782842634167,-1.44085547541902
PRR19,PRR19,19,0,0,-3.3165996699726374,
TMEM145,TMEM145,19,0,0,-0.9177907091394975,
MEGF8,MEGF8,19,0,0,-2.614941759893311,-3.51999551774232
CNFN,CNFN,19,0,0,-2.170910919011293,
LIPE,LIPE,19,0,0,-2.4929124103016225,-1.61541142924383
CXCL17,CXCL17,19,0,0,-1.3284477988776153,
CEACAM1,CEACAM1,19,0,0,-0.9860021492842073,0.988929449250791
CEACAM8,CEACAM8,19,0,0,-0.7941506946552028,
PSG3,PSG3,19,0,0,-0.6535394045093614,
PSG8,PSG8,19,0,0,-0.6395391910158281,
PSG1,PSG1,19,0,0,-0.6778013050094849,
PSG6,PSG6,19,0,0,-0.5683090379213205,
PSG7,PSG7,19,0,0,-0.7001733724171206,
PSG11,PSG11,19,0,0,-0.5176127972767777,
PSG2,PSG2,19,0,0,-0.6329918367822192,
PSG5,PSG5,19,0,0,-0.13284653174256533,
PSG4,PSG4,19,0,0,-0.6421042435867061,
PSG9,PSG9,19,0,0,-0.7336855599050516,
CD177,CD177,19,0,0,-1.9359813275292943,
TEX101,TEX101,19,0,0,-0.759130833549829,
LYPD3,LYPD3,19,0,0,-1.714478369561073,
PHLDB3,PHLDB3,19,0,0,-3.1968658827282397,-2.76506269895951
ETHE1,ETHE1,19,0,0,-2.116425418756755,-0.296692515490205
ZNF575,ZNF575,19,0,0,-3.6900748330633046,-2.98220253918785
XRCC1,XRCC1,19,0,0,-2.474704229900871,
PINLYP,PINLYP,19,0,0,-1.2677271949895914,-2.05638561723977
IRGQ,IRGQ,19,0,0,-2.045073337294541,
ZNF576,ZNF576,19,0,0,-2.4664657351763246,-2.52749100362222
ZNF428,ZNF428,19,0,0,-3.605198995106198,-2.48480185457026
SRRM5,SRRM5,19,0,0,-3.897685962944694,
CADM4,CADM4,19,0,0,-1.8310559928036412,-2.47618400173889
PLAUR,PLAUR,19,0,0,-1.8958338998753153,-1.81895359708451
IRGC,IRGC,19,0,0,-2.522729196328818,
SMG9,SMG9,19,0,0,-2.1232059282778124,-1.25068856117427
KCNN4,KCNN4,19,0,0,-1.3754950544361044,
LYPD5,LYPD5,19,0,0,-2.3216832479506806,
ZNF283,ZNF283,19,0,0,0.04066662928599385,
ZNF404,ZNF404,19,0,0,0.5757421014525885,
ZNF45,ZNF45,19,0,0,-1.221022080177402,-2.39218486208538
ZNF221,ZNF221,19,0,0,-0.6577753318724824,1.34263732761003
ZNF155,ZNF155,19,0,0,-0.6193841519118397,1.48789972640457
ZNF230,ZNF230,19,0,0,-0.6528022912917706,-0.548792870345182
ZNF222,ZNF222,19,0,0,-0.4157323713320604,0.583000736239681
ZNF223,ZNF223,19,0,0,-0.7868219552660118,-0.110213046293279
ZNF284,ZNF284,19,0,0,-0.703421563562852,
ZNF224,ZNF224,19,0,0,-0.7322202741348249,-0.0105143418809077
ZNF225,ZNF225,19,0,0,-0.6531336692252427,0.177977741089048
ZNF234,ZNF234,19,0,0,-0.6922403807077355,-0.549120806804793
ZNF226,ZNF226,19,0,0,-0.655651403370829,-0.0907120156951156
ZNF227,ZNF227,19,0,0,-0.6759945227794706,0.0581053768958456
ZNF233,ZNF233,19,0,0,-0.8301798448946371,
ZNF235,ZNF235,19,0,0,-0.9193105063881024,-1.69099167772712
ZNF112,ZNF112,19,0,0,-0.5665231751591211,
ZNF285,ZNF285,19,0,0,-0.5600089416261564,
ZNF229,ZNF229,19,0,0,-1.5930790315855532,
ZNF180,ZNF180,19,0,0,-0.333661752617898,-0.785486325377411
CEACAM20,CEACAM20,19,0,0,-1.9354153301989179,
IGSF23,IGSF23,19,0,0,-1.4973940064205937,-2.19467844510575
PVR,PVR,19,0,0,-1.8495816033362455,-1.23430519267041
CEACAM19,CEACAM19,19,0,0,-2.0154063269174127,
CEACAM16,CEACAM16,19,0,0,-2.579475622504722,
BCL3,BCL3,19,0,0,-2.980552867244107,-3.46694308769515
CBLC,CBLC,19,0,0,-2.817592116368365,-1.71603948228375
BCAM,BCAM,19,0,0,-2.6925888414956756,-1.90097685947127
NECTIN2,NECTIN2,19,0,0,-2.429022599528942,-2.09371093862345
TOMM40,TOMM40,19,0,0,-2.454251548371417,-1.37480198609784
APOE,APOE,19,0,0,-2.7470414308583315,-1.16473012081823
APOC1,APOC1,19,0,0,-1.7176899518195974,0.332748172569219
APOC4,APOC4,19,0,0,-2.4050679083915902,
APOC2,APOC2,19,0,0,-1.0152688531381457,
CLPTM1,CLPTM1,19,0,0,-1.5989951757530374,-0.618531664107763
RELB,RELB,19,0,0,-2.962477340857445,-2.79542829168568
CLASRP,CLASRP,19,0,0,-3.188255260913598,-3.30210714679824
ZNF296,ZNF296,19,0,0,-3.285118580517734,
GEMIN7,GEMIN7,19,0,0,-2.1569923865420435,-1.00742153339786
PPP1R37,PPP1R37,19,0,0,-3.407139923625431,-3.9418129889213
NKPD1,NKPD1,19,0,0,-2.741606775370151,
TRAPPC6A,TRAPPC6A,19,0,0,-1.3969362528234814,-1.08668304054678
BLOC1S3,BLOC1S3,19,0,0,-3.4720645446379397,-1.99728924624491
EXOC3L2,EXOC3L2,19,0,0,-3.0328577457225876,-1.7679403724056
MARK4,MARK4,19,0,0,-2.8300297812339945,-4.16324181202459
CKM,CKM,19,0,0,-1.497105283088711,
KLC3,KLC3,19,0,0,-3.1876655529432067,
ERCC2,ERCC2,19,0,0,-1.916334694201531,-1.03894555779516
PPP1R13L,PPP1R13L,19,0,0,-3.198365784471191,-1.92838131024518
POLR1G,POLR1G,19,0,0,-2.6117052307282975,-4.11791416749964
ERCC1,ERCC1,19,0,0,-2.3056527248017353,-1.52910691157826
FOSB,FOSB,19,0,0,-3.0016720296611066,-2.32492868388359
RTN2,RTN2,19,0,0,-2.38744359697351,-0.784135485156567
PPM1N,PPM1N,19,0,0,-2.4811165475573507,
VASP,VASP,19,0,0,-2.7860798006092438,-2.09153317985275
OPA3,OPA3,19,0,0,-1.5026036726054048,-0.269353063100652
GPR4,GPR4,19,0,0,-1.9810285270425823,-4.67955709842793
EML2,EML2,19,0,0,-1.818662436910838,-1.1712944455749
GIPR,GIPR,19,0,0,-1.9600181929626963,
SNRPD2,SNRPD2,19,0,0,-1.464089916225971,-0.840904797436515
QPCTL,QPCTL,19,0,0,-2.25358762737158,-1.57216810249698
FBXO46,FBXO46,19,0,0,-3.1894084795662465,-3.65309649209144
MEIOSIN,MEIOSIN,19,0,0,-2.8074084855907895,
SIX5,SIX5,19,0,0,-3.068394452612381,-2.60398928123003
DMPK,DMPK,19,0,0,-2.3248735869665023,
DMWD,DMWD,19,0,0,-2.825051842657045,-3.77845936234018
RSPH6A,RSPH6A,19,0,0,-3.0565675907816647,
SYMPK,SYMPK,19,0,0,-2.0534497756771977,-2.3194566841001
FOXA3,FOXA3,19,0,0,-2.1027797133832564,-1.65889583544543
IRF2BP1,IRF2BP1,19,0,0,-2.436415538099448,-2.13368623515219
MYPOP,MYPOP,19,0,0,-3.7656156054363112,-4.6273179625528
NANOS2,NANOS2,19,0,0,-2.8856285163936555,
NOVA2,NOVA2,19,0,0,-2.806077146054747,
CCDC61,CCDC61,19,0,0,-3.148725603275304,-1.70826981244367
PGLYRP1,PGLYRP1,19,0,0,-2.114529490915473,-3.87622803224347
IGFL4,IGFL4,19,0,0,-1.3982025158768252,
IGFL3,IGFL3,19,0,0,-1.5272313717801804,
IGFL2,IGFL2,19,0,0,-1.245457623037602,
IGFL1,IGFL1,19,0,0,-1.2544509013675675,
HIF3A,HIF3A,19,0,0,-2.909790181490658,
PPP5C,PPP5C,19,0,0,-1.3460380658070932,-1.21917181121261
CCDC8,CCDC8,19,0,0,-2.902416100358039,-2.84585646731323
PNMA8C,PNMA8C,19,0,0,-2.059757730013784,
PNMA8A,PNMA8A,19,0,0,-1.6526995287263997,
PNMA8B,PNMA8B,19,0,0,-2.9023164576156457,-1.84793546732148
CALM3,CALM3,19,0,0,-0.15844623123499169,-0.946008514447706
PTGIR,PTGIR,19,0,0,-2.1458530477592515,-2.16548774256597
GNG8,GNG8,19,0,0,-1.0337626861217153,
DACT3,DACT3,19,0,0,-3.3463917662451976,-6.73869042724294
PRKD2,PRKD2,19,0,0,-2.428149140702086,-2.93528530860836
STRN4,STRN4,19,0,0,-2.6375431984827724,-3.50342989099363
FKRP,FKRP,19,0,0,-2.273101914744954,-3.5879429331918
SLC1A5,SLC1A5,19,0,0,-1.3490989984202244,-0.667280615144169
AP2S1,AP2S1,19,0,0,-0.2549058023108408,-0.660017523186011
ARHGAP35,ARHGAP35,19,0,0,-0.7973172388579499,-2.05023062974102
NPAS1,NPAS1,19,0,0,-3.028694017868739,
TMEM160,TMEM160,19,0,0,-2.3182504153632113,-2.02655831513799
ZC3H4,ZC3H4,19,0,0,-3.0642433997994125,-3.06834586724166
SAE1,SAE1,19,0,0,-0.14228243794900663,-0.734414080959538
BBC3,BBC3,19,0,0,-3.8634446412155174,
CCDC9,CCDC9,19,0,0,-3.649453787910323,-2.52688748067671
INAFM1,INAFM1,19,0,0,-3.3589719777015983,-4.48311523751088
C5AR1,C5AR1,19,0,0,-1.4911742386838078,-0.772176143058515
C5AR2,C5AR2,19,0,0,-2.12029001421082,-1.55116608176285
DHX34,DHX34,19,0,0,-2.754607342467814,-3.63238719886657
MEIS3,MEIS3,19,0,0,-2.5937292262319147,-3.35247728832291
SLC8A2,SLC8A2,19,0,0,-1.9101113601143442,
KPTN,KPTN,19,0,0,-2.396335997108098,-0.898590234712745
NAPA,NAPA,19,0,0,-0.7778031964228838,-0.326137746215155
ZNF541,ZNF541,19,0,0,-3.0490443055811944,
BICRA,BICRA,19,0,0,-3.6692031117648067,-3.62516512154244
EHD2,EHD2,19,0,0,-2.3487701170879607,-1.45062483532259
NOP53,NOP53,19,0,0,-3.147840273408379,-3.68786716719174
SELENOW,SELENOW,19,0,0,0.030953176518400127,-1.13026216893377
TPRX1,TPRX1,19,0,0,-3.7148492009324148,
CRX,CRX,19,0,0,-2.4555240682444097,
TPRX2,TPRX2,19,0,0,-2.933593320651477,
SULT2A1,SULT2A1,19,0,0,0.41521340239863846,1.97650483286704
BSPH1,BSPH1,19,0,0,1.0295266026445358,
ELSPBP1,ELSPBP1,19,0,0,0.2995118405312329,
CABP5,CABP5,19,0,0,-0.44619397570263786,
PLA2G4C,PLA2G4C,19,0,0,-0.8392924225431422,-0.849754800017421
LIG1,LIG1,19,0,0,-2.5033950696858938,-2.24000737804922
ZSWIM9,ZSWIM9,19,0,0,-2.494297585542135,-3.78452534059658
CARD8,CARD8,19,0,0,-0.9761789569055921,-2.43149425325749
ZNF114,ZNF114,19,0,0,-0.6423783669959562,
ODAD1,ODAD1,19,0,0,-3.0629768372958726,
EMP3,EMP3,19,0,0,-0.957497407410763,-0.103496715997257
TMEM143,TMEM143,19,0,0,-2.129037757584962,-2.17847169626948
SYNGR4,SYNGR4,19,0,0,-1.4254718783424316,
KDELR1,KDELR1,19,0,0,0.11036618931539088,0.99330465583424
GRIN2D,GRIN2D,19,0,0,-2.512859366342477,
GRWD1,GRWD1,19,0,0,-2.735108878081043,-1.88488331111877
KCNJ14,KCNJ14,19,0,0,-1.8163175432511807,
CYTH2,CYTH2,19,0,0,-2.1003718421850976,-2.19959597592401
LMTK3,LMTK3,19,0,0,-3.868921671293945,
SULT2B1,SULT2B1,19,0,0,-2.5034877783495553,
FAM83E,FAM83E,19,0,0,-2.645848529215005,
SPACA4,SPACA4,19,0,0,-1.949116800326662,
RPL18,RPL18,19,0,0,-1.8547270322487996,-1.90905092027982
SPHK2,SPHK2,19,0,0,-2.9557206608851168,-3.43187030642932
DBP,DBP,19,0,0,-3.217766442160361,-2.72645973698516
CA11,CA11,19,0,0,-2.1279179209533883,-2.42266148687789
NTN5,NTN5,19,0,0,-3.1471854537687367,
FUT2,FUT2,19,0,0,-1.7401738692137343,
MAMSTR,MAMSTR,19,0,0,-3.2522696447340333,
RASIP1,RASIP1,19,0,0,-2.7961758609645067,-1.9264994084093
IZUMO1,IZUMO1,19,0,0,-0.5343875012128478,
FUT1,FUT1,19,0,0,-1.358437636400879,
FGF21,FGF21,19,0,0,-2.8982646599595867,-1.86181139373411
BCAT2,BCAT2,19,0,0,-1.7156059158959334,-1.82151647982608
HSD17B14,HSD17B14,19,0,0,-1.9816724782919461,-0.722492395078341
PLEKHA4,PLEKHA4,19,0,0,-3.5395797847265857,-4.05148169770071
PPP1R15A,PPP1R15A,19,0,0,-2.259037714684556,-5.01204460963411
TULP2,TULP2,19,0,0,-1.7116603782663677,
NUCB1,NUCB1,19,0,0,-2.7144851614904137,-1.58031400617408
DHDH,DHDH,19,0,0,-1.6585835207768742,
BAX,BAX,19,0,0,-1.6902800751694134,-1.82077439858146
FTL,FTL,19,0,0,-0.9746322567817511,-3.40585043822179
GYS1,GYS1,19,0,0,-1.6748793052255344,-1.77860094149829
RUVBL2,RUVBL2,19,0,0,-2.0849845818120425,-1.32895023708788
LHB,LHB,19,0,0,-2.0940390459927336,
SAXO3,SAXO3,19,0,0,-3.0285135594677826,
CGB3,CGB3,19,0,0,-2.5603130315994385,
CGB2,CGB2,19,0,0,-2.657431205924638,
CGB1,CGB1,19,0,0,-2.5202481101334175,
CGB5,CGB5,19,0,0,-2.5347565676004464,
CGB8,CGB8,19,0,0,-2.5347565676004464,
CGB7,CGB7,19,0,0,-2.542376746570401,
NTF4,NTF4,19,0,0,-2.4479651372664684,
KCNA7,KCNA7,19,0,0,-1.5684628696395482,
SNRNP70,SNRNP70,19,0,0,-3.2264809840230733,-3.02218478773582
LIN7B,LIN7B,19,0,0,-2.506255672839071,-1.90018565404358
C19orf73,C19orf73,19,0,0,-2.5976491339979226,-1.11063384465449
PPFIA3,PPFIA3,19,0,0,-2.919175687951105,-2.02322823648374
HRC,HRC,19,0,0,-3.5113034947851833,-2.18012739624709
TRPM4,TRPM4,19,0,0,-1.959756252248976,-1.74472922413916
SLC6A16,SLC6A16,19,0,0,-0.19112009229473337,-0.460964768343616
CD37,CD37,19,0,0,-1.5421273586161597,-2.76151632175825
TEAD2,TEAD2,19,0,0,-2.111713230743703,-3.51704524597509
DKKL1,DKKL1,19,0,0,-3.237392375349435,-1.89816326884446
KASH5,KASH5,19,0,0,-2.7365476768502077,
PTH2,PTH2,19,0,0,-2.6810145298973787,
GFY,GFY,19,0,0,-2.2590375855305016,
SLC17A7,SLC17A7,19,0,0,-1.532335358893695,
PIH1D1,PIH1D1,19,0,0,-1.9123543381578259,-1.48010321780887
ALDH16A1,ALDH16A1,19,0,0,-2.507994408825086,-1.5886485368241
FLT3LG,FLT3LG,19,0,0,-3.0180973447240955,-3.07108485694503
RPL13A,RPL13A,19,0,0,-0.9103227785349457,-4.41473489073588
RPS11,RPS11,19,0,0,-0.5215591535976518,-1.8347082667033
FCGRT,FCGRT,19,0,0,-1.9857277443972112,-1.79720850875949
RCN3,RCN3,19,0,0,-2.723943777814954,-2.80883454432417
NOSIP,NOSIP,19,0,0,-2.348555124264374,-1.50780543099105
PRRG2,PRRG2,19,0,0,-3.156857966991895,-1.34464956268862
PRR12,PRR12,19,0,0,-3.4040376934684424,-3.97083877813017
RRAS,RRAS,19,0,0,-2.8381292970810943,-1.63912741900081
SCAF1,SCAF1,19,0,0,-3.6699215767612916,-3.34684737412242
IRF3,IRF3,19,0,0,-2.4008197986230773,-1.3508918043888
BCL2L12,BCL2L12,19,0,0,-3.3078334957513142,-1.55607343178459
PRMT1,PRMT1,19,0,0,-1.2192595387013547,-1.25938592785097
ADM5,ADM5,19,0,0,-2.4003666457522588,
CPT1C,CPT1C,19,0,0,-1.798981287347038,
TSKS,TSKS,19,0,0,-3.3541743075458488,-1.48281371615162
AP2A1,AP2A1,19,0,0,-2.003647593404942,-2.15926506048691
FUZ,FUZ,19,0,0,-2.7882237118639903,-3.02253535280701
MED25,MED25,19,0,0,-2.9037726343948975,-1.75749975732851
PTOV1,PTOV1,19,0,0,-2.398240182618572,-1.36013541032302
PNKP,PNKP,19,0,0,-2.3560924314077276,-2.49503726747992
AKT1S1,AKT1S1,19,0,0,-3.1802503789759307,-2.70741184635994
TBC1D17,TBC1D17,19,0,0,-2.578957813071751,-1.67422733465553
IL4I1,IL4I1,19,0,0,-2.276364664494917,
NUP62,NUP62,19,0,0,-2.2276912151764687,-1.80253736470864
ATF5,ATF5,19,0,0,-2.915001234471953,-4.63747615699103
SIGLEC11,SIGLEC11,19,0,0,-2.90282554711038,-1.26987491514739
VRK3,VRK3,19,0,0,-1.7794942575818737,-1.57984666042377
ZNF473,ZNF473,19,0,0,-1.5345273462312559,-1.66318093115667
IZUMO2,IZUMO2,19,0,0,-1.0166055036421398,
MYH14,MYH14,19,0,0,-2.8881992373376253,-3.17509604662095
KCNC3,KCNC3,19,0,0,-2.4704672633513063,
NAPSA,NAPSA,19,0,0,-1.5180365113773906,
NR1H2,NR1H2,19,0,0,-2.540586188583678,-3.91972889747478
POLD1,POLD1,19,0,0,-2.511040642683122,-2.94343667320064
SPIB,SPIB,19,0,0,-2.368759296332559,
MYBPC2,MYBPC2,19,0,0,-1.280575630352013,
GARIN5A,GARIN5A,19,0,0,-2.367130281559554,-1.60345033741274
EMC10,EMC10,19,0,0,-2.6273323353322233,-1.51109176541654
JOSD2,JOSD2,19,0,0,-2.7528453792385505,-2.1295597740498
ASPDH,ASPDH,19,0,0,-2.527902909416497,-1.50747679928586
LRRC4B,LRRC4B,19,0,0,-3.2367574837356,-5.444869854363
SYT3,SYT3,19,0,0,-2.6719970097488286,
C19orf81,C19orf81,19,0,0,-3.0949267066773434,
SHANK1,SHANK1,19,0,0,-3.5437002161174345,
CLEC11A,CLEC11A,19,0,0,-2.800679710312579,-1.75420779147383
GPR32,GPR32,19,0,0,-1.1023257213515834,
SMIM47,SMIM47,19,0,0,1.4924636364201689,
ACP4,ACP4,19,0,0,-2.702168327045193,
KLK1,KLK1,19,0,0,-1.354548806691339,
KLK15,KLK15,19,0,0,-2.1636783312743617,
KLK3,KLK3,19,0,0,-1.759555872936426,
KLK2,KLK2,19,0,0,-1.7703225579510242,
KLK4,KLK4,19,0,0,-1.890088474569767,
KLK5,KLK5,19,0,0,-1.6262426482448493,
KLK6,KLK6,19,0,0,-1.577988227591458,
KLK7,KLK7,19,0,0,-1.2436731645278876,
KLK8,KLK8,19,0,0,-1.5689588851478184,
KLK9,KLK9,19,0,0,-2.069733613498874,
KLK10,KLK10,19,0,0,-1.8427136317158208,
KLK11,KLK11,19,0,0,-2.268015989588033,
KLK12,KLK12,19,0,0,-2.4185835335905974,
KLK13,KLK13,19,0,0,-1.7558305518484971,
KLK14,KLK14,19,0,0,-2.0950899576188053,
CTU1,CTU1,19,0,0,-2.6919764183355817,-1.72188062737139
SIGLEC9,SIGLEC9,19,0,0,-2.093581887643049,-0.768653077991426
SIGLEC7,SIGLEC7,19,0,0,-1.8520491473590113,-0.357377390948198
CD33,CD33,19,0,0,-1.6144259925398075,
SIGLECL1,SIGLECL1,19,0,0,-0.5482480503656522,
IGLON5,IGLON5,19,0,0,-2.6867196059091043,
VSIG10L,VSIG10L,19,0,0,-2.5712257044952445,-3.69148577100186
ETFB,ETFB,19,0,0,-1.941056987651974,-1.16279242806314
CLDND2,CLDND2,19,0,0,-1.3397673073436405,-0.588035511839896
NKG7,NKG7,19,0,0,-1.4760066377687462,-2.71382850407028
LIM2,LIM2,19,0,0,-0.4180054386200158,
C19orf84,C19orf84,19,0,0,-3.8276979973125496,
SIGLEC10,SIGLEC10,19,0,0,-2.5826819576132465,-0.92460694382178
SIGLEC8,SIGLEC8,19,0,0,-2.050973685911517,
CEACAM18,CEACAM18,19,0,0,-1.2637318319419304,
SIGLEC12,SIGLEC12,19,0,0,-1.8553840561977655,
SIGLEC6,SIGLEC6,19,0,0,-1.8649268919189605,
ZNF175,ZNF175,19,0,0,-0.899127039726455,-1.02001850240606
SIGLEC5,SIGLEC5,19,0,0,-2.182498702431671,-1.70506798630958
SIGLEC14,SIGLEC14,19,0,0,-2.1169231089325145,
SPACA6,SPACA6,19,0,0,-1.488966483122601,
HAS1,HAS1,19,0,0,-1.2809490793353255,
FPR1,FPR1,19,0,0,-0.3723547224268682,-0.0922117394506294
FPR2,FPR2,19,0,0,-0.07137881308629268,
FPR3,FPR3,19,0,0,0.18247252270421122,
ZNF577,ZNF577,19,0,0,-0.7380945741154381,
ZNF649,ZNF649,19,0,0,-1.1509667478758736,-0.854570633542501
ZNF613,ZNF613,19,0,0,-0.49557940076897644,-0.113172625033528
ZNF350,ZNF350,19,0,0,-0.6822122401262778,-1.04689808042678
ZNF615,ZNF615,19,0,0,-0.05512510093269363,-0.02378950730795
ZNF614,ZNF614,19,0,0,-0.014738169517427124,-1.96481333023546
ZNF432,ZNF432,19,0,0,0.032336546865073146,-0.129221379860844
ZNF841,ZNF841,19,0,0,0.05959113440447261,-0.15955107808255
ZNF616,ZNF616,19,0,0,-0.19715038689561304,1.71831500380757
ZNF836,ZNF836,19,0,0,-0.06268954969395146,-2.36584270043978
PPP2R1A,PPP2R1A,19,0,0,-1.5179192333344353,-1.05566342827741
ZNF766,ZNF766,19,0,0,-0.43377447281717885,0.491435558365836
ZNF480,ZNF480,19,0,0,0.12849258981482947,-0.748581608467412
ZNF610,ZNF610,19,0,0,-0.02006839703071428,
ZNF880,ZNF880,19,0,0,-0.4393776826565041,-1.54442700398275
ZNF528,ZNF528,19,0,0,-0.4323496614776001,-3.45138166493338
ZNF534,ZNF534,19,0,0,-0.3831909751834779,
ZNF578,ZNF578,19,0,0,-0.11628288382991592,
ZNF808,ZNF808,19,0,0,-0.017748947094863965,
ZNF701,ZNF701,19,0,0,0.12104306631007589,
ZNF83,ZNF83,19,0,0,0.21561084324177315,-1.93365620787896
LOC122539214,LOC122539214,19,0,0,-0.15108799455445698,
ZNF611,ZNF611,19,0,0,-0.07030249896667229,
ZNF600,ZNF600,19,0,0,-0.009054421458202455,-0.669008682226641
ZNF28,ZNF28,19,0,0,0.0796257849081492,
ZNF468,ZNF468,19,0,0,-0.3234405932247526,-1.10597483127584
ZNF320,ZNF320,19,0,0,-0.10687435041390358,-0.836633639036297
ZNF888,ZNF888,19,0,0,0.10741585616031202,
ZNF816,ZNF816,19,0,0,-0.21112523989273946,
ERVV-1,ERVV-1,19,0,0,-0.13635226531196842,
ERVV-2,ERVV-2,19,0,0,-0.16632227620947582,
ZNF160,ZNF160,19,0,0,-0.30728308021354245,-1.0711948880605
ZNF415,ZNF415,19,0,0,-0.3177693040237113,-0.548980187767773
ZNF347,ZNF347,19,0,0,-0.07924732989613581,
ZNF665,ZNF665,19,0,0,0.05763380108771976,
ZNF677,ZNF677,19,0,0,0.038427234366226415,
VN1R2,VN1R2,19,0,0,0.2836750914093642,
VN1R4,VN1R4,19,0,0,-0.23648833896439392,
ZNF845,ZNF845,19,0,0,0.14308151120428647,0.701730424053346
ZNF525,ZNF525,19,0,0,-0.0888181012324214,
ZNF765,ZNF765,19,0,0,0.09211749385009149,
ZNF761,ZNF761,19,0,0,-0.20277849803560954,-0.362354675494688
ZNF813,ZNF813,19,0,0,-0.07640132549556355,
ZNF331,ZNF331,19,0,0,-1.1362984721688356,0.0641648755513804
DPRX,DPRX,19,0,0,-1.1061667437607419,
NLRP12,NLRP12,19,0,0,-1.9656361849860282,
MYADM,MYADM,19,0,0,-1.32675364362572,-0.707581965145057
PRKCG,PRKCG,19,0,0,-1.6265098757514558,
CACNG7,CACNG7,19,0,0,-1.5890408785866033,
CACNG8,CACNG8,19,0,0,-3.0455089890867306,
CACNG6,CACNG6,19,0,0,-2.231337076765442,
VSTM1,VSTM1,19,0,0,-1.5844778891899054,
TARM1,TARM1,19,0,0,-1.0469533753169475,
OSCAR,OSCAR,19,0,0,-2.097856976463353,-1.02625206511566
NDUFA3,NDUFA3,19,0,0,-1.4403020316661639,-0.229205195961295
TFPT,TFPT,19,0,0,-3.1242915868718644,-2.30418725533832
PRPF31,PRPF31,19,0,0,-1.884576585781529,-1.59179343437815
CNOT3,CNOT3,19,0,0,-2.800992232452174,-2.35940763721783
LENG1,LENG1,19,0,0,-3.2097108173336366,-1.62965529318242
TMC4,TMC4,19,0,0,-1.4905202345040571,-0.906511522593862
MBOAT7,MBOAT7,19,0,0,-1.773516612329292,-1.75077237934636
TSEN34,TSEN34,19,0,0,-2.573896364106936,-1.73627502674085
RPS9,RPS9,19,0,0,-1.5347700848216146,-2.49394477966805
LILRB3,LILRB3,19,0,0,-2.5588229730453147,-2.18226454342713
LILRA6,LILRA6,19,0,0,-2.547619766494078,-2.14120485007198
LILRB5,LILRB5,19,0,0,-2.4643199574257917,-1.33080811867746
LILRB2,LILRB2,19,0,0,-2.465664668189385,-1.75007860661826
LILRA5,LILRA5,19,0,0,-2.3301656153262815,-1.62785002234131
LILRA4,LILRA4,19,0,0,-2.23877527255266,
LAIR1,LAIR1,19,0,0,-2.268731711828222,-0.0288262429603929
TTYH1,TTYH1,19,0,0,-2.2396138257578357,
LENG8,LENG8,19,0,0,-2.6078602761016025,-3.13080209450347
LENG9,LENG9,19,0,0,-2.71500980571734,-1.67400631270612
CDC42EP5,CDC42EP5,19,0,0,-3.2267367914463225,-5.12036062062858
LAIR2,LAIR2,19,0,0,-1.746883027077125,
LILRA2,LILRA2,19,0,0,-2.481475049533131,-0.91231249772768
LILRA1,LILRA1,19,0,0,-2.158216389751214,
LILRB1,LILRB1,19,0,0,-2.4009650899219004,-1.14860872492078
LILRB4,LILRB4,19,0,0,-2.796454585815747,
KIR3DL3,KIR3DL3,19,0,0,-1.4249429143154053,
KIR2DL3,KIR2DL3,19,0,0,-1.5063659720362335,
KIR2DL1,KIR2DL1,19,0,0,-1.4066960439505802,
KIR2DL4,KIR2DL4,19,0,0,-1.7722764319556585,
KIR3DL1,KIR3DL1,19,0,0,-1.460625137608222,
KIR3DL2,KIR3DL2,19,0,0,-1.548681946815222,
FCAR,FCAR,19,0,0,-1.1950396834072485,
NCR1,NCR1,19,0,0,-1.3413318213763592,-3.13612863388435
NLRP7,NLRP7,19,0,0,-1.011006106518641,
NLRP2,NLRP2,19,0,0,-1.176292825448396,0.0875504233858245
GP6,GP6,19,0,0,-2.4750677824462883,
RDH13,RDH13,19,0,0,-2.308542644329357,-1.67797088473258
EPS8L1,EPS8L1,19,0,0,-2.9450310289280726,-1.68420364639866
PPP1R12C,PPP1R12C,19,0,0,-3.293090482224123,-4.40520249710558
TNNT1,TNNT1,19,0,0,-2.368824023304482,
TNNI3,TNNI3,19,0,0,-1.8304264266253405,
DNAAF3,DNAAF3,19,0,0,-2.5829383828968684,
SYT5,SYT5,19,0,0,-2.442987384959192,
PTPRH,PTPRH,19,0,0,-1.769105430188441,-3.08502030106509
TMEM86B,TMEM86B,19,0,0,-1.6285663406159525,-1.05399631214528
PPP6R1,PPP6R1,19,0,0,-3.1585463828693,-3.68525560971025
HSPBP1,HSPBP1,19,0,0,-2.8907746447255764,-1.72369361701549
BRSK1,BRSK1,19,0,0,-3.119705335497537,
TMEM150B,TMEM150B,19,0,0,-1.3119077787035405,-0.0674730242330284
KMT5C,KMT5C,19,0,0,-3.0146594198506893,-3.19388505356308
COX6B2,COX6B2,19,0,0,-2.205467115883172,
GARIN5B,GARIN5B,19,0,0,-2.600133685967103,
IL11,IL11,19,0,0,-2.9238952935112046,
TMEM190,TMEM190,19,0,0,-2.5830239563140562,
TMEM238,TMEM238,19,0,0,-1.887811348143762,-2.25600255084024
RPL28,RPL28,19,0,0,-1.5632449032267477,-1.80151845240399
UBE2S,UBE2S,19,0,0,-2.4125824769672004,-2.25711516123211
SHISA7,SHISA7,19,0,0,-3.629550073868236,
ISOC2,ISOC2,19,0,0,-2.7439795609035915,-1.42631380135786
C19orf85,C19orf85,19,0,0,-3.396824261210339,
ZNF628,ZNF628,19,0,0,-3.5907161331618678,-3.47427810934079
NAT14,NAT14,19,0,0,-2.8112263621461526,-3.76726723418763
SSC5D,SSC5D,19,0,0,-2.943006664547738,-2.69863752814348
SBK2,SBK2,19,0,0,-3.1653051703473754,
SBK3,SBK3,19,0,0,-3.077822104582502,
ZNF579,ZNF579,19,0,0,-3.9035270120483414,-3.17647070476123
FIZ1,FIZ1,19,0,0,-3.10309367452553,-3.51705089311668
ZNF524,ZNF524,19,0,0,-3.6944215888636354,-3.55438338332265
ZNF865,ZNF865,19,0,0,-3.190242894016455,-4.54956413612917
ZNF784,ZNF784,19,0,0,-3.4542172915224345,-2.58989219889681
ZNF580,ZNF580,19,0,0,-4.011301421440214,-2.87026104993678
ZNF581,ZNF581,19,0,0,-3.07580682763337,-2.52616290233205
CCDC106,CCDC106,19,0,0,-3.018828842467215,-2.73723550920432
U2AF2,U2AF2,19,0,0,-2.153960938972075,-1.49802915404435
EPN1,EPN1,19,0,0,-2.964404517680773,-4.07872213557081
NLRP9,NLRP9,19,0,0,-0.1267745041746995,
RFPL4A,RFPL4A,19,0,0,-0.57257757652145,
RFPL4AL1,RFPL4AL1,19,0,0,-0.5955976405737129,
NLRP11,NLRP11,19,0,0,0.1694796602284594,
NLRP4,NLRP4,19,0,0,-0.7577714735604086,
NLRP13,NLRP13,19,0,0,-0.37105436936049685,
NLRP8,NLRP8,19,0,0,-0.6962163417658651,
NLRP5,NLRP5,19,0,0,-1.1409752358670087,
ZNF787,ZNF787,19,0,0,-3.7316300550839028,-2.604653256711
ZNF444,ZNF444,19,0,0,-3.5452990564603635,-2.882939889643
GALP,GALP,19,0,0,-1.958699672371818,
ZSCAN5B,ZSCAN5B,19,0,0,-2.118275512009941,
ZSCAN5C,ZSCAN5C,19,0,0,-2.0261259609819735,
ZSCAN5A,ZSCAN5A,19,0,0,-1.9867761594122957,-2.46756816303008
EDDM13,EDDM13,19,0,0,-0.4968628525600849,
ZNF582,ZNF582,19,0,0,-0.019619784164373044,0.652800893500244
ZNF583,ZNF583,19,0,0,-0.10557367874898382,0.604502694592361
ZNF667,ZNF667,19,0,0,-0.32448965654492135,
ZNF471,ZNF471,19,0,0,0.19046005093098017,-2.47141499044451
ZFP28,ZFP28,19,0,0,-0.6417157734219714,
ZNF470,ZNF470,19,0,0,-0.3466429698622093,-0.249612775928503
ZNF71,ZNF71,19,0,0,-3.1163606702442,
SMIM17,SMIM17,19,0,0,-2.4780823979667126,
ZNF835,ZNF835,19,0,0,-3.6966723626864475,-3.20297107606325
ZIM2,ZIM2,19,0,0,-1.6829970825963692,-4.63967620266013
PEG3,PEG3,19,0,0,-1.2068765872041052,-2.18155613401864
USP29,USP29,19,0,0,-0.08009923823294507,
ZIM3,ZIM3,19,0,0,-0.31903280468032413,
DUXA,DUXA,19,0,0,-0.6171111633293016,
ZNF264,ZNF264,19,0,0,-1.4236882805811266,-1.05279343407377
AURKC,AURKC,19,0,0,-1.3728253341716083,-0.99062044485088
ZNF805,ZNF805,19,0,0,-1.358420171786964,-0.397807392116843
ZNF460,ZNF460,19,0,0,-1.3696528081047603,-1.00437743174227
ZNF543,ZNF543,19,0,0,-1.175245217645065,-0.821846501651131
ZNF304,ZNF304,19,0,0,-1.0887835202045348,0.573443137432108
TRAPPC2B,TRAPPC2B,19,0,0,1.3291524266794887,
ZNF547,ZNF547,19,0,0,-0.8899690503040141,0.529290824542072
ZNF548,ZNF548,19,0,0,-0.9110611735911593,
ZNF17,ZNF17,19,0,0,-0.7677103791376645,
ZNF749,ZNF749,19,0,0,-0.8149561846728517,-0.0245778080526155
VN1R1,VN1R1,19,0,0,0.47128395102567744,-3.95318423481385
ZNF772,ZNF772,19,0,0,-1.1357581221660666,-0.497454712643425
ZNF419,ZNF419,19,0,0,-1.0202600014975136,-1.22462390633312
ZNF773,ZNF773,19,0,0,-1.3177972174663068,-0.58338503408198
ZNF549,ZNF549,19,0,0,-0.7893985024808927,1.08911776819159
ZNF550,ZNF550,19,0,0,-1.7655755809310616,-2.85241469021111
ZNF416,ZNF416,19,0,0,-1.2221640308200517,-0.655696029176637
ZIK1,ZIK1,19,0,0,-0.9846738794509591,
ZNF530,ZNF530,19,0,0,-1.4292570363945778,
ZNF134,ZNF134,19,0,0,-1.2884504723329435,-0.888370453573949
ZNF211,ZNF211,19,0,0,-1.5469862335364652,-0.9968056962097
ZSCAN4,ZSCAN4,19,0,0,-0.8023222887096946,
ZNF551,ZNF551,19,0,0,-1.3052067395737232,
ZNF154,ZNF154,19,0,0,-1.789249871822392,-2.40304378385832
ZNF671,ZNF671,19,0,0,-1.4060622381494916,-1.30681675671022
ZNF776,ZNF776,19,0,0,-1.0581249028257247,
ZNF586,ZNF586,19,0,0,-1.1867333702677634,-1.42043984758756
ZNF552,ZNF552,19,0,0,-1.3075357132498375,1.02012486748095
ZNF587B,ZNF587B,19,0,0,-1.1370589870171735,-2.26506377197258
ZNF587,ZNF587,19,0,0,-0.9028162080571231,
ZNF814,ZNF814,19,0,0,-0.9697154582220389,-0.898082138184464
ZNF417,ZNF417,19,0,0,-0.7216060551283761,-1.10403954557006
ZNF418,ZNF418,19,0,0,-1.2958043251129059,-3.43256094627244
ZNF256,ZNF256,19,0,0,-1.228505911562868,0.210082342063525
C19orf18,C19orf18,19,0,0,-0.4185492432264688,-2.15828404906025
ZNF606,ZNF606,19,0,0,0.05039923820920578,-0.710937726518765
ZSCAN1,ZSCAN1,19,0,0,-3.4148556222409603,
ZNF135,ZNF135,19,0,0,-2.702124965198589,-3.20461704822434
ZSCAN18,ZSCAN18,19,0,0,-3.5472208507623204,-1.92794383201642
ZNF329,ZNF329,19,0,0,-0.9272246998624958,-2.33127137353527
ZNF274,ZNF274,19,0,0,-1.7585992941552213,-1.21289230397774
ZNF544,ZNF544,19,0,0,-0.9575044740171084,
ZNF8,ZNF8,19,0,0,-2.6819888430530963,
ERVK3-1,ERVK3-1,19,0,0,-0.8428646124449131,-0.0912847604889594
ZSCAN22,ZSCAN22,19,0,0,-2.7680720913068946,-2.13728664790163
A1BG,A1BG,19,0,0,-2.7632785752513023,-0.651622398101024
ZNF497,ZNF497,19,0,0,-3.992857682466047,
ZNF837,ZNF837,19,0,0,-3.9563242251975996,-3.98601020622623
RPS5,RPS5,19,0,0,-1.0011870010049186,-2.25259962519426
RNF225,RNF225,19,0,0,-3.2254862433321474,
ZNF584,ZNF584,19,0,0,-1.4817451426292099,-1.37874459296417
ZNF132,ZNF132,19,0,0,-1.3606825257759656,
ZNF324B,ZNF324B,19,0,0,-3.068120509210253,-2.86062669914006
ZNF324,ZNF324,19,0,0,-3.3117751385277483,
ZNF446,ZNF446,19,0,0,-3.6102644441074876,-3.35090007338439
SLC27A5,SLC27A5,19,0,0,-1.6712004115767645,-1.16542313665825
ZBTB45,ZBTB45,19,0,0,-2.401818587854949,-2.50500576337256
TRIM28,TRIM28,19,0,0,-2.0232018038841026,-1.61957283110814
CHMP2A,CHMP2A,19,0,0,-0.4941590891754739,-0.527416773453376
UBE2M,UBE2M,19,0,0,-1.4497380044967692,-0.738281226235265
MZF1,MZF1,19,0,0,-3.6915368486634126,-4.36278715327323
FAM110C,FAM110C,2,0,0,-3.342640736616678,-2.09055764132603
SH3YL1,SH3YL1,2,0,0,0.5309240204682695,-1.00731492100998
ACP1,ACP1,2,0,0,0.19878830138520165,0.136883737540779
ALKAL2,ALKAL2,2,0,0,-2.006135623201237,-0.37381507477807
TMEM18,TMEM18,2,0,0,-0.06258945366226953,-0.257021833005744
SNTG2,SNTG2,2,0,0,-0.8469743970072603,
TPO,TPO,2,0,0,-1.9875935367618265,
PXDN,PXDN,2,0,0,-1.9783962560679225,-1.51955316412955
MYT1L,MYT1L,2,0,0,-2.048175965398963,
EIPR1,EIPR1,2,0,0,-1.8370785485037242,-2.6642492109791
TRAPPC12,TRAPPC12,2,0,0,-2.1772246927420813,-2.01107655578319
ADI1,ADI1,2,0,0,-0.9681894444317845,-0.217191667180057
RNASEH1,RNASEH1,2,0,0,-0.728705283626299,-1.83633032467628
RPS7,RPS7,2,0,0,-0.5513061464201545,-1.78166074402018
COLEC11,COLEC11,2,0,0,-1.5739528782504077,-1.68846913716863
ALLC,ALLC,2,0,0,-0.5136096568074802,-0.7805599987826
DCDC2C,DCDC2C,2,0,0,-0.31021986577178673,
SOX11,SOX11,2,0,0,-2.956837099911164,
CMPK2,CMPK2,2,0,0,-2.393428543240855,-2.07943763456126
RSAD2,RSAD2,2,0,0,-0.03695496564123779,0.389138294201992
RNF144A,RNF144A,2,0,0,-0.7374310177673742,-0.948897553651359
ID2,ID2,2,0,0,-2.5644261371706865,-0.478556895937627
KIDINS220,KIDINS220,2,0,0,-0.14941775759183962,-0.505209487528493
MBOAT2,MBOAT2,2,0,0,0.8922976505101357,
ASAP2,ASAP2,2,0,0,-1.1921311491889295,
ITGB1BP1,ITGB1BP1,2,0,0,-0.4397514700293357,-1.74020915970295
CPSF3,CPSF3,2,0,0,0.7430485206265285,0.502748799804234
IAH1,IAH1,2,0,0,-0.2427572087199703,-0.198518067333387
ADAM17,ADAM17,2,0,0,0.14573493327489295,-0.416097154485818
YWHAQ,YWHAQ,2,0,0,-0.3761155261085829,0.199523071924427
TAF1B,TAF1B,2,0,0,0.8512031334007926,3.02962407707877
GRHL1,GRHL1,2,0,0,-0.6685681616170349,-1.27714422047405
KLF11,KLF11,2,0,0,-1.822051148325583,-1.94817480770761
CYS1,CYS1,2,0,0,-4.468475561489862,
RRM2,RRM2,2,0,0,-0.0022427915119198616,-0.972042722318912
HPCAL1,HPCAL1,2,0,0,-1.8189269111176678,-1.97619132912607
ODC1,ODC1,2,0,0,0.6551305142112458,-1.38326436762378
NOL10,NOL10,2,0,0,0.1835192560673562,-0.185610582682282
ATP6V1C2,ATP6V1C2,2,0,0,-0.2885826989240048,
PDIA6,PDIA6,2,0,0,0.026472342579944907,0.292406682364786
KCNF1,KCNF1,2,0,0,-2.2613901810399977,
CIMIP5,CIMIP5,2,0,0,-2.6156639055117257,
SLC66A3,SLC66A3,2,0,0,0.25783439525619833,0.263797090772245
ROCK2,ROCK2,2,0,0,0.4853263343087999,-0.214596172416151
E2F6,E2F6,2,0,0,-0.3829089498292664,-0.940345011969256
GREB1,GREB1,2,0,0,-2.023327321509571,-3.82530622493565
NTSR2,NTSR2,2,0,0,-1.9477812677153672,
LPIN1,LPIN1,2,0,0,-1.2654755163548206,-1.24003857529377
TRIB2,TRIB2,2,0,0,-1.6749302326515334,-1.86265131661277
LRATD1,LRATD1,2,0,0,-3.0117867709423525,-2.27678701070038
NBAS,NBAS,2,0,0,-0.10850788712370552,-0.253858853460554
DDX1,DDX1,2,0,0,1.099812825573565,2.00335538266322
MYCN,MYCN,2,0,0,-2.8673874714492573,
CYRIA,CYRIA,2,0,0,-0.24969492861406728,1.05249153764009
RAD51AP2,RAD51AP2,2,0,0,0.8092063725002703,
VSNL1,VSNL1,2,0,0,-0.0708440789815068,0.695766482307397
SMC6,SMC6,2,0,0,0.7782773352048391,3.38610459398222
GEN1,GEN1,2,0,0,0.38438078178804425,
MSGN1,MSGN1,2,0,0,-2.7677483128249847,
KCNS3,KCNS3,2,0,0,-0.48920040541498366,-3.83962000088219
RDH14,RDH14,2,0,0,-0.8071921624503471,-0.69084649806859
NT5C1B,NT5C1B,2,0,0,-1.2885060876908998,
OSR1,OSR1,2,0,0,-1.8702267423712797,
TTC32,TTC32,2,0,0,0.40168618655496147,1.49660515304197
WDR35,WDR35,2,0,0,1.1677474352272963,
MATN3,MATN3,2,0,0,-1.0260143354679414,
LAPTM4A,LAPTM4A,2,0,0,1.1831399122123596,3.3019859559668
SDC1,SDC1,2,0,0,-2.518203706461522,-1.13137758417426
PUM2,PUM2,2,0,0,0.0791317997996579,-0.474867809671685
RHOB,RHOB,2,0,0,-1.7513667222128504,-2.0614955613892
HS1BP3,HS1BP3,2,0,0,-2.3567200021439607,-1.67138131584712
GDF7,GDF7,2,0,0,-2.692153422968355,-3.24307896304896
LDAH,LDAH,2,0,0,0.6802927280084692,1.64012591873078
APOB,APOB,2,0,0,0.2522184753320431,1.33480112684953
TDRD15,TDRD15,2,0,0,1.6495821970433724,
KLHL29,KLHL29,2,0,0,-1.9997605973734363,-3.70180098381086
ATAD2B,ATAD2B,2,0,0,-0.16025977238465217,-0.886159347176794
UBXN2A,UBXN2A,2,0,0,0.6465757854236713,0.95780091584829
MFSD2B,MFSD2B,2,0,0,-1.719367117270572,
WDCP,WDCP,2,0,0,-0.038385974916019805,0.153114015551111
FKBP1B,FKBP1B,2,0,0,-1.1881728122090802,-1.21427283775826
SF3B6,SF3B6,2,0,0,1.6184318781959988,2.23720541554871
TP53I3,TP53I3,2,0,0,-0.5555558726781733,-0.846309837880801
PFN4,PFN4,2,0,0,-0.052641507886614036,
FAM228B,FAM228B,2,0,0,0.4377265257296976,0.149539948467244
FAM228A,FAM228A,2,0,0,-0.920645986469669,-2.19194707013727
ITSN2,ITSN2,2,0,0,-0.0644250964248112,-0.99729652415745
NCOA1,NCOA1,2,0,0,-0.876550738098187,-1.54121526262412
PTRHD1,PTRHD1,2,0,0,-0.9560117543857505,-1.05545537073071
CENPO,CENPO,2,0,0,-1.0167645597841233,-0.0431704557243067
ADCY3,ADCY3,2,0,0,-1.4240747385661319,-2.93334795549114
DNAJC27,DNAJC27,2,0,0,0.764860648676633,-2.07298641798583
EFR3B,EFR3B,2,0,0,-1.7689343892408154,
POMC,POMC,2,0,0,-2.9836592603982517,-4.74656569247766
DNMT3A,DNMT3A,2,0,0,-1.9994529951693547,-2.5947218595188
DTNB,DTNB,2,0,0,-1.1779025925232496,-1.72419605651622
ASXL2,ASXL2,2,0,0,-1.3665487641796226,-1.72718969992766
KIF3C,KIF3C,2,0,0,-2.3804326096209447,-4.49254977260731
RAB10,RAB10,2,0,0,0.7326960651539238,0.713472030043636
GAREM2,GAREM2,2,0,0,-2.915231581602937,
HADHA,HADHA,2,0,0,0.3658601584579184,0.792748921610077
HADHB,HADHB,2,0,0,0.990936461713769,1.03693885464267
ADGRF3,ADGRF3,2,0,0,-1.8971075218394322,
SELENOI,SELENOI,2,0,0,1.5636406091330564,2.98019759382988
DRC1,DRC1,2,0,0,-1.1039268145607348,
OTOF,OTOF,2,0,0,-1.8399304217339747,
CIMIP2C,CIMIP2C,2,0,0,-1.8916424242192118,
CIB4,CIB4,2,0,0,-0.6504013037692911,
KCNK3,KCNK3,2,0,0,-2.2459951281013417,
SLC35F6,SLC35F6,2,0,0,-1.4964475984492207,-0.870269493770412
CENPA,CENPA,2,0,0,-2.608556055981442,
DPYSL5,DPYSL5,2,0,0,-1.1646155365643818,
MAPRE3,MAPRE3,2,0,0,-0.6731386533757195,-0.0128388966948607
TMEM214,TMEM214,2,0,0,-1.8245306638185905,-0.976135477364826
AGBL5,AGBL5,2,0,0,-1.8479076783898236,-4.23459707721209
OST4,OST4,2,0,0,-0.12462862635605276,1.19766662400443
EMILIN1,EMILIN1,2,0,0,-3.3806657403256164,-2.11873425819198
KHK,KHK,2,0,0,-1.9071060024803508,-1.05176321936798
CGREF1,CGREF1,2,0,0,-2.3043290494053466,-1.30752917353533
ABHD1,ABHD1,2,0,0,-1.5449901027758042,-2.77268870784831
PREB,PREB,2,0,0,-1.5287781405194476,-2.89099051105545
PRR30,PRR30,2,0,0,-3.440303390123722,
TCF23,TCF23,2,0,0,-3.0197618495229506,
SLC5A6,SLC5A6,2,0,0,-0.5577814089342699,-1.31225527309606
ATRAID,ATRAID,2,0,0,-0.38120757886943046,1.2410466240569
CAD,CAD,2,0,0,-1.4134650200882515,-1.96278291636644
SLC30A3,SLC30A3,2,0,0,-2.295543106983267,
DNAJC5G,DNAJC5G,2,0,0,-0.39589489022092117,
TRIM54,TRIM54,2,0,0,-2.2526521962243873,
UCN,UCN,2,0,0,-3.418956247205294,
MPV17,MPV17,2,0,0,-0.3364191635371565,-0.475851640969376
GTF3C2,GTF3C2,2,0,0,-1.3625129054581677,-1.4390249897912
EIF2B4,EIF2B4,2,0,0,-1.0767179010022527,-0.725862207252254
SNX17,SNX17,2,0,0,-1.5610117039863791,-1.26283458154582
ZNF513,ZNF513,2,0,0,-3.2013008844240574,-3.98069898398955
PPM1G,PPM1G,2,0,0,-1.1670667468024583,-1.18824513730225
NRBP1,NRBP1,2,0,0,-1.1622038931918972,-0.555414090096799
KRTCAP3,KRTCAP3,2,0,0,-1.266332825020763,-0.420110356343895
IFT172,IFT172,2,0,0,-0.24426571992846213,-1.50430114556834
FNDC4,FNDC4,2,0,0,-2.417740397346323,-3.67394088386193
GCKR,GCKR,2,0,0,-1.041609174088567,-0.550368967688862
SPATA31H1,SPATA31H1,2,0,0,-0.9950273645777585,-2.33432997169997
ZNF512,ZNF512,2,0,0,-1.031864409391801,-1.33319159581695
CCDC121,CCDC121,2,0,0,-1.2895408081775166,
GPN1,GPN1,2,0,0,0.3466900561428492,0.619892649549362
SUPT7L,SUPT7L,2,0,0,-1.6444621279274791,-1.1338858321195
SLC4A1AP,SLC4A1AP,2,0,0,-0.9338563955031685,-0.211133405538286
MRPL33,MRPL33,2,0,0,0.8316080899378999,3.43525846429611
RBKS,RBKS,2,0,0,0.3547452125944375,0.298267763246015
BABAM2,BABAM2,2,0,0,0.1456595162493013,1.86677065024964
FOSL2,FOSL2,2,0,0,-2.9654155225933287,-2.63602504068133
PLB1,PLB1,2,0,0,-1.3208903915890762,
PPP1CB,PPP1CB,2,0,0,1.1813867803556732,0.686488170167708
SPDYA,SPDYA,2,0,0,0.9906489780245842,
TRMT61B,TRMT61B,2,0,0,-0.32594547363549076,-0.625194001306964
WDR43,WDR43,2,0,0,-0.29496613679619266,0.300492785745318
TOGARAM2,TOGARAM2,2,0,0,-2.5112008072590175,
PCARE,PCARE,2,0,0,-3.2601433030760276,
CLIP4,CLIP4,2,0,0,0.5138941117728777,-0.960945943715052
ALK,ALK,2,0,0,-1.7065564925670405,
YPEL5,YPEL5,2,0,0,0.002710223717032889,1.05515636233723
LBH,LBH,2,0,0,-1.4335185536464596,-1.62660253118278
LCLAT1,LCLAT1,2,0,0,0.5884391945316114,2.73796650823391
CAPN13,CAPN13,2,0,0,-0.7520285053820839,
GALNT14,GALNT14,2,0,0,-1.531279680280571,-0.849334664567515
CAPN14,CAPN14,2,0,0,-1.2657912648785867,
EHD3,EHD3,2,0,0,-2.006393669528334,-2.20793829265372
XDH,XDH,2,0,0,-0.8196221504453352,-0.605449348804623
SRD5A2,SRD5A2,2,0,0,-0.603021053117331,0.202553610607534
MEMO1,MEMO1,2,0,0,0.374490233189535,1.64074891230055
DPY30,DPY30,2,0,0,0.05890834275682444,0.662865290493198
SPAST,SPAST,2,0,0,0.07217285227815218,1.52201063657189
SLC30A6,SLC30A6,2,0,0,0.7749536178029448,3.30241797250559
NLRC4,NLRC4,2,0,0,-0.10553862936181346,
YIPF4,YIPF4,2,0,0,1.5908697990323564,2.24834019124256
BIRC6,BIRC6,2,0,0,0.13619345000607908,0.0243332145314222
TTC27,TTC27,2,0,0,0.37515771992713276,0.118333663087253
LTBP1,LTBP1,2,0,0,-1.0514304953544062,-0.486966286042243
RASGRP3,RASGRP3,2,0,0,-0.30438388090406754,-2.74174361504264
FAM98A,FAM98A,2,0,0,-0.4050274779478258,-0.166260213501298
CRIM1,CRIM1,2,0,0,-1.0540434205494815,-0.998551576781854
FEZ2,FEZ2,2,0,0,-0.9104249934357345,0.0564615180759487
VIT,VIT,2,0,0,-0.8838074449959112,
STRN,STRN,2,0,0,-0.005396552816730349,0.518195122526721
HEATR5B,HEATR5B,2,0,0,0.48338695349025684,0.286454870740379
GPATCH11,GPATCH11,2,0,0,0.14945626285057223,0.673374134124155
EIF2AK2,EIF2AK2,2,0,0,0.859961124762803,2.18541222174627
SULT6B1,SULT6B1,2,0,0,1.2017401970638684,
CEBPZOS,CEBPZOS,2,0,0,1.9179591442011503,
CEBPZ,CEBPZ,2,0,0,0.8321192318734791,0.589368847255717
NDUFAF7,NDUFAF7,2,0,0,0.6328444537172793,1.23596268781452
PRKD3,PRKD3,2,0,0,0.4511866049269937,-0.580505067907744
QPCT,QPCT,2,0,0,-0.5343940251672645,0.236038518733696
CDC42EP3,CDC42EP3,2,0,0,-1.6260418651554964,-2.1858064900528
RMDN2,RMDN2,2,0,0,0.8870290408914894,2.77536310095967
CYP1B1,CYP1B1,2,0,0,-1.494191590603327,
ATL2,ATL2,2,0,0,1.084706723679064,0.856838042247712
HNRNPLL,HNRNPLL,2,0,0,0.4889408633416874,0.0579352756548048
GALM,GALM,2,0,0,-0.8385936792182314,-0.164196025614257
SRSF7,SRSF7,2,0,0,-1.2442084429414173,-0.195515296358939
GEMIN6,GEMIN6,2,0,0,-0.047737253180137884,1.17190698641311
DHX57,DHX57,2,0,0,0.10908504234376792,0.299945000810226
MORN2,MORN2,2,0,0,0.8862119718041939,0.593573127396585
ARHGEF33,ARHGEF33,2,0,0,-1.3011038764138547,
SOS1,SOS1,2,0,0,0.007046717614949571,-0.36183612150819
CDKL4,CDKL4,2,0,0,0.7615262242075413,
MAP4K3,MAP4K3,2,0,0,0.39597905607941186,0.238053322662173
TMEM178A,TMEM178A,2,0,0,-1.7611243746702634,-3.58457248123296
THUMPD2,THUMPD2,2,0,0,1.053412346781517,0.322224262577369
SLC8A1,SLC8A1,2,0,0,0.49806083155805325,-1.37265632093808
PKDCC,PKDCC,2,0,0,-2.688476857446849,-5.30741339492726
EML4,EML4,2,0,0,0.05954167663476717,0.244161344505976
COX7A2L,COX7A2L,2,0,0,0.4713327262702407,0.0380013106205336
KCNG3,KCNG3,2,0,0,-0.8697760718521881,
MTA3,MTA3,2,0,0,-0.006160199327807092,0.458595174177821
OXER1,OXER1,2,0,0,-2.460016868293037,-7.0275484315432
HAAO,HAAO,2,0,0,-2.3327524927274084,-1.64492886164117
ZFP36L2,ZFP36L2,2,0,0,-3.3209653093633698,-2.39210614485126
THADA,THADA,2,0,0,0.0784143752493911,-1.75160624187766
PLEKHH2,PLEKHH2,2,0,0,-0.21498807733575198,-2.43748252015388
C1GALT1C1L,C1GALT1C1L,2,0,0,0.9572486371914746,
DYNC2LI1,DYNC2LI1,2,0,0,0.9561167087590476,0.0155551347364628
ABCG5,ABCG5,2,0,0,-0.46333649300887636,-1.43297168123009
ABCG8,ABCG8,2,0,0,-1.4493699778908855,-0.956651737914613
LRPPRC,LRPPRC,2,0,0,0.8622771706505894,1.67522212108656
PPM1B,PPM1B,2,0,0,0.4598144742602006,-0.706115859114756
SLC3A1,SLC3A1,2,0,0,0.330546790719934,1.63037832484969
PREPL,PREPL,2,0,0,1.180651768539672,1.78545208029037
CAMKMT,CAMKMT,2,0,0,0.18658669111416692,-0.325607989639115
SIX3,SIX3,2,0,0,-2.7192918534850126,
SIX2,SIX2,2,0,0,-3.225534417261633,
SRBD1,SRBD1,2,0,0,0.22997744579007673,0.896599099014843
PRKCE,PRKCE,2,0,0,-1.0251101006379884,-2.34556291554731
EPAS1,EPAS1,2,0,0,-2.2263781634492332,-1.79990125815353
ATP6V1E2,ATP6V1E2,2,0,0,-0.24320567681808747,
RHOQ,RHOQ,2,0,0,0.19047931949133634,-4.19878047300705
PIGF,PIGF,2,0,0,1.4102986718025807,2.648855362683
CRIPT,CRIPT,2,0,0,1.626660154770141,3.10043955821902
SOCS5,SOCS5,2,0,0,-0.3815602917969194,-0.363130358490798
MCFD2,MCFD2,2,0,0,-0.3808544606107862,0.642771588385191
TTC7A,TTC7A,2,0,0,-1.9442796234608704,-2.83955707437772
STPG4,STPG4,2,0,0,-0.2314384312501332,
CALM2,CALM2,2,0,0,2.028993197800663,5.61801808907048
EPCAM,EPCAM,2,0,0,1.394591647824905,1.37512092238523
MSH2,MSH2,2,0,0,1.1099461047330745,2.34040634834085
KCNK12,KCNK12,2,0,0,-2.141338815075219,
MSH6,MSH6,2,0,0,0.2199560238638707,0.623039628961701
FBXO11,FBXO11,2,0,0,0.7732294006933618,0.159699476642532
FOXN2,FOXN2,2,0,0,0.09023638194380013,0.912334607466939
PPP1R21,PPP1R21,2,0,0,-0.13503787476516926,-0.42144777721169
STON1,STON1,2,0,0,-0.19323628729062037,
GTF2A1L,GTF2A1L,2,0,0,0.31525474055288605,
LHCGR,LHCGR,2,0,0,0.6480559441961482,
FSHR,FSHR,2,0,0,-0.32523585749722095,
NRXN1,NRXN1,2,0,0,-0.5598367149423318,
ASB3,ASB3,2,0,0,0.6427494117678503,1.03805568140216
CHAC2,CHAC2,2,0,0,1.1996838529789038,1.89608899601922
ERLEC1,ERLEC1,2,0,0,0.17650275420679584,-0.65585921479931
GPR75,GPR75,2,0,0,-0.5631482553340881,
PSME4,PSME4,2,0,0,0.43455135582129323,0.241467987783683
ACYP2,ACYP2,2,0,0,0.3568646331787484,-1.09793502354738
TSPYL6,TSPYL6,2,0,0,-1.7275677501792313,
CIMIP6,CIMIP6,2,0,0,-0.6183251946349273,
SPTBN1,SPTBN1,2,0,0,-1.5615198261854388,-2.64578753862549
EML6,EML6,2,0,0,-0.10063662189681821,
RTN4,RTN4,2,0,0,-0.175258199332454,1.89368513400179
CLHC1,CLHC1,2,0,0,1.0285233510674505,
RPS27A,RPS27A,2,0,0,0.8482469808847171,0.499558317678447
MTIF2,MTIF2,2,0,0,0.9937100017624747,0.0061870089425346
CCDC88A,CCDC88A,2,0,0,0.04724495203636536,-0.219882159935879
CFAP36,CFAP36,2,0,0,-0.13022416186089458,-0.812756935742759
PPP4R3B,PPP4R3B,2,0,0,0.8465424883030916,-1.07007061437753
PNPT1,PNPT1,2,0,0,1.0341988249990504,0.901392053828355
EFEMP1,EFEMP1,2,0,0,-0.4929221239121393,1.80275340014218
CCDC85A,CCDC85A,2,0,0,-3.265074195042521,
VRK2,VRK2,2,0,0,0.6568290395859915,1.24956747201077
FANCL,FANCL,2,0,0,0.5760427324341109,0.412948780349739
BCL11A,BCL11A,2,0,0,-2.7745075671838837,
PAPOLG,PAPOLG,2,0,0,0.775326298375937,2.7579327766607
REL,REL,2,0,0,0.4376598008157391,
PUS10,PUS10,2,0,0,0.6342506653393922,1.88374533184059
PEX13,PEX13,2,0,0,0.4853228543160384,-0.0068933267213303
SANBR,SANBR,2,0,0,0.8063521899865762,-1.78078785851859
C2orf74,C2orf74,2,0,0,-0.25704017808728885,-1.24551902001523
USP34,USP34,2,0,0,0.5006631111098052,-1.47591393798453
XPO1,XPO1,2,0,0,1.4355809117016136,3.40674159321026
FAM161A,FAM161A,2,0,0,-0.3082536592679386,-0.331181170161397
CCT4,CCT4,2,0,0,0.7913406405229875,1.04790293542927
COMMD1,COMMD1,2,0,0,-1.2143480892647567,0.537054189590331
B3GNT2,B3GNT2,2,0,0,-0.23728257349739224,-0.925131979276448
TMEM17,TMEM17,2,0,0,0.6036865183497202,0.653623390211647
EHBP1,EHBP1,2,0,0,0.0485551903610002,-1.70458836097207
OTX1,OTX1,2,0,0,-2.6873897839102217,
WDPCP,WDPCP,2,0,0,-0.08263118698049077,-0.543929907445424
MDH1,MDH1,2,0,0,1.0863135545007498,1.74506119597284
UGP2,UGP2,2,0,0,0.9254283739127374,3.16701546336387
VPS54,VPS54,2,0,0,0.745135947479481,-0.357369379661486
PELI1,PELI1,2,0,0,0.1335065234851669,0.616632133286908
LGALSL,LGALSL,2,0,0,-0.7482066193335459,-0.0996415598040811
AFTPH,AFTPH,2,0,0,0.13399471028957066,0.809644120349504
SERTAD2,SERTAD2,2,0,0,-2.1735377243177734,-1.94069234018806
SLC1A4,SLC1A4,2,0,0,-0.8183833171652424,-0.0572997092845406
CEP68,CEP68,2,0,0,-2.3616016642170337,-2.09100288672685
RAB1A,RAB1A,2,0,0,1.2635029141207532,1.10506909974128
ACTR2,ACTR2,2,0,0,1.0715966487834443,1.36947823953593
SPRED2,SPRED2,2,0,0,-1.685124405460078,-3.76839361798166
MEIS1,MEIS1,2,0,0,-0.6703033311172959,-1.83046648935534
ETAA1,ETAA1,2,0,0,0.6548136228157269,-1.64839984516609
C1D,C1D,2,0,0,1.8164430911431815,
DNAAF10,DNAAF10,2,0,0,0.26530540815316783,0.311003892505044
PNO1,PNO1,2,0,0,-0.14500859064565041,-0.127389363225412
PPP3R1,PPP3R1,2,0,0,1.758989582093962,
CNRIP1,CNRIP1,2,0,0,-0.8138742476302099,-1.56606110286549
PLEK,PLEK,2,0,0,-0.26976023800962956,0.044587951564856
FBXO48,FBXO48,2,0,0,-0.08612637758671582,-0.434018988527053
APLF,APLF,2,0,0,-0.4044216142826613,-0.123505500993254
PROKR1,PROKR1,2,0,0,-0.27211334923785735,
ARHGAP25,ARHGAP25,2,0,0,-1.1729887640785037,-1.54063232544161
BMP10,BMP10,2,0,0,-0.7460218843223565,1.00456909766658
GKN2,GKN2,2,0,0,0.17263860121516927,
GKN1,GKN1,2,0,0,0.7757052757025598,
ANTXR1,ANTXR1,2,0,0,-0.9255302584451783,-2.42301276396612
GFPT1,GFPT1,2,0,0,0.6771841009323705,1.50691255617657
NFU1,NFU1,2,0,0,0.5890653829574788,0.953621554030046
AAK1,AAK1,2,0,0,-1.2385770850354536,-1.78389737653323
ANXA4,ANXA4,2,0,0,-0.00044103709885057185,0.173556888736262
GMCL1,GMCL1,2,0,0,0.2990207341492592,-3.09455101196134
SNRNP27,SNRNP27,2,0,0,-1.7029583346098445,-0.975011034227577
MXD1,MXD1,2,0,0,-2.2099075418498355,-2.49921961974378
ASPRV1,ASPRV1,2,0,0,-1.7173056324549094,-6.58787919398905
PCBP1,PCBP1,2,0,0,-1.4355578224080414,-0.118263576007617
C2orf42,C2orf42,2,0,0,-0.8395945368598223,-3.14844308175437
TIA1,TIA1,2,0,0,1.054932158059417,-0.124539006700416
PCYOX1,PCYOX1,2,0,0,0.7323001973990131,1.67550712277199
SNRPG,SNRPG,2,0,0,0.76981780809448,
FAM136A,FAM136A,2,0,0,-2.4689689523717533,-1.39450665965993
TGFA,TGFA,2,0,0,-1.7539705806087387,
ADD2,ADD2,2,0,0,-2.1442117467065156,
FIGLA,FIGLA,2,0,0,-1.7854484474235992,
CLEC4F,CLEC4F,2,0,0,-0.5444156796614941,
CD207,CD207,2,0,0,-0.7124448642651213,
VAX2,VAX2,2,0,0,-3.2502926962881187,
ATP6V1B1,ATP6V1B1,2,0,0,-1.3637633793196198,
ANKRD53,ANKRD53,2,0,0,-2.24767506913426,
TEX261,TEX261,2,0,0,0.8535451492370179,0.292746389317998
NAGK,NAGK,2,0,0,-1.2769085083822063,-0.17157736323103
MCEE,MCEE,2,0,0,0.6046655807125934,1.39892817023885
MPHOSPH10,MPHOSPH10,2,0,0,0.3165270525757684,-0.0914306525971011
PAIP2B,PAIP2B,2,0,0,-0.7580469795411577,0.197054932747509
ZNF638,ZNF638,2,0,0,0.35435921167677975,0.912314559251346
DYSF,DYSF,2,0,0,-1.6495903454279564,-2.15111479478611
CYP26B1,CYP26B1,2,0,0,-2.238115137767341,
EXOC6B,EXOC6B,2,0,0,0.21649552385818716,-1.36978559775212
SPR,SPR,2,0,0,-1.9226500091523828,-1.70943311532816
EMX1,EMX1,2,0,0,-2.684142135685521,
SFXN5,SFXN5,2,0,0,-1.1447924252144865,-1.5202334208491
RAB11FIP5,RAB11FIP5,2,0,0,-3.3469701106549863,-2.65517242981951
NOTO,NOTO,2,0,0,-2.351678474801375,
SMYD5,SMYD5,2,0,0,-1.4490686692336538,-1.21624537485148
PRADC1,PRADC1,2,0,0,-1.5850629510998697,-1.77332910808861
CCT7,CCT7,2,0,0,0.09615944639608642,0.157642146818367
FBXO41,FBXO41,2,0,0,-3.2496854501009818,
EGR4,EGR4,2,0,0,-2.65910874406228,
ALMS1,ALMS1,2,0,0,-0.5395859150823146,-2.96358724686975
NAT8,NAT8,2,0,0,-1.2761437070400774,0.722109956675547
TPRKB,TPRKB,2,0,0,1.5974324536325337,1.39958037764102
DUSP11,DUSP11,2,0,0,-0.13915770729350818,0.396022714076875
C2orf78,C2orf78,2,0,0,-1.025712900683244,
STAMBP,STAMBP,2,0,0,-0.9860579142298587,-0.796936582341008
ACTG2,ACTG2,2,0,0,-0.6589749314224047,0.116024110653792
DGUOK,DGUOK,2,0,0,-1.0060461013018749,-0.440696198228248
TET3,TET3,2,0,0,-2.654358082664249,-5.66259618182721
BOLA3,BOLA3,2,0,0,-0.12502979458513686,-1.21730449416509
MOB1A,MOB1A,2,0,0,1.0944130715369091,2.99702433670199
MTHFD2,MTHFD2,2,0,0,0.7987478076145624,0.0260306558345037
SLC4A5,SLC4A5,2,0,0,-1.2045240795286798,
DCTN1,DCTN1,2,0,0,-1.7757899580868877,-1.72584367733293
C2orf81,C2orf81,2,0,0,-2.808702313408963,
WDR54,WDR54,2,0,0,-1.430917799330535,-1.28270357650357
RTKN,RTKN,2,0,0,-2.389377784001047,-1.73543322850357
INO80B,INO80B,2,0,0,-2.5484785581841845,-2.30420900012373
WBP1,WBP1,2,0,0,-2.550758527722767,-3.36913605911883
MOGS,MOGS,2,0,0,-1.9965866249145172,-1.12058241659512
MRPL53,MRPL53,2,0,0,-1.6200510388851352,-0.437745988765135
CCDC142,CCDC142,2,0,0,-2.5720782974281597,
TTC31,TTC31,2,0,0,-2.464190709133307,-2.05426490165033
LBX2,LBX2,2,0,0,-2.1910539120191164,-3.72589540364568
PCGF1,PCGF1,2,0,0,-1.1637585562760453,-1.27556879462699
TLX2,TLX2,2,0,0,-2.8323273807698595,
DQX1,DQX1,2,0,0,-1.5261574378039526,
AUP1,AUP1,2,0,0,-1.6844768319996692,-2.03363096779945
HTRA2,HTRA2,2,0,0,-1.3987385439992668,-1.31831760630981
LOXL3,LOXL3,2,0,0,-2.2860989631723534,-0.833822264415335
DOK1,DOK1,2,0,0,-2.25391980362774,-2.02427305729788
M1AP,M1AP,2,0,0,-1.4575503278440944,
SEMA4F,SEMA4F,2,0,0,-1.7573267498447382,
HK2,HK2,2,0,0,-1.099754917597778,
POLE4,POLE4,2,0,0,-0.8002017403216133,-0.641085360616779
TACR1,TACR1,2,0,0,-0.7790696308788956,
EVA1A,EVA1A,2,0,0,-2.762252208927631,-1.40503564622061
MRPL19,MRPL19,2,0,0,0.19696664044743173,0.5886365050158
GCFC2,GCFC2,2,0,0,0.00760867093696227,-1.29463081703542
LRRTM4,LRRTM4,2,0,0,-0.5641113295629623,
REG3G,REG3G,2,0,0,-0.825242786034659,
REG1B,REG1B,2,0,0,-0.4223092960259205,
REG1A,REG1A,2,0,0,-0.7469123962057793,
REG3A,REG3A,2,0,0,-1.1422379220339067,
CTNNA2,CTNNA2,2,0,0,-0.37786305138027565,
LRRTM1,LRRTM1,2,0,0,-2.372721334447535,
SUCLG1,SUCLG1,2,0,0,0.229001744040513,0.838508111379047
DNAH6,DNAH6,2,0,0,0.8434064962044872,0.172781883880771
TRABD2A,TRABD2A,2,0,0,-2.042881667370045,-1.40288171919901
TMSB10,TMSB10,2,0,0,-1.8896165183394462,-0.274432905552871
KCMF1,KCMF1,2,0,0,-0.4894456381849377,-1.08228747435465
TCF7L1,TCF7L1,2,0,0,-3.0265338382178477,-3.63851533878407
TGOLN2,TGOLN2,2,0,0,-1.9158505515686972,-0.732343437097465
RETSAT,RETSAT,2,0,0,-0.9850633875434625,-0.381521704652357
ELMOD3,ELMOD3,2,0,0,-1.5938516491103698,-3.52989296557615
CAPG,CAPG,2,0,0,-1.7609031709621323,-1.04777904336555
SH2D6,SH2D6,2,0,0,-2.689005430994442,
MAT2A,MAT2A,2,0,0,0.9229578490160524,0.952994597606729
GGCX,GGCX,2,0,0,-0.8032526983792607,0.319837767235702
VAMP8,VAMP8,2,0,0,-0.12646742648020393,-0.654366045992212
VAMP5,VAMP5,2,0,0,-1.7613185294308398,-0.798005798362394
RNF181,RNF181,2,0,0,-1.6371939571233067,0.178148700330496
TMEM150A,TMEM150A,2,0,0,-1.4835661358812295,-2.06619356358315
C2orf68,C2orf68,2,0,0,-3.1893557110919506,-2.37996095030976
USP39,USP39,2,0,0,-0.5845320726783338,-0.899414073802208
SFTPB,SFTPB,2,0,0,-2.4423611433818184,
GNLY,GNLY,2,0,0,-1.5183800426057221,-2.18906365181338
ATOH8,ATOH8,2,0,0,-2.766492217854017,-2.56554753674648
ST3GAL5,ST3GAL5,2,0,0,-0.13990222665041863,-1.50935255407108
POLR1A,POLR1A,2,0,0,-1.1523424148594135,-1.46700811930012
PTCD3,PTCD3,2,0,0,0.35973850461411594,1.42257054353325
IMMT,IMMT,2,0,0,-0.2957337699992646,0.252992040702127
MRPL35,MRPL35,2,0,0,0.44000383408015686,2.32849021756576
REEP1,REEP1,2,0,0,-0.5824466047392303,1.00281553778313
KDM3A,KDM3A,2,0,0,-0.06482338063527493,0.0992281434394002
CHMP3,CHMP3,2,0,0,-0.5928317115218089,
RNF103,RNF103,2,0,0,0.6630144981472341,
RMND5A,RMND5A,2,0,0,-0.436608595658468,-0.944686766585216
CD8A,CD8A,2,0,0,-2.211159766541323,-1.35624273716509
CD8B,CD8B,2,0,0,-1.5137664045352963,
RGPD1,RGPD1,2,0,0,0.6186608565030145,
PLGLB1,PLGLB1,2,0,0,-0.005877388096594771,
PLGLB2,PLGLB2,2,0,0,-0.005877388096594771,
RGPD2,RGPD2,2,0,0,0.6306541300030801,
KRCC1,KRCC1,2,0,0,-0.809496864590395,0.0214007489699564
SMYD1,SMYD1,2,0,0,-0.9327341630257653,
FABP1,FABP1,2,0,0,-0.37413983343896895,0.521865944886145
THNSL2,THNSL2,2,0,0,-1.3396337451781264,-1.78337126130652
FOXI3,FOXI3,2,0,0,-2.888613486088385,
SPMIP9,SPMIP9,2,0,0,-1.7243362062015404,
EIF2AK3,EIF2AK3,2,0,0,-0.07355351106303587,-1.48877377208107
RPIA,RPIA,2,0,0,-1.092785070021602,-1.14606047091817
AQP7B,AQP7B,2,0,0,-0.7643236330614478,
TEKT4,TEKT4,2,0,0,-2.8246360053580304,
MAL,MAL,2,0,0,-0.8285150295330599,
MRPS5,MRPS5,2,0,0,-0.37803397592302446,-0.551298270367507
ZNF514,ZNF514,2,0,0,-0.699683407975753,-3.69723325058789
ZNF2,ZNF2,2,0,0,-1.712320857087711,-0.581646809801698
ZNF892,ZNF892,2,0,0,-1.1617280911792562,
PROM2,PROM2,2,0,0,-2.2387524145288804,
KCNIP3,KCNIP3,2,0,0,-1.570557037451902,
FAHD2A,FAHD2A,2,0,0,-1.088652256957129,-0.139482968539702
TRIM43B,TRIM43B,2,0,0,-0.668062564418797,
TRIM43,TRIM43,2,0,0,-0.6894478561162849,
ANKRD36C,ANKRD36C,2,0,0,0.19640511049221487,-4.62074067943211
GPAT2,GPAT2,2,0,0,-2.306837428320854,
ADRA2B,ADRA2B,2,0,0,-2.0337672962648927,-4.23363610607426
ASTL,ASTL,2,0,0,-2.650187742674488,
DUSP2,DUSP2,2,0,0,-2.479865096923678,-2.96388948850034
STARD7,STARD7,2,0,0,-0.7489278854078911,-2.3428448723721
TMEM127,TMEM127,2,0,0,-1.6763952757207843,-1.54726202035217
CIAO1,CIAO1,2,0,0,-1.369063291862398,-0.846555056619341
SNRNP200,SNRNP200,2,0,0,-0.7179583393056568,-0.707843384665547
ITPRIPL1,ITPRIPL1,2,0,0,-1.7346971555924462,-3.38185993615947
NCAPH,NCAPH,2,0,0,-0.4939001135774941,
NEURL3,NEURL3,2,0,0,-2.3666826042865505,-2.40417441048916
ARID5A,ARID5A,2,0,0,-2.926905371121798,-3.2107144010718
KANSL3,KANSL3,2,0,0,-2.0088076367523424,-2.88612130156628
FER1L5,FER1L5,2,0,0,-1.341397700405338,
LMAN2L,LMAN2L,2,0,0,-0.5784794527044959,0.41619337464131
CNNM4,CNNM4,2,0,0,-1.6938881067894958,-1.53483061215274
CNNM3,CNNM3,2,0,0,-2.0551904391924545,-1.97110188716825
ANKRD23,ANKRD23,2,0,0,-2.1998408768254745,
ANKRD39,ANKRD39,2,0,0,-2.919413386682134,-1.95192599554729
SEMA4C,SEMA4C,2,0,0,-1.9044122283195648,-2.50671012592069
FAM178B,FAM178B,2,0,0,-2.8387971064740114,
FAHD2B,FAHD2B,2,0,0,-1.0828208950615448,-0.0818568173505319
ANKRD36,ANKRD36,2,0,0,0.2300337366692986,
ANKRD36B,ANKRD36B,2,0,0,0.3884137424975229,
COX5B,COX5B,2,0,0,-1.2136315262276565,-0.218416952205638
ACTR1B,ACTR1B,2,0,0,-1.5194025338298793,-2.32544012200495
C2orf92,C2orf92,2,0,0,0.09081121813621529,
ZAP70,ZAP70,2,0,0,-2.0954664142192314,-3.70765476357319
TMEM131,TMEM131,2,0,0,-0.6708850479096267,-0.844546557784478
VWA3B,VWA3B,2,0,0,-0.624955677861589,
CNGA3,CNGA3,2,0,0,-1.2911784603349794,
INPP4A,INPP4A,2,0,0,-1.6044685237956795,
COA5,COA5,2,0,0,0.24919271214437977,0.240688994750532
UNC50,UNC50,2,0,0,1.595402102596342,1.17570148354441
MGAT4A,MGAT4A,2,0,0,1.4123398109864596,
CRACDL,CRACDL,2,0,0,-3.3096192602984384,
TSGA10,TSGA10,2,0,0,0.3937379768069249,-1.14368715294036
C2orf15,C2orf15,2,0,0,0.44197568794928266,
LIPT1,LIPT1,2,0,0,1.0163778729477624,1.4951516830606
MITD1,MITD1,2,0,0,0.7204987560944058,3.20541072764088
MRPL30,MRPL30,2,0,0,-0.10094839157611446,2.29972876153511
LYG2,LYG2,2,0,0,-0.4515690413148139,
LYG1,LYG1,2,0,0,-0.4641906878359272,
TXNDC9,TXNDC9,2,0,0,0.6335557313382587,
EIF5B,EIF5B,2,0,0,0.6069224245455356,0.788487560404157
REV1,REV1,2,0,0,0.2381855499621377,-2.11754439386131
AFF3,AFF3,2,0,0,-2.348516029073922,
LONRF2,LONRF2,2,0,0,-1.3237524310510036,
CHST10,CHST10,2,0,0,-0.6402334661548821,
NMS,NMS,2,0,0,-0.3274967992852815,
PDCL3,PDCL3,2,0,0,-0.18536883592819997,0.475002388597809
NPAS2,NPAS2,2,0,0,-2.3017409981586816,-4.39215454074461
RPL31,RPL31,2,0,0,0.6186288212202538,-1.88912769809548
TBC1D8,TBC1D8,2,0,0,-1.3481117603261215,-3.12004598737242
CNOT11,CNOT11,2,0,0,-1.2093268479039345,-0.986961466451081
RNF149,RNF149,2,0,0,-0.5953479614756194,-0.441407695876969
CREG2,CREG2,2,0,0,-1.8343216210477795,
RFX8,RFX8,2,0,0,-0.08819425052151608,
MAP4K4,MAP4K4,2,0,0,-1.3981160772645662,-3.11380413546134
IL1R2,IL1R2,2,0,0,-0.46250421191116686,-0.521701340687273
IL1R1,IL1R1,2,0,0,0.7921957525044778,0.0419287278302051
IL1RL2,IL1RL2,2,0,0,0.04428544373048027,-0.818003101579
IL1RL1,IL1RL1,2,0,0,0.5532793711534669,
IL18R1,IL18R1,2,0,0,0.8740354442196718,0.978517308138633
IL18RAP,IL18RAP,2,0,0,0.02762653188164954,-4.07888424666243
SLC9A4,SLC9A4,2,0,0,-0.3519397363337564,
SLC9A2,SLC9A2,2,0,0,-0.2855976375257381,
MFSD9,MFSD9,2,0,0,-1.1463417283689292,-1.96621886515219
TMEM182,TMEM182,2,0,0,1.1799573459472708,
POU3F3,POU3F3,2,0,0,-3.6861007079690236,
MRPS9,MRPS9,2,0,0,0.27061118264503037,-0.0478700806396959
GPR45,GPR45,2,0,0,-1.744412854273504,
TGFBRAP1,TGFBRAP1,2,0,0,-1.4039033146176951,-2.40277333400633
C2orf49,C2orf49,2,0,0,-0.7608767319292777,-0.280947611241233
FHL2,FHL2,2,0,0,-1.4401334375975896,-0.644209985003191
NCK2,NCK2,2,0,0,-2.6118057164657955,-3.5879049469544
ECRG4,ECRG4,2,0,0,-0.22927657395555556,-0.490556507006277
UXS1,UXS1,2,0,0,-0.8098107862073345,-0.453921109986291
RGPD3,RGPD3,2,0,0,0.6526835150484747,
CD8B2,CD8B2,2,0,0,-1.4333984196112723,
ST6GAL2,ST6GAL2,2,0,0,-1.5948429847914944,-1.89149630130103
RGPD4,RGPD4,2,0,0,0.6045898869129456,
SLC5A7,SLC5A7,2,0,0,1.2611441856083836,
SULT1C3,SULT1C3,2,0,0,0.898586130323876,
SULT1C2,SULT1C2,2,0,0,0.08663517337540938,
SULT1C4,SULT1C4,2,0,0,0.8116981729489172,0.834863683601669
GCC2,GCC2,2,0,0,0.3031574004066435,1.03121216896669
LIMS1,LIMS1,2,0,0,-0.3582952099978023,-1.34376777327729
RANBP2,RANBP2,2,0,0,0.7009379138701153,1.32398839410422
CCDC138,CCDC138,2,0,0,0.39473296278552716,
EDAR,EDAR,2,0,0,-2.1712157779830807,
SH3RF3,SH3RF3,2,0,0,-2.7709992482524655,
SEPTIN10,SEPTIN10,2,0,0,0.305376140674527,0.490547570755993
SOWAHC,SOWAHC,2,0,0,-3.463256107264332,-3.20328555681925
RGPD5,RGPD5,2,0,0,0.7023393453211728,
LIMS3,LIMS3,2,0,0,-0.5138456451029896,
MALL,MALL,2,0,0,-0.016484429660113875,
NPHP1,NPHP1,2,0,0,0.03546873038372311,0.373379587135289
MTLN,MTLN,2,0,0,-1.1262129956075349,-0.904953069593094
LIMS4,LIMS4,2,0,0,-0.5138456451029896,
RGPD6,RGPD6,2,0,0,0.7023393453211728,
BUB1,BUB1,2,0,0,0.3297916677951793,-1.1057693203462
ACOXL,ACOXL,2,0,0,-0.5285877202305578,
BCL2L11,BCL2L11,2,0,0,-1.713532455609732,-1.30025269025792
ANAPC1,ANAPC1,2,0,0,0.036928320108343016,1.52795625647659
MERTK,MERTK,2,0,0,-0.4455765551020914,-0.418485042308958
TMEM87B,TMEM87B,2,0,0,1.343925125177762,1.20797200903151
FBLN7,FBLN7,2,0,0,-2.693652111083864,-1.98191137539717
ZC3H8,ZC3H8,2,0,0,0.6682041419314686,-0.123389287893718
ZC3H6,ZC3H6,2,0,0,-0.6499581357698556,-1.91377743288322
RGPD8,RGPD8,2,0,0,0.6828626673245761,-2.98269982480191
TTL,TTL,2,0,0,-0.6678895429201024,-2.52178493889123
POLR1B,POLR1B,2,0,0,0.36998756678479516,0.197684302796647
CHCHD5,CHCHD5,2,0,0,-2.031347893539145,-0.595012600944859
SLC20A1,SLC20A1,2,0,0,0.4388412273438149,-0.821204245899232
NT5DC4,NT5DC4,2,0,0,-1.3273565240824645,
CKAP2L,CKAP2L,2,0,0,-0.10869006800933256,
IL1A,IL1A,2,0,0,-0.03855810267713977,
IL1B,IL1B,2,0,0,-0.12658412089362336,-0.802097211432413
IL37,IL37,2,0,0,-0.9730590403426209,
IL36G,IL36G,2,0,0,0.2975915780042264,
IL36A,IL36A,2,0,0,-0.8904396802135057,
IL36B,IL36B,2,0,0,0.39008757297867014,
IL36RN,IL36RN,2,0,0,-1.103339042431644,
IL1F10,IL1F10,2,0,0,-0.986860902329509,
IL1RN,IL1RN,2,0,0,-0.624743356354271,-0.396205848166475
PSD4,PSD4,2,0,0,-2.7555696926432756,-3.8546550993838
PAX8,PAX8,2,0,0,-2.9675496978389937,
ZNG1B,ZNG1B,2,0,0,0.423764431695437,-1.31272265070215
FOXD4L1,FOXD4L1,2,0,0,-2.5705627578783297,
RABL2A,RABL2A,2,0,0,-1.064695035182913,1.6732277449548
SLC35F5,SLC35F5,2,0,0,1.3800273704807147,1.08894127300637
ACTR3,ACTR3,2,0,0,0.9258924017057151,1.19665067036946
DPP10,DPP10,2,0,0,0.581427960785776,
DDX18,DDX18,2,0,0,0.8210051182702696,1.62871687594763
CCDC93,CCDC93,2,0,0,-0.27221914277655834,-0.790751744259047
INSIG2,INSIG2,2,0,0,1.0834199679046836,1.61027505299202
EN1,EN1,2,0,0,-2.3701025972388035,
MARCO,MARCO,2,0,0,-1.5098290824111196,-0.636007775238901
C1QL2,C1QL2,2,0,0,-2.2087136650869024,
STEAP3,STEAP3,2,0,0,-2.110831212190158,-1.52698924810018
C2orf76,C2orf76,2,0,0,1.112709625594606,
DBI,DBI,2,0,0,0.16091614381269004,0.633508769973261
TMEM37,TMEM37,2,0,0,-1.8269154624819954,-0.647014755319404
SCTR,SCTR,2,0,0,-1.0722695759754401,-1.89873202448474
CFAP221,CFAP221,2,0,0,0.1819861530869371,-2.29098132617793
TMEM177,TMEM177,2,0,0,-1.7213873782239588,-0.825431474621891
PTPN4,PTPN4,2,0,0,0.6545541564054211,-0.916642355018694
EPB41L5,EPB41L5,2,0,0,0.3239352271071052,1.00718574464022
TMEM185B,TMEM185B,2,0,0,-0.4047221408439867,-0.375077128304839
RALB,RALB,2,0,0,-0.6266101404058766,-1.24545204776144
INHBB,INHBB,2,0,0,-2.8079855401507263,-2.31315018061784
GLI2,GLI2,2,0,0,-3.4532595043671517,
TFCP2L1,TFCP2L1,2,0,0,-2.216639400409999,
CLASP1,CLASP1,2,0,0,-0.9539976937728056,-0.954372976490791
NIFK,NIFK,2,0,0,0.09317465882358,1.00634374551082
TSN,TSN,2,0,0,-0.10730725008035513,1.40657156799842
CNTNAP5,CNTNAP5,2,0,0,-0.8593242578407114,
GYPC,GYPC,2,0,0,-0.8570062806616185,-1.54643747401354
TEX51,TEX51,2,0,0,-1.1923017256328823,
BIN1,BIN1,2,0,0,-2.573535825905619,-2.29342237132258
CYP27C1,CYP27C1,2,0,0,-1.4567357273175094,
ERCC3,ERCC3,2,0,0,-0.5400831464443225,-1.75435037045966
MAP3K2,MAP3K2,2,0,0,-0.1388015186742706,-0.16700121163383
PROC,PROC,2,0,0,-2.544569585629601,-1.21516760989716
IWS1,IWS1,2,0,0,-1.4359847550782021,-0.828232690943151
MYO7B,MYO7B,2,0,0,-2.159662765540224,
LIMS2,LIMS2,2,0,0,-1.981235697158949,-1.17673679218801
GPR17,GPR17,2,0,0,-1.6175687923124347,
SFT2D3,SFT2D3,2,0,0,-1.5533966938178914,-1.87524577192124
WDR33,WDR33,2,0,0,-1.4506224882070988,-1.73123055250606
POLR2D,POLR2D,2,0,0,-0.9132739182844585,0.463726862287426
AMMECR1L,AMMECR1L,2,0,0,-1.1609367156644392,-1.60277776799981
SAP130,SAP130,2,0,0,-1.3156740580990611,-1.08736522355161
UGGT1,UGGT1,2,0,0,0.7252302769602981,0.887611718330062
HS6ST1,HS6ST1,2,0,0,-2.3741304127467693,-4.02417323482681
RAB6C,RAB6C,2,0,0,0.14436452792509868,
POTEF,POTEF,2,0,0,-0.5669596972237354,
CCDC74B,CCDC74B,2,0,0,-2.9421869343138507,
SMPD4,SMPD4,2,0,0,-2.0939067756576595,-2.07445956201879
MZT2B,MZT2B,2,0,0,-2.965370109958357,-2.60991120305447
TUBA3E,TUBA3E,2,0,0,-1.1911158525933612,
CCDC115,CCDC115,2,0,0,-2.562815181947107,-1.3412596555138
IMP4,IMP4,2,0,0,-1.9694841684195161,-1.86490450267054
PTPN18,PTPN18,2,0,0,-2.4313831467997833,-2.20819476462066
POTEI,POTEI,2,0,0,-0.5590284361311308,
CFC1B,CFC1B,2,0,0,-2.9762530375705634,
CFC1,CFC1,2,0,0,-3.044431061367055,
POTEJ,POTEJ,2,0,0,-0.4708435470638612,
GPR148,GPR148,2,0,0,-1.5138060828811373,
AMER3,AMER3,2,0,0,-3.4479251622075733,
ARHGEF4,ARHGEF4,2,0,0,-2.759765968673465,
SMIM39,SMIM39,2,0,0,-1.8708882785499146,
FAM168B,FAM168B,2,0,0,-0.9427134417861751,-0.739683268529379
PLEKHB2,PLEKHB2,2,0,0,0.2462407096711079,0.338129983619875
POTEE,POTEE,2,0,0,-0.5733511347558604,
RAB6D,RAB6D,2,0,0,0.2145079302733066,
TUBA3D,TUBA3D,2,0,0,-1.1488148527391395,
MZT2A,MZT2A,2,0,0,-2.9706174141002997,-2.00994804951796
CCDC74A,CCDC74A,2,0,0,-2.9805555344232584,-3.1916737105584
ANKRD30BL,ANKRD30BL,2,0,0,-0.03237279551447969,
GPR39,GPR39,2,0,0,-1.8657659722978597,-0.802031313962469
LYPD1,LYPD1,2,0,0,-1.256399534947498,
NCKAP5,NCKAP5,2,0,0,-1.775835722556204,-1.88734629742718
MGAT5,MGAT5,2,0,0,0.01673226004139927,-1.2431133859049
TMEM163,TMEM163,2,0,0,-1.773623339619732,
ACMSD,ACMSD,2,0,0,0.020978986831000412,-0.854854108537333
CCNT2,CCNT2,2,0,0,-0.8426025186123081,-0.91329943160385
MAP3K19,MAP3K19,2,0,0,-0.23480131854599406,
RAB3GAP1,RAB3GAP1,2,0,0,0.21784223534148417,-0.14440895626379
ZRANB3,ZRANB3,2,0,0,0.30770016196529326,0.638080679351234
R3HDM1,R3HDM1,2,0,0,-1.0448731438637129,-2.83402029902332
UBXN4,UBXN4,2,0,0,0.08884062880483512,1.10570293353273
LCT,LCT,2,0,0,-1.0359669150194648,
MCM6,MCM6,2,0,0,-0.2115659510246939,0.338883956243725
DARS1,DARS1,2,0,0,1.030230194896971,0.362884537456623
CXCR4,CXCR4,2,0,0,-0.5689846135841385,0.548699046367152
THSD7B,THSD7B,2,0,0,-0.8776709532006546,
HNMT,HNMT,2,0,0,0.7343791442467378,3.04722794451645
SPOPL,SPOPL,2,0,0,0.5106339482980804,1.06832203947717
NXPH2,NXPH2,2,0,0,-0.45052773719269545,
LRP1B,LRP1B,2,0,0,0.5475872424460171,
KYNU,KYNU,2,0,0,0.9265003641189953,1.82632748561917
ARHGAP15,ARHGAP15,2,0,0,0.07333713189187563,-1.31076328532566
GTDC1,GTDC1,2,0,0,0.6037558536564269,0.883125644510608
ZEB2,ZEB2,2,0,0,-0.9471679103818467,-2.01063713560976
ACVR2A,ACVR2A,2,0,0,0.824531429386159,2.05839302938623
ORC4,ORC4,2,0,0,0.5218707734571879,2.54210345683512
MBD5,MBD5,2,0,0,-0.9996337905915116,-3.66076441456743
EPC2,EPC2,2,0,0,-0.45175184424764936,-1.79648513873348
KIF5C,KIF5C,2,0,0,-0.9487266264451257,
LYPD6B,LYPD6B,2,0,0,-0.6925865371808619,
LYPD6,LYPD6,2,0,0,-0.8076468205816703,
MMADHC,MMADHC,2,0,0,0.9305933255847822,3.94187962231275
RND3,RND3,2,0,0,-0.3691563844674324,2.966717444941
RBM43,RBM43,2,0,0,0.6447726450743971,
NMI,NMI,2,0,0,0.864337474109389,1.23058927220124
TNFAIP6,TNFAIP6,2,0,0,1.069841881006619,
RIF1,RIF1,2,0,0,0.6426931261381235,2.04485687649175
NEB,NEB,2,0,0,0.1794454043197895,
ARL5A,ARL5A,2,0,0,1.8484041674222311,-0.113303434263388
CACNB4,CACNB4,2,0,0,-1.044560523074427,
STAM2,STAM2,2,0,0,0.7218672059695113,2.20139387421984
FMNL2,FMNL2,2,0,0,-0.006082453851393055,-0.413173500876725
PRPF40A,PRPF40A,2,0,0,0.4841595470498117,1.0415451052369
ARL6IP6,ARL6IP6,2,0,0,-0.4011401940989483,-0.306495345826474
RPRM,RPRM,2,0,0,-1.321012473756026,
GALNT13,GALNT13,2,0,0,0.9129019408584647,
KCNJ3,KCNJ3,2,0,0,-0.4571935265792231,-2.39776160936231
NR4A2,NR4A2,2,0,0,-1.4499673673253586,-2.16255879644952
GPD2,GPD2,2,0,0,0.746932084829302,-0.276516635651407
GALNT5,GALNT5,2,0,0,-0.37532740781141705,
ERMN,ERMN,2,0,0,-0.3702272513536542,
CYTIP,CYTIP,2,0,0,-1.3130831830042151,-1.44241692344262
ACVR1C,ACVR1C,2,0,0,0.7026726992604821,
ACVR1,ACVR1,2,0,0,-0.03310038562924156,-0.565266042848611
UPP2,UPP2,2,0,0,0.3122454374312422,
CCDC148,CCDC148,2,0,0,0.6860280276467705,
PKP4,PKP4,2,0,0,-1.09592356708756,-2.8543077675924
DAPL1,DAPL1,2,0,0,0.2562678157954039,
TANC1,TANC1,2,0,0,-1.5966521263280988,
WDSUB1,WDSUB1,2,0,0,0.781155838056641,1.77183972452792
BAZ2B,BAZ2B,2,0,0,0.05729423503839648,-1.31429343868733
MARCHF7,MARCHF7,2,0,0,-0.4809737645235881,1.90899149398848
CD302,CD302,2,0,0,1.3314842602257126,1.38133999566446
LY75,LY75,2,0,0,0.5603351993646175,
PLA2R1,PLA2R1,2,0,0,0.2064370625519505,0.814373827307527
ITGB6,ITGB6,2,0,0,-0.34093328223299046,
RBMS1,RBMS1,2,0,0,-0.3794292918109665,1.0918571508698
TANK,TANK,2,0,0,-0.0020515676375456593,0.663469041679353
PSMD14,PSMD14,2,0,0,1.279287340824144,1.53310608496833
TBR1,TBR1,2,0,0,-1.9784466249787194,
SLC4A10,SLC4A10,2,0,0,0.3773987244344763,
DPP4,DPP4,2,0,0,1.0472263499868806,2.44381876528068
GCG,GCG,2,0,0,-0.07927769192910361,
FAP,FAP,2,0,0,1.6066603351961781,
IFIH1,IFIH1,2,0,0,0.657251410789149,0.313319201661812
GCA,GCA,2,0,0,1.700898494273952,1.24990269934901
KCNH7,KCNH7,2,0,0,-0.14747764760035942,
FIGN,FIGN,2,0,0,-1.1555374056630505,-1.27251126446108
GRB14,GRB14,2,0,0,-0.04932239522359794,-0.623987462429784
COBLL1,COBLL1,2,0,0,-0.22090996154936704,-0.397149826041877
SLC38A11,SLC38A11,2,0,0,1.397511694740043,
SCN3A,SCN3A,2,0,0,0.8487787529313788,
SCN2A,SCN2A,2,0,0,0.8620211922697383,
CSRNP3,CSRNP3,2,0,0,-1.4202747240333693,-0.816853043994935
GALNT3,GALNT3,2,0,0,0.925760945141997,-0.105620522131139
TTC21B,TTC21B,2,0,0,1.2931553923807044,2.19078272696083
SCN1A,SCN1A,2,0,0,0.9212038608016844,
SCN9A,SCN9A,2,0,0,0.8991205921274013,0.684174591536127
SCN7A,SCN7A,2,0,0,1.7237273738173613,
XIRP2,XIRP2,2,0,0,0.18586831735229659,
B3GALT1,B3GALT1,2,0,0,0.12487325704525887,
STK39,STK39,2,0,0,0.20107142047434756,-2.01196985541468
CERS6,CERS6,2,0,0,0.5899174715705815,0.690451898189914
NOSTRIN,NOSTRIN,2,0,0,-0.05200216272477931,0.0797844322247966
SPC25,SPC25,2,0,0,1.2534110745867597,
G6PC2,G6PC2,2,0,0,0.38858427557569897,
ABCB11,ABCB11,2,0,0,0.5692280381888217,1.01173590751268
DHRS9,DHRS9,2,0,0,0.8058845717197798,
LRP2,LRP2,2,0,0,0.10044329493510418,
BBS5,BBS5,2,0,0,1.5543160957336237,
KLHL41,KLHL41,2,0,0,1.2372997857101016,
FASTKD1,FASTKD1,2,0,0,1.000613705602781,0.479418010554275
PPIG,PPIG,2,0,0,-0.9510294093590499,0.774176133993964
CFAP210,CFAP210,2,0,0,0.8259424394140051,
PHOSPHO2,PHOSPHO2,2,0,0,2.4137476168599967,
KLHL23,KLHL23,2,0,0,1.1365928741889242,0.895328270395264
SSB,SSB,2,0,0,1.2173236583437053,
METTL5,METTL5,2,0,0,1.4685581504551113,1.55247730724089
UBR3,UBR3,2,0,0,0.2895002243624294,-0.0319416197786855
MYO3B,MYO3B,2,0,0,-0.20437607367371058,
SP5,SP5,2,0,0,-2.8757437434056214,-2.28358149661173
ERICH2,ERICH2,2,0,0,-1.0748107037805017,-0.961884969073376
GAD1,GAD1,2,0,0,-0.08959781337546602,
GORASP2,GORASP2,2,0,0,-0.847823032403122,0.205460588994569
TLK1,TLK1,2,0,0,-0.09439448308612519,-1.54255372783829
METTL8,METTL8,2,0,0,0.654920142349475,1.70192830389993
DCAF17,DCAF17,2,0,0,0.4437312075309272,
CYBRD1,CYBRD1,2,0,0,0.2879421664127495,-0.224641488582223
DYNC1I2,DYNC1I2,2,0,0,0.33170401487143586,1.86892252679883
SLC25A12,SLC25A12,2,0,0,0.4196775125839114,-0.748490145160188
HAT1,HAT1,2,0,0,1.4519298298219887,
METAP1D,METAP1D,2,0,0,-0.5181525592841059,-0.155386357456626
DLX1,DLX1,2,0,0,-2.0392012545666525,
DLX2,DLX2,2,0,0,-3.028814405454451,
ITGA6,ITGA6,2,0,0,0.4078510297616056,0.523776907415246
PDK1,PDK1,2,0,0,0.20499863563773424,-0.333324371211209
RAPGEF4,RAPGEF4,2,0,0,-0.05899136353275303,-0.456684881395162
MAP3K20,MAP3K20,2,0,0,-0.4330618070857657,-0.235849775304421
CDCA7,CDCA7,2,0,0,-0.7743119242744747,
SP3,SP3,2,0,0,-0.322108494317078,-0.334685624408003
OLA1,OLA1,2,0,0,1.3944226403389735,1.1442628846113
SP9,SP9,2,0,0,-3.053537016345402,
CIR1,CIR1,2,0,0,-0.9475617352398533,0.207525863055258
SCRN3,SCRN3,2,0,0,1.2868036745014138,0.146212814371212
GPR155,GPR155,2,0,0,0.8380956472238683,0.578538745843519
WIPF1,WIPF1,2,0,0,-3.2865462580026357,-2.46468315959192
CHRNA1,CHRNA1,2,0,0,-0.6148546585869923,
CHN1,CHN1,2,0,0,0.3464582112997512,-1.21084874227471
ATF2,ATF2,2,0,0,-0.6955328617119463,0.0357627551986441
ATP5MC3,ATP5MC3,2,0,0,0.5646484120830042,1.2794338011155
LNPK,LNPK,2,0,0,-0.00012317767470371166,0.357388279731386
EVX2,EVX2,2,0,0,-2.2077706588717536,
HOXD13,HOXD13,2,0,0,-1.45106171894267,
HOXD12,HOXD12,2,0,0,-1.5865353768626456,
HOXD11,HOXD11,2,0,0,-1.8424717720705903,
HOXD10,HOXD10,2,0,0,-1.382460158563763,
HOXD9,HOXD9,2,0,0,-2.4161912933765226,
HOXD8,HOXD8,2,0,0,-1.763056300021157,
HOXD4,HOXD4,2,0,0,-2.414866631892421,
HOXD3,HOXD3,2,0,0,-2.552850552950151,
HOXD1,HOXD1,2,0,0,-2.3523914493338562,
MTX2,MTX2,2,0,0,1.1119866692807765,2.13764578064873
HNRNPA3,HNRNPA3,2,0,0,1.2400826436039463,0.527506141311738
NFE2L2,NFE2L2,2,0,0,-0.2726844571761067,1.38729161710383
AGPS,AGPS,2,0,0,0.7201123194615668,0.49030702897065
IFT70B,IFT70B,2,0,0,0.1433695679314031,0.0459270408433221
IFT70A,IFT70A,2,0,0,0.046878909519753265,-0.255899361028294
PDE11A,PDE11A,2,0,0,-0.4472006487128386,0.389261917851303
RBM45,RBM45,2,0,0,0.4350590858749914,0.508875433080306
OSBPL6,OSBPL6,2,0,0,-0.46612429744796025,-0.300933051117635
PRKRA,PRKRA,2,0,0,-0.11609849500324998,0.336250522348233
PJVK,PJVK,2,0,0,0.7918120140869309,0.710160629710678
FKBP7,FKBP7,2,0,0,0.9174607638188235,2.2046870231592
PLEKHA3,PLEKHA3,2,0,0,-0.2513549172954743,-0.26108745152111
TTN,TTN,2,0,0,0.3399560674345352,
CCDC141,CCDC141,2,0,0,-0.24593482221538743,
SESTD1,SESTD1,2,0,0,0.3330679417910929,1.31972330228777
ZNF385B,ZNF385B,2,0,0,-1.0998973188967138,-0.834493778965134
CWC22,CWC22,2,0,0,0.0011954942059340112,0.342151452347972
UBE2E3,UBE2E3,2,0,0,-0.49508516161556493,0.452979698225281
ITGA4,ITGA4,2,0,0,0.6360919140311481,-0.170437105022983
CERKL,CERKL,2,0,0,0.11517886375171749,
NEUROD1,NEUROD1,2,0,0,-1.9268999589060805,
ITPRID2,ITPRID2,2,0,0,-0.6205296199878685,-1.73632615089619
PPP1R1C,PPP1R1C,2,0,0,-2.094369316636543,-3.09297328613985
PDE1A,PDE1A,2,0,0,0.5888514775208495,
DNAJC10,DNAJC10,2,0,0,1.2424625795929902,1.63627014782637
FRZB,FRZB,2,0,0,-0.990386797497596,-0.425277266252855
NCKAP1,NCKAP1,2,0,0,0.9231889717874058,0.124696894869957
DUSP19,DUSP19,2,0,0,0.9448545690748045,
NUP35,NUP35,2,0,0,0.011854738035262713,1.90693092861383
ZNF804A,ZNF804A,2,0,0,0.044176628883608515,
FSIP2,FSIP2,2,0,0,0.8751454419203117,
ZC3H15,ZC3H15,2,0,0,1.1321697237531687,0.59584550843502
ITGAV,ITGAV,2,0,0,0.7524196086330761,0.039796357419119
FAM171B,FAM171B,2,0,0,-0.265278791998826,
ZSWIM2,ZSWIM2,2,0,0,0.019617171518344634,
CALCRL,CALCRL,2,0,0,1.1334525756330862,3.05589480693493
TFPI,TFPI,2,0,0,1.4371805501359418,5.12688433228244
GULP1,GULP1,2,0,0,0.42517606171446154,
COL3A1,COL3A1,2,0,0,-0.7201798654145666,-2.06135393100623
COL5A2,COL5A2,2,0,0,-0.8169053446988954,-1.2259892927625
WDR75,WDR75,2,0,0,0.7922104624408064,2.36298934048252
SLC40A1,SLC40A1,2,0,0,0.9171829261750375,0.30727332343792
ASDURF,ASDURF,2,0,0,-0.7592872756163356,
ASNSD1,ASNSD1,2,0,0,1.2528774640043938,0.201871716116847
ANKAR,ANKAR,2,0,0,1.2372165764071426,
OSGEPL1,OSGEPL1,2,0,0,0.8055612280367352,2.44938261750779
ORMDL1,ORMDL1,2,0,0,1.3708976789379381,2.53658186344518
PMS1,PMS1,2,0,0,1.0980927413562078,1.22374194036406
MSTN,MSTN,2,0,0,0.8104273572583498,
C2orf88,C2orf88,2,0,0,-0.40742387110172906,-0.99322616295707
HIBCH,HIBCH,2,0,0,1.1328413688356083,1.63317404697808
INPP1,INPP1,2,0,0,-0.027424470556583813,-0.186520968369186
MFSD6,MFSD6,2,0,0,-0.10246165289455789,-1.78889175945798
NEMP2,NEMP2,2,0,0,0.41242294067616037,
NAB1,NAB1,2,0,0,-1.050445441932391,-2.44266159194167
GLS,GLS,2,0,0,0.685647557120209,0.202663439176769
STAT1,STAT1,2,0,0,-0.23596367478570102,0.5916595683897
STAT4,STAT4,2,0,0,0.04675814282953539,-1.30584617665963
MYO1B,MYO1B,2,0,0,0.3157979578546293,0.219135264426706
NABP1,NABP1,2,0,0,0.19165912063015256,-1.26383465108363
CAVIN2,CAVIN2,2,0,0,-2.498726705539841,-1.1169044949099
TMEFF2,TMEFF2,2,0,0,-0.15775149059382976,
SLC39A10,SLC39A10,2,0,0,0.304888202407108,0.827817169429595
DNAH7,DNAH7,2,0,0,1.0522725155355293,
STK17B,STK17B,2,0,0,0.8759605441793585,
HECW2,HECW2,2,0,0,-1.4569561978798564,-0.380177498658575
CCDC150,CCDC150,2,0,0,-0.19319867495489085,-1.15970138798176
GTF3C3,GTF3C3,2,0,0,0.8193952544922531,1.27864585477443
C2orf66,C2orf66,2,0,0,0.5517480870113474,
PGAP1,PGAP1,2,0,0,1.4080836689722656,
ANKRD44,ANKRD44,2,0,0,-0.07928331912605557,
SF3B1,SF3B1,2,0,0,1.0647429333812184,0.27371019160749
COQ10B,COQ10B,2,0,0,0.7611583901778936,1.64246823630085
HSPD1,HSPD1,2,0,0,1.6349335573416077,1.42706734870561
HSPE1,HSPE1,2,0,0,2.379032483533921,
MOB4,MOB4,2,0,0,0.9631396619663786,
RFTN2,RFTN2,2,0,0,0.10172805101865556,-0.343873168129629
MARS2,MARS2,2,0,0,-1.3194030330944457,-0.515126114372064
BOLL,BOLL,2,0,0,0.7857386879695181,
PLCL1,PLCL1,2,0,0,0.03912164983905164,
SATB2,SATB2,2,0,0,-2.033462869754885,-3.55356928964273
FTCDNL1,FTCDNL1,2,0,0,-0.029746867042465652,-0.256546874153365
C2orf69,C2orf69,2,0,0,-0.018997039585316955,-1.9072816728913
TYW5,TYW5,2,0,0,0.780897061083067,
MAIP1,MAIP1,2,0,0,-0.6367113149759618,0.138914482988721
SPATS2L,SPATS2L,2,0,0,-0.9938306351323529,-0.972094100492748
KCTD18,KCTD18,2,0,0,-0.49643712612691715,-1.11683653314852
SGO2,SGO2,2,0,0,0.9072658253503985,
AOX1,AOX1,2,0,0,0.16652778169972748,0.717428792162661
BZW1,BZW1,2,0,0,1.2244070625771037,1.45373463916142
CLK1,CLK1,2,0,0,0.06971474823478196,0.708704671288091
PPIL3,PPIL3,2,0,0,1.6475084142728917,1.0296226298556
NIF3L1,NIF3L1,2,0,0,-0.0922525663214877,1.26088083012931
ORC2,ORC2,2,0,0,0.47596935692907394,1.80651711555281
HYCC2,HYCC2,2,0,0,-0.40806168454017033,-1.70399253352781
NDUFB3,NDUFB3,2,0,0,1.2821318354674904,0.844058877725854
CFLAR,CFLAR,2,0,0,-0.3792307888934783,-0.73742310693905
CASP10,CASP10,2,0,0,-0.596697195726545,0.607939063790323
CASP8,CASP8,2,0,0,-0.33162424863550477,0.975289568114633
FLACC1,FLACC1,2,0,0,-0.17259335222446737,-3.84001345329479
TRAK2,TRAK2,2,0,0,-1.0429691388132003,-2.99693883327844
STRADB,STRADB,2,0,0,-0.39511564374428687,2.15549135354049
C2CD6,C2CD6,2,0,0,0.21835004719786966,
TMEM237,TMEM237,2,0,0,-0.09146264355381817,0.499122092347406
MPP4,MPP4,2,0,0,-0.5119320657358646,
ALS2,ALS2,2,0,0,-0.1916094726787918,-0.952441182087304
CDK15,CDK15,2,0,0,-1.0216201427054425,
FZD7,FZD7,2,0,0,-1.454627538432888,-2.8491546221496
KIAA2012,KIAA2012,2,0,0,-2.0719022528673516,-3.27109310401605
SUMO1,SUMO1,2,0,0,0.24975958028599798,2.2951977869078
NOP58,NOP58,2,0,0,0.999229797800929,2.16166459038022
BMPR2,BMPR2,2,0,0,-0.14305434465853395,-0.987631882499008
FAM117B,FAM117B,2,0,0,-2.529613521433289,0.0266041985357062
ICA1L,ICA1L,2,0,0,0.2759928384115291,
WDR12,WDR12,2,0,0,0.5581777701982311,2.9124753601611
CARF,CARF,2,0,0,-0.0025470643943403815,-2.77903618067654
NBEAL1,NBEAL1,2,0,0,0.677740784000985,0.498663725278001
CYP20A1,CYP20A1,2,0,0,0.6578377878817818,1.46819056478237
ABI2,ABI2,2,0,0,-0.5501760354305283,-1.95709500787416
RAPH1,RAPH1,2,0,0,-1.3340166619725728,-1.40744218576588
CD28,CD28,2,0,0,0.3218935562858878,
CTLA4,CTLA4,2,0,0,-0.22557843079415996,
ICOS,ICOS,2,0,0,1.3571222553479636,
PARD3B,PARD3B,2,0,0,-0.9649434847054579,-1.57326322507853
NRP2,NRP2,2,0,0,-1.537057937790884,0.435248086571281
INO80D,INO80D,2,0,0,-1.9276521237558963,-2.81801568791793
NDUFS1,NDUFS1,2,0,0,0.9354029661894003,1.41840026401661
EEF1B2,EEF1B2,2,0,0,0.36012464260518584,-1.38362810115247
CMKLR2,CMKLR2,2,0,0,0.4882067532747776,
ZDBF2,ZDBF2,2,0,0,0.4336734952139327,-0.548635693653225
ADAM23,ADAM23,2,0,0,-0.3969190430388476,
FAM237A,FAM237A,2,0,0,-0.5225015671711848,
DYTN,DYTN,2,0,0,-1.0086355941407756,
MDH1B,MDH1B,2,0,0,0.2614104053019801,
FASTKD2,FASTKD2,2,0,0,1.1354381000819487,2.48554052322058
CPO,CPO,2,0,0,0.28322514689391554,
KLF7,KLF7,2,0,0,-2.3373072435371807,-1.99032017335504
CREB1,CREB1,2,0,0,-0.20009087732648467,0.318999321698198
METTL21A,METTL21A,2,0,0,-0.16776184569953578,-1.58199088765976
CCNYL1,CCNYL1,2,0,0,-0.09450984529617834,-0.874723801140821
FZD5,FZD5,2,0,0,-2.0421224080009477,-2.8071790186794
PLEKHM3,PLEKHM3,2,0,0,-0.9460567528935133,-1.73627312392451
CRYGD,CRYGD,2,0,0,-2.037972156762631,
CRYGC,CRYGC,2,0,0,-2.39107284461155,
CRYGB,CRYGB,2,0,0,-1.3125014817439578,
CRYGA,CRYGA,2,0,0,-1.2247234872692907,
C2orf80,C2orf80,2,0,0,0.10221758594381036,
IDH1,IDH1,2,0,0,0.8346586120047572,1.68164190916822
PIKFYVE,PIKFYVE,2,0,0,-0.20314603219052252,-2.20575140798202
PTH2R,PTH2R,2,0,0,0.09799060324894704,
MAP2,MAP2,2,0,0,-0.6369882692596214,-1.28962068941237
UNC80,UNC80,2,0,0,-1.2539438245048071,
RPE,RPE,2,0,0,0.22968892981593392,0.794999728706764
KANSL1L,KANSL1L,2,0,0,0.005318207270079256,-0.506861878438379
ACADL,ACADL,2,0,0,0.591241176513412,2.51882216447075
MYL1,MYL1,2,0,0,-0.05485101044020091,
LANCL1,LANCL1,2,0,0,0.6611035860157148,1.44934787738073
CPS1,CPS1,2,0,0,0.4778327420364956,1.23280712329649
ERBB4,ERBB4,2,0,0,-0.03988673745081961,
IKZF2,IKZF2,2,0,0,-1.3067178494525198,-1.56679319480958
SPAG16,SPAG16,2,0,0,0.11564336107067774,-0.559143675033729
VWC2L,VWC2L,2,0,0,-0.25236195249006954,
BARD1,BARD1,2,0,0,-0.16450471716976978,
ABCA12,ABCA12,2,0,0,0.5048250766441527,
ATIC,ATIC,2,0,0,0.5545029194369224,0.753147523978951
FN1,FN1,2,0,0,-0.7638084472937425,0.526078992399787
MREG,MREG,2,0,0,-0.6422053463263104,-4.51136030082301
PECR,PECR,2,0,0,-0.08286470124757805,0.279240315636017
TMEM169,TMEM169,2,0,0,-0.8952051126221523,-0.944516924478616
XRCC5,XRCC5,2,0,0,0.42659842975192497,1.87684015741112
MARCHF4,MARCHF4,2,0,0,-2.231261645687944,
SMARCAL1,SMARCAL1,2,0,0,-1.2528452675933401,-1.46325389442201
RPL37A,RPL37A,2,0,0,-0.059670686989848676,-1.32806024472036
IGFBP2,IGFBP2,2,0,0,-2.5760277015262005,-1.5521635248197
IGFBP5,IGFBP5,2,0,0,-2.3377369283764047,-1.70429596712375
TNP1,TNP1,2,0,0,-2.020450415114917,
TNS1,TNS1,2,0,0,-2.689066032153301,-2.38693863380633
RUFY4,RUFY4,2,0,0,-2.623292949429178,
CXCR2,CXCR2,2,0,0,-0.7627010294929804,-3.54608364341423
CXCR1,CXCR1,2,0,0,-0.05177993176881479,-2.22977084127885
ARPC2,ARPC2,2,0,0,-0.05258011364324666,-0.537187963614077
GPBAR1,GPBAR1,2,0,0,-2.617479168020763,-2.57350219475214
AAMP,AAMP,2,0,0,-1.579639528896104,-1.10283228833835
PNKD,PNKD,2,0,0,-2.2647567727480276,-1.86138144905073
TMBIM1,TMBIM1,2,0,0,-0.370262413310547,-0.566139257490885
CATIP,CATIP,2,0,0,-1.8027075060560414,
SLC11A1,SLC11A1,2,0,0,-1.3597556608836943,-4.33455225112017
CTDSP1,CTDSP1,2,0,0,-2.5198136386649317,-3.00516977541788
VIL1,VIL1,2,0,0,-1.2931347890492813,-0.716171710604041
USP37,USP37,2,0,0,-0.05856579098864323,-1.32988520784647
CNOT9,CNOT9,2,0,0,-0.39454651632027726,-0.796797516397494
PLCD4,PLCD4,2,0,0,-1.0220032596446078,
ZNF142,ZNF142,2,0,0,-2.6085464603883484,-3.99620038787791
BCS1L,BCS1L,2,0,0,-1.2513678396676386,-0.73683882809653
RNF25,RNF25,2,0,0,-2.103075120189388,-1.38320746503129
STK36,STK36,2,0,0,-1.7472492142901999,-2.28299941154178
TTLL4,TTLL4,2,0,0,-1.4269560964462418,-2.0257775918829
CYP27A1,CYP27A1,2,0,0,-1.601095849508372,-0.840012119502529
PRKAG3,PRKAG3,2,0,0,-2.1768625535519988,
WNT6,WNT6,2,0,0,-3.03300382805344,
WNT10A,WNT10A,2,0,0,-2.90004583306437,
CDK5R2,CDK5R2,2,0,0,-2.7684836727984106,
FEV,FEV,2,0,0,-2.3541737216184355,
CRYBA2,CRYBA2,2,0,0,-2.4916112161053086,
CFAP65,CFAP65,2,0,0,-2.134493167390339,
IHH,IHH,2,0,0,-2.3783123409760023,-2.73557503249642
NHEJ1,NHEJ1,2,0,0,-0.9758926279099533,-0.2740346529739
SLC23A3,SLC23A3,2,0,0,-2.1422052184015428,
CNPPD1,CNPPD1,2,0,0,-1.966256131528013,-1.31889973780315
RETREG2,RETREG2,2,0,0,-2.380082386854765,-3.46056856474557
ZFAND2B,ZFAND2B,2,0,0,-2.0615839209272693,-1.73218157205137
ABCB6,ABCB6,2,0,0,-1.1962336979934403,-1.4475935673056
ATG9A,ATG9A,2,0,0,-1.644773107968982,-1.91865606556516
ANKZF1,ANKZF1,2,0,0,-1.7222058888530025,-1.35898047874655
GLB1L,GLB1L,2,0,0,-0.31366789329772793,0.359482070241739
STK16,STK16,2,0,0,-1.439171978433322,-2.9330627814326
TUBA4A,TUBA4A,2,0,0,-1.0052062831274302,-0.217242107083179
TUBA4B,TUBA4B,2,0,0,-1.542833663464524,
DNAJB2,DNAJB2,2,0,0,-2.131035659765832,-2.06489247603037
PTPRN,PTPRN,2,0,0,-2.640478215212873,
RESP18,RESP18,2,0,0,-1.3807960928631289,
DNPEP,DNPEP,2,0,0,-1.9013508724921415,-1.53956353577451
DES,DES,2,0,0,-2.3312530160142817,-0.781095575023244
SPEG,SPEG,2,0,0,-3.353274801355896,
SPEGNB,SPEGNB,2,0,0,-1.9882780413304282,
GMPPA,GMPPA,2,0,0,-2.11236557953581,-0.330400969174098
ASIC4,ASIC4,2,0,0,-2.374848654966339,
CHPF,CHPF,2,0,0,-2.67636631932192,-3.37747589013027
TMEM198,TMEM198,2,0,0,-1.9892651095822487,-2.79287280323826
OBSL1,OBSL1,2,0,0,-2.716902786071131,-2.31501327752824
INHA,INHA,2,0,0,-2.7144439573436774,
STK11IP,STK11IP,2,0,0,-2.682782416320501,-2.19668202325852
SLC4A3,SLC4A3,2,0,0,-2.5999168551861924,
EPHA4,EPHA4,2,0,0,-0.1847682130161754,
PAX3,PAX3,2,0,0,-2.3233369177292467,
RNF228,RNF228,2,0,0,-2.9443132400178254,
SGPP2,SGPP2,2,0,0,-0.03801335125974781,
FARSB,FARSB,2,0,0,1.1936083491916136,1.44615381813965
MOGAT1,MOGAT1,2,0,0,0.551874615894878,-2.20771102245227
ACSL3,ACSL3,2,0,0,1.1705055096750474,0.961519530123887
KCNE4,KCNE4,2,0,0,-2.707439622791002,
SCG2,SCG2,2,0,0,-0.5899743883379855,
AP1S3,AP1S3,2,0,0,0.7515460313309692,
WDFY1,WDFY1,2,0,0,-1.137173779800115,-1.16839663391194
MRPL44,MRPL44,2,0,0,-0.18412073979613375,0.394356584185316
SERPINE2,SERPINE2,2,0,0,-0.1994131861399051,0.590336009378992
FAM124B,FAM124B,2,0,0,-1.9070398375330644,-0.27313025830795
CUL3,CUL3,2,0,0,1.0026674134967823,0.465503350862421
CCDC195,CCDC195,2,0,0,-0.8681626598804346,
DOCK10,DOCK10,2,0,0,0.0795746353294664,-1.0127304773889
NYAP2,NYAP2,2,0,0,-2.284559224364651,
IRS1,IRS1,2,0,0,-2.9433874384076884,-3.38745071465298
RHBDD1,RHBDD1,2,0,0,0.27557556682425854,1.5180969794679
COL4A4,COL4A4,2,0,0,-1.6335492034033656,-1.25781068498277
COL4A3,COL4A3,2,0,0,-1.3114107568521263,
MFF,MFF,2,0,0,0.4737277427224935,2.10480129682227
TM4SF20,TM4SF20,2,0,0,0.4801172416600945,
SCYGR1,SCYGR1,2,0,0,-1.3739697271295572,
AGFG1,AGFG1,2,0,0,-0.3503645474147987,-0.919455107669148
SCYGR2,SCYGR2,2,0,0,-1.1909103839306265,
SCYGR3,SCYGR3,2,0,0,-1.4063667359773913,
SCYGR4,SCYGR4,2,0,0,-1.2785411559104531,
SCYGR5,SCYGR5,2,0,0,-1.7155577838320593,
SLC19A3,SLC19A3,2,0,0,0.6108671148472204,1.37049687788538
SCYGR6,SCYGR6,2,0,0,-1.8548671908915502,
SCYGR7,SCYGR7,2,0,0,-1.6542959598421643,
SCYGR8,SCYGR8,2,0,0,-1.47306549823033,
CCL20,CCL20,2,0,0,0.40184589194730336,
DAW1,DAW1,2,0,0,0.2316203721315997,
SPHKAP,SPHKAP,2,0,0,-1.3915764824139352,
PID1,PID1,2,0,0,-1.8400169401354383,-0.791781459719676
DNER,DNER,2,0,0,-1.3778104273581722,
TRIP12,TRIP12,2,0,0,-0.22125856089613727,2.6121007930288
FBXO36,FBXO36,2,0,0,-0.16942134609124437,1.22710563555243
SLC16A14,SLC16A14,2,0,0,-0.004039960248002572,-2.59074074164506
SP110,SP110,2,0,0,-1.1178819177311343,
SP140,SP140,2,0,0,-0.6825014401993226,-2.67186357374035
SP140L,SP140L,2,0,0,-0.4396278027359397,-0.642432229716128
SP100,SP100,2,0,0,-0.6352552113909375,-0.45964975116005
CAB39,CAB39,2,0,0,0.6422117142293953,2.31693987377699
ITM2C,ITM2C,2,0,0,-1.675042374017913,-0.922832202360871
GPR55,GPR55,2,0,0,-1.0021089569057597,
SPATA3,SPATA3,2,0,0,-2.875210605545128,
C2orf72,C2orf72,2,0,0,-2.2150242454860987,-2.2566485144737
PSMD1,PSMD1,2,0,0,0.860249744202596,0.817986366161444
HTR2B,HTR2B,2,0,0,0.7951705641811166,1.67727661878538
ARMC9,ARMC9,2,0,0,-1.3159881655217358,-1.42046235183043
B3GNT7,B3GNT7,2,0,0,-1.910138855079353,-1.05342425711594
NCL,NCL,2,0,0,0.17336188417134046,-0.254468538631008
NMUR1,NMUR1,2,0,0,-2.019169251687435,-1.04718815468618
TEX44,TEX44,2,0,0,-2.757462701863121,
PTMA,PTMA,2,0,0,-1.144909248205849,-1.41071884842568
PDE6D,PDE6D,2,0,0,-0.008714465532307258,0.712660285936352
COPS7B,COPS7B,2,0,0,-0.9700168329621626,-4.19578401540916
NPPC,NPPC,2,0,0,-2.4006728934067265,
DIS3L2,DIS3L2,2,0,0,-1.1550389631087565,-0.689552722601442
ALPP,ALPP,2,0,0,-2.1196140039787803,
ALPG,ALPG,2,0,0,-2.1984071864928953,
ALPI,ALPI,2,0,0,-2.00197386585735,
ECEL1,ECEL1,2,0,0,-2.077697361202734,
PRSS56,PRSS56,2,0,0,-3.357546802270079,
CHRND,CHRND,2,0,0,-1.8758593088198978,
CHRNG,CHRNG,2,0,0,-1.7412035250237885,
TIGD1,TIGD1,2,0,0,0.6208792236561713,-2.25150128269536
EIF4E2,EIF4E2,2,0,0,-0.9035868603345332,-0.764785920868338
EFHD1,EFHD1,2,0,0,-2.587591827481548,-1.18496995640315
GIGYF2,GIGYF2,2,0,0,-1.2360712857257816,-1.48091074394923
KCNJ13,KCNJ13,2,0,0,0.34411230224626266,
SNORC,SNORC,2,0,0,-2.752253418795668,-2.10868216167405
NGEF,NGEF,2,0,0,-2.1885993451913546,-1.67084599946301
NEU2,NEU2,2,0,0,-2.8793473499671123,
INPP5D,INPP5D,2,0,0,-2.358194931468576,-2.14140524004112
ATG16L1,ATG16L1,2,0,0,-0.7375884206294785,-0.96985366353747
SAG,SAG,2,0,0,-1.0252056873599038,
DGKD,DGKD,2,0,0,-1.8203328406018464,-2.97980707681105
USP40,USP40,2,0,0,-0.13658712455605126,-1.79780608723678
UGT1A8,UGT1A8,2,0,0,0.3712370804095215,
UGT1A10,UGT1A10,2,0,0,0.22729178847375842,
UGT1A9,UGT1A9,2,0,0,0.27399355511967727,
UGT1A7,UGT1A7,2,0,0,0.2854923948368917,
UGT1A6,UGT1A6,2,0,0,0.39762833028907707,
UGT1A5,UGT1A5,2,0,0,-0.06147252985886986,
UGT1A4,UGT1A4,2,0,0,-0.08291586705831655,
UGT1A3,UGT1A3,2,0,0,-0.022053017785673035,
UGT1A1,UGT1A1,2,0,0,-0.1900172222010319,
MROH2A,MROH2A,2,0,0,-1.5907398791161196,
HJURP,HJURP,2,0,0,-1.4088792127204268,
TRPM8,TRPM8,2,0,0,-0.29667898007257243,0.132355965090147
SPP2,SPP2,2,0,0,-0.20505483531455404,2.45274686942584
ARL4C,ARL4C,2,0,0,-2.2365377520750176,-3.05723682090536
SH3BP4,SH3BP4,2,0,0,-2.0502561184962538,-2.40598072386954
AGAP1,AGAP1,2,0,0,-2.5802037229807873,-4.01879948295267
GBX2,GBX2,2,0,0,-2.7143602095261876,
ASB18,ASB18,2,0,0,-2.3973371035553317,
IQCA1,IQCA1,2,0,0,0.20579549417148613,
ACKR3,ACKR3,2,0,0,-1.2306063277452903,-0.439663156029057
COPS8,COPS8,2,0,0,0.4749449102507963,1.03954983927032
COL6A3,COL6A3,2,0,0,-1.1077135564931702,-0.944626090091464
MLPH,MLPH,2,0,0,-2.5983784873796,-1.71568811520531
PRLH,PRLH,2,0,0,-2.29294749566688,
RAB17,RAB17,2,0,0,-1.8911141849363204,-1.49739909410593
LRRFIP1,LRRFIP1,2,0,0,-0.9934006987868802,-1.11573458248728
RBM44,RBM44,2,0,0,0.6468928216383318,
RAMP1,RAMP1,2,0,0,-2.420860794327588,-0.980005550281015
UBE2F,UBE2F,2,0,0,0.3015561157434181,-0.743965374771003
SCLY,SCLY,2,0,0,-1.6754689930277333,-1.67295620075075
ESPNL,ESPNL,2,0,0,-3.5513179272189586,-3.95042563528847
KLHL30,KLHL30,2,0,0,-2.4292818767226265,
ERFE,ERFE,2,0,0,-3.2879428927631427,
ILKAP,ILKAP,2,0,0,-1.0001561307942861,-1.48132415039507
HES6,HES6,2,0,0,-3.3717114924765585,-3.74996853752487
PER2,PER2,2,0,0,-2.303181353171615,-2.49070399296061
TRAF3IP1,TRAF3IP1,2,0,0,-1.489464478629353,-2.294578929275
ASB1,ASB1,2,0,0,-2.095672443588974,-2.86925533855498
TWIST2,TWIST2,2,0,0,-3.1714897758926544,
HDAC4,HDAC4,2,0,0,-3.0057485144525913,
NDUFA10,NDUFA10,2,0,0,-0.3257209000028478,0.59543292400877
OR6B2,OR6B2,2,0,0,-0.9957229795863487,
OR6B3,OR6B3,2,0,0,-1.0106106657133296,
COPS9,COPS9,2,0,0,0.032535932068599394,0.313499821122606
OTOS,OTOS,2,0,0,-1.7396886039563206,
GPC1,GPC1,2,0,0,-3.0404156913303897,-2.13535841471209
ANKMY1,ANKMY1,2,0,0,-2.136557164945039,-5.3026030416649
DUSP28,DUSP28,2,0,0,-2.2280025083998893,-1.70404211060718
RNPEPL1,RNPEPL1,2,0,0,-2.4051919826741415,-4.98314449968143
CAPN10,CAPN10,2,0,0,-2.729846907374478,-5.13876441431072
GPR35,GPR35,2,0,0,-1.608171859363452,-2.23227506875218
AQP12B,AQP12B,2,0,0,-2.667845518453772,
AQP12A,AQP12A,2,0,0,-2.5767955726306653,
KIF1A,KIF1A,2,0,0,-2.4858429463503295,
AGXT,AGXT,2,0,0,-2.127537600614673,-1.00806349772484
MAB21L4,MAB21L4,2,0,0,-2.8262200077866932,-1.95586922208897
CROCC2,CROCC2,2,0,0,-4.048097222215789,
SNED1,SNED1,2,0,0,-2.6813985428530174,-3.12975954084153
MTERF4,MTERF4,2,0,0,-0.8064717143337603,-0.0986755259038544
PASK,PASK,2,0,0,-2.107314011818083,
PPP1R7,PPP1R7,2,0,0,-1.3524523074717347,-0.89020917474794
ANO7,ANO7,2,0,0,-1.7637955340244176,
HDLBP,HDLBP,2,0,0,-1.2443835848524962,-2.07511293438523
SEPTIN2,SEPTIN2,2,0,0,0.007554741805142484,-0.162361859554371
FARP2,FARP2,2,0,0,-1.4719710392560472,-1.79755534269505
STK25,STK25,2,0,0,-2.7030103637951264,-2.79402790365479
BOK,BOK,2,0,0,-1.7338019100117599,-2.30613089796507
THAP4,THAP4,2,0,0,-2.715045249791787,-2.51308867822513
ATG4B,ATG4B,2,0,0,-1.15727988273499,-0.909240625571691
DTYMK,DTYMK,2,0,0,-1.3475355415408519,-1.31256270769453
ING5,ING5,2,0,0,-1.559956270441539,-1.59832287044226
D2HGDH,D2HGDH,2,0,0,-2.5116880133752097,-2.33730615034144
GAL3ST2,GAL3ST2,2,0,0,-2.3104601468023986,
NEU4,NEU4,2,0,0,-3.41853896294573,-3.50390443637268
PDCD1,PDCD1,2,0,0,-3.042512727839865,
RTP5,RTP5,2,0,0,-2.502631015592012,
FAM240C,FAM240C,2,0,0,-1.403158608458508,
DEFB125,DEFB125,20,0,0,0.5695694250758248,
DEFB126,DEFB126,20,0,0,2.039965076913923,
DEFB127,DEFB127,20,0,0,0.9261393610837381,
DEFB128,DEFB128,20,0,0,0.7722281984901311,
DEFB129,DEFB129,20,0,0,-0.05361088885407028,
DEFB132,DEFB132,20,0,0,-1.3963413507406113,
C20orf96,C20orf96,20,0,0,-1.5318850891902525,-1.93727741678388
ZCCHC3,ZCCHC3,20,0,0,-2.67575710249117,-2.36068982885331
SOX12,SOX12,20,0,0,-3.016703803430408,-3.62069681747744
NRSN2,NRSN2,20,0,0,-2.0420935124284867,-1.11729156157542
TRIB3,TRIB3,20,0,0,-2.2907219712600906,-2.94312119682343
RBCK1,RBCK1,20,0,0,-2.4250170061214416,-3.8847354235873
TBC1D20,TBC1D20,20,0,0,-1.3969567987578007,-2.19118168533308
CSNK2A1,CSNK2A1,20,0,0,0.30585774343149197,1.05108400829635
TCF15,TCF15,20,0,0,-3.3278782113028225,
SRXN1,SRXN1,20,0,0,-3.166697758421977,-1.22823151965055
SCRT2,SCRT2,20,0,0,-3.008774947814162,
SLC52A3,SLC52A3,20,0,0,-1.4647027926775582,
FAM110A,FAM110A,20,0,0,-3.644260026755086,-2.24932964071274
ANGPT4,ANGPT4,20,0,0,-2.49753304998379,
RSPO4,RSPO4,20,0,0,-3.0937575679072946,
PSMF1,PSMF1,20,0,0,-1.4329655026308075,-0.937600105051626
TMEM74B,TMEM74B,20,0,0,-2.4781030990390303,-4.03937247707019
C20orf202,C20orf202,20,0,0,-3.5345959141198495,
RAD21L1,RAD21L1,20,0,0,0.6760840944723316,
SNPH,SNPH,20,0,0,-3.209737639962956,
SDCBP2,SDCBP2,20,0,0,-2.0071121520604134,-1.02445585848407
FKBP1A,FKBP1A,20,0,0,-0.6989799845262201,
NSFL1C,NSFL1C,20,0,0,-1.8409768787580987,-0.406597566442534
SIRPB2,SIRPB2,20,0,0,-1.0501014613366007,
SIRPD,SIRPD,20,0,0,-1.0720362699172536,
SIRPB1,SIRPB1,20,0,0,-1.677261003423757,-0.687575671598136
SIRPG,SIRPG,20,0,0,-1.3379778748186908,-2.1154481042484
SIRPA,SIRPA,20,0,0,-1.7821349302698213,-1.9172025547884
PDYN,PDYN,20,0,0,-1.5407307259051315,
STK35,STK35,20,0,0,-1.9823285774242247,-1.89717649423197
TGM3,TGM3,20,0,0,-1.0124644323925764,
TGM6,TGM6,20,0,0,-2.252540197094252,
SNRPB,SNRPB,20,0,0,-1.129620666311208,-0.191329291674541
ZNF343,ZNF343,20,0,0,-2.0017081123834455,-1.52105290710899
TMC2,TMC2,20,0,0,-1.0134381860102586,
NOP56,NOP56,20,0,0,-0.9920059084805075,-0.827815886784175
IDH3B,IDH3B,20,0,0,-0.8551242215942096,-0.0707511169722232
EBF4,EBF4,20,0,0,-2.6466489849233987,-1.93123776422512
CPXM1,CPXM1,20,0,0,-1.900640348327924,
C20orf141,C20orf141,20,0,0,-2.1548025651290796,
TMEM239,TMEM239,20,0,0,-1.9317809295518042,
PCED1A,PCED1A,20,0,0,-2.284065908706509,-4.43556515961448
VPS16,VPS16,20,0,0,-1.4778792710165032,-1.14167859198799
PTPRA,PTPRA,20,0,0,-0.5515720930955883,-2.85230283470377
GNRH2,GNRH2,20,0,0,-3.6684908080530914,-2.81896745196219
MRPS26,MRPS26,20,0,0,-2.919396170561706,-2.14460426112093
OXT,OXT,20,0,0,-2.4266592585419,-1.27275568030413
AVP,AVP,20,0,0,-3.157176521169612,
UBOX5,UBOX5,20,0,0,-2.0008605144261526,-1.5291597767571
FASTKD5,FASTKD5,20,0,0,0.10614811433391935,0.544584345679389
LZTS3,LZTS3,20,0,0,-3.652784949753281,-4.22047806949983
DDRGK1,DDRGK1,20,0,0,-2.726229639538923,-1.17200908049255
ITPA,ITPA,20,0,0,-1.4252913417766386,-0.58389511236085
SLC4A11,SLC4A11,20,0,0,-1.5669982532691034,
DNAAF9,DNAAF9,20,0,0,-0.4248301893919333,-1.68065464272536
ATRN,ATRN,20,0,0,-0.2546278742108825,0.14827512880764
GFRA4,GFRA4,20,0,0,-2.6907985329790574,
ADAM33,ADAM33,20,0,0,-2.792836479820121,
SIGLEC1,SIGLEC1,20,0,0,-2.4517052811594056,-1.78790166409664
HSPA12B,HSPA12B,20,0,0,-2.1959282270698566,-2.90309752500214
ADISSP,ADISSP,20,0,0,-2.3485787644953557,-2.08451740889053
SPEF1,SPEF1,20,0,0,-2.2273839732203466,
CENPB,CENPB,20,0,0,-2.5359340130281893,-4.09672918923069
CDC25B,CDC25B,20,0,0,-2.450599856926754,-2.79421826527184
AP5S1,AP5S1,20,0,0,-2.5549694004414363,-1.60571075934505
MAVS,MAVS,20,0,0,-2.75570242920603,-1.76008966644849
PANK2,PANK2,20,0,0,-0.09972137043667217,-1.58053007289719
RNF24,RNF24,20,0,0,0.15153146201212842,
SMOX,SMOX,20,0,0,-2.250335076911231,-2.62596820753072
ADRA1D,ADRA1D,20,0,0,-2.2251939394352824,
PRNP,PRNP,20,0,0,-1.0859584871943575,-0.248508724513402
PRND,PRND,20,0,0,-1.8326562584911237,
RASSF2,RASSF2,20,0,0,-1.494023591016127,-2.55624754620488
SLC23A2,SLC23A2,20,0,0,-0.37033743957348975,-0.554445805121333
TMEM230,TMEM230,20,0,0,0.16437678454406068,0.217230974254294
PCNA,PCNA,20,0,0,0.493053764928435,1.22789866284992
CDS2,CDS2,20,0,0,0.06942913344092005,-0.115291943878531
PROKR2,PROKR2,20,0,0,-0.3947441302989425,
GPCPD1,GPCPD1,20,0,0,0.6761338523675331,-0.572146340810436
SHLD1,SHLD1,20,0,0,-1.173620569569314,-0.88457671580672
CHGB,CHGB,20,0,0,-2.439936161537428,-4.2658858783105
TRMT6,TRMT6,20,0,0,-0.13452852858345743,-0.562719782988837
MCM8,MCM8,20,0,0,0.726931335917774,
CRLS1,CRLS1,20,0,0,0.6066528658921406,-1.47756955030239
LRRN4,LRRN4,20,0,0,-2.9359707859966573,
FERMT1,FERMT1,20,0,0,0.3212405265621605,
BMP2,BMP2,20,0,0,-1.4441225587564617,-3.14290178134441
HAO1,HAO1,20,0,0,0.19404474724008658,0.216213348358725
TMX4,TMX4,20,0,0,-0.6412859582159598,-0.987860800431485
PLCB1,PLCB1,20,0,0,-0.014283845093050473,-2.3855215163682
PLCB4,PLCB4,20,0,0,0.37697203122605494,
LAMP5,LAMP5,20,0,0,-0.8126644746623253,
PAK5,PAK5,20,0,0,-1.5870833686149926,
ANKEF1,ANKEF1,20,0,0,0.7972619295975374,-0.258055634670614
SNAP25,SNAP25,20,0,0,-0.2605755607624509,-0.623004274842741
MKKS,MKKS,20,0,0,-0.06764170669149827,-1.38919645146553
LOC128706666,LOC128706666,20,0,0,0.9445614746363322,
LOC128706665,LOC128706665,20,0,0,-0.41782101543296335,
SLX4IP,SLX4IP,20,0,0,-1.1277123591424765,-1.10337154352321
JAG1,JAG1,20,0,0,-1.3940125257764535,-1.26040083671808
BTBD3,BTBD3,20,0,0,0.13833156711142358,-0.751004851240144
SPTLC3,SPTLC3,20,0,0,0.46299064205612694,0.52473898955811
ISM1,ISM1,20,0,0,-2.2423568593348886,-2.71001554969212
TASP1,TASP1,20,0,0,-0.20696987876436523,-2.6934965280852
ESF1,ESF1,20,0,0,0.8215056839293453,1.92329864808169
NDUFAF5,NDUFAF5,20,0,0,0.5346804437581696,-0.31796054825086
SEL1L2,SEL1L2,20,0,0,1.4649984702761891,
MACROD2,MACROD2,20,0,0,0.1691681278916981,
FLRT3,FLRT3,20,0,0,0.23568014176517593,1.56992715576288
KIF16B,KIF16B,20,0,0,-0.5548277104131962,-2.68965551006122
SNRPB2,SNRPB2,20,0,0,1.2097612316554862,1.76293380775278
OTOR,OTOR,20,0,0,1.6229158581210097,
PCSK2,PCSK2,20,0,0,-1.0946412181343028,
BFSP1,BFSP1,20,0,0,-1.9670890728862211,
DSTN,DSTN,20,0,0,1.7029944522990625,2.77128688245703
RRBP1,RRBP1,20,0,0,-2.510702464522767,-1.73150069857994
BANF2,BANF2,20,0,0,-0.46451251233626145,
SNX5,SNX5,20,0,0,0.26598567883932667,0.921868423179351
MGME1,MGME1,20,0,0,-0.35583080403443823,0.588744215795106
OVOL2,OVOL2,20,0,0,-2.94017382349835,
PET117,PET117,20,0,0,-0.732221967057022,-1.02751040364484
KAT14,KAT14,20,0,0,-0.610798152982051,-2.4981560491333
ZNF133,ZNF133,20,0,0,-2.9148036248930715,-2.75537333942379
DZANK1,DZANK1,20,0,0,-0.6166862939304796,-1.20794447995197
POLR3F,POLR3F,20,0,0,0.37033058576853506,1.65030699460017
RBBP9,RBBP9,20,0,0,-0.2418690647524322,0.446739222292654
SEC23B,SEC23B,20,0,0,0.10172826763458787,-0.0725468595797179
SMIM26,SMIM26,20,0,0,0.5001039359435389,
DTD1,DTD1,20,0,0,-1.5716317510050946,
SCP2D1,SCP2D1,20,0,0,-0.10695503949686369,
SLC24A3,SLC24A3,20,0,0,-0.4711676064381596,-2.70382570288409
RIN2,RIN2,20,0,0,-1.7963700035677714,-1.89688430634477
NAA20,NAA20,20,0,0,0.3952480633906337,0.54798849842387
CRNKL1,CRNKL1,20,0,0,0.2677120130350925,0.852220121235886
CFAP61,CFAP61,20,0,0,-0.4085806091511728,
INSM1,INSM1,20,0,0,-3.2334057373776908,
RALGAPA2,RALGAPA2,20,0,0,-0.3756576321077816,-1.61378236130994
KIZ,KIZ,20,0,0,-0.8126357206717767,-1.21423570125745
XRN2,XRN2,20,0,0,0.3738879725874753,0.287613735324135
NKX2-4,NKX2-4,20,0,0,-2.366982486587201,
NKX2-2,NKX2-2,20,0,0,-3.091812449003424,
PAX1,PAX1,20,0,0,-2.9883962505940183,
FOXA2,FOXA2,20,0,0,-2.588360103367725,-1.90232686281497
SSTR4,SSTR4,20,0,0,-1.4928215832471494,
THBD,THBD,20,0,0,-2.4708856094959035,-1.385813022934
CD93,CD93,20,0,0,-2.6408475989252675,-1.26476457338238
NXT1,NXT1,20,0,0,-0.586434156438937,-0.0050048800720509
GZF1,GZF1,20,0,0,-1.5087396836171312,-1.27809859439319
NAPB,NAPB,20,0,0,0.7830131114594217,
CSTL1,CSTL1,20,0,0,-0.724380109544974,
CST11,CST11,20,0,0,-0.6250934812507793,
CST8,CST8,20,0,0,-0.3890797041251979,
CST9L,CST9L,20,0,0,-0.7461455849640561,
CST9,CST9,20,0,0,-0.6263571922740017,
CST3,CST3,20,0,0,-2.080667556186837,-0.852549973186928
CST4,CST4,20,0,0,-1.163902267019287,
CST1,CST1,20,0,0,-1.0755811069779604,
CST2,CST2,20,0,0,-1.5164340229731952,
CST5,CST5,20,0,0,-0.5984181889307276,
GGTLC1,GGTLC1,20,0,0,-1.791678674796671,
SYNDIG1,SYNDIG1,20,0,0,-2.394123563835924,
CST7,CST7,20,0,0,-0.5245297980692261,-0.888022328598389
APMAP,APMAP,20,0,0,-0.8294757674106368,0.156908595691368
ACSS1,ACSS1,20,0,0,-1.5869542937471337,-1.9055414972223
VSX1,VSX1,20,0,0,-2.6260304386718563,
ENTPD6,ENTPD6,20,0,0,-1.209823075508016,-2.1181648022377
PYGB,PYGB,20,0,0,-1.502698999265597,-1.6416920382023
ABHD12,ABHD12,20,0,0,-0.912987469646307,-1.73423307532446
GINS1,GINS1,20,0,0,0.44802121103162307,
NINL,NINL,20,0,0,-2.7735918893947638,-4.927847374526
NANP,NANP,20,0,0,0.0985728501886296,0.0101560719231368
ZNF337,ZNF337,20,0,0,-1.8532064147553076,-1.77665084546948
DEFB115,DEFB115,20,0,0,-0.2038629124061817,
DEFB116,DEFB116,20,0,0,-0.007305590130444628,
DEFB118,DEFB118,20,0,0,-0.3527908687660677,
DEFB119,DEFB119,20,0,0,-0.19967323849147967,
DEFB121,DEFB121,20,0,0,0.7667648787306973,
DEFB123,DEFB123,20,0,0,1.1521413571610406,
DEFB124,DEFB124,20,0,0,-0.4104171154984826,
REM1,REM1,20,0,0,-2.8027198888596114,
HM13,HM13,20,0,0,-1.0119063820214862,0.282309531798539
MCTS2,MCTS2,20,0,0,0.8562503335184548,
ID1,ID1,20,0,0,-2.526637952751747,-0.725975749969401
COX4I2,COX4I2,20,0,0,-0.6750522138219974,
BCL2L1,BCL2L1,20,0,0,-1.5783870964395863,-3.0186220786237
TPX2,TPX2,20,0,0,-0.3700167906535601,-0.10511808936095
MYLK2,MYLK2,20,0,0,-1.7356834829381516,
FOXS1,FOXS1,20,0,0,-2.823569840114061,-2.89951918985012
DUSP15,DUSP15,20,0,0,-1.86053563794216,
TTLL9,TTLL9,20,0,0,-1.2290697347497392,
PDRG1,PDRG1,20,0,0,-0.6071160554431003,-0.279390231990674
XKR7,XKR7,20,0,0,-2.0598410669697493,
CCM2L,CCM2L,20,0,0,-3.1730155162914926,-1.76372931662763
HCK,HCK,20,0,0,-1.7528808081952914,-1.58629921100775
TM9SF4,TM9SF4,20,0,0,-0.20835394102706495,0.132432945670189
PLAGL2,PLAGL2,20,0,0,-2.0856597464973525,-3.99681548501816
POFUT1,POFUT1,20,0,0,-1.4185532789078987,-1.34299107249958
KIF3B,KIF3B,20,0,0,-0.908009929748463,-2.88773319454403
ASXL1,ASXL1,20,0,0,-1.5595095310383655,-2.28983843377822
NOL4L,NOL4L,20,0,0,-2.6409417972871374,
C20orf203,C20orf203,20,0,0,-2.5361248943052423,
COMMD7,COMMD7,20,0,0,-0.4978822166230312,-0.445967498836351
DNMT3B,DNMT3B,20,0,0,-1.5900732580297365,-1.49595381179692
MAPRE1,MAPRE1,20,0,0,0.3170801742659375,-0.148113478687757
EFCAB8,EFCAB8,20,0,0,-1.4241652042417616,
SUN5,SUN5,20,0,0,-1.6654939198204204,
BPIFB2,BPIFB2,20,0,0,-1.630225774867407,
BPIFB6,BPIFB6,20,0,0,-0.9443599869194976,
BPIFB3,BPIFB3,20,0,0,-1.569037519208928,
BPIFB4,BPIFB4,20,0,0,-1.1350190347695577,
BPIFA2,BPIFA2,20,0,0,-0.7286433392174381,
BPIFA3,BPIFA3,20,0,0,-1.7822780140438095,
BPIFA1,BPIFA1,20,0,0,-1.1021297239762333,
BPIFB1,BPIFB1,20,0,0,-1.3382430963752299,
CDK5RAP1,CDK5RAP1,20,0,0,-1.1200303142660744,0.038949642359933
SNTA1,SNTA1,20,0,0,-2.2973002969791523,-2.64968858244913
CBFA2T2,CBFA2T2,20,0,0,-1.653258957210408,-2.10971139569599
NECAB3,NECAB3,20,0,0,-2.8833623207072137,-2.42696322930885
C20orf144,C20orf144,20,0,0,-2.5247470962258998,
ACTL10,ACTL10,20,0,0,-2.236398870240187,
E2F1,E2F1,20,0,0,-2.9767198268099797,-2.39856945195344
PXMP4,PXMP4,20,0,0,-0.8033078431123162,-0.219731851938824
ZNF341,ZNF341,20,0,0,-2.4332328515455828,
CHMP4B,CHMP4B,20,0,0,-1.2116145559640383,-0.971547216382029
RALY,RALY,20,0,0,-1.7700673232314283,-1.77552954683418
EIF2S2,EIF2S2,20,0,0,0.7850092292985611,0.948560307555381
ASIP,ASIP,20,0,0,-1.560351104891435,-0.690279310911204
AHCY,AHCY,20,0,0,-0.9016155730509148,-0.569172090784681
ITCH,ITCH,20,0,0,0.47419494541746054,0.195790515977948
DYNLRB1,DYNLRB1,20,0,0,-0.63722184573761,-0.442427653060308
MAP1LC3A,MAP1LC3A,20,0,0,-2.154904695385273,-1.18033984772213
PIGU,PIGU,20,0,0,0.7204449405666296,0.810143886066271
TP53INP2,TP53INP2,20,0,0,-3.537744328367781,-1.73926482287553
NCOA6,NCOA6,20,0,0,-1.4743321019997744,-2.83389462387552
GGT7,GGT7,20,0,0,-2.119018827318259,-1.58791708348412
ACSS2,ACSS2,20,0,0,-0.9210510779447123,-0.678797673008699
GSS,GSS,20,0,0,-1.5426861416805249,-0.532180499345644
MYH7B,MYH7B,20,0,0,-2.427314527743821,
TRPC4AP,TRPC4AP,20,0,0,-0.8887520456549947,-0.483319630127816
EDEM2,EDEM2,20,0,0,-1.0586651742703665,-1.38692151061278
PROCR,PROCR,20,0,0,-1.7434001518096647,-0.789729789976133
MMP24,MMP24,20,0,0,-1.807704641279308,
MMP24OS,MMP24OS,20,0,0,-4.1887861092305645,-1.40484209071116
EIF6,EIF6,20,0,0,-1.578120656849105,-0.0478841922359736
FAM83C,FAM83C,20,0,0,-3.0050072129553715,
UQCC1,UQCC1,20,0,0,0.054632490045127824,0.284038262076755
GDF5,GDF5,20,0,0,-2.435104441277238,
CEP250,CEP250,20,0,0,-2.7088264500120687,-4.1514263935588
C20orf173,C20orf173,20,0,0,-0.7341325142167783,
ERGIC3,ERGIC3,20,0,0,-0.8324954467548604,-0.869669724540002
SPAG4,SPAG4,20,0,0,-2.3749893911031315,-0.490417145892388
CPNE1,CPNE1,20,0,0,-1.0703500293562804,-0.463417665786599
RBM12,RBM12,20,0,0,0.056147868581867044,-0.0790116663247478
NFS1,NFS1,20,0,0,-0.7824312389076518,0.033236967917064
ROMO1,ROMO1,20,0,0,-0.09543350572013054,-0.35038801756222
RBM39,RBM39,20,0,0,0.12004097194728125,0.276874932540317
PHF20,PHF20,20,0,0,-1.089671655828413,-1.52104863614947
SCAND1,SCAND1,20,0,0,-2.893065881790921,-1.11223428822149
CNBD2,CNBD2,20,0,0,-0.5654446247559868,-2.86563221776417
EPB41L1,EPB41L1,20,0,0,-2.398428055427013,-2.68640409212394
AAR2,AAR2,20,0,0,-1.538582513743517,-0.371633020508904
DLGAP4,DLGAP4,20,0,0,-3.2848216115304094,-2.69694283564565
MYL9,MYL9,20,0,0,-1.1392586299281575,-1.34633516076181
TGIF2,TGIF2,20,0,0,-2.5058714940067546,-1.79868154080398
RAB5IF,RAB5IF,20,0,0,-0.07033694837304338,-0.58772697087936
SLA2,SLA2,20,0,0,-2.6183337744541557,-3.97634153426829
NDRG3,NDRG3,20,0,0,-0.47336421700584275,0.721885421685065
DSN1,DSN1,20,0,0,-0.6699940436501084,1.06900672888291
MTCL2,MTCL2,20,0,0,-2.9565043423956006,
TLDC2,TLDC2,20,0,0,-2.377138875556149,
SAMHD1,SAMHD1,20,0,0,0.585274791901222,0.487771751944587
RBL1,RBL1,20,0,0,0.38614366737578365,
RPN2,RPN2,20,0,0,-0.3046346103864934,0.467504609655934
GHRH,GHRH,20,0,0,-2.5628259326984573,
MANBAL,MANBAL,20,0,0,-1.678121252230527,-0.771999105727555
SRC,SRC,20,0,0,-2.2084461840517555,-2.32581981338876
BLCAP,BLCAP,20,0,0,-0.349338511342868,-0.862334993214118
NNAT,NNAT,20,0,0,-0.9776255864266901,
CTNNBL1,CTNNBL1,20,0,0,-0.8537518937490933,-0.565019759577053
VSTM2L,VSTM2L,20,0,0,-3.177411987050295,-1.96037836015365
TTI1,TTI1,20,0,0,-0.46551748382678326,-0.569220344235955
RPRD1B,RPRD1B,20,0,0,-0.8180522037714084,-0.127765711204823
TGM2,TGM2,20,0,0,-2.138045913724387,-1.12457688697214
KIAA1755,KIAA1755,20,0,0,-2.4808295615960247,
BPI,BPI,20,0,0,-0.932419096002695,-2.36544701337325
LBP,LBP,20,0,0,-1.21454301717095,0.462066383887749
RALGAPB,RALGAPB,20,0,0,-0.09765488329035676,-1.09310175684738
ADIG,ADIG,20,0,0,-0.720117839575888,
ARHGAP40,ARHGAP40,20,0,0,-2.1818367859571897,
SLC32A1,SLC32A1,20,0,0,-1.5679102039716177,
ACTR5,ACTR5,20,0,0,-1.0630465485571872,-0.593546871784448
PPP1R16B,PPP1R16B,20,0,0,-2.1738736674456955,
FAM83D,FAM83D,20,0,0,-1.3914312949460452,-1.05509242910055
DHX35,DHX35,20,0,0,0.12941680207925188,-0.752667388430185
MAFB,MAFB,20,0,0,-3.5120463476173196,-1.57413757548038
TOP1,TOP1,20,0,0,0.29285528948267014,0.550102373031246
PLCG1,PLCG1,20,0,0,-1.7310350972256714,-2.09113884107879
ZHX3,ZHX3,20,0,0,-1.8689985206671285,-2.56705480507827
LPIN3,LPIN3,20,0,0,-2.5327820501915763,-2.72194894589725
EMILIN3,EMILIN3,20,0,0,-3.1428736083522555,
CHD6,CHD6,20,0,0,-1.0106699654660378,-2.68595104051544
PTPRT,PTPRT,20,0,0,-1.4892102902211182,
SRSF6,SRSF6,20,0,0,-1.799096987368653,-0.563373646449463
L3MBTL1,L3MBTL1,20,0,0,-2.262684839580695,-3.37997609480933
SGK2,SGK2,20,0,0,-1.4889767030682535,-2.18052363587819
IFT52,IFT52,20,0,0,0.07920073463324151,-0.368142364368769
MYBL2,MYBL2,20,0,0,-2.6155950856002885,-4.56993297251023
GTSF1L,GTSF1L,20,0,0,-1.6012459972816622,
TOX2,TOX2,20,0,0,-3.1482476903792147,-2.35227734540053
JPH2,JPH2,20,0,0,-2.9545230482704046,
OSER1,OSER1,20,0,0,-0.964625462309531,0.326516889570895
GDAP1L1,GDAP1L1,20,0,0,-2.058477457411991,
FITM2,FITM2,20,0,0,-1.4052735367052556,0.0167413268419799
R3HDML,R3HDML,20,0,0,-1.5441590497197293,
HNF4A,HNF4A,20,0,0,-2.2757029934464548,-1.5016904817143
TTPAL,TTPAL,20,0,0,-1.3012590989720447,-1.01672493796853
SERINC3,SERINC3,20,0,0,0.3654106247531317,1.21494688590144
PKIG,PKIG,20,0,0,-2.5378787026960357,-4.37030432487577
ADA,ADA,20,0,0,-1.6727136586016478,-1.63394332332182
CCN5,CCN5,20,0,0,-3.2552371030110727,-0.281144138343436
KCNK15,KCNK15,20,0,0,-2.273178441395869,
RIMS4,RIMS4,20,0,0,-2.1968565253118744,
YWHAB,YWHAB,20,0,0,0.20822151069194916,0.427135248295289
PABPC1L,PABPC1L,20,0,0,-1.7433784415649178,
TOMM34,TOMM34,20,0,0,-0.7536767673568967,0.651057347709469
STK4,STK4,20,0,0,0.010959667382548943,-1.48485977831684
KCNS1,KCNS1,20,0,0,-2.0568194661321026,
WFDC5,WFDC5,20,0,0,-2.86026685873726,
WFDC12,WFDC12,20,0,0,-1.1021090744731001,
PI3,PI3,20,0,0,0.0007346261795184716,
SEMG1,SEMG1,20,0,0,-0.7904575443979063,
SEMG2,SEMG2,20,0,0,-0.6224747926657823,
SLPI,SLPI,20,0,0,-0.3337381819945904,1.10254257309038
MATN4,MATN4,20,0,0,-2.23173471577606,
RBPJL,RBPJL,20,0,0,-2.4058275302488834,
SDC4,SDC4,20,0,0,-1.1026734542125904,0.407009567099021
SYS1,SYS1,20,0,0,-0.9461983316982643,-0.605576616799456
TP53TG5,TP53TG5,20,0,0,-1.7089790808963663,
DBNDD2,DBNDD2,20,0,0,-2.6094464958200305,-1.27460439836183
PIGT,PIGT,20,0,0,-1.6660377892788745,-1.20911440379427
WFDC2,WFDC2,20,0,0,-1.8266958225599037,-1.29560007583282
SPINT3,SPINT3,20,0,0,0.2630500642381648,
WFDC6,WFDC6,20,0,0,-0.73029289542594,
EPPIN,EPPIN,20,0,0,0.7868091502805186,
WFDC8,WFDC8,20,0,0,-0.4526167372152461,
WFDC9,WFDC9,20,0,0,1.2255024936135612,
WFDC10A,WFDC10A,20,0,0,-0.3281692371078684,
WFDC11,WFDC11,20,0,0,1.2950083238840921,
WFDC10B,WFDC10B,20,0,0,-0.13279390364102994,
WFDC13,WFDC13,20,0,0,-0.8448162106904356,
SPINT4,SPINT4,20,0,0,1.865444141031377,
WFDC3,WFDC3,20,0,0,-0.8689128372560404,
DNTTIP1,DNTTIP1,20,0,0,-1.4467296414700428,-0.808799131989091
UBE2C,UBE2C,20,0,0,-0.9636316901301356,0.937765184030019
TNNC2,TNNC2,20,0,0,-1.6977459194512683,
SNX21,SNX21,20,0,0,-3.3425817033504917,-3.77246352883832
ACOT8,ACOT8,20,0,0,-2.098098483840337,-1.59733985392082
ZSWIM3,ZSWIM3,20,0,0,-1.2955041674519876,-1.35880128092178
ZSWIM1,ZSWIM1,20,0,0,-1.653121722796202,-1.06764878883148
SPATA25,SPATA25,20,0,0,-2.5593403552988807,
NEURL2,NEURL2,20,0,0,-2.5188610810492555,-2.8770873366048
CTSA,CTSA,20,0,0,-0.882334196274499,-0.0424937006810475
PLTP,PLTP,20,0,0,-1.5600318664517658,-0.018997343671773
PCIF1,PCIF1,20,0,0,-2.4996894295136425,-2.63177751055139
ZNF335,ZNF335,20,0,0,-2.7158600883312776,-3.81538056977184
MMP9,MMP9,20,0,0,-1.8400100971429652,
SLC12A5,SLC12A5,20,0,0,-1.2646583934310822,
NCOA5,NCOA5,20,0,0,-1.8656831012255477,-1.23183529947088
CD40,CD40,20,0,0,-1.6884419049822839,-0.460429351939589
CDH22,CDH22,20,0,0,-2.6285897647075807,
SLC35C2,SLC35C2,20,0,0,-1.059755278781303,-2.52981860490022
ELMO2,ELMO2,20,0,0,-0.9991046223514104,-0.568986471113215
ZNF334,ZNF334,20,0,0,-0.16923677506197166,-0.883555819657453
OCSTAMP,OCSTAMP,20,0,0,-2.0695786785687087,
SLC13A3,SLC13A3,20,0,0,-0.8494374226159724,-0.443083642571859
TP53RK,TP53RK,20,0,0,-0.9654703992851168,-0.922188643101854
SLC2A10,SLC2A10,20,0,0,-1.7365066317505633,-1.42394049273357
EYA2,EYA2,20,0,0,-1.5475607959232107,
ZMYND8,ZMYND8,20,0,0,-1.612945838272946,-2.18605017003462
NCOA3,NCOA3,20,0,0,-0.5445016809968894,-1.0721383476042
SULF2,SULF2,20,0,0,-1.7466939500507657,-1.66585290776426
PREX1,PREX1,20,0,0,-2.0857437627801474,-3.20162935084345
ARFGEF2,ARFGEF2,20,0,0,-0.360639502629418,-0.891536344229744
CSE1L,CSE1L,20,0,0,0.9528251661663152,3.66132812293217
STAU1,STAU1,20,0,0,-0.6587013274760185,-1.1376523590775
DDX27,DDX27,20,0,0,-1.073549853571535,-0.840252002274695
ZNFX1,ZNFX1,20,0,0,-1.2198923834796442,-1.56927526414009
KCNB1,KCNB1,20,0,0,-1.5546896496152023,-3.74840586807816
PTGIS,PTGIS,20,0,0,-1.685422811449138,-1.14408818748745
B4GALT5,B4GALT5,20,0,0,0.08921507705806242,-1.41795433297292
SLC9A8,SLC9A8,20,0,0,-0.3769549421331764,-0.472847708474211
SPATA2,SPATA2,20,0,0,-2.4738329953140017,-3.09131746144428
RNF114,RNF114,20,0,0,-0.7906288366187031,-0.286312636474673
SNAI1,SNAI1,20,0,0,-2.7865910237595948,-1.4275416480395
UBE2V1,UBE2V1,20,0,0,0.7430422456970298,
PEDS1,PEDS1,20,0,0,-1.8280370869967921,
CEBPB,CEBPB,20,0,0,-2.9460945277116934,-2.74339347107547
PTPN1,PTPN1,20,0,0,-1.4291831941458284,-0.854006419459169
RIPOR3,RIPOR3,20,0,0,-2.807514772662179,-4.12508843831844
PARD6B,PARD6B,20,0,0,-0.5931296034587792,1.1491393907207
BCAS4,BCAS4,20,0,0,-2.4012032137374035,-1.55079057062666
ADNP,ADNP,20,0,0,-0.24153089224400048,0.0001960913061727
DPM1,DPM1,20,0,0,0.7628120113948427,0.850343345234292
MOCS3,MOCS3,20,0,0,-1.2757051467250768,-0.672450650685663
KCNG1,KCNG1,20,0,0,-2.2475422957169098,
NFATC2,NFATC2,20,0,0,-2.7155078114266384,
ATP9A,ATP9A,20,0,0,-1.1127341225464864,-2.68068593964413
SALL4,SALL4,20,0,0,-2.0026839606496267,-3.81082171851896
ZFP64,ZFP64,20,0,0,-2.4379159407139515,-2.42244529557924
TSHZ2,TSHZ2,20,0,0,-1.7828761196975158,-3.33537561405173
ZNF217,ZNF217,20,0,0,-0.8462470551068293,-1.34610486008331
BCAS1,BCAS1,20,0,0,-1.2928522101302153,
CYP24A1,CYP24A1,20,0,0,-0.6929890620990431,
PFDN4,PFDN4,20,0,0,1.1572394785597702,1.16437833294986
DOK5,DOK5,20,0,0,-0.6373204919106854,
CBLN4,CBLN4,20,0,0,-0.5843389351702779,-1.10522531574054
MC3R,MC3R,20,0,0,-1.0492654820472218,
FAM210B,FAM210B,20,0,0,-1.5721379501758452,-1.24860339259805
AURKA,AURKA,20,0,0,-0.11987154261968591,0.633408392561239
CSTF1,CSTF1,20,0,0,0.05085495544878604,0.775021793314862
CASS4,CASS4,20,0,0,-2.0615007887322836,
RTF2,RTF2,20,0,0,-0.822252081945889,-0.647763762459151
FAM209A,FAM209A,20,0,0,-0.9631539445895321,
FAM209B,FAM209B,20,0,0,-0.6879144126723062,
TFAP2C,TFAP2C,20,0,0,-2.1544762361731777,
BMP7,BMP7,20,0,0,-2.540293422318511,
SPO11,SPO11,20,0,0,0.7536402937089122,
RAE1,RAE1,20,0,0,0.2508890218866391,1.69128847454377
RBM38,RBM38,20,0,0,-2.511913575836246,-3.10127264695731
CTCFL,CTCFL,20,0,0,-1.0474769320996327,
PCK1,PCK1,20,0,0,-1.5703595270151727,-1.36229434729111
ZBP1,ZBP1,20,0,0,-2.3556353927428635,-2.25126934342031
PMEPA1,PMEPA1,20,0,0,-3.5289106155153096,-1.99267431780055
CIMIP1,CIMIP1,20,0,0,-1.2348231054938257,
ANKRD60,ANKRD60,20,0,0,-1.932572892184206,
RAB22A,RAB22A,20,0,0,0.2566899406008343,-0.530392081975193
VAPB,VAPB,20,0,0,0.10545319818547938,0.24517554865039
APCDD1L,APCDD1L,20,0,0,-3.090764352579443,
STX16,STX16,20,0,0,-1.034417501936396,-2.48342712261034
NPEPL1,NPEPL1,20,0,0,-2.3011677720424775,
GNAS,GNAS,20,0,0,-1.0391562121439257,-1.11962696158648
NELFCD,NELFCD,20,0,0,-0.826547016489398,-1.17509173730656
CTSZ,CTSZ,20,0,0,-1.508858263349122,-0.519533361960138
TUBB1,TUBB1,20,0,0,-1.425619287387665,-2.76263227350363
ATP5F1E,ATP5F1E,20,0,0,1.0190787897918554,3.2532662786594
PRELID3B,PRELID3B,20,0,0,0.39119260571512093,1.10559717171612
ZNF831,ZNF831,20,0,0,-3.128285602413561,
EDN3,EDN3,20,0,0,-2.5752307239962757,
PHACTR3,PHACTR3,20,0,0,-2.3836121901770753,
SYCP2,SYCP2,20,0,0,0.8062115118793987,
PPP1R3D,PPP1R3D,20,0,0,-2.8921820834980743,-2.29233962277423
FAM217B,FAM217B,20,0,0,-0.9426613441575906,-2.57538015757762
CDH26,CDH26,20,0,0,-0.7022377479116084,
CDH4,CDH4,20,0,0,-1.8536658257795953,
TAF4,TAF4,20,0,0,-2.782342165975905,-2.96684800492783
LSM14B,LSM14B,20,0,0,-1.925630510225755,-1.72032858547565
PSMA7,PSMA7,20,0,0,-0.5227453412967229,-0.47729748623886
SS18L1,SS18L1,20,0,0,-3.3228125502627037,-2.77132630719046
MTG2,MTG2,20,0,0,-1.856766355152093,-1.14026576040159
HRH3,HRH3,20,0,0,-2.1271321341826965,
OSBPL2,OSBPL2,20,0,0,-1.4888747697356255,-1.40015441144378
ADRM1,ADRM1,20,0,0,-2.6410022377806666,-1.23074603298541
LAMA5,LAMA5,20,0,0,-2.925346242252827,-2.89649292385808
RPS21,RPS21,20,0,0,-0.6325336099163898,-1.34584697060434
CABLES2,CABLES2,20,0,0,-2.7522060199729808,-3.15473864475812
RBBP8NL,RBBP8NL,20,0,0,-4.394663901473949,
GATA5,GATA5,20,0,0,-2.959791102868751,
SLCO4A1,SLCO4A1,20,0,0,-1.9055626196921427,
NTSR1,NTSR1,20,0,0,-1.9913072134422372,
MRGBP,MRGBP,20,0,0,-2.3165368344642747,-2.31447660233688
OGFR,OGFR,20,0,0,-3.998001085322203,-2.96282547839192
COL9A3,COL9A3,20,0,0,-3.214987026129293,
TCFL5,TCFL5,20,0,0,-1.3466620749538656,-4.04861624808972
DIDO1,DIDO1,20,0,0,-2.438634074103657,-2.23966347958664
GID8,GID8,20,0,0,-0.9887264600591532,-0.671558397880148
SLC17A9,SLC17A9,20,0,0,-1.8935211110233876,-2.64285032174142
BHLHE23,BHLHE23,20,0,0,-3.034476464423257,
YTHDF1,YTHDF1,20,0,0,-1.9035818017273716,-2.04743853031275
BIRC7,BIRC7,20,0,0,-3.0670988332751854,
NKAIN4,NKAIN4,20,0,0,-1.488848354640913,
ARFGAP1,ARFGAP1,20,0,0,-2.042595041870726,-1.37687407577384
COL20A1,COL20A1,20,0,0,-2.995800865548638,
CHRNA4,CHRNA4,20,0,0,-2.2939314351047404,-5.3023947049655
KCNQ2,KCNQ2,20,0,0,-2.5193049185174736,
EEF1A2,EEF1A2,20,0,0,-1.7689269853225777,-0.898490451384099
PPDPF,PPDPF,20,0,0,-3.6461725133360634,-2.74075227327893
PTK6,PTK6,20,0,0,-2.9020855420769376,-2.04456484801213
SRMS,SRMS,20,0,0,-2.895128344285258,
FNDC11,FNDC11,20,0,0,-2.2440481094455187,
HELZ2,HELZ2,20,0,0,-2.9871776931138303,-2.95753805510926
GMEB2,GMEB2,20,0,0,-2.409845366107872,-2.2060922891057
STMN3,STMN3,20,0,0,-2.971560756033588,-2.11280038476839
RTEL1,RTEL1,20,0,0,-2.6134920304114786,-3.66755600528977
TNFRSF6B,TNFRSF6B,20,0,0,-3.1246195211070393,
ARFRP1,ARFRP1,20,0,0,-1.4245826067625114,-1.28494964437171
ZGPAT,ZGPAT,20,0,0,-2.6361877860722647,
LIME1,LIME1,20,0,0,-3.4599794100931867,
SLC2A4RG,SLC2A4RG,20,0,0,-3.3724811272293955,
ZBTB46,ZBTB46,20,0,0,-2.857950349882408,-2.8845893554856
ABHD16B,ABHD16B,20,0,0,-2.281737608473893,
TPD52L2,TPD52L2,20,0,0,-1.6215705963385076,-0.892451658249387
DNAJC5,DNAJC5,20,0,0,-1.9574417750579816,-2.22642897094064
UCKL1,UCKL1,20,0,0,-2.052226235422884,-1.99332566205107
ZNF512B,ZNF512B,20,0,0,-2.790970146501124,-3.10720257527782
SAMD10,SAMD10,20,0,0,-3.589029467672974,-3.03652745154432
PRPF6,PRPF6,20,0,0,-1.52427906802453,-1.72595786186622
C20orf204,C20orf204,20,0,0,-2.9118380555015317,
SOX18,SOX18,20,0,0,-3.0324997514283893,-2.25220196181927
TCEA2,TCEA2,20,0,0,-1.7194433146733594,-2.32269703435085
RGS19,RGS19,20,0,0,-3.1087585846951917,-3.42065110036664
LKAAEAR1,LKAAEAR1,20,0,0,-3.007640023116167,
OPRL1,OPRL1,20,0,0,-1.4526057133122503,
NPBWR2,NPBWR2,20,0,0,-1.872257408360955,
MYT1,MYT1,20,0,0,-2.8966899398291677,
PCMTD2,PCMTD2,20,0,0,-0.19086419804402865,-1.06249668310974
TPTE,TPTE,21,0,0,1.3835742071011552,
POTED,POTED,21,0,0,-0.20024243452891533,
LIPI,LIPI,21,0,0,1.2763503382238728,
RBM11,RBM11,21,0,0,-0.12725227948382667,
HSPA13,HSPA13,21,0,0,0.585067250055129,2.58735774285383
SAMSN1,SAMSN1,21,0,0,-0.48989905512529397,2.58791501179932
NRIP1,NRIP1,21,0,0,-0.45074974956367164,-0.11979801283907
USP25,USP25,21,0,0,0.20108712367927772,-0.159176698923725
CXADR,CXADR,21,0,0,0.583447999083381,2.03184572188665
BTG3,BTG3,21,0,0,0.3012782660676159,1.1716587279593
C21orf91,C21orf91,21,0,0,-0.413526956784116,1.04665164527555
CHODL,CHODL,21,0,0,-0.03535161299291367,
TMPRSS15,TMPRSS15,21,0,0,0.6768015448224691,
NCAM2,NCAM2,21,0,0,0.36095135183733085,0.0085622021849201
MRPL39,MRPL39,21,0,0,0.693153679876465,1.84744783867383
JAM2,JAM2,21,0,0,0.27914677379764186,1.08208502377157
ATP5PF,ATP5PF,21,0,0,0.22463928841399117,2.70211407600576
GABPA,GABPA,21,0,0,0.6014964314803404,1.64333637560154
APP,APP,21,0,0,-0.6377197612307413,-0.114665320176709
CYYR1,CYYR1,21,0,0,-0.2424561056744654,-2.08767676302572
ADAMTS1,ADAMTS1,21,0,0,-1.2138499274507843,-1.22546841980809
ADAMTS5,ADAMTS5,21,0,0,-1.226244868565395,-1.02773612456574
N6AMT1,N6AMT1,21,0,0,0.22664876012538215,-0.549628505062488
LTN1,LTN1,21,0,0,0.7018994443469246,3.23713386817698
RWDD2B,RWDD2B,21,0,0,0.2901610543336517,0.828459517878302
USP16,USP16,21,0,0,0.835142450954784,1.42472292027873
CCT8,CCT8,21,0,0,1.7131198984002172,1.80367635539218
MAP3K7CL,MAP3K7CL,21,0,0,-1.8132944367114607,-2.67413436133282
BACH1,BACH1,21,0,0,-0.6399266186413382,-1.41577283257723
GRIK1,GRIK1,21,0,0,0.3329496166062249,
CLDN17,CLDN17,21,0,0,0.0006652867618601732,
CLDN8,CLDN8,21,0,0,0.5455204245400012,
KRTAP24-1,KRTAP24-1,21,0,0,-1.5203408881887537,
KRTAP25-1,KRTAP25-1,21,0,0,-0.07841830894796153,
KRTAP26-1,KRTAP26-1,21,0,0,-2.017474031019093,
KRTAP27-1,KRTAP27-1,21,0,0,-1.6362016526855179,
KRTAP23-1,KRTAP23-1,21,0,0,-1.7175203832743762,
KRTAP13-2,KRTAP13-2,21,0,0,-1.6986105450736169,
KRTAP13-1,KRTAP13-1,21,0,0,-1.689225829031713,
KRTAP13-3,KRTAP13-3,21,0,0,-1.5063173561050274,
KRTAP13-4,KRTAP13-4,21,0,0,-1.1750361324117975,
KRTAP15-1,KRTAP15-1,21,0,0,-0.330495785992051,
KRTAP19-1,KRTAP19-1,21,0,0,1.1084555443969748,
KRTAP19-2,KRTAP19-2,21,0,0,1.2156764839502117,
KRTAP19-3,KRTAP19-3,21,0,0,2.0972513489963234,
KRTAP19-4,KRTAP19-4,21,0,0,1.152826828233211,
KRTAP19-5,KRTAP19-5,21,0,0,1.9251806010559473,
KRTAP19-6,KRTAP19-6,21,0,0,2.1144531130221242,
KRTAP19-7,KRTAP19-7,21,0,0,0.6718178515426931,
KRTAP22-2,KRTAP22-2,21,0,0,2.3546373920121813,
KRTAP6-2,KRTAP6-2,21,0,0,0.8614243217141624,
KRTAP22-1,KRTAP22-1,21,0,0,0.7798208028455278,
KRTAP6-1,KRTAP6-1,21,0,0,1.2651077511324544,
KRTAP20-1,KRTAP20-1,21,0,0,3.888567934857104,
KRTAP20-4,KRTAP20-4,21,0,0,-0.6321497175457989,
KRTAP20-2,KRTAP20-2,21,0,0,2.125929663561788,
KRTAP20-3,KRTAP20-3,21,0,0,1.9364653631759232,
KRTAP21-3,KRTAP21-3,21,0,0,2.2726783993971704,
KRTAP21-2,KRTAP21-2,21,0,0,0.8567074222040016,
KRTAP21-1,KRTAP21-1,21,0,0,0.7743072008761036,
KRTAP8-1,KRTAP8-1,21,0,0,0.3899159032050008,
KRTAP7-1,KRTAP7-1,21,0,0,-0.25888380083325657,
KRTAP11-1,KRTAP11-1,21,0,0,-1.7954118553833442,
KRTAP19-8,KRTAP19-8,21,0,0,1.7491950801237195,
TIAM1,TIAM1,21,0,0,-1.6546776283813447,-3.38708797681948
SOD1,SOD1,21,0,0,-0.3216096874047647,0.388915246717129
SCAF4,SCAF4,21,0,0,-0.8769125493867502,-1.14108907464701
HUNK,HUNK,21,0,0,-1.6960315931442427,-2.09113545748578
MIS18A,MIS18A,21,0,0,-0.8897094556213823,-1.26062383856005
MRAP,MRAP,21,0,0,-2.892356564064439,-0.673249759895686
URB1,URB1,21,0,0,-1.4108083708007708,-1.69458237605816
EVA1C,EVA1C,21,0,0,-1.3484328378349346,-3.32715993699152
TCP10L,TCP10L,21,0,0,-1.7646267861472396,-1.84874694546513
CFAP298,CFAP298,21,0,0,-0.26315804855813063,
SYNJ1,SYNJ1,21,0,0,0.1936640873907205,-1.04522318046698
PAXBP1,PAXBP1,21,0,0,0.2951328035628489,-1.55716220662864
EPCIP,EPCIP,21,0,0,-0.8594222557156552,
OLIG2,OLIG2,21,0,0,-2.787446959802775,
OLIG1,OLIG1,21,0,0,-2.9860809136991033,
IFNAR2,IFNAR2,21,0,0,-0.41600364566444625,
IL10RB,IL10RB,21,0,0,0.18482175141457446,
IFNAR1,IFNAR1,21,0,0,1.2983895207785299,-0.165671806673577
IFNGR2,IFNGR2,21,0,0,-1.0012013683649084,-2.47674417446751
TMEM50B,TMEM50B,21,0,0,2.397005671664205,
DNAJC28,DNAJC28,21,0,0,0.7115478462990428,
GART,GART,21,0,0,0.45448400557245705,0.431242439334379
SON,SON,21,0,0,-0.6131757702992306,-0.790980000279208
DONSON,DONSON,21,0,0,-0.46496450184486093,-0.872705135665869
CRYZL1,CRYZL1,21,0,0,1.2823693264154503,1.30501725771362
ITSN1,ITSN1,21,0,0,-0.8567879352360066,-2.1024677783106
ATP5PO,ATP5PO,21,0,0,0.3599875967757775,2.06207567357635
MRPS6,MRPS6,21,0,0,-0.5049663345022335,0.74707652685236
SLC5A3,SLC5A3,21,0,0,0.6771227438215934,0.894264922267024
KCNE2,KCNE2,21,0,0,0.4174935030498155,
SMIM11,SMIM11,21,0,0,0.5419924518573644,
C21orf140,C21orf140,21,0,0,-0.08219645182335533,
SMIM34,SMIM34,21,0,0,-1.8283875163243266,
KCNE1,KCNE1,21,0,0,-1.5795031431715518,
RCAN1,RCAN1,21,0,0,-1.8301114684725395,-0.54813687925554
CLIC6,CLIC6,21,0,0,-2.5978759923118577,-0.899148238318057
RUNX1,RUNX1,21,0,0,-2.3479738734726325,-2.98760451361309
SETD4,SETD4,21,0,0,-0.2166618300059806,-1.30252661138723
CBR1,CBR1,21,0,0,-1.6970743748678263,-0.528058210695928
CBR3,CBR3,21,0,0,-1.5729320832627671,-1.84155254019597
DOP1B,DOP1B,21,0,0,-1.3474457854967277,-2.25149229680176
MORC3,MORC3,21,0,0,0.6961107293533786,0.46715916566602
CHAF1B,CHAF1B,21,0,0,-0.9409277143627008,
CLDN14,CLDN14,21,0,0,-2.146649049524136,-4.69016481129589
SIM2,SIM2,21,0,0,-2.1601555853806005,
HLCS,HLCS,21,0,0,-1.2531770997587426,-0.466281438438015
RIPPLY3,RIPPLY3,21,0,0,-2.6293347506521734,
PIGP,PIGP,21,0,0,1.177255991296514,
TTC3,TTC3,21,0,0,0.3695419325270901,-2.34930915831694
VPS26C,VPS26C,21,0,0,-1.05679099625406,-0.579802987813764
DYRK1A,DYRK1A,21,0,0,-0.3127974870861614,-1.73925113157409
KCNJ6,KCNJ6,21,0,0,-0.8515663851713047,
KCNJ15,KCNJ15,21,0,0,-0.8165547666062061,-1.10437060211999
ERG,ERG,21,0,0,-1.6731523116206564,
ETS2,ETS2,21,0,0,-1.3282433006172933,-0.674025834861663
PSMG1,PSMG1,21,0,0,0.35120461742933706,-0.529945095982783
BRWD1,BRWD1,21,0,0,0.2634628733225739,0.181760307861967
HMGN1,HMGN1,21,0,0,-1.1796573469843583,-1.08711826432856
GET1,GET1,21,0,0,0.35193928323842805,-0.302075628489061
LCA5L,LCA5L,21,0,0,-0.018559940121466667,-1.86569904524382
SH3BGR,SH3BGR,21,0,0,-0.3129168258990642,-1.25186461832753
B3GALT5,B3GALT5,21,0,0,-0.3784233800924941,
IGSF5,IGSF5,21,0,0,-0.7677256350569248,
PCP4,PCP4,21,0,0,0.44433387286357195,
DSCAM,DSCAM,21,0,0,-1.3258730873273272,
BACE2,BACE2,21,0,0,-0.6835209380525651,-1.62122246508571
FAM3B,FAM3B,21,0,0,-0.12682221277375483,0.0117128029194307
MX2,MX2,21,0,0,-1.16744334406458,
MX1,MX1,21,0,0,-1.0753476163982025,-0.643244945707291
TMPRSS2,TMPRSS2,21,0,0,-0.957331201121514,-1.04003175425315
RIPK4,RIPK4,21,0,0,-2.787322243004512,-1.73502449368068
PRDM15,PRDM15,21,0,0,-2.4015219324563333,-3.23523465978463
C2CD2,C2CD2,21,0,0,-2.240479731162548,-2.74570723910065
ZBTB21,ZBTB21,21,0,0,-0.9526154555013022,-1.15533822575643
UMODL1,UMODL1,21,0,0,-2.0262673145071464,
ABCG1,ABCG1,21,0,0,-1.148412085896524,-0.774689555681122
TFF3,TFF3,21,0,0,-1.7989519570581063,-0.0772121917843846
TFF2,TFF2,21,0,0,-2.1680410118841724,
TFF1,TFF1,21,0,0,-1.1917578148984607,
TMPRSS3,TMPRSS3,21,0,0,-1.2416010657301353,
UBASH3A,UBASH3A,21,0,0,-2.0730637290334357,
RSPH1,RSPH1,21,0,0,-0.7548089343482136,
SLC37A1,SLC37A1,21,0,0,-1.2638626866158056,-2.24017292227809
PDE9A,PDE9A,21,0,0,-1.2938822820324223,-2.27363441622326
WDR4,WDR4,21,0,0,-2.139395135604026,-3.50371975824273
NDUFV3,NDUFV3,21,0,0,-1.7830565676267742,-0.651927610432923
ERVH48-1,ERVH48-1,21,0,0,0.36275238356314254,
PKNOX1,PKNOX1,21,0,0,-1.0872853650827743,-1.90260977385519
CBS,CBS,21,0,0,-2.407015593326962,
U2AF1,U2AF1,21,0,0,-0.8754512950527396,
CRYAA,CRYAA,21,0,0,-2.1898558110452058,
SIK1,SIK1,21,0,0,-2.7501169887401797,
HSF2BP,HSF2BP,21,0,0,-0.3946773245027071,
H2BC12L,H2BC12L,21,0,0,-1.5375003670472296,
RRP1B,RRP1B,21,0,0,-1.7781023888874152,-1.81568423931049
PDXK,PDXK,21,0,0,-1.9895134290029723,-1.47336305835519
CSTB,CSTB,21,0,0,-1.501165398930631,-0.476805264719322
RRP1,RRP1,21,0,0,-2.1358540822529317,-1.53622514953243
AGPAT3,AGPAT3,21,0,0,-0.9665442791538137,-2.24541743392951
TRAPPC10,TRAPPC10,21,0,0,-1.2341702329478768,-2.96701701872417
PWP2,PWP2,21,0,0,-1.4199401222249417,
GATD3,GATD3,21,0,0,-1.8184942933807662,-2.45152906895297
ICOSLG,ICOSLG,21,0,0,-1.7994661691680687,
DNMT3L,DNMT3L,21,0,0,-1.6616473333740522,-1.1170764696925
AIRE,AIRE,21,0,0,-3.2476523066086216,
PFKL,PFKL,21,0,0,-1.6857248789720085,-1.7879539248371
CFAP410,CFAP410,21,0,0,-3.557773174942989,-2.61468064529567
TRPM2,TRPM2,21,0,0,-2.253958581817093,-2.83570290253801
LRRC3,LRRC3,21,0,0,-3.0008419217141302,-1.86270472049903
TSPEAR,TSPEAR,21,0,0,-1.7796240511812051,
KRTAP10-1,KRTAP10-1,21,0,0,-2.867156530574123,
KRTAP10-2,KRTAP10-2,21,0,0,-2.9409937600449805,
KRTAP10-3,KRTAP10-3,21,0,0,-3.26625343378252,
KRTAP10-4,KRTAP10-4,21,0,0,-3.1083454005321762,
KRTAP10-5,KRTAP10-5,21,0,0,-2.860304199104494,
KRTAP10-6,KRTAP10-6,21,0,0,-3.1683064176096085,
KRTAP10-7,KRTAP10-7,21,0,0,-2.9531642223006838,
KRTAP10-8,KRTAP10-8,21,0,0,-2.809646068186405,
KRTAP10-9,KRTAP10-9,21,0,0,-2.6658580693348934,
KRTAP10-10,KRTAP10-10,21,0,0,-3.006758860708109,
KRTAP10-11,KRTAP10-11,21,0,0,-2.9745725237383773,
KRTAP12-4,KRTAP12-4,21,0,0,-2.3483016478982783,
KRTAP12-3,KRTAP12-3,21,0,0,-3.034456909795537,
KRTAP12-2,KRTAP12-2,21,0,0,-2.8763690684536396,
KRTAP12-1,KRTAP12-1,21,0,0,-3.0686833414166177,
KRTAP10-12,KRTAP10-12,21,0,0,-3.162739721821623,
UBE2G2,UBE2G2,21,0,0,-0.5695383241242862,-1.09123506215376
SUMO3,SUMO3,21,0,0,-2.756055500564365,-1.86320469339516
PTTG1IP,PTTG1IP,21,0,0,-1.2126584607118573,-0.839506616941128
ITGB2,ITGB2,21,0,0,-2.2484260804715213,-1.02379484318683
SLX9,SLX9,21,0,0,-3.7508328698050395,-1.87562301920822
ADARB1,ADARB1,21,0,0,-1.5588906071342166,-2.71194895518783
POFUT2,POFUT2,21,0,0,-1.3748015508675628,-2.55672945070741
COL18A1,COL18A1,21,0,0,-3.3416422149312943,-1.96846453364254
SLC19A1,SLC19A1,21,0,0,-2.1206433948911183,-1.26257569553022
PCBP3,PCBP3,21,0,0,-2.1444910882417645,
COL6A1,COL6A1,21,0,0,-2.5613373663156214,-2.0851214919956
COL6A2,COL6A2,21,0,0,-2.7595579155357317,-2.03449188174045
FTCD,FTCD,21,0,0,-2.46694346906078,-1.13635678297301
SPATC1L,SPATC1L,21,0,0,-3.3167730855097375,-3.90631237121524
LSS,LSS,21,0,0,-1.7532473695781903,-1.40663457303224
MCM3AP,MCM3AP,21,0,0,-1.470901270088019,-2.69872014750086
YBEY,YBEY,21,0,0,-0.7850799966635886,0.075578670595208
C21orf58,C21orf58,21,0,0,-3.4775098054947247,
PCNT,PCNT,21,0,0,-2.446128127818797,-3.72411277906752
LOC128092249,LOC128092249,21,0,0,-0.10829163276985199,
DIP2A,DIP2A,21,0,0,-1.47426755730549,-2.76563067903995
S100B,S100B,21,0,0,-0.3629512365521155,-0.526326801337708
PRMT2,PRMT2,21,0,0,-1.1682971281516004,-3.49238288957056
OR11H1,OR11H1,22,0,0,1.1646381649483821,
POTEH,POTEH,22,0,0,-0.33158624550965676,
CCT8L2,CCT8L2,22,0,0,-1.563600270345768,
XKR3,XKR3,22,0,0,1.0944255190791399,
GAB4,GAB4,22,0,0,-2.631704130617509,
IL17RA,IL17RA,22,0,0,-2.727764513299883,-2.0421573805378
TMEM121B,TMEM121B,22,0,0,-2.935837072815854,-2.66709401017947
HDHD5,HDHD5,22,0,0,-1.8738626272167238,-1.58174672417719
ADA2,ADA2,22,0,0,-0.45204207541440056,1.36056865950311
CECR2,CECR2,22,0,0,-1.974127922469279,-3.78732115153837
SLC25A18,SLC25A18,22,0,0,-0.7519130851272244,-1.31992349136491
ATP6V1E1,ATP6V1E1,22,0,0,0.858630546459823,2.08952796976253
BCL2L13,BCL2L13,22,0,0,-1.4424647246479676,-1.70363614981926
BID,BID,22,0,0,-2.58433291536093,-0.94511235902583
MICAL3,MICAL3,22,0,0,-2.4202769837755103,-3.83255231566694
PEX26,PEX26,22,0,0,-1.7400858333590499,-2.80979334937404
TUBA8,TUBA8,22,0,0,-1.0345405440012598,-3.29899165956206
USP18,USP18,22,0,0,-1.0448902922581258,-0.858762612915703
GGTLC3,GGTLC3,22,0,0,-1.8759410506437764,
TMEM191B,TMEM191B,22,0,0,-3.54375030421774,
RIMBP3,RIMBP3,22,0,0,-2.695711551073652,
FAM246B,FAM246B,22,0,0,-3.4245423218259052,
DGCR6,DGCR6,22,0,0,-2.758396228974034,
PRODH,PRODH,22,0,0,-1.8823179326051473,
DGCR2,DGCR2,22,0,0,-2.514195235930643,-2.06830121578767
TSSK2,TSSK2,22,0,0,-1.884502090497051,
ESS2,ESS2,22,0,0,-2.722779010497188,-1.94037638084387
GSC2,GSC2,22,0,0,-2.9207507198045164,
SLC25A1,SLC25A1,22,0,0,-1.6395610196479335,-1.72478659968167
CLTCL1,CLTCL1,22,0,0,-0.5345357858858648,-1.2004971227728
HIRA,HIRA,22,0,0,-1.28852078163737,-3.49845761874203
MRPL40,MRPL40,22,0,0,-1.088384135601821,0.332015999131123
C22orf39,C22orf39,22,0,0,-4.221351392948913,-2.30817831657201
UFD1,UFD1,22,0,0,-0.17847328741757984,0.0506456606669408
CDC45,CDC45,22,0,0,-1.0174750755833148,
CLDN5,CLDN5,22,0,0,-1.0410902404062234,-1.42503561472803
SEPTIN5,SEPTIN5,22,0,0,-2.0393091623772346,-3.78199832264979
GP1BB,GP1BB,22,0,0,-2.3598615190521475,
TBX1,TBX1,22,0,0,-2.6011215757377872,
GNB1L,GNB1L,22,0,0,-2.766082969179891,
RTL10,RTL10,22,0,0,-2.4196182671398425,-0.787783192245593
TXNRD2,TXNRD2,22,0,0,-1.565288116384611,-0.705496473654297
COMT,COMT,22,0,0,-1.8575023424769341,-1.47528236465552
ARVCF,ARVCF,22,0,0,-2.794618021929823,-3.51877138147836
TANGO2,TANGO2,22,0,0,-1.3042705362033526,-2.21231312370016
DGCR8,DGCR8,22,0,0,-1.4910342138745207,-2.27469146407259
TRMT2A,TRMT2A,22,0,0,-2.8149232680193634,-2.64371479347667
RANBP1,RANBP1,22,0,0,-1.6506320192400725,-0.0431468454067064
ZDHHC8,ZDHHC8,22,0,0,-2.901068435676528,-4.58417305186079
CCDC188,CCDC188,22,0,0,-3.300569284248935,
RTN4R,RTN4R,22,0,0,-2.5694053672365946,-3.35720629678341
DGCR6L,DGCR6L,22,0,0,-2.8080812765040015,-3.85294505129212
ZNF74,ZNF74,22,0,0,-2.913029619641371,-4.31419529259859
SCARF2,SCARF2,22,0,0,-3.2630023274377535,-3.93307641034036
KLHL22,KLHL22,22,0,0,-2.007121320700307,-1.17286270846954
MED15,MED15,22,0,0,-2.75784648201358,-2.05028600028167
PI4KA,PI4KA,22,0,0,-1.1096544291802264,-2.6538521529412
SERPIND1,SERPIND1,22,0,0,-0.4987779977101834,0.616293960248285
SNAP29,SNAP29,22,0,0,-1.9490504298444247,-0.707490177810002
CRKL,CRKL,22,0,0,-1.0647012974251222,-0.704473716956242
AIFM3,AIFM3,22,0,0,-1.9507043872588579,
LZTR1,LZTR1,22,0,0,-1.9860379757524438,-2.08729899957631
THAP7,THAP7,22,0,0,-3.12523807725203,-2.59326522618008
P2RX6,P2RX6,22,0,0,-1.6529522237730507,-3.45845528686211
SLC7A4,SLC7A4,22,0,0,-1.5151108791234513,
LRRC74B,LRRC74B,22,0,0,-2.0463763492664793,
FAM246A,FAM246A,22,0,0,-3.462258032983547,
RIMBP3B,RIMBP3B,22,0,0,-2.7244642380931534,
HIC2,HIC2,22,0,0,-3.2442351436392887,-4.50139758703977
TMEM191C,TMEM191C,22,0,0,-3.1551209224929604,
RIMBP3C,RIMBP3C,22,0,0,-2.715195122558459,
UBE2L3,UBE2L3,22,0,0,-0.15974535518278365,0.371888512888848
YDJC,YDJC,22,0,0,-2.8351564208894544,-2.1169460299351
CCDC116,CCDC116,22,0,0,-3.026546706697454,
SDF2L1,SDF2L1,22,0,0,-2.7455443933441135,-1.46986095077598
PPIL2,PPIL2,22,0,0,-1.3972544962756608,-1.08298334171072
YPEL1,YPEL1,22,0,0,-1.1319592395756093,-3.52834064955617
MAPK1,MAPK1,22,0,0,0.11082907704816769,0.428929108446434
PPM1F,PPM1F,22,0,0,-2.6440044509208924,-2.26835696111965
TOP3B,TOP3B,22,0,0,-2.031023019749192,-2.4155084616075
VPREB1,VPREB1,22,0,0,-1.9087474255900538,
ZNF280B,ZNF280B,22,0,0,-0.28333825154769343,
ZNF280A,ZNF280A,22,0,0,-0.3988834439298259,
PRAME,PRAME,22,0,0,-1.310100815461377,
GGTLC2,GGTLC2,22,0,0,-2.137076671024664,
IGLL5,IGLL5,22,0,0,-2.717587837360764,-0.766495825297229
RSPH14,RSPH14,22,0,0,-1.9162840850631486,
GNAZ,GNAZ,22,0,0,-2.0966606607580207,
RAB36,RAB36,22,0,0,-2.3387250178473984,-3.07278680484035
BCR,BCR,22,0,0,-2.390771244063327,-3.75504737072663
IGLL1,IGLL1,22,0,0,-3.1312135292801884,
DRICH1,DRICH1,22,0,0,-1.0653404333219605,-1.95925000723334
RGL4,RGL4,22,0,0,-2.2146683708245156,-2.45066722551282
ZNF70,ZNF70,22,0,0,-2.9196472927432335,-2.78506588719064
VPREB3,VPREB3,22,0,0,-1.8611313970387577,-0.852132263103559
C22orf15,C22orf15,22,0,0,-1.9295433928237085,
CHCHD10,CHCHD10,22,0,0,-3.5585782977568865,-1.28220728995195
MMP11,MMP11,22,0,0,-2.2300097793901834,-1.94894700726224
SMARCB1,SMARCB1,22,0,0,-1.7801812908541095,-0.8975004187404
DERL3,DERL3,22,0,0,-0.8544494057609615,-1.77855007087639
SLC2A11,SLC2A11,22,0,0,-1.5931040798129796,
MIF,MIF,22,0,0,-1.835600963801987,
GSTT2B,GSTT2B,22,0,0,-1.7177479537428688,-1.72455264441158
DDTL,DDTL,22,0,0,-2.1419215439873653,-1.82250875053525
DDT,DDT,22,0,0,-2.220686522966668,1.45660061569297
GSTT4,GSTT4,22,0,0,-0.8286862277941687,
CABIN1,CABIN1,22,0,0,-2.1914561644210764,-3.3389184382172
SUSD2,SUSD2,22,0,0,-2.3258428454333533,-2.03769008147383
GGT5,GGT5,22,0,0,-2.860514896772573,-1.15192326961827
SPECC1L,SPECC1L,22,0,0,-0.9028300808486893,-1.16502889474331
ADORA2A,ADORA2A,22,0,0,-1.820408059870383,-3.74557549885338
UPB1,UPB1,22,0,0,-1.103466880765799,-0.214873264831609
GUCD1,GUCD1,22,0,0,-2.204846171622229,-3.4352210446045
SNRPD3,SNRPD3,22,0,0,-0.05366223494813305,-0.148299698263981
LRRC75B,LRRC75B,22,0,0,-3.1277529009839,-5.39991245985328
GGT1,GGT1,22,0,0,-2.1468490668783264,-1.20349941924518
PIWIL3,PIWIL3,22,0,0,0.21843615629249946,
SGSM1,SGSM1,22,0,0,-1.9552090618883078,
LHFPL7,LHFPL7,22,0,0,-0.8795687426170211,
KIAA1671,KIAA1671,22,0,0,-2.7997438720896994,-2.54407960918799
CRYBB3,CRYBB3,22,0,0,-2.1513174541113695,
CRYBB2,CRYBB2,22,0,0,-2.449641483295311,
GRK3,GRK3,22,0,0,0.16308332546901205,-1.51147659274743
MYO18B,MYO18B,22,0,0,-2.376185406074903,
SEZ6L,SEZ6L,22,0,0,-2.186367133150309,
ASPHD2,ASPHD2,22,0,0,-1.583019772907754,
HPS4,HPS4,22,0,0,-1.559417141831167,-3.44310419812705
SRRD,SRRD,22,0,0,-0.6815487343459061,-0.179983363321929
TFIP11,TFIP11,22,0,0,-1.2822120960212704,-1.43878879705759
TPST2,TPST2,22,0,0,-1.8456049264353762,-3.25673554098261
CRYBB1,CRYBB1,22,0,0,-1.801449268527648,
CRYBA4,CRYBA4,22,0,0,-1.7513044305393404,
MN1,MN1,22,0,0,-3.350717540453168,
PITPNB,PITPNB,22,0,0,0.7396077316489311,0.840904483912856
TTC28,TTC28,22,0,0,-1.5704831470815908,-3.91236259787391
CHEK2,CHEK2,22,0,0,-0.18968897593488698,-0.0194631798225291
HSCB,HSCB,22,0,0,-0.47105663807016285,-0.419569332370494
CCDC117,CCDC117,22,0,0,-0.6273293476987014,-0.552958121068852
XBP1,XBP1,22,0,0,-1.7109745701449075,-2.01172606685927
ZNRF3,ZNRF3,22,0,0,-3.2855436663662267,-3.53280870203991
C22orf31,C22orf31,22,0,0,-1.5977708686000067,
KREMEN1,KREMEN1,22,0,0,-1.284860497392085,-2.40766971203317
EMID1,EMID1,22,0,0,-2.89904074342461,-1.92580564668534
RHBDD3,RHBDD3,22,0,0,-2.94880862893595,-2.52124539583176
EWSR1,EWSR1,22,0,0,-0.8598732934799731,-1.20243003928155
GAS2L1,GAS2L1,22,0,0,-3.5710806964613884,-4.49346705746983
RASL10A,RASL10A,22,0,0,-2.5478405612466997,
AP1B1,AP1B1,22,0,0,-1.7939571760402817,-0.808207253480451
RFPL1,RFPL1,22,0,0,-1.1207108033744628,
NEFH,NEFH,22,0,0,-2.360939297026711,
THOC5,THOC5,22,0,0,-1.255238077599282,-2.01990987924267
NIPSNAP1,NIPSNAP1,22,0,0,-1.4054209996271574,-0.691468370263482
NF2,NF2,22,0,0,-0.8062263529953881,-3.44491772428914
CABP7,CABP7,22,0,0,-1.5356430722689645,
ZMAT5,ZMAT5,22,0,0,-2.756538591527958,-0.69884157340924
UQCR10,UQCR10,22,0,0,-0.24643146552670459,1.31619811162711
ASCC2,ASCC2,22,0,0,-1.8360734806708088,-2.637500159416
MTMR3,MTMR3,22,0,0,-1.6813485133335853,-2.34046959311336
HORMAD2,HORMAD2,22,0,0,0.19722748401570733,
LIF,LIF,22,0,0,-2.064323453307816,-3.25233740195098
OSM,OSM,22,0,0,-2.960780524900784,
CASTOR1,CASTOR1,22,0,0,-2.4385855903455607,
TBC1D10A,TBC1D10A,22,0,0,-2.375525987660625,
SF3A1,SF3A1,22,0,0,-1.8165496657702125,-0.979249505591629
CCDC157,CCDC157,22,0,0,-3.5922701094632554,-3.91300263904115
RNF215,RNF215,22,0,0,-2.085745467723111,-2.44711512660135
SEC14L2,SEC14L2,22,0,0,-0.8850891326996866,
MTFP1,MTFP1,22,0,0,-1.1814965829967985,
SEC14L3,SEC14L3,22,0,0,-0.7223892624802914,-0.617699616978957
SEC14L4,SEC14L4,22,0,0,-1.6557666201024208,-2.17375896708627
SEC14L6,SEC14L6,22,0,0,-1.754032609831734,
GAL3ST1,GAL3ST1,22,0,0,-2.200972042937881,-3.65309468419546
PES1,PES1,22,0,0,-1.568369814931799,-1.22043760056933
TCN2,TCN2,22,0,0,-1.5558875491907376,0.340347875270582
SLC35E4,SLC35E4,22,0,0,-2.122255668849556,
DUSP18,DUSP18,22,0,0,-1.1127435130682013,
OSBP2,OSBP2,22,0,0,-2.5175764402304335,
MORC2,MORC2,22,0,0,-1.4060715728587958,-2.19895317621965
TUG1,TUG1,22,0,0,-1.316682274456367,
SMTN,SMTN,22,0,0,-3.1096676905605296,-2.71106190346037
SELENOM,SELENOM,22,0,0,-1.495961410494239,-2.38355713631339
INPP5J,INPP5J,22,0,0,-2.846935874204963,
PLA2G3,PLA2G3,22,0,0,-2.7275993849970916,
RNF185,RNF185,22,0,0,-1.7628358073841621,-0.930057503593038
LIMK2,LIMK2,22,0,0,-1.7229531152717197,-2.30817669483767
PIK3IP1,PIK3IP1,22,0,0,-1.899609856904899,-0.685502816537269
PATZ1,PATZ1,22,0,0,-2.2341597438932546,-2.88020846715625
DRG1,DRG1,22,0,0,0.5013512895848784,0.435775898672829
EIF4ENIF1,EIF4ENIF1,22,0,0,-1.5128976367021014,-1.65074928892949
SFI1,SFI1,22,0,0,-2.192740037858174,-4.03098080829155
PISD,PISD,22,0,0,-2.2051069472027347,-1.69551050220128
PRR14L,PRR14L,22,0,0,-0.7685584403056946,-1.96060287133251
DEPDC5,DEPDC5,22,0,0,-1.1408750011649147,-2.19420320967141
YWHAH,YWHAH,22,0,0,-0.6285400546490578,-0.0396173820915564
SLC5A1,SLC5A1,22,0,0,-0.08638918544781049,0.758098208837347
C22orf42,C22orf42,22,0,0,-1.059155613184986,
RFPL2,RFPL2,22,0,0,-1.3138990623743378,
SLC5A4,SLC5A4,22,0,0,0.30784060493916066,
RFPL3,RFPL3,22,0,0,-1.0832042746149444,
RTCB,RTCB,22,0,0,0.46660754422809525,0.0189768454703605
BPIFC,BPIFC,22,0,0,0.09814954209227089,
FBXO7,FBXO7,22,0,0,-0.8496597625497433,-1.28491296145285
SYN3,SYN3,22,0,0,-2.0620843293313786,
TIMP3,TIMP3,22,0,0,-1.3076972976940464,-0.250700068001278
LARGE1,LARGE1,22,0,0,-1.2587266501112762,-3.91360350927834
ISX,ISX,22,0,0,-2.418428085138414,
HMGXB4,HMGXB4,22,0,0,-0.912248057680678,-1.44924892606822
TOM1,TOM1,22,0,0,-2.368123538671451,-1.20129819836377
HMOX1,HMOX1,22,0,0,-2.0089221729358737,-0.400613589234099
MCM5,MCM5,22,0,0,-1.8502344778702113,-0.938737260121229
RASD2,RASD2,22,0,0,-1.620702963258779,
MB,MB,22,0,0,-1.9086578352965535,-0.795317960790294
APOL6,APOL6,22,0,0,-0.4487384926922182,-0.770106553315999
APOL5,APOL5,22,0,0,-1.050708057031752,
RBFOX2,RBFOX2,22,0,0,-0.9132046550532653,-1.63698792306134
APOL3,APOL3,22,0,0,-0.9044608830802456,-0.627229509802763
APOL4,APOL4,22,0,0,-0.6338337690023437,-1.08599903307106
APOL2,APOL2,22,0,0,-0.8982901055460815,-0.514033137558397
APOL1,APOL1,22,0,0,-0.7637929681334583,0.27919023369877
MYH9,MYH9,22,0,0,-2.1454195247886414,-2.18473407617982
TXN2,TXN2,22,0,0,-1.336735883446437,-0.703186630359576
FOXRED2,FOXRED2,22,0,0,-1.8644387621476248,-2.10957044282977
EIF3D,EIF3D,22,0,0,-0.6723149280558989,-0.562233428889183
CACNG2,CACNG2,22,0,0,-1.3989521366795135,
IFT27,IFT27,22,0,0,-0.7514145253594204,-0.554589800107279
PVALB,PVALB,22,0,0,0.5187512442507671,0.927530928328924
NCF4,NCF4,22,0,0,-1.5675074031983751,-2.00224321287011
CSF2RB,CSF2RB,22,0,0,-3.2175789387273674,
CIMIP4,CIMIP4,22,0,0,-2.3785341923595436,
TST,TST,22,0,0,-1.6637936705313727,-0.557862755321836
MPST,MPST,22,0,0,-2.714811862479012,-1.89574738168122
KCTD17,KCTD17,22,0,0,-2.9415926696952344,-2.27774206347732
TMPRSS6,TMPRSS6,22,0,0,-2.2267324951848213,-2.65978371123927
IL2RB,IL2RB,22,0,0,-2.678523037217003,-3.74805579704453
C1QTNF6,C1QTNF6,22,0,0,-2.1882818711039924,-3.19208511583686
SSTR3,SSTR3,22,0,0,-2.19874226565363,
RAC2,RAC2,22,0,0,-2.0761064877578175,-2.14245767807751
CYTH4,CYTH4,22,0,0,-2.077666177740749,-2.01584579313323
ELFN2,ELFN2,22,0,0,-2.7315914790941545,
MFNG,MFNG,22,0,0,-2.0374183426219155,-4.19155783368854
CARD10,CARD10,22,0,0,-3.261760233979892,-3.3553860718993
CDC42EP1,CDC42EP1,22,0,0,-3.2992639613047334,-3.78768861455122
LGALS2,LGALS2,22,0,0,-1.6015692260281735,
GGA1,GGA1,22,0,0,-2.63309900353887,-2.17762209867822
SH3BP1,SH3BP1,22,0,0,-3.06933164787306,-2.7548274597792
PDXP,PDXP,22,0,0,-2.729709317426204,-2.73330594120622
LGALS1,LGALS1,22,0,0,-1.34179363463614,-0.624166003314359
NOL12,NOL12,22,0,0,-3.338958852979756,-2.53001219508964
TRIOBP,TRIOBP,22,0,0,-3.51842486599668,-3.10359343207849
H1-0,H1-0,22,0,0,-1.356641834106668,-1.03548928808995
GCAT,GCAT,22,0,0,-1.8609581283427534,-1.38083204341792
GALR3,GALR3,22,0,0,-2.015321729147434,
ANKRD54,ANKRD54,22,0,0,-2.220946632489639,-2.15319774696608
EIF3L,EIF3L,22,0,0,0.0804961731168774,-0.418108775228981
MICALL1,MICALL1,22,0,0,-3.2267169642677977,-3.12491799966546
C22orf23,C22orf23,22,0,0,-1.7098679837207182,
POLR2F,POLR2F,22,0,0,-1.444527898969211,-1.29533799548061
SOX10,SOX10,22,0,0,-3.493999135663712,
PICK1,PICK1,22,0,0,-1.3198388350114136,-1.07955357155578
SLC16A8,SLC16A8,22,0,0,-1.838345814132314,
BAIAP2L2,BAIAP2L2,22,0,0,-2.7884667913060035,-2.67229411316591
PLA2G6,PLA2G6,22,0,0,-1.8907744834578057,-3.86573730655669
MAFF,MAFF,22,0,0,-3.06987988547135,-2.26487060383534
TMEM184B,TMEM184B,22,0,0,-1.4384987848409416,-2.3693066450314
CSNK1E,CSNK1E,22,0,0,-2.255347667808941,-3.07411405221978
KCNJ4,KCNJ4,22,0,0,-1.9995570141136572,
KDELR3,KDELR3,22,0,0,0.6169850299415724,1.83316224111319
DDX17,DDX17,22,0,0,-0.23411480166994814,-0.243716181469844
DMC1,DMC1,22,0,0,1.1053688570366536,
FAM227A,FAM227A,22,0,0,-0.9773618448408605,
CBY1,CBY1,22,0,0,-1.9022498464348985,-0.290564670153316
TOMM22,TOMM22,22,0,0,-1.380895998862096,-1.79660033000442
JOSD1,JOSD1,22,0,0,-0.95353456593838,-2.49976675326831
GTPBP1,GTPBP1,22,0,0,-1.6843728944405694,-2.38238914186748
SUN2,SUN2,22,0,0,-2.699430759773156,-1.73951795453283
DNAL4,DNAL4,22,0,0,-0.9488267916355309,-1.49291955726514
NPTXR,NPTXR,22,0,0,-2.678445233061412,
CBX6,CBX6,22,0,0,-2.938357553415873,-1.46747758848514
APOBEC3A,APOBEC3A,22,0,0,-0.996306559702484,-2.39825213166099
APOBEC3B,APOBEC3B,22,0,0,-0.03606460486614793,-1.07268120941877
APOBEC3C,APOBEC3C,22,0,0,-0.34953417474635806,0.206752703182181
APOBEC3D,APOBEC3D,22,0,0,-0.4186573811357768,-1.16663633023031
APOBEC3F,APOBEC3F,22,0,0,-0.25390196452067215,-0.11305788459984
APOBEC3G,APOBEC3G,22,0,0,-0.5215854544185241,-0.453420847458466
APOBEC3H,APOBEC3H,22,0,0,-1.3022491812505343,
CBX7,CBX7,22,0,0,-2.99661478362154,-2.40339308496639
PDGFB,PDGFB,22,0,0,-2.422796937323792,-3.68772144130246
RPL3,RPL3,22,0,0,-0.7167687990915308,-3.04938534306898
SYNGR1,SYNGR1,22,0,0,-1.5958040101763853,-1.00539193502649
TAB1,TAB1,22,0,0,-2.4925849894783205,-1.46206412615299
MGAT3,MGAT3,22,0,0,-2.2873418143226054,
MIURF,MIURF,22,0,0,-1.4614069576399817,
MIEF1,MIEF1,22,0,0,-1.6305924197036799,-3.39755359022611
ATF4,ATF4,22,0,0,-1.1875302564356822,-4.05303155468714
RPS19BP1,RPS19BP1,22,0,0,-2.4729673242035375,-2.76648241683189
CACNA1I,CACNA1I,22,0,0,-2.265078065208389,
ENTHD1,ENTHD1,22,0,0,-0.2550530077224735,
GRAP2,GRAP2,22,0,0,-2.013838527450991,-2.71882557179352
TMA7B,TMA7B,22,0,0,-0.7515129195746528,
FAM83F,FAM83F,22,0,0,-2.515263104905067,-2.84273118550453
TNRC6B,TNRC6B,22,0,0,-1.4565913185195711,-1.9382095356935
ADSL,ADSL,22,0,0,-0.1857389462009973,-0.246316954141154
SGSM3,SGSM3,22,0,0,-2.262667814696398,-2.5119503227762
MRTFA,MRTFA,22,0,0,-3.199542791868886,-2.76638713805251
MCHR1,MCHR1,22,0,0,-1.407478571603951,-1.78803798066591
SLC25A17,SLC25A17,22,0,0,0.7933773684932692,0.796049973073073
ST13,ST13,22,0,0,0.11196939552373486,-0.219631457180095
XPNPEP3,XPNPEP3,22,0,0,-0.4170987021543908,0.542896141727746
DNAJB7,DNAJB7,22,0,0,1.0792377204687593,
RBX1,RBX1,22,0,0,0.27347752429424865,0.867220092308748
EP300,EP300,22,0,0,-1.0985793463351374,-2.31527203484828
L3MBTL2,L3MBTL2,22,0,0,-1.6490460773127342,-2.0355870530029
CHADL,CHADL,22,0,0,-3.3449048142896025,-3.44127534478605
RANGAP1,RANGAP1,22,0,0,-1.6934981458733684,-1.61811972512158
ZC3H7B,ZC3H7B,22,0,0,-2.167624874057818,-3.63706631549919
TEF,TEF,22,0,0,-2.1425850414292658,-1.1979004454762
TOB2,TOB2,22,0,0,-2.035686789727981,-1.91452519977954
PHF5A,PHF5A,22,0,0,0.5638266331180102,1.52282758218404
ACO2,ACO2,22,0,0,-1.433103673889832,-0.81588400657636
POLR3H,POLR3H,22,0,0,-1.5916810010111782,-2.78996159160325
CSDC2,CSDC2,22,0,0,-3.16513195455798,
PMM1,PMM1,22,0,0,-2.003402938763074,-0.973277943826248
DESI1,DESI1,22,0,0,-2.006425048590314,-0.742028191054195
XRCC6,XRCC6,22,0,0,-0.6039701642335515,-0.0175597146687324
SNU13,SNU13,22,0,0,-1.3654677075463262,1.00408079738109
MEI1,MEI1,22,0,0,-1.5688972380904307,
CCDC134,CCDC134,22,0,0,-1.6983022244267065,-1.2979348970921
SREBF2,SREBF2,22,0,0,-2.056186540501818,-2.57310022337123
SHISA8,SHISA8,22,0,0,-3.1266034865881824,
TNFRSF13C,TNFRSF13C,22,0,0,-3.582972350883784,
CENPM,CENPM,22,0,0,-2.436052717573846,
SMIM45,SMIM45,22,0,0,-0.8036233668095871,
SEPTIN3,SEPTIN3,22,0,0,-1.8423596762316734,
WBP2NL,WBP2NL,22,0,0,0.1111812512353243,
NAGA,NAGA,22,0,0,-0.8531591668631098,-0.54345320204642
PHETA2,PHETA2,22,0,0,-2.8365467796613633,-2.13292423522945
SMDT1,SMDT1,22,0,0,-0.6870718785507623,0.218906124169942
NDUFA6,NDUFA6,22,0,0,-0.14367510310486864,3.99324511099986
CYP2D6,CYP2D6,22,0,0,-1.9061281180392182,-1.58143190998765
TCF20,TCF20,22,0,0,-1.7419686415605504,-2.97269323202489
NFAM1,NFAM1,22,0,0,-2.461259087539668,
RRP7A,RRP7A,22,0,0,-2.4261874171619535,-1.34619915663334
SERHL2,SERHL2,22,0,0,-1.7306072094860667,0.107956504855019
POLDIP3,POLDIP3,22,0,0,-1.132433147566358,-0.863849404669307
CYB5R3,CYB5R3,22,0,0,-1.9707151877695903,-1.09755004251384
ATP5MGL,ATP5MGL,22,0,0,-0.020336670430577186,
A4GALT,A4GALT,22,0,0,-2.1786885993521192,-2.94351120419707
ARFGAP3,ARFGAP3,22,0,0,-0.2113844309734585,0.393935351391122
PACSIN2,PACSIN2,22,0,0,-1.6406804597509907,-1.62945284096442
TTLL1,TTLL1,22,0,0,-0.6828451006245508,-2.33136350047174
BIK,BIK,22,0,0,-1.3912012251474994,
MCAT,MCAT,22,0,0,-1.7245877687841418,-1.16320155956194
TSPO,TSPO,22,0,0,-1.6397861050351263,-0.483831644162704
TTLL12,TTLL12,22,0,0,-2.4941034503693746,-1.99123339121814
SCUBE1,SCUBE1,22,0,0,-2.2605706074147065,-2.48395976355377
MPPED1,MPPED1,22,0,0,-1.9219346429908306,0.0082492205139042
EFCAB6,EFCAB6,22,0,0,-0.10067674866772514,-4.36340500584848
SULT4A1,SULT4A1,22,0,0,-1.5096850827129238,
PNPLA5,PNPLA5,22,0,0,-2.2569368038563855,
PNPLA3,PNPLA3,22,0,0,-1.2674885549265493,-0.7393887213719
SAMM50,SAMM50,22,0,0,0.04996450468986069,-0.17376290950354
PARVB,PARVB,22,0,0,-1.5924027720954896,-1.816247394034
PARVG,PARVG,22,0,0,-1.9579585851766357,-1.89355027783009
SHISAL1,SHISAL1,22,0,0,-1.516170676729951,
RTL6,RTL6,22,0,0,-1.9419683619522363,
PRR5,PRR5,22,0,0,-2.9939909764306645,
ARHGAP8,ARHGAP8,22,0,0,-2.1483840372652594,
PHF21B,PHF21B,22,0,0,-3.544853290840324,
NUP50,NUP50,22,0,0,-0.07879191665869456,0.346320814991811
KIAA0930,KIAA0930,22,0,0,-1.6378593322953172,-3.70004305639507
UPK3A,UPK3A,22,0,0,-2.0846260344619836,
FAM118A,FAM118A,22,0,0,-1.1600112390997133,-2.01972719562155
SMC1B,SMC1B,22,0,0,0.18391687683208247,
RIBC2,RIBC2,22,0,0,-1.571952504052538,
FBLN1,FBLN1,22,0,0,-2.138025987574993,-0.777566611522491
ATXN10,ATXN10,22,0,0,0.04779506219732532,0.64259689767148
WNT7B,WNT7B,22,0,0,-1.6879977123328267,
PPARA,PPARA,22,0,0,-0.6569962633452455,-1.69800138934643
CDPF1,CDPF1,22,0,0,-1.4823173565368464,-0.366347327279168
PKDREJ,PKDREJ,22,0,0,-0.05849414041888501,
TTC38,TTC38,22,0,0,-1.230937653690038,-1.00097029557227
GTSE1,GTSE1,22,0,0,-1.940352953249425,
TRMU,TRMU,22,0,0,-0.8002927495358012,-0.198437219482183
CELSR1,CELSR1,22,0,0,-2.503136547706612,-2.48749863735046
GRAMD4,GRAMD4,22,0,0,-1.8384664373321247,-2.49085948513713
CERK,CERK,22,0,0,-1.8683074092514875,-3.03298917632772
TBC1D22A,TBC1D22A,22,0,0,-2.2893780120010288,-2.46580328283038
TAFA5,TAFA5,22,0,0,-2.861232224083208,
BRD1,BRD1,22,0,0,-2.1246150155701162,-3.33648623469198
ZBED4,ZBED4,22,0,0,-1.788804434056857,
ALG12,ALG12,22,0,0,-1.4520847448454877,-2.07549938565434
CRELD2,CRELD2,22,0,0,-2.4098594871449333,-2.53644958663464
PIM3,PIM3,22,0,0,-2.602552105734773,-2.56530990008564
IL17REL,IL17REL,22,0,0,-3.1721087194063298,
TTLL8,TTLL8,22,0,0,-2.1620094310545745,
MLC1,MLC1,22,0,0,-1.6220757090957,
MOV10L1,MOV10L1,22,0,0,-0.6838659093061334,
PANX2,PANX2,22,0,0,-2.562188758566613,-4.96195476845763
TRABD,TRABD,22,0,0,-2.4455970623271757,-2.79329916634617
SELENOO,SELENOO,22,0,0,-2.3599469550378895,-2.36704656585619
TUBGCP6,TUBGCP6,22,0,0,-2.5842016484071646,-3.10190825006852
HDAC10,HDAC10,22,0,0,-2.5537895833616258,-1.98315025716854
MAPK12,MAPK12,22,0,0,-1.6173989721123814,
MAPK11,MAPK11,22,0,0,-2.3830816543666025,-3.93170845030783
PLXNB2,PLXNB2,22,0,0,-2.46896982520383,-2.93834534131714
DENND6B,DENND6B,22,0,0,-2.2549510351111604,-2.65012138759104
PPP6R2,PPP6R2,22,0,0,-2.489039192611104,-2.98284817030648
SBF1,SBF1,22,0,0,-2.644697375880437,-4.46819452835087
ADM2,ADM2,22,0,0,-4.3700247568417705,-2.03716169372873
MIOX,MIOX,22,0,0,-1.7218321789930524,
LMF2,LMF2,22,0,0,-2.320665627460059,-1.30132851244614
NCAPH2,NCAPH2,22,0,0,-2.4272633076595795,-2.8852105743597
SCO2,SCO2,22,0,0,-2.394369778141874,
TYMP,TYMP,22,0,0,-2.3899964243998895,-2.07283142206409
CIMAP1B,CIMAP1B,22,0,0,-2.5540064607942217,-2.12584624635827
KLHDC7B,KLHDC7B,22,0,0,-3.4905634204913856,-3.45603334405746
SYCE3,SYCE3,22,0,0,-0.03132921731123339,-0.541201515333034
CPT1B,CPT1B,22,0,0,-1.2037578815148215,-5.95684647559918
CHKB,CHKB,22,0,0,-1.6573344353964092,
MAPK8IP2,MAPK8IP2,22,0,0,-3.395705783767646,
ARSA,ARSA,22,0,0,-2.2372211431415696,-1.48053301662882
ACR,ACR,22,0,0,-1.5032501940028808,-4.41332710182923
RABL2B,RABL2B,22,0,0,-1.0633975588641302,-0.792001155002329
CHL1,CHL1,3,0,0,0.18187902378921805,
CNTN6,CNTN6,3,0,0,0.15546529341245297,
CNTN4,CNTN4,3,0,0,0.2598521885348948,
IL5RA,IL5RA,3,0,0,0.1018998429024478,
TRNT1,TRNT1,3,0,0,0.9339651183642488,1.52230482819285
CRBN,CRBN,3,0,0,0.3194268620506815,1.9864397329721
LRRN1,LRRN1,3,0,0,0.005589701187625806,
SETMAR,SETMAR,3,0,0,0.3080624295334893,-0.390413325535059
SUMF1,SUMF1,3,0,0,-0.567870684215686,-0.711859222929009
ITPR1,ITPR1,3,0,0,-0.6303103486948896,-1.9023906288381
BHLHE40,BHLHE40,3,0,0,-2.0062037991176744,-1.34342180406342
ARL8B,ARL8B,3,0,0,1.0494237924766399,1.10358220148416
EDEM1,EDEM1,3,0,0,-0.7893668524124973,-2.85693253845334
GRM7,GRM7,3,0,0,-0.3150295562297334,
LMCD1,LMCD1,3,0,0,-1.3765727999925748,-1.69176915064859
SSUH2,SSUH2,3,0,0,-2.183311640025847,
CAV3,CAV3,3,0,0,-1.2985876384980752,
OXTR,OXTR,3,0,0,-1.5976829541328694,
RAD18,RAD18,3,0,0,0.03654546783114654,0.722661977426153
SRGAP3,SRGAP3,3,0,0,-1.9983591729827488,
THUMPD3,THUMPD3,3,0,0,0.7406339699418361,1.46549768276248
SETD5,SETD5,3,0,0,-1.3326360240923787,-3.25276083557092
LHFPL4,LHFPL4,3,0,0,-1.5140617836012833,
MTMR14,MTMR14,3,0,0,-1.6191356559355992,-2.22640334116302
CPNE9,CPNE9,3,0,0,-0.9814079354970087,
BRPF1,BRPF1,3,0,0,-2.268930175070391,-3.5226698486175
OGG1,OGG1,3,0,0,-1.7897886210334946,-2.1038817787318
CAMK1,CAMK1,3,0,0,-1.5256555878739775,-1.28163025438871
TADA3,TADA3,3,0,0,-1.9761139243451336,-3.29269346102924
ARPC4,ARPC4,3,0,0,-0.8536323955863558,1.01803190424945
TTLL3,TTLL3,3,0,0,-1.3792580799132317,-6.24401634632876
RPUSD3,RPUSD3,3,0,0,-2.49936838005668,-1.10611553809602
CIDEC,CIDEC,3,0,0,-1.2970341759546198,
JAGN1,JAGN1,3,0,0,-0.32647794234136995,-0.0308793728019138
IL17RE,IL17RE,3,0,0,-2.101332661700189,-2.5464074737086
IL17RC,IL17RC,3,0,0,-2.281716721930806,-3.78834947634272
CRELD1,CRELD1,3,0,0,-1.8289801349453452,-1.43945130218978
PRRT3,PRRT3,3,0,0,-2.7119287716490597,
EMC3,EMC3,3,0,0,0.46227892916646596,1.02055965050258
FANCD2,FANCD2,3,0,0,-0.22528126213380695,-1.05927751064592
FANCD2OS,FANCD2OS,3,0,0,-1.3589045087205314,
BRK1,BRK1,3,0,0,-0.7578002699412618,-0.262706599472841
VHL,VHL,3,0,0,-2.493730216480632,-2.10886366665376
IRAK2,IRAK2,3,0,0,-1.9663962533979173,-1.27716695318208
TATDN2,TATDN2,3,0,0,-1.9205496994922395,-4.45925083042755
GHRL,GHRL,3,0,0,-2.2341339846665544,
SEC13,SEC13,3,0,0,-1.4814781982152088,-0.748383199472539
ATP2B2,ATP2B2,3,0,0,-1.7305414998496182,-3.09207180648762
SLC6A11,SLC6A11,3,0,0,-0.5365226220009394,-2.57249512785382
SLC6A1,SLC6A1,3,0,0,-0.3125206952934505,-0.27142653845188
HRH1,HRH1,3,0,0,-0.6193844823767769,
ATG7,ATG7,3,0,0,-0.05785748951382352,-0.0913248881347256
VGLL4,VGLL4,3,0,0,-3.363485868389402,-2.08565425456065
TAMM41,TAMM41,3,0,0,0.11059624329016593,-0.0495514980436786
SYN2,SYN2,3,0,0,-1.9595845703766734,
TIMP4,TIMP4,3,0,0,-1.2962462890693391,
PPARG,PPARG,3,0,0,-0.26261216132136944,-0.883740759723307
TSEN2,TSEN2,3,0,0,-0.6307008137006047,-1.65049361149667
MKRN2OS,MKRN2OS,3,0,0,-0.9664130363219954,
MKRN2,MKRN2,3,0,0,-1.5166333591765415,-1.04913817750884
RAF1,RAF1,3,0,0,-0.5714506914033741,-1.53443677931595
TMEM40,TMEM40,3,0,0,-1.4807063843965906,
CAND2,CAND2,3,0,0,-2.271005366715766,-2.20984414642855
RPL32,RPL32,3,0,0,-0.6975626409597151,-0.482234216382955
IQSEC1,IQSEC1,3,0,0,-3.3440409365992654,-3.27386525068369
NUP210,NUP210,3,0,0,-1.9812866547319654,-1.90457106991834
HDAC11,HDAC11,3,0,0,-1.5141449800619569,-1.04225934275843
FBLN2,FBLN2,3,0,0,-2.4860023783510297,-1.99352983153188
WNT7A,WNT7A,3,0,0,-1.9570175568892658,
CHCHD4,CHCHD4,3,0,0,-1.2356218411820787,-0.101171130907722
TMEM43,TMEM43,3,0,0,-1.266376881927119,-0.610383623199204
XPC,XPC,3,0,0,-1.3882941801210613,-1.4286226844323
LSM3,LSM3,3,0,0,0.6034042122932295,1.38239364482075
SLC6A6,SLC6A6,3,0,0,-0.01834867537489515,-1.54617346823914
GRIP2,GRIP2,3,0,0,-3.147238459504729,
CCDC174,CCDC174,3,0,0,-0.5699133681844302,-0.486571321102791
C3orf20,C3orf20,3,0,0,-1.381161014436877,
FGD5,FGD5,3,0,0,-2.3407461860101826,-3.25822388944857
NR2C2,NR2C2,3,0,0,-1.2183440358812447,-2.81921561042789
MRPS25,MRPS25,3,0,0,-1.4230260547906788,-1.29222670988528
RBSN,RBSN,3,0,0,-2.3033419441752567,-4.4219017362775
CAPN7,CAPN7,3,0,0,0.7527079552123439,0.886449196634603
SH3BP5,SH3BP5,3,0,0,-2.311137568781879,-2.22480234247422
METTL6,METTL6,3,0,0,0.9081782385851849,
EAF1,EAF1,3,0,0,-2.273915959941055,-0.929901320321442
COLQ,COLQ,3,0,0,-1.422677611318523,-4.11277102655459
HACL1,HACL1,3,0,0,0.6671054728017101,1.27907024945307
BTD,BTD,3,0,0,-0.4314716850168381,0.847655540017186
ANKRD28,ANKRD28,3,0,0,0.5903582549100097,0.261806284558655
GALNT15,GALNT15,3,0,0,-2.305467059447773,-1.86592963677058
DPH3,DPH3,3,0,0,-0.24762583491959234,2.86972687196036
OXNAD1,OXNAD1,3,0,0,0.06853808248703963,-0.378817800268797
RFTN1,RFTN1,3,0,0,-1.5126654443329315,-1.48645574616143
DAZL,DAZL,3,0,0,0.7210382669438804,
PLCL2,PLCL2,3,0,0,0.13107599794816238,-1.19615986742986
TBC1D5,TBC1D5,3,0,0,-0.39253326093418117,-0.94439619869926
SATB1,SATB1,3,0,0,-1.0010393881393878,-4.44399138140918
KCNH8,KCNH8,3,0,0,-0.2860811457699608,
EFHB,EFHB,3,0,0,0.5193079572765882,
RAB5A,RAB5A,3,0,0,0.8632912163268482,1.07378090754078
PP2D1,PP2D1,3,0,0,0.8777690887183773,
KAT2B,KAT2B,3,0,0,-0.23667606879148195,-2.33778618059252
SGO1,SGO1,3,0,0,0.24039210955766777,
ZNF385D,ZNF385D,3,0,0,-0.602715416966328,
UBE2E2,UBE2E2,3,0,0,-0.45867522572630826,0.683947062789128
UBE2E1,UBE2E1,3,0,0,-0.30385815522585524,1.03946561494379
NKIRAS1,NKIRAS1,3,0,0,0.5858411935044252,0.853730079050649
RPL15,RPL15,3,0,0,-0.37336820003612736,-0.429502879845557
NR1D2,NR1D2,3,0,0,0.15021516273607105,0.8637005765634
THRB,THRB,3,0,0,-0.9649929411508626,-2.35923575288143
RARB,RARB,3,0,0,-0.7818323842269859,-0.616296187914379
TOP2B,TOP2B,3,0,0,1.4151839115598808,0.323057932072527
NGLY1,NGLY1,3,0,0,0.21365519903493002,-0.0352113149583619
OXSM,OXSM,3,0,0,0.8668128567758817,1.10421519361087
LRRC3B,LRRC3B,3,0,0,0.02262835710866362,
NEK10,NEK10,3,0,0,-0.09709805385766224,-0.282088463311715
SLC4A7,SLC4A7,3,0,0,0.5153885000354332,
EOMES,EOMES,3,0,0,-1.3598114283557905,-1.58177038247802
CMC1,CMC1,3,0,0,1.2794199108840356,1.91821275999049
AZI2,AZI2,3,0,0,0.15064886964370316,-0.282585544304006
ZCWPW2,ZCWPW2,3,0,0,1.1274375488601383,
RBMS3,RBMS3,3,0,0,-0.29458855695941466,-1.59462911918328
TGFBR2,TGFBR2,3,0,0,-1.4335431287897844,-1.39385513179245
GADL1,GADL1,3,0,0,0.4674350026757157,
STT3B,STT3B,3,0,0,1.1956485918339563,1.04419033497038
OSBPL10,OSBPL10,3,0,0,-1.8047169963498089,-2.40111501937103
ZNF860,ZNF860,3,0,0,0.03912342848964201,
GPD1L,GPD1L,3,0,0,0.011731824096811394,-0.840873651241974
CMTM8,CMTM8,3,0,0,-0.48990426494482797,-0.318903403819192
CMTM7,CMTM7,3,0,0,-1.1860865892396966,-0.248838684976364
CMTM6,CMTM6,3,0,0,0.34213753614007913,0.824382714568498
DYNC1LI1,DYNC1LI1,3,0,0,0.4981563910523352,0.0722388478447393
CNOT10,CNOT10,3,0,0,0.4698836480737345,0.425078149854599
TRIM71,TRIM71,3,0,0,-2.1109195440533615,
CCR4,CCR4,3,0,0,0.389815254564013,
GLB1,GLB1,3,0,0,-0.5236358324891501,0.622321800483998
TMPPE,TMPPE,3,0,0,-1.3456932338203416,
CRTAP,CRTAP,3,0,0,-0.7661544835065826,-1.61615388486907
SUSD5,SUSD5,3,0,0,-1.373289110389834,
FBXL2,FBXL2,3,0,0,-1.180492070044746,
UBP1,UBP1,3,0,0,-0.4636467794182284,-3.11549837576469
CLASP2,CLASP2,3,0,0,0.09167671561433721,1.515935459933
PDCD6IP,PDCD6IP,3,0,0,0.4126190264871852,0.612679845984565
ARPP21,ARPP21,3,0,0,-1.6407451715609298,
STAC,STAC,3,0,0,-1.1167993927233137,
DCLK3,DCLK3,3,0,0,-2.19760925423674,
TRANK1,TRANK1,3,0,0,-0.7495593159085079,-2.04147245621315
EPM2AIP1,EPM2AIP1,3,0,0,-0.13914152525884127,0.198851108723629
MLH1,MLH1,3,0,0,-0.38579853857472735,-0.570211039562898
LRRFIP2,LRRFIP2,3,0,0,-0.6466523684086365,-1.49703370679922
GOLGA4,GOLGA4,3,0,0,-0.027721015287843542,-0.551840411613229
ITGA9,ITGA9,3,0,0,-0.7081130501304713,-0.718969716007172
CTDSPL,CTDSPL,3,0,0,-1.5584944319987724,-3.46795785525067
VILL,VILL,3,0,0,-2.04087096271512,-4.58083193391976
PLCD1,PLCD1,3,0,0,-2.088912685239393,-2.02480339390686
DLEC1,DLEC1,3,0,0,-1.871116981578103,
ACAA1,ACAA1,3,0,0,-1.5143742871641734,-1.27391602418813
MYD88,MYD88,3,0,0,-1.2458338354538867,-0.849558010232963
OXSR1,OXSR1,3,0,0,0.3558385643275983,-0.109789290174414
SLC22A13,SLC22A13,3,0,0,-1.2737461735691866,
SLC22A14,SLC22A14,3,0,0,-1.069357605780004,
XYLB,XYLB,3,0,0,-0.5830730592292639,-0.343336043835897
ACVR2B,ACVR2B,3,0,0,-1.927586244782093,
EXOG,EXOG,3,0,0,0.1771246053439146,1.25825258158828
SCN5A,SCN5A,3,0,0,-1.5026024498626764,
SCN10A,SCN10A,3,0,0,-0.4360704679606098,
SCN11A,SCN11A,3,0,0,0.4114234952705118,
WDR48,WDR48,3,0,0,0.8636448976643685,0.358528000263496
GORASP1,GORASP1,3,0,0,-2.5959007375775034,-1.54520174935086
TTC21A,TTC21A,3,0,0,-0.8902488693853137,
CSRNP1,CSRNP1,3,0,0,-2.475784358274785,-2.18095510484
XIRP1,XIRP1,3,0,0,-3.064450927344918,
CX3CR1,CX3CR1,3,0,0,0.09761069632862629,1.213829657582
CCR8,CCR8,3,0,0,0.3950478540968536,
SLC25A38,SLC25A38,3,0,0,0.07992865190528065,-1.0251131135471
RPSA,RPSA,3,0,0,0.13626015684465287,-0.725325292175238
MOBP,MOBP,3,0,0,-3.4031513259121446,
MYRIP,MYRIP,3,0,0,-2.148059704491221,-2.25361781508663
EIF1B,EIF1B,3,0,0,0.8649621327136678,3.43261776302733
ENTPD3,ENTPD3,3,0,0,-0.43836978921004643,
RPL14,RPL14,3,0,0,0.8143118746713007,-1.78508042080095
ZNF619,ZNF619,3,0,0,-1.220360432514612,-1.23750840203903
ZNF620,ZNF620,3,0,0,-0.9397599846904328,-1.1666458329383
ZNF621,ZNF621,3,0,0,-0.45844317824390224,-2.39964084500777
CTNNB1,CTNNB1,3,0,0,0.5181498190659664,1.45008783769196
ULK4,ULK4,3,0,0,-0.16887334658023967,-2.14398883327946
TRAK1,TRAK1,3,0,0,-2.206639178205535,-4.74737808227095
CCK,CCK,3,0,0,-2.093575076376718,
LYZL4,LYZL4,3,0,0,-0.027942625337518123,
VIPR1,VIPR1,3,0,0,-1.3499705292278765,-2.86866476351077
SEC22C,SEC22C,3,0,0,-0.045389828030014456,-0.940027700425529
SS18L2,SS18L2,3,0,0,-0.6256033520729183,-0.396125498133703
NKTR,NKTR,3,0,0,-1.1988105958033195,-1.98623675687132
ZBTB47,ZBTB47,3,0,0,-3.0617529805531714,-4.58320511551731
KLHL40,KLHL40,3,0,0,-1.5698651993789579,
HHATL,HHATL,3,0,0,-0.983090122689875,
CCDC13,CCDC13,3,0,0,-2.545719113545033,
HIGD1A,HIGD1A,3,0,0,1.9832727903827916,
ACKR2,ACKR2,3,0,0,-0.5238284373319839,0.477598305307755
CYP8B1,CYP8B1,3,0,0,-1.1668023090519082,0.322832856983695
ZNF662,ZNF662,3,0,0,-0.8703589449334661,
KRBOX1,KRBOX1,3,0,0,-0.180799426906896,
GASK1A,GASK1A,3,0,0,-2.588301377710284,-2.42039123139503
POMGNT2,POMGNT2,3,0,0,-1.7516342875331326,-3.54924499555905
SNRK,SNRK,3,0,0,-0.9702493765675921,-1.22374657679346
ANO10,ANO10,3,0,0,0.7841455496360972,1.09897280416567
ABHD5,ABHD5,3,0,0,0.2097039438201005,0.391752828815616
TOPAZ1,TOPAZ1,3,0,0,0.4023665702780779,
TCAIM,TCAIM,3,0,0,0.016906613576527008,0.627140224113026
ZNF445,ZNF445,3,0,0,-1.356347825114316,-0.992908878085592
ZKSCAN7,ZKSCAN7,3,0,0,-1.4070772229288853,
ZNF660,ZNF660,3,0,0,-0.5862300858892109,
ZNF197,ZNF197,3,0,0,-0.6320851029233836,-1.48515827629622
ZNF35,ZNF35,3,0,0,-1.0079124383842064,-1.88455431924319
ZNF502,ZNF502,3,0,0,-0.4361089887876215,0.169658676265478
ZNF501,ZNF501,3,0,0,-0.4205441465786972,-1.20458499862283
KIAA1143,KIAA1143,3,0,0,-0.41001035794446494,0.622536461378873
KIF15,KIF15,3,0,0,-0.003721588660580366,
TMEM42,TMEM42,3,0,0,-0.8590874219102727,-1.75761906720194
TGM4,TGM4,3,0,0,-0.8500567166430368,
ZDHHC3,ZDHHC3,3,0,0,-0.7593442672453854,-3.38646063469031
EXOSC7,EXOSC7,3,0,0,-0.8012584882647733,-1.10589667775715
CLEC3B,CLEC3B,3,0,0,-1.621617730854359,-0.580194044469864
CDCP1,CDCP1,3,0,0,-1.7668389802890285,
TMEM158,TMEM158,3,0,0,-2.633235452333844,-3.6442908397029
LARS2,LARS2,3,0,0,-0.5840142044531476,-0.601659584395097
LIMD1,LIMD1,3,0,0,-2.2522650674275706,-2.10256921345607
SACM1L,SACM1L,3,0,0,1.2441716863597971,1.46277576413999
SLC6A20,SLC6A20,3,0,0,-0.8586431950601554,
LZTFL1,LZTFL1,3,0,0,0.1538848634663026,1.56515898945946
CCR9,CCR9,3,0,0,0.46354530425486473,
FYCO1,FYCO1,3,0,0,-2.518245050399095,-2.69061011407956
CXCR6,CXCR6,3,0,0,0.08257705415374517,1.33960837653162
XCR1,XCR1,3,0,0,-1.4134903871671973,
CCR1,CCR1,3,0,0,-0.5988925421495672,1.95829056766399
CCR3,CCR3,3,0,0,-0.15799266715348992,
CCR2,CCR2,3,0,0,0.34497696055746907,0.31828652263617
CCR5,CCR5,3,0,0,0.18186339860723244,0.0961398553087315
CCRL2,CCRL2,3,0,0,0.3108566611668664,0.670275384844446
LTF,LTF,3,0,0,-0.7599081987614884,-1.79017746711427
RTP3,RTP3,3,0,0,-0.8011599624508072,0.0887434694100341
LRRC2,LRRC2,3,0,0,-0.2786650832839843,-0.170606327937347
CRIPTO,CRIPTO,3,0,0,-0.8773786661402063,-0.666045646726459
FAM240A,FAM240A,3,0,0,-0.9822280334148417,
ALS2CL,ALS2CL,3,0,0,-2.6751675464015605,-2.93418661436752
TMIE,TMIE,3,0,0,-1.4783634340270844,
PRSS50,PRSS50,3,0,0,-1.9688789223805383,
MYL3,MYL3,3,0,0,-1.040152883401145,-5.52447870387762
PTH1R,PTH1R,3,0,0,-1.636049480988957,-4.6970930237301
CCDC12,CCDC12,3,0,0,-2.531146958212666,-1.94234170353447
NBEAL2,NBEAL2,3,0,0,-2.1674411476730295,-4.45830423579614
SETD2,SETD2,3,0,0,-0.28606411465356096,-2.43374805111828
KIF9,KIF9,3,0,0,-0.9806880184928328,-1.82826960360455
KLHL18,KLHL18,3,0,0,-1.4413676495973515,-1.36190304459654
PTPN23,PTPN23,3,0,0,-2.6001474200054595,-2.17968867639973
SCAP,SCAP,3,0,0,-2.3744133650689676,-3.86795895462154
ELP6,ELP6,3,0,0,-1.1069801100330796,-1.59012751932186
CSPG5,CSPG5,3,0,0,-2.302731347874982,
SMARCC1,SMARCC1,3,0,0,-0.3083727142454791,-1.15765170107589
DHX30,DHX30,3,0,0,-2.2188696151229994,-1.85350005852591
MAP4,MAP4,3,0,0,-0.6067861807144741,-0.407223904298662
CDC25A,CDC25A,3,0,0,-1.088523570314285,
CAMP,CAMP,3,0,0,-1.445724770860668,-1.0448186880281
ZNF589,ZNF589,3,0,0,-1.8101692995041248,-1.68643593204342
NME6,NME6,3,0,0,-1.2981284345370039,-0.527062185376694
SPINK8,SPINK8,3,0,0,0.690002584280009,
FBXW12,FBXW12,3,0,0,-0.2671451269078631,
PLXNB1,PLXNB1,3,0,0,-2.2903189119557332,-3.09514584522397
CCDC51,CCDC51,3,0,0,-2.0859742714332654,-0.841744609311319
TMA7,TMA7,3,0,0,-0.5014074883929602,-1.3217184584753
ATRIP,ATRIP,3,0,0,-1.7469302568593914,
TREX1,TREX1,3,0,0,-2.3283424251008906,-1.36371355485918
SHISA5,SHISA5,3,0,0,-1.447928877570348,-3.70454975814518
PFKFB4,PFKFB4,3,0,0,-1.3251194438797675,
UCN2,UCN2,3,0,0,-2.524853168563949,
COL7A1,COL7A1,3,0,0,-2.507272129191584,-5.14813409839669
UQCRC1,UQCRC1,3,0,0,-1.2851459307116055,-0.468511992904143
TMEM89,TMEM89,3,0,0,-2.629391290395244,
SLC26A6,SLC26A6,3,0,0,-1.401962689928764,-1.00337011733903
CELSR3,CELSR3,3,0,0,-2.3017554826671507,
NCKIPSD,NCKIPSD,3,0,0,-2.1987891952286382,-1.90403887332776
IP6K2,IP6K2,3,0,0,-0.9919470297138311,-2.32837683775696
PRKAR2A,PRKAR2A,3,0,0,-0.4701059079195016,0.203513162960783
SLC25A20,SLC25A20,3,0,0,-0.2657556160411847,0.254243054537258
ARIH2,ARIH2,3,0,0,-0.887046214086487,-2.0172239754688
P4HTM,P4HTM,3,0,0,-1.8588284503933892,-1.30703364105926
WDR6,WDR6,3,0,0,-1.3763499693394472,-1.34573359736326
DALRD3,DALRD3,3,0,0,-1.8414562275860114,-0.575589884793293
NDUFAF3,NDUFAF3,3,0,0,-1.9491704274663775,-0.612908487810015
IMPDH2,IMPDH2,3,0,0,-0.48661972037903745,-0.758589521941751
QRICH1,QRICH1,3,0,0,-1.4458156986329112,-1.31549379782295
QARS1,QARS1,3,0,0,-0.9575811049081668,-0.95014379591202
USP19,USP19,3,0,0,-1.9392678338355207,-1.66057870615367
LAMB2,LAMB2,3,0,0,-2.226584125392714,-0.797546007102587
CCDC71,CCDC71,3,0,0,-1.673787560231565,-2.57181728383461
KLHDC8B,KLHDC8B,3,0,0,-1.4810392161527073,-3.47345696233978
CIMIP7,CIMIP7,3,0,0,-2.1860831205467264,
IHO1,IHO1,3,0,0,-1.082444381357858,
C3orf62,C3orf62,3,0,0,-0.39212058336235245,
USP4,USP4,3,0,0,-0.43505974021475957,-0.999891397015144
GPX1,GPX1,3,0,0,-1.4714247381808292,-1.08502950625622
RHOA,RHOA,3,0,0,0.08760424378466602,0.175193558749401
TCTA,TCTA,3,0,0,-1.3016796785252662,-0.922391394704228
AMT,AMT,3,0,0,-1.0987309320226561,
NICN1,NICN1,3,0,0,-1.731100363792569,-1.23622054382972
DAG1,DAG1,3,0,0,-1.9420146155954434,-1.3813953568225
BSN,BSN,3,0,0,-3.1067084481106466,
APEH,APEH,3,0,0,-1.6716596978102114,-0.950704612912617
MST1,MST1,3,0,0,-2.060973126802354,-1.16147044710528
RNF123,RNF123,3,0,0,-1.7956740325221006,-3.44780595957862
AMIGO3,AMIGO3,3,0,0,-2.290354044160095,
GMPPB,GMPPB,3,0,0,-1.803175160837144,
IP6K1,IP6K1,3,0,0,-2.200187818917202,-1.95719138410743
CDHR4,CDHR4,3,0,0,-1.7817084734524062,
INKA1,INKA1,3,0,0,-3.01688183417464,-3.05583688668606
UBA7,UBA7,3,0,0,-1.72781735538487,-0.949155628877961
TRAIP,TRAIP,3,0,0,-1.3737018747112941,0.125361633404462
CAMKV,CAMKV,3,0,0,-1.408723929207051,
MST1R,MST1R,3,0,0,-1.8958912369829282,
MON1A,MON1A,3,0,0,-2.0265293511988425,-3.05236058108669
RBM6,RBM6,3,0,0,-0.8171995349933745,-1.52717810768176
RBM5,RBM5,3,0,0,-0.635994477088671,-1.15025372419592
SEMA3F,SEMA3F,3,0,0,-1.7510302188927938,-2.31130597743315
GNAT1,GNAT1,3,0,0,-1.5101380874970083,
SLC38A3,SLC38A3,3,0,0,-1.1834940975856316,0.010705856917654
GNAI2,GNAI2,3,0,0,-1.4087427823547642,-1.41682984521604
SEMA3B,SEMA3B,3,0,0,-2.463883306008091,-2.71544536851882
LSMEM2,LSMEM2,3,0,0,-2.9758208291008206,
IFRD2,IFRD2,3,0,0,-2.2301617901824127,-3.71847916451508
HYAL3,HYAL3,3,0,0,-2.04085607542134,-1.99988876824328
NAA80,NAA80,3,0,0,-2.6852231030232634,-1.8427057809484
HYAL1,HYAL1,3,0,0,-1.5739224625426846,-1.16268162364036
HYAL2,HYAL2,3,0,0,-1.6228277945072822,-1.16863806878426
TUSC2,TUSC2,3,0,0,-1.3830884609860856,-2.22699958357921
RASSF1,RASSF1,3,0,0,-2.2883514759560803,-1.79494275077357
ZMYND10,ZMYND10,3,0,0,-2.1974840959693918,-6.41264884192424
NPRL2,NPRL2,3,0,0,-1.3219254955260968,-0.26229140520717
CYB561D2,CYB561D2,3,0,0,-1.3604899782059796,-0.172039170444899
TMEM115,TMEM115,3,0,0,-1.6073080944321472,-1.73729351605608
CACNA2D2,CACNA2D2,3,0,0,-1.516707970605724,-1.34848616096266
C3orf18,C3orf18,3,0,0,-2.026427483551304,-3.58160792752001
HEMK1,HEMK1,3,0,0,-2.7784115411461325,-1.7445767230942
CISH,CISH,3,0,0,-2.2009557542181977,-1.61865571111349
MAPKAPK3,MAPKAPK3,3,0,0,-1.490682961195743,-3.02972419985836
DOCK3,DOCK3,3,0,0,-0.936723012258021,
MANF,MANF,3,0,0,-0.6001353348112151,0.423923456385917
RBM15B,RBM15B,3,0,0,-3.1639268466705293,-4.55368473976699
DCAF1,DCAF1,3,0,0,-0.15988534181736114,-0.817140428975506
RAD54L2,RAD54L2,3,0,0,-1.4765856620553315,-3.32749555564778
TEX264,TEX264,3,0,0,-2.262257190443963,-1.0813382457626
GRM2,GRM2,3,0,0,-1.4080053032529811,
IQCF6,IQCF6,3,0,0,-1.1929624802548346,
IQCF3,IQCF3,3,0,0,-1.393764162174607,
IQCF2,IQCF2,3,0,0,-0.8212752780570227,
IQCF5,IQCF5,3,0,0,-0.6442857512563371,
IQCF1,IQCF1,3,0,0,-1.4024765074549705,
RRP9,RRP9,3,0,0,-2.3832195895858366,-2.27547283896432
PARP3,PARP3,3,0,0,-2.152118639949034,-2.25004862381231
GPR62,GPR62,3,0,0,-2.299339352289273,
PCBP4,PCBP4,3,0,0,-2.2358992311170187,-4.6839691751429
ABHD14B,ABHD14B,3,0,0,-2.1668593227732025,-0.482020061120168
ABHD14A,ABHD14A,3,0,0,-2.126131785750456,-1.61643106616247
ACY1,ACY1,3,0,0,-1.6676333356302369,
RPL29,RPL29,3,0,0,-1.1454461046176228,-1.81026534593927
DUSP7,DUSP7,3,0,0,-2.7838013768125034,-2.75278192264616
POC1A,POC1A,3,0,0,-1.752431307188644,-1.43423128214791
ALAS1,ALAS1,3,0,0,-0.7108299302088827,-0.225783819676902
TLR9,TLR9,3,0,0,-2.219906216558771,-1.81245681279181
TWF2,TWF2,3,0,0,-2.1211814730549037,-0.950795413427996
PPM1M,PPM1M,3,0,0,-2.3213204918259773,-3.37016339096825
WDR82,WDR82,3,0,0,0.321075393116077,0.194114027715392
GLYCTK,GLYCTK,3,0,0,-1.913109966915929,-3.24665960335183
DNAH1,DNAH1,3,0,0,-1.6032891955172577,-6.36081676368915
BAP1,BAP1,3,0,0,-2.2374047283943135,-3.5442838901166
PHF7,PHF7,3,0,0,-1.442250662046165,-2.78975931233421
SEMA3G,SEMA3G,3,0,0,-2.6408633688407672,-2.21808232213944
TNNC1,TNNC1,3,0,0,-0.6409489069122465,
NISCH,NISCH,3,0,0,-2.451664189046552,-3.06839127968934
STAB1,STAB1,3,0,0,-2.3897075175205487,-1.2812901231138
NT5DC2,NT5DC2,3,0,0,-1.6906299055950544,-3.14289642283985
UQCC5,UQCC5,3,0,0,-0.2182805194016897,0.674750366733309
PBRM1,PBRM1,3,0,0,0.12270238751678697,-1.41490410700124
GNL3,GNL3,3,0,0,0.0221759001488131,-0.288863827458873
GLT8D1,GLT8D1,3,0,0,0.670449715374831,2.28035374006983
SPCS1,SPCS1,3,0,0,0.47055966521614856,0.386777996416894
NEK4,NEK4,3,0,0,-0.9526206875467373,-2.91553076448682
ITIH1,ITIH1,3,0,0,-1.6053632273227283,0.149117864503282
ITIH3,ITIH3,3,0,0,-1.2442259051881308,-0.276462046091953
ITIH4,ITIH4,3,0,0,-1.7209822485962665,-0.0458808033139064
MUSTN1,MUSTN1,3,0,0,-1.5797177805789246,
STIMATE,STIMATE,3,0,0,-0.9991116273144502,
SFMBT1,SFMBT1,3,0,0,-0.37790983249588095,-1.43199873760596
RFT1,RFT1,3,0,0,0.04486019254552431,0.305264631096043
PRKCD,PRKCD,3,0,0,-1.121275199091075,-1.28681968484498
TKT,TKT,3,0,0,-1.6479586301094518,-1.35057402902114
DCP1A,DCP1A,3,0,0,-1.566199464970632,-1.16413489090481
CACNA1D,CACNA1D,3,0,0,-0.45631451511362897,-3.38744746905277
CHDH,CHDH,3,0,0,-2.344793253916933,-1.94389794153793
IL17RB,IL17RB,3,0,0,-0.37340474821085934,0.418462928375136
ACTR8,ACTR8,3,0,0,-0.29686163210609884,-0.357765075290271
SELENOK,SELENOK,3,0,0,0.32310941854515995,0.18594199096263
CACNA2D3,CACNA2D3,3,0,0,-0.06080135643684059,
LRTM1,LRTM1,3,0,0,-1.3326854888789672,
WNT5A,WNT5A,3,0,0,-1.0830180866697798,-1.36137907237228
ERC2,ERC2,3,0,0,-1.2308323000299755,
CCDC66,CCDC66,3,0,0,-0.0020895120218256125,-0.389673149029955
TASOR,TASOR,3,0,0,0.2965165269009358,-1.38134377263392
ARHGEF3,ARHGEF3,3,0,0,-1.2573527352003708,-0.762829094960459
SPATA12,SPATA12,3,0,0,-1.5357762431443494,
IL17RD,IL17RD,3,0,0,-1.341860739104419,
HESX1,HESX1,3,0,0,-0.43826608875741613,-2.75190607904592
APPL1,APPL1,3,0,0,0.03633273833529671,0.20988581771816
ASB14,ASB14,3,0,0,0.174515040710574,
DNAH12,DNAH12,3,0,0,1.1022679052412059,
PDE12,PDE12,3,0,0,-0.9953269431396361,-0.555081978626542
ARF4,ARF4,3,0,0,1.8011628355068208,5.10774381528771
DENND6A,DENND6A,3,0,0,0.15429541351540266,-0.222481297702584
SLMAP,SLMAP,3,0,0,-0.5675105960609201,-2.116695822213
FLNB,FLNB,3,0,0,-1.2016940039199948,-0.905488355047288
DNASE1L3,DNASE1L3,3,0,0,-0.7980465548402158,1.18136488769044
ABHD6,ABHD6,3,0,0,-0.5414617880547841,-0.318070460333607
RPP14,RPP14,3,0,0,0.7886902483356977,1.97578878967192
HTD2,HTD2,3,0,0,0.5849243154617394,0.0789657418766145
PXK,PXK,3,0,0,-0.6077217173994249,-0.343286775948659
PDHB,PDHB,3,0,0,0.7839272622969276,1.00743973054723
KCTD6,KCTD6,3,0,0,0.4839555661556201,-0.985934082820704
ACOX2,ACOX2,3,0,0,-1.4698411614792057,-0.938580277068131
FAM107A,FAM107A,3,0,0,-3.361406379294211,
FAM3D,FAM3D,3,0,0,-0.44594814830241525,
CFAP20DC,CFAP20DC,3,0,0,-0.7828963347322482,
FHIT,FHIT,3,0,0,-1.1441602549118333,0.324574781644193
PTPRG,PTPRG,3,0,0,-0.8271818509099909,-0.136654112527492
CEP15,CEP15,3,0,0,0.5250785046702049,
FEZF2,FEZF2,3,0,0,-2.048883451017158,
CADPS,CADPS,3,0,0,-0.7147468470651397,
SYNPR,SYNPR,3,0,0,-0.24713717696279147,
SNTN,SNTN,3,0,0,0.5411634434235921,
C3orf49,C3orf49,3,0,0,-0.3949583483050656,
THOC7,THOC7,3,0,0,0.44934337243723377,1.50556655987272
ATXN7,ATXN7,3,0,0,-2.174019077410483,-2.83874890444133
PSMD6,PSMD6,3,0,0,0.9540372412140705,0.540681696268399
PRICKLE2,PRICKLE2,3,0,0,-2.046777148553767,
ADAMTS9,ADAMTS9,3,0,0,-0.88091512532724,-3.88371302715648
MAGI1,MAGI1,3,0,0,-2.0128122570332874,-2.97596581546865
SLC25A26,SLC25A26,3,0,0,0.33857952303779193,-1.33491893961409
LRIG1,LRIG1,3,0,0,-2.0247910217814926,-2.62412159809168
KBTBD8,KBTBD8,3,0,0,0.7572901724221044,
SUCLG2,SUCLG2,3,0,0,0.5864729127777064,0.608494476556594
TAFA1,TAFA1,3,0,0,-0.33496495425031547,
TAFA4,TAFA4,3,0,0,-1.1541098247187094,
EOGT,EOGT,3,0,0,0.4550412261013719,
TMF1,TMF1,3,0,0,-0.17926602424885374,0.0714973078618325
UBA3,UBA3,3,0,0,0.9490168115497415,0.764797392252384
ARL6IP5,ARL6IP5,3,0,0,0.749380541101651,1.36958371405054
LMOD3,LMOD3,3,0,0,-0.6016607090791481,
FRMD4B,FRMD4B,3,0,0,-0.9767641164303829,-1.1546920542692
MITF,MITF,3,0,0,-1.490261383212756,-1.08987098505879
MDFIC2,MDFIC2,3,0,0,-0.4322907395770166,
FOXP1,FOXP1,3,0,0,-1.6335919249475115,-1.25237274145858
EIF4E3,EIF4E3,3,0,0,-0.9281487066702194,-1.67126348229446
GPR27,GPR27,3,0,0,-2.0694693659725143,-5.8509478236637
PROK2,PROK2,3,0,0,-1.6765218421358927,
SHQ1,SHQ1,3,0,0,0.014887924492301252,0.289124206225448
GXYLT2,GXYLT2,3,0,0,-0.6808672272613805,
PPP4R2,PPP4R2,3,0,0,-0.12607790299011867,0.365333874171241
EBLN2,EBLN2,3,0,0,0.048455352869392954,-3.49185761057407
PDZRN3,PDZRN3,3,0,0,-2.3510027185722606,-3.79483760153501
CNTN3,CNTN3,3,0,0,0.15501145969305163,-1.65026715128929
FRG2C,FRG2C,3,0,0,-1.9905891177665556,
ZNF717,ZNF717,3,0,0,-0.40244385500674973,-1.42251477844478
ROBO2,ROBO2,3,0,0,-0.6710545564997812,
ROBO1,ROBO1,3,0,0,-0.6449401303924418,-2.96870933654982
GBE1,GBE1,3,0,0,1.0021899916273647,0.9436081892012
CADM2,CADM2,3,0,0,0.577013861810034,
VGLL3,VGLL3,3,0,0,-1.75896752018045,
CHMP2B,CHMP2B,3,0,0,1.3570585705697553,
POU1F1,POU1F1,3,0,0,-0.07736385643264398,
HTR1F,HTR1F,3,0,0,0.6503348095478128,
CGGBP1,CGGBP1,3,0,0,-0.054679329382924635,0.37005301413044
LOC128031834,LOC128031834,3,0,0,-2.7894679486483316,
ZNF654,ZNF654,3,0,0,0.41841852147379477,0.226362584922195
C3orf38,C3orf38,3,0,0,0.41653448063934206,0.547975205431065
CSNK2A2IP,CSNK2A2IP,3,0,0,-0.7526104567293803,
EPHA3,EPHA3,3,0,0,0.021512167649964553,-0.474420879883319
PROS1,PROS1,3,0,0,1.0272720054313833,2.31528633904059
ARL13B,ARL13B,3,0,0,0.1320323219391888,0.216942988599361
STX19,STX19,3,0,0,0.7797133391153039,
DHFR2,DHFR2,3,0,0,0.44620926169969977,1.25069903339202
NSUN3,NSUN3,3,0,0,0.1848554775635911,1.19693732310097
EPHA6,EPHA6,3,0,0,-0.027851309994307627,
ARL6,ARL6,3,0,0,0.9461287538759411,
CRYBG3,CRYBG3,3,0,0,0.14565960611537498,
RIOX2,RIOX2,3,0,0,-0.5832945066380422,-0.331594662438811
GABRR3,GABRR3,3,0,0,0.7144416762268051,
OR5AC2,OR5AC2,3,0,0,1.5007729811759152,
OR5H1,OR5H1,3,0,0,1.664068359831317,
OR5H14,OR5H14,3,0,0,1.7252310947625276,
OR5H15,OR5H15,3,0,0,1.6903142865906382,
OR5H6,OR5H6,3,0,0,1.6191843822453666,
OR5H2,OR5H2,3,0,0,2.0053353284434703,
OR5K4,OR5K4,3,0,0,1.7427294744838555,
OR5K3,OR5K3,3,0,0,1.8633265452194667,
OR5K1,OR5K1,3,0,0,1.5904131503927967,
OR5K2,OR5K2,3,0,0,1.4023837156902381,
CLDND1,CLDND1,3,0,0,0.8678346208523475,2.91561275617292
GPR15,GPR15,3,0,0,-0.17133231124322812,
CPOX,CPOX,3,0,0,-1.1879719040679149,-0.93992262333344
ST3GAL6,ST3GAL6,3,0,0,1.289019484739713,2.4790685902378
DCBLD2,DCBLD2,3,0,0,-0.10726424082404762,-1.76553597860213
COL8A1,COL8A1,3,0,0,-1.6750964959086527,
CMSS1,CMSS1,3,0,0,-0.12022926530696054,-0.829627986903917
FILIP1L,FILIP1L,3,0,0,-0.608902230046743,0.0091303893272634
TBC1D23,TBC1D23,3,0,0,0.5599237224371922,0.806277761061004
NIT2,NIT2,3,0,0,0.3493396958405466,1.08575836407141
TOMM70,TOMM70,3,0,0,0.4730335092512039,0.509001067715596
LNP1,LNP1,3,0,0,-1.8649201930074675,-3.52638715712447
TMEM45A,TMEM45A,3,0,0,1.1580108376453708,2.49992238073814
ADGRG7,ADGRG7,3,0,0,0.9497402900411362,0.844796966005482
TFG,TFG,3,0,0,-0.05412068646959156,0.884433111569409
ABI3BP,ABI3BP,3,0,0,-0.9092955627401107,-0.406032778070459
IMPG2,IMPG2,3,0,0,-0.37482636534290315,
SENP7,SENP7,3,0,0,0.2298053198893122,1.17477899162547
TRMT10C,TRMT10C,3,0,0,1.2447605218626379,2.74080709020029
PCNP,PCNP,3,0,0,-0.34195806172926346,-1.19960263579377
ZBTB11,ZBTB11,3,0,0,0.06545857702094082,0.161891896168899
RPL24,RPL24,3,0,0,0.2301942684507985,1.52765723810868
CEP97,CEP97,3,0,0,-0.05795388597106843,
NXPE3,NXPE3,3,0,0,-0.3300832649777625,-3.47928990941795
NFKBIZ,NFKBIZ,3,0,0,-1.229998693922557,-1.92186623763411
ZPLD1,ZPLD1,3,0,0,0.023433993183328283,
ALCAM,ALCAM,3,0,0,0.4391126631982907,2.46011523072908
CBLB,CBLB,3,0,0,-0.5799783271835572,-1.15540416959491
CCDC54,CCDC54,3,0,0,0.648086115266965,
BBX,BBX,3,0,0,-0.2776595092281795,-0.923319267479823
CD47,CD47,3,0,0,1.9972517980679836,1.82326665902452
IFT57,IFT57,3,0,0,0.10103549510357901,-0.760031428634188
HHLA2,HHLA2,3,0,0,0.5552650466827824,
MYH15,MYH15,3,0,0,-0.3643339536721548,
CIP2A,CIP2A,3,0,0,0.5143002031335246,
DZIP3,DZIP3,3,0,0,0.6148736596807893,0.368619211282104
RETNLB,RETNLB,3,0,0,-1.0984637563502329,
TRAT1,TRAT1,3,0,0,0.4668676931234028,
GUCA1C,GUCA1C,3,0,0,1.6077378493830459,
MORC1,MORC1,3,0,0,0.7193346652230801,
C3orf85,C3orf85,3,0,0,1.8178828266832205,
DPPA2,DPPA2,3,0,0,0.14415438746965137,
DPPA4,DPPA4,3,0,0,-1.254400636447306,
NECTIN3,NECTIN3,3,0,0,0.8715442422885928,0.660164001422994
CD96,CD96,3,0,0,0.07740898145554453,
ZBED2,ZBED2,3,0,0,-2.3035850803433355,
PLCXD2,PLCXD2,3,0,0,-1.0629298837248466,
PHLDB2,PHLDB2,3,0,0,-1.0481113410461766,-1.7546314591068
ABHD10,ABHD10,3,0,0,0.46377418169829987,1.16418070977358
TAGLN3,TAGLN3,3,0,0,-1.3413478633025022,
TMPRSS7,TMPRSS7,3,0,0,-0.4320889424725891,
C3orf52,C3orf52,3,0,0,-0.12412491530292691,
GCSAM,GCSAM,3,0,0,-1.010283602291727,-0.966301570895428
SLC9C1,SLC9C1,3,0,0,1.500986677349756,
CD200,CD200,3,0,0,-0.5710782666886907,
BTLA,BTLA,3,0,0,0.20353257232111943,
ATG3,ATG3,3,0,0,1.0454104045152839,1.31901166326595
SLC35A5,SLC35A5,3,0,0,0.972289819312973,2.07531770466288
CCDC80,CCDC80,3,0,0,-1.3480130211984935,-1.45348314014235
CD200R1L,CD200R1L,3,0,0,0.3714504873451361,
CD200R1,CD200R1,3,0,0,0.40064195316065465,
GTPBP8,GTPBP8,3,0,0,-0.24701759514221067,-0.768708493253273
NEPRO,NEPRO,3,0,0,0.34862368451928205,-0.193188150797988
BOC,BOC,3,0,0,-2.300104932007036,
CFAP44,CFAP44,3,0,0,0.5084825778154567,-4.3009128186191
SPICE1,SPICE1,3,0,0,-0.3657863252988225,-0.322994242540697
SIDT1,SIDT1,3,0,0,0.11799358485608202,
USF3,USF3,3,0,0,-0.7866591214762249,-3.03069835804974
NAA50,NAA50,3,0,0,0.8417678423581361,0.594413350339759
ATP6V1A,ATP6V1A,3,0,0,1.0526420125030445,4.8094279735459
GRAMD1C,GRAMD1C,3,0,0,0.3513915898666511,1.12561044592853
ZDHHC23,ZDHHC23,3,0,0,-0.6908600106925906,-2.02780542134209
CCDC191,CCDC191,3,0,0,-0.6791318318694657,-2.09087635504836
QTRT2,QTRT2,3,0,0,-0.27660703961563193,0.0929919513555056
DRD3,DRD3,3,0,0,-1.0215070144404876,
ZNF80,ZNF80,3,0,0,-1.1073100259347797,
TIGIT,TIGIT,3,0,0,-1.6801210526957302,-1.48187143356114
ZBTB20,ZBTB20,3,0,0,-2.704590986429233,
GAP43,GAP43,3,0,0,-1.0974396052153086,
LSAMP,LSAMP,3,0,0,-1.101333463468423,
IGSF11,IGSF11,3,0,0,-1.0553800419683643,
TEX55,TEX55,3,0,0,-0.8730691694332364,
UPK1B,UPK1B,3,0,0,0.8497088167416766,
B4GALT4,B4GALT4,3,0,0,-0.14858796866883672,0.140894852811902
ARHGAP31,ARHGAP31,3,0,0,-2.16364387967298,
TMEM39A,TMEM39A,3,0,0,0.1003222471071119,-0.280876653884391
POGLUT1,POGLUT1,3,0,0,0.47940088006709125,1.91264704444962
TIMMDC1,TIMMDC1,3,0,0,0.02551393250534062,-0.307791584794415
CD80,CD80,3,0,0,-0.12155079890942488,
ADPRH,ADPRH,3,0,0,-0.4387265654548749,
PLA1A,PLA1A,3,0,0,-0.6559343919201304,0.473503532616195
POPDC2,POPDC2,3,0,0,-1.3774600727338004,
COX17,COX17,3,0,0,-0.5820015682746718,-1.97648710261937
CFAP91,CFAP91,3,0,0,-0.4201237661114092,-0.616518737746806
NR1I2,NR1I2,3,0,0,-1.6087247951250596,-2.03847165040959
GSK3B,GSK3B,3,0,0,-0.00011270707862820473,-1.11442493286863
GPR156,GPR156,3,0,0,-1.8264752479778341,
LRRC58,LRRC58,3,0,0,-1.5919431476727368,-1.208706328428
FSTL1,FSTL1,3,0,0,-0.5648852784661678,0.0329562300961714
NDUFB4,NDUFB4,3,0,0,-0.22032323589772673,0.398598221039441
HGD,HGD,3,0,0,-0.10245200801964138,1.30269642884724
RABL3,RABL3,3,0,0,0.3470208689240959,0.346811440550427
GTF2E1,GTF2E1,3,0,0,-0.15230898670311,0.186159152436422
STXBP5L,STXBP5L,3,0,0,0.418507728988855,
POLQ,POLQ,3,0,0,0.35006076114414064,
ARGFX,ARGFX,3,0,0,-0.6489650667389313,
FBXO40,FBXO40,3,0,0,-1.0699793761352172,
HCLS1,HCLS1,3,0,0,-1.5378620975283486,-1.28487990426711
GOLGB1,GOLGB1,3,0,0,-0.5026669380415125,-0.267318302023296
IQCB1,IQCB1,3,0,0,-0.05410487485858617,-0.781125848600441
EAF2,EAF2,3,0,0,-0.228948649390599,
SLC15A2,SLC15A2,3,0,0,0.8640908327840222,
ILDR1,ILDR1,3,0,0,-2.7150868822813887,
CD86,CD86,3,0,0,0.48904112734169836,
CASR,CASR,3,0,0,-1.5343022626664826,
CSTA,CSTA,3,0,0,1.5221046722896805,2.51320274919209
MIX23,MIX23,3,0,0,-0.09843966582365482,1.84013949333448
FAM162A,FAM162A,3,0,0,-0.1683761733323692,2.13699693364642
WDR5B,WDR5B,3,0,0,0.7460049657982708,0.588025635326488
KPNA1,KPNA1,3,0,0,0.2385398713255249,1.21385878988983
PARP9,PARP9,3,0,0,0.3460624881992924,0.22758714647069
DTX3L,DTX3L,3,0,0,-0.1487902343805576,0.885124841812968
PARP15,PARP15,3,0,0,0.44805478852896385,-0.430096832668436
PARP14,PARP14,3,0,0,0.2401607925659146,-0.0303298009578292
HSPBAP1,HSPBAP1,3,0,0,0.07752159530002345,0.55581835805459
SLC49A4,SLC49A4,3,0,0,0.22975808060312275,0.338448629602592
SEMA5B,SEMA5B,3,0,0,-2.6473553288346814,-3.6720694901825
PDIA5,PDIA5,3,0,0,-0.5417857173122851,-0.630544312145219
SEC22A,SEC22A,3,0,0,1.4721836644509203,1.63286989561008
ADCY5,ADCY5,3,0,0,-1.8058613196352145,-3.35940550287374
HACD2,HACD2,3,0,0,0.46666389824933496,1.05594147419744
MYLK,MYLK,3,0,0,-1.6524700846730642,-1.63216040332396
CCDC14,CCDC14,3,0,0,-0.07895226272709621,-0.280975189454105
ROPN1,ROPN1,3,0,0,-0.8174090646162551,
KALRN,KALRN,3,0,0,-1.5194446389428542,-1.92875609141089
UMPS,UMPS,3,0,0,0.4893711025474303,0.111268966106425
ITGB5,ITGB5,3,0,0,-1.6506063668841158,-2.86686061449622
MUC13,MUC13,3,0,0,-0.030144378929449545,
HEG1,HEG1,3,0,0,-1.3351453320272562,-0.768675577022495
SLC12A8,SLC12A8,3,0,0,-0.9436457357067223,-0.903853276295583
ZNF148,ZNF148,3,0,0,0.11366608387632127,1.12607996193379
SNX4,SNX4,3,0,0,0.3061777799978245,0.528712626153129
OSBPL11,OSBPL11,3,0,0,-0.2161134375617184,1.01155381929834
ROPN1B,ROPN1B,3,0,0,-0.80201998655056,
SLC41A3,SLC41A3,3,0,0,-1.3383326148625887,-1.45803018085594
ALDH1L1,ALDH1L1,3,0,0,-1.2024405221219272,-0.81130256184816
KLF15,KLF15,3,0,0,-3.0703007273450478,-2.31249863018859
CFAP100,CFAP100,3,0,0,-2.3198276809985057,
ZXDC,ZXDC,3,0,0,-2.6204478864923804,-2.0354754530577
UROC1,UROC1,3,0,0,-1.8102885169494787,-0.823227501323459
CHST13,CHST13,3,0,0,-2.4274514285288564,-2.20806047446583
C3orf22,C3orf22,3,0,0,-3.017708365996956,
TXNRD3,TXNRD3,3,0,0,0.3679725845932911,-0.0329731673943513
CHCHD6,CHCHD6,3,0,0,-2.9296341048461514,-1.71126215180876
PLXNA1,PLXNA1,3,0,0,-2.409194538130224,-4.12210670323207
PRR23E,PRR23E,3,0,0,-1.64325512785439,
PRR20G,PRR20G,3,0,0,-2.4749538040778685,
TPRA1,TPRA1,3,0,0,-1.4748512549380575,-2.22412777643004
MCM2,MCM2,3,0,0,-1.9953909574126953,-1.22151298428564
PODXL2,PODXL2,3,0,0,-2.9826370452031643,-2.75156706493437
ABTB1,ABTB1,3,0,0,-2.0547536970917726,-2.41274775783956
MGLL,MGLL,3,0,0,-1.6169105814964233,-1.3272397254353
KBTBD12,KBTBD12,3,0,0,0.8248222564412035,
SEC61A1,SEC61A1,3,0,0,0.09462160411017528,0.833046049487797
RUVBL1,RUVBL1,3,0,0,-0.7987860425726367,-0.444067996597376
EEFSEC,EEFSEC,3,0,0,-1.9345585850989462,-0.844533014132651
DNAJB8,DNAJB8,3,0,0,-1.8098127446848,
GATA2,GATA2,3,0,0,-2.7396828661011607,-2.78882697249648
RPN1,RPN1,3,0,0,-0.6185533569065402,-0.32169539352465
RAB7A,RAB7A,3,0,0,-0.3713090418844569,0.0482639279298776
ACAD9,ACAD9,3,0,0,-0.9737886740450126,-0.159171231518129
CFAP92,CFAP92,3,0,0,-1.662348159201036,
EFCC1,EFCC1,3,0,0,-3.1185638182399416,-3.57145268821272
GP9,GP9,3,0,0,-2.600248048656427,
RAB43,RAB43,3,0,0,-2.63573094807548,
ISY1,ISY1,3,0,0,-0.5962473586658241,
CNBP,CNBP,3,0,0,-0.5988479696263447,-0.0443475595372223
COPG1,COPG1,3,0,0,-0.923783848798756,-0.395257916515338
HMCES,HMCES,3,0,0,-1.3047282431337432,-0.4618528971141
H1-10,H1-10,3,0,0,-1.8812366510646967,-1.22691669398979
EFCAB12,EFCAB12,3,0,0,-1.8684513097674937,-1.03450532291016
MBD4,MBD4,3,0,0,0.07505594153895956,0.40752086261406
IFT122,IFT122,3,0,0,-0.7888458047136186,-1.35923328277111
RHO,RHO,3,0,0,-0.6015754256875088,
H1-8,H1-8,3,0,0,-2.5931383208790457,
PLXND1,PLXND1,3,0,0,-2.432040494141983,-2.50546305469565
TMCC1,TMCC1,3,0,0,-1.388380878208805,-2.85970165102331
TRH,TRH,3,0,0,-3.0180105688231595,
ALG1L2,ALG1L2,3,0,0,-1.996219330257004,
COL6A5,COL6A5,3,0,0,0.25008155906503404,
COL6A6,COL6A6,3,0,0,-0.2964002530341716,-0.304120522903186
PIK3R4,PIK3R4,3,0,0,0.4060098976026154,1.2077151698182
ATP2C1,ATP2C1,3,0,0,1.222244083370505,0.541793276983962
ASTE1,ASTE1,3,0,0,0.0769459682529714,-0.237599711206845
NEK11,NEK11,3,0,0,-0.13146479038391945,-1.23394412661208
NUDT16,NUDT16,3,0,0,-1.6207043420550349,-1.358635970539
MRPL3,MRPL3,3,0,0,0.8875165052994749,0.507708704660913
CPNE4,CPNE4,3,0,0,-0.24050387977789356,
ACP3,ACP3,3,0,0,-0.49505499363126226,
DNAJC13,DNAJC13,3,0,0,0.7871353900220246,0.191688876334508
ACAD11,ACAD11,3,0,0,0.46721770488777814,0.516259796142203
ACKR4,ACKR4,3,0,0,1.4889269461212074,
UBA5,UBA5,3,0,0,0.6780269668937766,0.162948366629163
NPHP3,NPHP3,3,0,0,0.19263644911356081,
TMEM108,TMEM108,3,0,0,-2.466721619076102,
BFSP2,BFSP2,3,0,0,-2.2033715212557095,
CDV3,CDV3,3,0,0,-1.126038184705088,-1.38699572298061
TOPBP1,TOPBP1,3,0,0,0.20475634896449968,-1.25710933658007
TF,TF,3,0,0,-0.3548972193836857,0.994887003831146
SRPRB,SRPRB,3,0,0,-0.9358311922346427,1.25147487757602
RAB6B,RAB6B,3,0,0,-1.39912349257105,-0.461842296861699
SLCO2A1,SLCO2A1,3,0,0,-1.1071798337025793,-0.083032759905693
RYK,RYK,3,0,0,-0.11366061187154486,-3.09199290369976
AMOTL2,AMOTL2,3,0,0,-3.4340523308449384,-2.26178064201197
ANAPC13,ANAPC13,3,0,0,-0.09567776155175345,2.10982400113085
CEP63,CEP63,3,0,0,-0.5221992406216369,0.85959702965769
KY,KY,3,0,0,-1.3707134349818002,
EPHB1,EPHB1,3,0,0,-1.1025380437103287,
PPP2R3A,PPP2R3A,3,0,0,0.18855888869272874,-0.948908353110778
MSL2,MSL2,3,0,0,-0.2177283642705703,-0.767686059042603
PCCB,PCCB,3,0,0,-0.13546094941700026,0.276440923209004
STAG1,STAG1,3,0,0,0.4390327130838916,-0.200468807509741
SLC35G2,SLC35G2,3,0,0,1.6538943343542183,
NCK1,NCK1,3,0,0,0.9018659014219086,2.56202077224751
IL20RB,IL20RB,3,0,0,-1.1785341357254886,-2.69559742502024
SOX14,SOX14,3,0,0,-2.3569347941922256,
CLDN18,CLDN18,3,0,0,-0.117694882330877,
DZIP1L,DZIP1L,3,0,0,-2.441087999601219,-3.95997704525992
A4GNT,A4GNT,3,0,0,-0.8926697662554481,
DBR1,DBR1,3,0,0,0.246257649194078,0.354303310083608
ARMC8,ARMC8,3,0,0,0.503481513621205,1.92606014813821
NME9,NME9,3,0,0,-0.5898395059168795,
MRAS,MRAS,3,0,0,-1.2089242428531168,-2.17797656783295
ESYT3,ESYT3,3,0,0,-1.6142097603944503,
CEP70,CEP70,3,0,0,0.6303428217690623,2.19712699442532
FAIM,FAIM,3,0,0,1.3265081636307912,2.45090481075471
PIK3CB,PIK3CB,3,0,0,0.8829575967112611,-0.792419506567644
FOXL2,FOXL2,3,0,0,-2.263507176181129,
FOXL2NB,FOXL2NB,3,0,0,-2.202949112068044,
PRR23A,PRR23A,3,0,0,-3.0048918353403167,
PRR23B,PRR23B,3,0,0,-3.1039978306604024,
PRR23C,PRR23C,3,0,0,-2.873800734020744,
MRPS22,MRPS22,3,0,0,0.21533720169209936,0.566863426683411
COPB2,COPB2,3,0,0,0.5475504187973979,1.95244878270448
RBP2,RBP2,3,0,0,0.7244295623597683,
RBP1,RBP1,3,0,0,-1.5630520700732138,-0.805392855896031
NMNAT3,NMNAT3,3,0,0,-1.9039220763194518,-1.7979609984516
CLSTN2,CLSTN2,3,0,0,-1.5746554359382081,
TRIM42,TRIM42,3,0,0,-1.3997596382502593,
SLC25A36,SLC25A36,3,0,0,1.3369242718662928,
SPSB4,SPSB4,3,0,0,-2.6447939735205512,
PXYLP1,PXYLP1,3,0,0,-0.8552561843029327,-1.7125619614983
ZBTB38,ZBTB38,3,0,0,-0.5960342598761397,-1.51892381047135
RASA2,RASA2,3,0,0,0.6574890874415544,1.08920545316465
RNF7,RNF7,3,0,0,-1.0244368113612428,-0.982643407234272
GRK7,GRK7,3,0,0,-0.8033654778716848,
ATP1B3,ATP1B3,3,0,0,1.2208826588046815,1.65617518358585
TFDP2,TFDP2,3,0,0,-0.1132476763540069,-0.290446320715641
GK5,GK5,3,0,0,0.890386502934831,
XRN1,XRN1,3,0,0,0.5861031966966372,0.323512906336329
ATR,ATR,3,0,0,0.890527732274661,
PLS1,PLS1,3,0,0,0.6723859072005247,3.46132484708745
TRPC1,TRPC1,3,0,0,1.0760511568915554,
PCOLCE2,PCOLCE2,3,0,0,0.1762591092209771,0.713353624430008
PAQR9,PAQR9,3,0,0,-1.33736372723466,-2.0650318843503
U2SURP,U2SURP,3,0,0,0.1881502368284309,1.05757234688411
CHST2,CHST2,3,0,0,-1.735248977520067,-5.60012482625961
SLC9A9,SLC9A9,3,0,0,0.7781393101513991,1.12929673377867
DIPK2A,DIPK2A,3,0,0,-0.4853903739696843,-1.26272170702124
PLOD2,PLOD2,3,0,0,1.6411993761179993,1.19570482461925
PLSCR4,PLSCR4,3,0,0,0.234555520977203,0.266557823653446
PLSCR2,PLSCR2,3,0,0,0.7399637004443012,
PLSCR1,PLSCR1,3,0,0,0.26544716918191114,1.33866254432224
PLSCR5,PLSCR5,3,0,0,0.19748753519050233,
ZIC4,ZIC4,3,0,0,-2.401173365779055,
ZIC1,ZIC1,3,0,0,-2.609093552605394,-2.63319344453695
AGTR1,AGTR1,3,0,0,1.4458088337536452,3.94836478446065
CPB1,CPB1,3,0,0,0.3904778468479595,
CPA3,CPA3,3,0,0,1.0020193826395278,1.77369252709696
GYG1,GYG1,3,0,0,0.2002960670353282,-0.0460940359622564
HLTF,HLTF,3,0,0,1.0887116479788013,3.07187570688662
HPS3,HPS3,3,0,0,0.2386363888367118,-0.155073226886441
CP,CP,3,0,0,0.8032690597265546,2.36615790063861
TM4SF18,TM4SF18,3,0,0,0.9362747408470504,
TM4SF1,TM4SF1,3,0,0,0.5047977184421217,1.42620397597234
TM4SF4,TM4SF4,3,0,0,0.05591949041046185,0.350201370533707
WWTR1,WWTR1,3,0,0,-1.899381382830187,-0.754975910570182
COMMD2,COMMD2,3,0,0,-0.7131779947626402,1.5894644289329
ANKUB1,ANKUB1,3,0,0,0.247275328496654,
RNF13,RNF13,3,0,0,0.7203224783006519,2.10090349943351
PFN2,PFN2,3,0,0,0.4158279535621787,0.13142291402751
TSC22D2,TSC22D2,3,0,0,-2.206371417802213,-1.55299470884606
SERP1,SERP1,3,0,0,-0.002943101785190194,-0.714940687811592
EIF2A,EIF2A,3,0,0,0.9272984620075047,1.08684258847881
SELENOT,SELENOT,3,0,0,0.4857335520554358,-0.30849240429047
ERICH6,ERICH6,3,0,0,-0.7356695640682016,
SIAH2,SIAH2,3,0,0,-1.7370778394418185,-2.98529642475976
MINDY4B,MINDY4B,3,0,0,-0.30657968868730023,
CLRN1,CLRN1,3,0,0,0.688398416142709,
MED12L,MED12L,3,0,0,-0.5863002579180456,
GPR171,GPR171,3,0,0,1.2156478813169844,
P2RY14,P2RY14,3,0,0,0.7678777577520872,
GPR87,GPR87,3,0,0,0.2995831383232428,
P2RY13,P2RY13,3,0,0,0.7296090001461941,3.07487519778156
P2RY12,P2RY12,3,0,0,1.3782156722169976,
IGSF10,IGSF10,3,0,0,-0.24228697075679406,
AADACL2,AADACL2,3,0,0,1.3011313811550682,
AADAC,AADAC,3,0,0,1.0880696782757742,2.26195563924458
SUCNR1,SUCNR1,3,0,0,1.0067645771198848,0.580732231206376
MBNL1,MBNL1,3,0,0,-0.3378340469099985,-0.383498792270317
P2RY1,P2RY1,3,0,0,0.02744793652416888,-2.19578673657262
RAP2B,RAP2B,3,0,0,-1.6551079703087836,-2.46788518540198
ARHGEF26,ARHGEF26,3,0,0,-1.3122929256829892,-1.61603627193844
DHX36,DHX36,3,0,0,0.8322747860240902,0.540555207015696
GPR149,GPR149,3,0,0,-0.538295647934893,
MME,MME,3,0,0,1.1193710443719187,2.25660114541291
STRIT1,STRIT1,3,0,0,2.4377990190925125,
PLCH1,PLCH1,3,0,0,-0.41148014253128906,
C3orf33,C3orf33,3,0,0,0.6874684417634249,0.212780381164836
SLC33A1,SLC33A1,3,0,0,1.0310221052743422,0.635656596606014
GMPS,GMPS,3,0,0,0.7627257504526312,1.70896681805116
KCNAB1,KCNAB1,3,0,0,-0.38880059529763855,
SSR3,SSR3,3,0,0,1.1015981010140408,2.87592713415406
TIPARP,TIPARP,3,0,0,-0.038772416541924315,0.0939888965464641
LEKR1,LEKR1,3,0,0,0.3858918149122701,
CCNL1,CCNL1,3,0,0,-1.4161870785986004,-2.27424633394066
VEPH1,VEPH1,3,0,0,-0.33142910361534383,-2.10587766168788
PTX3,PTX3,3,0,0,-0.9169370950133384,
SHOX2,SHOX2,3,0,0,-1.8007246641332486,
RSRC1,RSRC1,3,0,0,-1.3245005197816742,0.541090695645664
MLF1,MLF1,3,0,0,0.12520098794775159,0.0421415988981653
GFM1,GFM1,3,0,0,0.7654879016918468,0.964800364870963
LXN,LXN,3,0,0,0.7011697688994154,1.55332249386932
RARRES1,RARRES1,3,0,0,-0.6903993954436043,1.87535873728693
MFSD1,MFSD1,3,0,0,1.216292513763923,0.481155176658638
IQCJ,IQCJ,3,0,0,-0.929033570599394,
SCHIP1,SCHIP1,3,0,0,-2.370329093240896,
IL12A,IL12A,3,0,0,0.08049796020459432,
C3orf80,C3orf80,3,0,0,-2.6672031344786813,
IFT80,IFT80,3,0,0,1.3630077770598863,-0.451538253747702
SMC4,SMC4,3,0,0,1.0067160214625517,1.58895850253675
TRIM59,TRIM59,3,0,0,0.8350735312159561,
KPNA4,KPNA4,3,0,0,0.7833640895472804,1.85562819214439
ARL14,ARL14,3,0,0,0.47325325606182567,
PPM1L,PPM1L,3,0,0,-0.522151494546474,
B3GALNT1,B3GALNT1,3,0,0,1.03295433201464,
NMD3,NMD3,3,0,0,0.7770224082342096,2.48377573593621
SPTSSB,SPTSSB,3,0,0,1.7960308677038235,
OTOL1,OTOL1,3,0,0,-0.459846582875711,
SI,SI,3,0,0,1.4744987064400856,
SLITRK3,SLITRK3,3,0,0,-0.6522082801791047,
BCHE,BCHE,3,0,0,1.1781419120612622,3.80352085148473
ZBBX,ZBBX,3,0,0,0.3043222717367886,
SERPINI2,SERPINI2,3,0,0,1.1219298931940873,
WDR49,WDR49,3,0,0,0.518806273490009,
PDCD10,PDCD10,3,0,0,1.087831533493734,1.80763731914577
SERPINI1,SERPINI1,3,0,0,1.6191808309410245,2.66482317111681
GOLIM4,GOLIM4,3,0,0,-1.4575393866530018,-1.95115148796282
MECOM,MECOM,3,0,0,-0.7419042911240901,-2.00395408038875
ACTRT3,ACTRT3,3,0,0,-0.14966540102539838,-1.550467574298
MYNN,MYNN,3,0,0,0.12376782617042181,1.37683052532383
LRRC34,LRRC34,3,0,0,1.14879007209246,
LRRIQ4,LRRIQ4,3,0,0,-0.8532172054535199,
LRRC31,LRRC31,3,0,0,-0.18454559665291903,1.32267642554338
SAMD7,SAMD7,3,0,0,-0.6009942505505101,
SEC62,SEC62,3,0,0,0.5103560990845804,0.777593582917047
GPR160,GPR160,3,0,0,2.1949586840726862,
PHC3,PHC3,3,0,0,-1.2831910392719976,-2.43329882224833
PRKCI,PRKCI,3,0,0,0.4653022017980959,0.466407938498967
SKIL,SKIL,3,0,0,-0.1305441478873366,-0.684529433081437
CLDN11,CLDN11,3,0,0,-0.8098922909174515,-2.7425289641742
SLC7A14,SLC7A14,3,0,0,-0.4116564705319927,
RPL22L1,RPL22L1,3,0,0,1.2434502209163476,2.39650188912927
EIF5A2,EIF5A2,3,0,0,1.5169916614934476,0.861632060973364
SLC2A2,SLC2A2,3,0,0,1.1178314569321213,1.74085564127091
TNIK,TNIK,3,0,0,-1.2329833797440202,-3.05894071993146
PLD1,PLD1,3,0,0,0.0746987429760324,-0.791471667806731
TMEM212,TMEM212,3,0,0,0.6248971646828547,
FNDC3B,FNDC3B,3,0,0,-0.5798155851309126,-1.02342844755289
GHSR,GHSR,3,0,0,-1.2239591880856935,
TNFSF10,TNFSF10,3,0,0,0.13290389008523817,1.57884998319388
NCEH1,NCEH1,3,0,0,0.2250760423646625,0.601455683543659
ECT2,ECT2,3,0,0,0.7854617633922558,
SPATA16,SPATA16,3,0,0,0.4316602405519667,
NLGN1,NLGN1,3,0,0,0.4662499066968042,
NAALADL2,NAALADL2,3,0,0,0.30780761618551367,2.44006801797764
TBL1XR1,TBL1XR1,3,0,0,0.47380421103106407,0.634368634751224
KCNMB2,KCNMB2,3,0,0,0.23854075058995328,
ZMAT3,ZMAT3,3,0,0,-0.9409471156299105,-0.131568864109413
PIK3CA,PIK3CA,3,0,0,1.0839148785686579,1.41729721557113
KCNMB3,KCNMB3,3,0,0,-0.016664858214126,-2.33894464871731
ZNF639,ZNF639,3,0,0,0.33318631550465305,-0.0451447919385895
MFN1,MFN1,3,0,0,0.8146082275140873,1.11550133056155
GNB4,GNB4,3,0,0,0.7039942532670462,
ACTL6A,ACTL6A,3,0,0,0.9293139044372083,2.38983161795886
MRPL47,MRPL47,3,0,0,-0.05650020376175391,1.24107381819536
NDUFB5,NDUFB5,3,0,0,1.1235790353153714,1.44259449197875
USP13,USP13,3,0,0,-0.21733641596638797,-0.437586866603137
PEX5L,PEX5L,3,0,0,-0.6877821578940502,
TTC14,TTC14,3,0,0,0.1009997079360403,0.766956934094543
CCDC39,CCDC39,3,0,0,0.28616725505427354,
FXR1,FXR1,3,0,0,0.6368862076381063,-0.396390258120984
DNAJC19,DNAJC19,3,0,0,1.2744164933135078,1.163042817321
SOX2,SOX2,3,0,0,-2.2199821052345357,
ATP11B,ATP11B,3,0,0,1.09129715213985,-1.09570275707386
DCUN1D1,DCUN1D1,3,0,0,1.2182102238432222,3.74429835221145
MCCC1,MCCC1,3,0,0,0.29079283979897497,-0.0559989406433611
LAMP3,LAMP3,3,0,0,-0.5976687798733664,
MCF2L2,MCF2L2,3,0,0,-0.9182088767819323,
B3GNT5,B3GNT5,3,0,0,1.3145741602826249,
KLHL6,KLHL6,3,0,0,-1.2177712379840564,-0.771326721431679
KLHL24,KLHL24,3,0,0,0.9149870318636388,1.06654474220367
YEATS2,YEATS2,3,0,0,-0.8140235452687214,-1.19168187294047
MAP6D1,MAP6D1,3,0,0,-2.611177178693458,
PARL,PARL,3,0,0,0.7290891209049573,-0.287419644065153
ABCC5,ABCC5,3,0,0,-0.8412879807985103,-2.45758597806798
HTR3D,HTR3D,3,0,0,-1.4514509731285248,
HTR3C,HTR3C,3,0,0,-0.8631481090268291,
HTR3E,HTR3E,3,0,0,-1.1214905602794119,
EIF2B5,EIF2B5,3,0,0,-0.793369158100802,-0.769913845974085
DVL3,DVL3,3,0,0,-2.598024417415509,-3.12042754870948
AP2M1,AP2M1,3,0,0,-0.7955943702087342,-1.23243028406014
ABCF3,ABCF3,3,0,0,-1.4670366780800848,-1.05840735535362
VWA5B2,VWA5B2,3,0,0,-3.1438289106839417,
ALG3,ALG3,3,0,0,-1.1746506949001514,-0.4142854936243
EEF1AKMT4,EEF1AKMT4,3,0,0,-1.7149433930486424,
CAMK2N2,CAMK2N2,3,0,0,-2.3658952145515695,
ECE2,ECE2,3,0,0,-1.5844561172858977,-0.512707159850877
PSMD2,PSMD2,3,0,0,-0.48020327614822733,-0.840037130626716
EIF4G1,EIF4G1,3,0,0,-1.790191288137132,-2.00413849790359
FAM131A,FAM131A,3,0,0,-2.596613077953558,-2.90621563139111
CLCN2,CLCN2,3,0,0,-1.5704225675946386,-2.37953960103037
POLR2H,POLR2H,3,0,0,0.98299867375402,0.52530882752378
THPO,THPO,3,0,0,-1.9421921830543134,-2.4776926750668
CHRD,CHRD,3,0,0,-2.9611031670364447,-4.71492629983692
EPHB3,EPHB3,3,0,0,-1.773160699552374,-2.99076837123233
MAGEF1,MAGEF1,3,0,0,-1.9014641232545788,-1.20049458259233
VPS8,VPS8,3,0,0,0.5937644123844468,-0.626370481826886
C3orf70,C3orf70,3,0,0,-1.6623847702898669,
EHHADH,EHHADH,3,0,0,0.016819355482473597,0.913955553686398
MAP3K13,MAP3K13,3,0,0,-1.5200948687245415,-2.00456342937963
TMEM41A,TMEM41A,3,0,0,-0.6023456869379711,-1.05968812395693
LIPH,LIPH,3,0,0,0.34240564949023167,-2.48331358086935
SENP2,SENP2,3,0,0,-0.27855874658265734,-1.71238212939208
IGF2BP2,IGF2BP2,3,0,0,-1.308087518651119,-2.15547916477748
TRA2B,TRA2B,3,0,0,-0.8050032380385641,0.40764458564696
ETV5,ETV5,3,0,0,-1.3635144738954548,-0.340304393287259
DGKG,DGKG,3,0,0,-0.9829909958058405,
CRYGS,CRYGS,3,0,0,0.17032679882564672,
TBCCD1,TBCCD1,3,0,0,-0.15051496893400085,-0.895524137937044
DNAJB11,DNAJB11,3,0,0,0.0591180921076937,0.122154216742346
AHSG,AHSG,3,0,0,-1.4952202395435883,-0.157017137129477
FETUB,FETUB,3,0,0,-0.5260968213207065,0.952133470264535
HRG,HRG,3,0,0,-1.7372346737556548,0.462341027052135
KNG1,KNG1,3,0,0,-0.45201313988422775,1.30904001938677
EIF4A2,EIF4A2,3,0,0,1.186911404221247,0.171776674822955
RFC4,RFC4,3,0,0,0.695473643566709,1.13326576348257
ADIPOQ,ADIPOQ,3,0,0,-0.02022104565827121,
ST6GAL1,ST6GAL1,3,0,0,-0.36176369086446414,0.700118629385936
RPL39L,RPL39L,3,0,0,-0.16894738950012034,
RTP1,RTP1,3,0,0,-1.9549580222978218,
MASP1,MASP1,3,0,0,-1.3528267400635112,-0.345425574301091
RTP4,RTP4,3,0,0,-0.858017186912921,1.13836656473179
SST,SST,3,0,0,-0.5855756873473119,
RTP2,RTP2,3,0,0,-1.9285218918717444,
BCL6,BCL6,3,0,0,-2.3789857707303064,-1.91535389790169
LPP,LPP,3,0,0,-1.246801007918556,-0.748527718476278
TPRG1,TPRG1,3,0,0,-0.10131007456526042,-4.56599847567163
TP63,TP63,3,0,0,-1.3429790631324714,
P3H2,P3H2,3,0,0,-0.4590658836139525,-0.596178597882039
CLDN1,CLDN1,3,0,0,-0.02868327595629161,0.253540276525217
CLDN16,CLDN16,3,0,0,1.5583163905133244,
TMEM207,TMEM207,3,0,0,0.25835356531505127,
IL1RAP,IL1RAP,3,0,0,0.4571521572911479,0.306014077817299
GMNC,GMNC,3,0,0,-0.5434276221106664,-0.248047003763126
OSTN,OSTN,3,0,0,-0.1436691152573406,
UTS2B,UTS2B,3,0,0,0.8342316486427368,
CCDC50,CCDC50,3,0,0,-1.415040677201139,-0.819258294591411
PYDC2,PYDC2,3,0,0,-1.0878038300854698,
FGF12,FGF12,3,0,0,0.2964239415945098,-1.39817989488556
MB21D2,MB21D2,3,0,0,-0.7965816189996389,-1.06991545042067
PLAAT1,PLAAT1,3,0,0,0.6378868546452026,
ATP13A5,ATP13A5,3,0,0,-0.03968263171431019,
ATP13A4,ATP13A4,3,0,0,-0.02964569528037586,-3.07395028847593
OPA1,OPA1,3,0,0,0.5458427230970013,1.44838757411004
HES1,HES1,3,0,0,-1.9066452847802928,-1.38649022655982
CPN2,CPN2,3,0,0,-2.34830269741936,-0.644349086429339
LRRC15,LRRC15,3,0,0,-2.0530980606155573,
GP5,GP5,3,0,0,-2.238679267637526,
ATP13A3,ATP13A3,3,0,0,1.3164599066708433,-2.5576071489742
TMEM44,TMEM44,3,0,0,-1.8398490609434077,-2.68425716577283
LSG1,LSG1,3,0,0,-0.5502586783874062,-0.990795300032387
FAM43A,FAM43A,3,0,0,-2.6769944579161074,-3.90476655449795
XXYLT1,XXYLT1,3,0,0,-1.982708876872259,-1.71187232608794
ACAP2,ACAP2,3,0,0,0.4194238200636775,0.198478153433395
PPP1R2,PPP1R2,3,0,0,-0.9660192050542324,-0.599556670166126
APOD,APOD,3,0,0,0.3347160156734077,-0.426700959412512
MUC20,MUC20,3,0,0,-3.430000229340486,-4.63275093249624
MUC4,MUC4,3,0,0,-2.0630787250239777,
TNK2,TNK2,3,0,0,-3.131601778876341,-3.7458144265658
TFRC,TFRC,3,0,0,0.8640616324075161,2.29837434378607
ZDHHC19,ZDHHC19,3,0,0,-1.5889110059293738,-1.5673335283347
SLC51A,SLC51A,3,0,0,-0.8590517318782318,-0.263488728519728
PCYT1A,PCYT1A,3,0,0,-0.789488929017196,-0.164828502136395
DYNLT2B,DYNLT2B,3,0,0,0.8190556138319671,-0.488580256236146
TM4SF19,TM4SF19,3,0,0,-0.36051207722142387,
UBXN7,UBXN7,3,0,0,-0.2692832965640992,0.740526789632104
RNF168,RNF168,3,0,0,-1.1217336035196759,-1.51016513478456
SMCO1,SMCO1,3,0,0,0.24481431654816355,
WDR53,WDR53,3,0,0,-0.35375241342074837,1.46033070950562
FBXO45,FBXO45,3,0,0,-0.7905020089459249,-2.35705209292461
NRROS,NRROS,3,0,0,-2.5494718033690607,
CEP19,CEP19,3,0,0,0.12087793291297544,
PIGX,PIGX,3,0,0,0.36361603140466947,0.14037285271953
PAK2,PAK2,3,0,0,0.2079940430609728,0.638781347968736
SENP5,SENP5,3,0,0,-0.22163809229883924,-1.29193907602431
NCBP2,NCBP2,3,0,0,-0.05390822334523371,-0.766293791528459
NCBP2AS2,NCBP2AS2,3,0,0,-3.2465539983463536,-1.48838126146764
PIGZ,PIGZ,3,0,0,-1.849065465406854,-1.56521576196282
MELTF,MELTF,3,0,0,-2.1652824821914454,-1.3647745470874
DLG1,DLG1,3,0,0,0.427519508965327,-0.354564656315313
BDH1,BDH1,3,0,0,-1.1751585170618188,-0.953364847890984
RUBCN,RUBCN,3,0,0,-2.298990009091444,-2.87779113885027
FYTTD1,FYTTD1,3,0,0,0.04200070491385155,0.930375702072522
LRCH3,LRCH3,3,0,0,-0.8810271468292754,-1.20441194375222
IQCG,IQCG,3,0,0,-0.3146847777431958,-1.28380147308947
RPL35A,RPL35A,3,0,0,0.5191901673769088,0.648855450805525
LMLN,LMLN,3,0,0,-0.25454482815273316,-0.660063201666508
ZNF595,ZNF595,4,0,0,-0.19206086886160456,-0.347768544094372
ZNF718,ZNF718,4,0,0,0.3646022412225367,
ZNF732,ZNF732,4,0,0,0.128802381722803,
ZNF141,ZNF141,4,0,0,0.04794113366791386,1.09493460418438
ZNF721,ZNF721,4,0,0,0.2094326514725573,0.753512841989076
PIGG,PIGG,4,0,0,-0.6438097204290472,-0.327422630119181
TMEM271,TMEM271,4,0,0,-3.463680901855076,
PDE6B,PDE6B,4,0,0,-1.5996459880929201,
ATP5ME,ATP5ME,4,0,0,-1.1748513696262801,-0.155991610893393
MYL5,MYL5,4,0,0,-1.1553624823834951,-2.45494257483944
SLC49A3,SLC49A3,4,0,0,-1.9801213051344941,-1.72263911922203
PCGF3,PCGF3,4,0,0,-1.7543827870154907,-4.2666355927239
CPLX1,CPLX1,4,0,0,-2.7366117093142215,-2.98978044120026
GAK,GAK,4,0,0,-2.4600559735031844,-2.32893979640186
TMEM175,TMEM175,4,0,0,-2.2299577944930036,-1.10233255777787
DGKQ,DGKQ,4,0,0,-2.9790488693250143,-4.14087918231303
IDUA,IDUA,4,0,0,-2.5430682580398134,-2.09327129230241
SLC26A1,SLC26A1,4,0,0,-2.663839414679005,-1.69746267046929
FGFRL1,FGFRL1,4,0,0,-3.013045138876187,-3.87131964670025
RNF212,RNF212,4,0,0,-0.8856631917436744,
SPON2,SPON2,4,0,0,-3.0995936426942947,-1.92667776240119
CTBP1,CTBP1,4,0,0,-2.6831492623115007,-3.3603522511766
MAEA,MAEA,4,0,0,-1.8894275539195426,-1.63864782574219
UVSSA,UVSSA,4,0,0,-2.571881140062244,-3.08323118926563
NKX1-1,NKX1-1,4,0,0,-2.92414660816536,
FAM53A,FAM53A,4,0,0,-3.551406852167199,-3.66033194344642
SLBP,SLBP,4,0,0,-1.3802026218708363,-0.223595698939682
TMEM129,TMEM129,4,0,0,-2.2604996158450916,-2.96333052439609
TACC3,TACC3,4,0,0,-2.3976309150725292,-2.00419315313478
FGFR3,FGFR3,4,0,0,-2.6363683354250202,-3.98955910683891
LETM1,LETM1,4,0,0,-1.9809311422995997,-2.18036040673741
NSD2,NSD2,4,0,0,-1.3707939150141772,-3.9780343201215
NELFA,NELFA,4,0,0,-2.703272078145064,-2.38941371645371
NICOL1,NICOL1,4,0,0,-3.1525274331764876,-2.28996558323699
NAT8L,NAT8L,4,0,0,-2.0841115001846084,
POLN,POLN,4,0,0,-0.2722885091611911,
HAUS3,HAUS3,4,0,0,1.0335008886662376,
MXD4,MXD4,4,0,0,-3.631093897945062,-2.98326796073208
ZFYVE28,ZFYVE28,4,0,0,-2.826105117409776,-2.83373812371675
CFAP99,CFAP99,4,0,0,-2.5996891220938476,
RNF4,RNF4,4,0,0,-1.1639692932138086,-0.174928798837291
FAM193A,FAM193A,4,0,0,-1.9876993021703022,-3.47938440698869
TNIP2,TNIP2,4,0,0,-3.0361856421741003,-3.19882616130508
SH3BP2,SH3BP2,4,0,0,-2.7065188776077598,-2.5363315454115
ADD1,ADD1,4,0,0,-1.1287234464695342,-0.662382278357551
MFSD10,MFSD10,4,0,0,-1.7932038943939723,-1.91937714738406
NOP14,NOP14,4,0,0,-1.204172706263261,-1.42430190165965
GRK4,GRK4,4,0,0,0.002024009141722516,
HTT,HTT,4,0,0,-1.287048673648064,-2.70140027424788
MSANTD1,MSANTD1,4,0,0,-2.4766180326486413,
RGS12,RGS12,4,0,0,-2.2006874183803884,-3.15875761108389
HGFAC,HGFAC,4,0,0,-3.166482746771374,-2.54209452886347
DOK7,DOK7,4,0,0,-3.460161925231642,-4.09537677735364
LRPAP1,LRPAP1,4,0,0,-3.000524061387832,-1.18879210786867
ADRA2C,ADRA2C,4,0,0,-1.8891398458212016,
OTOP1,OTOP1,4,0,0,-1.066297960826084,
TMEM128,TMEM128,4,0,0,0.44546741137476076,0.731270949589198
LYAR,LYAR,4,0,0,-0.5824489273808915,-0.860703364716752
ZBTB49,ZBTB49,4,0,0,-1.3714071626448963,-1.90469400150889
NSG1,NSG1,4,0,0,-0.8821409020211366,
STX18,STX18,4,0,0,-0.7623584444417162,-0.106203083598436
MSX1,MSX1,4,0,0,-2.2721277036270227,
CYTL1,CYTL1,4,0,0,-1.5093607654602437,
STK32B,STK32B,4,0,0,-1.2880370549990978,
EVC2,EVC2,4,0,0,-1.777972868673583,-2.86552922590471
EVC,EVC,4,0,0,-2.302238516532702,-4.55154315878077
CRMP1,CRMP1,4,0,0,-1.5325501952230116,
C4orf50,C4orf50,4,0,0,-2.5576826031694804,
JAKMIP1,JAKMIP1,4,0,0,-2.1304881242894123,
LOC128125818,LOC128125818,4,0,0,1.9378785994330041,
WFS1,WFS1,4,0,0,-1.9172289705261605,-1.56380671327899
PPP2R2C,PPP2R2C,4,0,0,-2.1483784763423692,
MAN2B2,MAN2B2,4,0,0,-2.154408271976692,-2.30475203037254
MRFAP1,MRFAP1,4,0,0,-2.959299220587278,-1.50072411343869
MRFAP1L2,MRFAP1L2,4,0,0,-4.177668843461957,
S100P,S100P,4,0,0,-0.9315404072725535,-1.54590134614711
MRFAP1L1,MRFAP1L1,4,0,0,-2.4748237812044547,-1.43179990125379
BLOC1S4,BLOC1S4,4,0,0,-3.00455388156651,-1.52188208779774
KIAA0232,KIAA0232,4,0,0,-0.18346507304584847,-1.3332515867492
TBC1D14,TBC1D14,4,0,0,-1.1790325029198119,-2.69686301755463
CFAP184,CFAP184,4,0,0,-2.876771074674364,-2.87612737384277
TADA2B,TADA2B,4,0,0,-2.030613669029359,-2.8958180599506
GRPEL1,GRPEL1,4,0,0,-1.2537554828812372,-0.226665093214044
SORCS2,SORCS2,4,0,0,-2.313485291367188,-1.84160758142314
PSAPL1,PSAPL1,4,0,0,-2.3330048922444817,
AFAP1,AFAP1,4,0,0,-1.5755552487018907,
ABLIM2,ABLIM2,4,0,0,-2.2682883895450363,
SH3TC1,SH3TC1,4,0,0,-2.8400053852823746,-3.40302897866659
HTRA3,HTRA3,4,0,0,-2.5387958301391453,-2.25607953769373
ACOX3,ACOX3,4,0,0,-1.0919558015460122,-0.827394163076747
TRMT44,TRMT44,4,0,0,-1.4566882906907512,-1.36630205924218
GPR78,GPR78,4,0,0,-1.428926664717551,
CPZ,CPZ,4,0,0,-2.440081226686962,-1.57907525147532
HMX1,HMX1,4,0,0,-3.1561721259567665,
FAM90A26,FAM90A26,4,0,0,-2.703672291636021,
USP17L10,USP17L10,4,0,0,-1.3635661773625927,
USP17L11,USP17L11,4,0,0,-1.4663608051699608,
USP17L12,USP17L12,4,0,0,-1.3350310533182483,
USP17L13,USP17L13,4,0,0,-1.3487458476242722,
USP17L15,USP17L15,4,0,0,-1.4990862274696877,
USP17L17,USP17L17,4,0,0,-1.396535876159703,
USP17L18,USP17L18,4,0,0,-1.4392717745036432,
USP17L19,USP17L19,4,0,0,-1.4262176562967035,
USP17L20,USP17L20,4,0,0,-1.432222124681223,
USP17L21,USP17L21,4,0,0,-1.3340946827791136,
USP17L22,USP17L22,4,0,0,-1.4254779933116186,
USP17L24,USP17L24,4,0,0,-1.4007419585941765,
USP17L25,USP17L25,4,0,0,-1.4007419585941765,
USP17L26,USP17L26,4,0,0,-1.4007419585941765,
USP17L5,USP17L5,4,0,0,-1.3875503555439348,
USP17L27,USP17L27,4,0,0,-1.4007419585941765,
USP17L28,USP17L28,4,0,0,-1.4007419585941765,
USP17L29,USP17L29,4,0,0,-1.4007419585941765,
USP17L30,USP17L30,4,0,0,-1.4007419585941765,
DEFB131A,DEFB131A,4,0,0,1.547999858110515,
DRD5,DRD5,4,0,0,-1.4659862538417006,
SLC2A9,SLC2A9,4,0,0,-0.9589766479571313,-1.10966450495451
WDR1,WDR1,4,0,0,-1.5886395127552166,-0.369630374558284
ZNF518B,ZNF518B,4,0,0,0.07803236338767405,-0.705778118429857
CLNK,CLNK,4,0,0,-1.0730770398588039,
HS3ST1,HS3ST1,4,0,0,-1.9418160496608543,
RAB28,RAB28,4,0,0,0.15828712674381507,-1.24024574471656
NKX3-2,NKX3-2,4,0,0,-2.6521985708330096,
BOD1L1,BOD1L1,4,0,0,-0.5849130180739888,-2.42652143050811
CPEB2,CPEB2,4,0,0,-1.7529405034849201,-1.31715223116114
C1QTNF7,C1QTNF7,4,0,0,-0.47344258761036606,-1.63016508345291
CC2D2A,CC2D2A,4,0,0,-0.34663020107152676,-0.0453696323967675
FBXL5,FBXL5,4,0,0,0.6672436911894266,1.10662637384696
FAM200B,FAM200B,4,0,0,1.0440427837108945,
BST1,BST1,4,0,0,-0.7563309680418957,-0.672961939948235
CD38,CD38,4,0,0,-0.45683737902124477,1.09624369719886
FGFBP1,FGFBP1,4,0,0,-1.0867191962274454,
FGFBP2,FGFBP2,4,0,0,-2.1274670621868914,-1.65911263821713
PROM1,PROM1,4,0,0,0.6267691602393164,1.42950599470538
TAPT1,TAPT1,4,0,0,0.37369538669400804,0.40107673793314
LDB2,LDB2,4,0,0,-1.1113265087143809,-1.31893779438529
QDPR,QDPR,4,0,0,-0.5159093989018722,-0.0209353858263062
CLRN2,CLRN2,4,0,0,-0.7526314159038208,
LAP3,LAP3,4,0,0,0.132103906908128,0.86121433369597
MED28,MED28,4,0,0,-1.409678402727769,-1.23349474745408
FAM184B,FAM184B,4,0,0,-2.504178736122915,
DCAF16,DCAF16,4,0,0,-0.7000962177044556,
NCAPG,NCAPG,4,0,0,0.9658871228565094,-1.28072625752542
LCORL,LCORL,4,0,0,0.3610241835769319,0.737039407309691
SLIT2,SLIT2,4,0,0,-0.1934036837486417,-0.495065190508014
PACRGL,PACRGL,4,0,0,-0.30408080827776196,1.32329380359059
KCNIP4,KCNIP4,4,0,0,0.6098296737985933,
ADGRA3,ADGRA3,4,0,0,0.018488417763787623,-1.39011306796632
PPARGC1A,PPARGC1A,4,0,0,-1.1858484955452493,-1.38694142775047
DHX15,DHX15,4,0,0,0.6876019319403355,-0.0154401535701359
SOD3,SOD3,4,0,0,-3.4830762846690124,-1.96746741008435
CCDC149,CCDC149,4,0,0,-2.017774816666483,-2.25962302785767
LGI2,LGI2,4,0,0,-0.27598494142965,
SEPSECS,SEPSECS,4,0,0,0.7591415790975446,0.88560562285642
PI4K2B,PI4K2B,4,0,0,-0.20086672139940553,-1.05471955235233
ZCCHC4,ZCCHC4,4,0,0,0.032901598458517256,0.190015489419954
ANAPC4,ANAPC4,4,0,0,0.9067964647494264,0.780408273525304
SLC34A2,SLC34A2,4,0,0,-0.5238647023282006,
SEL1L3,SEL1L3,4,0,0,-0.018151459232273126,-1.50579943051579
SMIM20,SMIM20,4,0,0,-0.22576815212361545,0.70187113216838
RBPJ,RBPJ,4,0,0,0.33846032785750957,0.225293100999128
CCKAR,CCKAR,4,0,0,-0.8240709208316481,
TBC1D19,TBC1D19,4,0,0,0.9767655297614528,-0.636142526865864
STIM2,STIM2,4,0,0,-0.7200267055295804,0.165947184881187
PCDH7,PCDH7,4,0,0,-1.7463319302842262,-2.36934091621958
ARAP2,ARAP2,4,0,0,0.44825776395197536,-1.05061503018519
DTHD1,DTHD1,4,0,0,0.0974290277058163,
NWD2,NWD2,4,0,0,-0.2582637964214385,
C4orf19,C4orf19,4,0,0,-1.302082034695319,-2.45736356120095
RELL1,RELL1,4,0,0,-1.6001691023454985,-2.29903692169104
PGM2,PGM2,4,0,0,0.0228353463654134,0.366655005556157
TBC1D1,TBC1D1,4,0,0,-1.4673514040950906,-2.77241897590088
PTTG2,PTTG2,4,0,0,-0.08193373543030269,
KLF3,KLF3,4,0,0,-1.5455327268956918,-0.267744151256311
TLR10,TLR10,4,0,0,0.9506172928252994,
TLR1,TLR1,4,0,0,0.29375529669187195,0.432015559794118
TLR6,TLR6,4,0,0,0.4891590173556377,-0.60206697666694
FAM114A1,FAM114A1,4,0,0,-0.5121743664686083,-0.478279863102307
TMEM156,TMEM156,4,0,0,0.5416778892830987,
KLHL5,KLHL5,4,0,0,0.8214584381674168,-2.06458481460629
WDR19,WDR19,4,0,0,1.0764480760088073,0.950639878054324
RFC1,RFC1,4,0,0,0.3159266630241646,0.172787993406663
KLB,KLB,4,0,0,-0.2942520190872564,0.339828452367898
RPL9,RPL9,4,0,0,0.9764524883612431,0.567356721185204
LIAS,LIAS,4,0,0,1.0798606862276916,1.71557778000384
UGDH,UGDH,4,0,0,1.0593419645052187,1.168801107398
SMIM14,SMIM14,4,0,0,-0.18768461230903277,4.09773374556279
UBE2K,UBE2K,4,0,0,0.630751767141545,-0.0822794604585741
PDS5A,PDS5A,4,0,0,0.5835892610842439,-0.614605805751236
N4BP2,N4BP2,4,0,0,0.4827634580370468,-0.757478914586495
RHOH,RHOH,4,0,0,-1.610964291674005,-4.22665159140914
CHRNA9,CHRNA9,4,0,0,0.004834961671024374,
RBM47,RBM47,4,0,0,-1.4477612947698795,-1.68370382233611
NSUN7,NSUN7,4,0,0,0.47045009136879656,
APBB2,APBB2,4,0,0,-1.1480832056099892,-2.14588084025482
UCHL1,UCHL1,4,0,0,-0.6780352804046181,
LIMCH1,LIMCH1,4,0,0,-1.5498670630971478,-1.9161311817924
PHOX2B,PHOX2B,4,0,0,-1.7891289414953562,
TMEM33,TMEM33,4,0,0,0.5015116525614882,2.0785132349478
DCAF4L1,DCAF4L1,4,0,0,-1.5271981573726165,
SLC30A9,SLC30A9,4,0,0,0.7562198612701518,-0.412673091518945
BEND4,BEND4,4,0,0,-2.2104824068434485,
SHISA3,SHISA3,4,0,0,-2.48191553499489,
ATP8A1,ATP8A1,4,0,0,0.7863838481282333,-1.58219114165001
GRXCR1,GRXCR1,4,0,0,-0.22458547365070913,
KCTD8,KCTD8,4,0,0,-2.02943433314152,
YIPF7,YIPF7,4,0,0,0.6275806217483701,
GUF1,GUF1,4,0,0,1.3946162071512767,1.76586795568226
GNPDA2,GNPDA2,4,0,0,1.9292502456902003,
GABRG1,GABRG1,4,0,0,1.7545297847215142,
GABRA2,GABRA2,4,0,0,1.637513521537647,
COX7B2,COX7B2,4,0,0,0.4843554341517873,
GABRA4,GABRA4,4,0,0,0.9494603356488636,
GABRB1,GABRB1,4,0,0,0.2449699580185687,
COMMD8,COMMD8,4,0,0,0.5338405622951718,1.84891718043442
ATP10D,ATP10D,4,0,0,-0.005596415130289856,-0.882196445810883
CORIN,CORIN,4,0,0,-0.7347455600180766,
NFXL1,NFXL1,4,0,0,-0.38796402731994917,-0.561187899873488
CNGA1,CNGA1,4,0,0,1.1234414954023606,1.71081856919793
NIPAL1,NIPAL1,4,0,0,0.8137886402707952,1.49502023335025
TXK,TXK,4,0,0,0.1338549323038496,-1.17886619159913
TEC,TEC,4,0,0,0.8435009101708353,-0.761804602101525
SLAIN2,SLAIN2,4,0,0,-1.6703174752769705,-1.99137664955611
SLC10A4,SLC10A4,4,0,0,-0.6526168313005254,
ZAR1,ZAR1,4,0,0,-2.7152818069698217,
FRYL,FRYL,4,0,0,0.20121055476748495,-0.712790570965581
OCIAD1,OCIAD1,4,0,0,0.3218340879086661,2.72940743203122
OCIAD2,OCIAD2,4,0,0,-0.07993753226916489,3.61184562226509
CWH43,CWH43,4,0,0,0.5966084468219464,0.225987857606498
DCUN1D4,DCUN1D4,4,0,0,1.0270940242477522,1.39581389523467
LRRC66,LRRC66,4,0,0,-0.9964405841839881,
SGCB,SGCB,4,0,0,0.39656794253837013,1.61899378923111
SPATA18,SPATA18,4,0,0,-0.9030420260904961,-2.8476631097038
USP46,USP46,4,0,0,0.5163007507539135,-0.932631350101406
ERVMER34-1,ERVMER34-1,4,0,0,0.5123634188638224,
RASL11B,RASL11B,4,0,0,-1.3820602515135665,-0.796823815790556
SCFD2,SCFD2,4,0,0,-0.681139252202918,-0.643298622000649
FIP1L1,FIP1L1,4,0,0,-0.7573778047289181,
LNX1,LNX1,4,0,0,-1.3067589277096623,
CHIC2,CHIC2,4,0,0,-0.26285090048921766,-0.560909604003054
GSX2,GSX2,4,0,0,-2.5085737761790714,
PDGFRA,PDGFRA,4,0,0,-0.2517237650093058,-0.634269165931215
KIT,KIT,4,0,0,0.5581876656843168,-0.976646820245619
KDR,KDR,4,0,0,-0.28875189985914673,0.55293285918208
SRD5A3,SRD5A3,4,0,0,0.13515093134085632,-0.105409789762746
TMEM165,TMEM165,4,0,0,0.6548956137998996,-0.769852891441939
CLOCK,CLOCK,4,0,0,-0.5202673597847447,-2.01601251126929
PDCL2,PDCL2,4,0,0,1.5612744438967372,
NMU,NMU,4,0,0,-0.6626160823317004,
EXOC1L,EXOC1L,4,0,0,1.6274961878826026,
EXOC1,EXOC1,4,0,0,0.7900568870756821,1.27633445876107
CEP135,CEP135,4,0,0,0.12255462114610616,
CRACD,CRACD,4,0,0,-3.1146608345753535,
AASDH,AASDH,4,0,0,0.790578134206827,2.00764420494318
PPAT,PPAT,4,0,0,0.8453660471942204,0.733910744177882
PAICS,PAICS,4,0,0,0.7698505109368412,4.35033000420069
SRP72,SRP72,4,0,0,0.15134145893692263,-0.212698434518027
ARL9,ARL9,4,0,0,-0.7535357312280304,
SPMAP2L,SPMAP2L,4,0,0,-1.1404478538487712,
HOPX,HOPX,4,0,0,-1.7003296936812067,-1.55889881394533
SPINK2,SPINK2,4,0,0,-1.1331136447098853,
REST,REST,4,0,0,-0.3594289226811309,-0.268284164190603
NOA1,NOA1,4,0,0,-1.273238105145797,-1.95128780281918
POLR2B,POLR2B,4,0,0,1.2468460838774629,0.928364245980769
IGFBP7,IGFBP7,4,0,0,-2.181500851830142,-0.767941568838559
ADGRL3,ADGRL3,4,0,0,0.06675115635957063,
TECRL,TECRL,4,0,0,0.9912098593797669,
EPHA5,EPHA5,4,0,0,0.21283325657658736,
CENPC,CENPC,4,0,0,0.3524937815810034,1.71031321122845
STAP1,STAP1,4,0,0,-0.011270790821402699,
UBA6,UBA6,4,0,0,0.948380074583417,1.75371042331281
GNRHR,GNRHR,4,0,0,0.43394679275208325,
TMPRSS11D,TMPRSS11D,4,0,0,0.583568237917726,
TMPRSS11A,TMPRSS11A,4,0,0,0.6723965794868576,
TMPRSS11F,TMPRSS11F,4,0,0,0.9474110270272735,
TMPRSS11B,TMPRSS11B,4,0,0,1.504693350434085,
YTHDC1,YTHDC1,4,0,0,-0.6313394402425647,-0.609271387509214
TMPRSS11E,TMPRSS11E,4,0,0,0.8017073578751699,
UGT2B17,UGT2B17,4,0,0,1.2157501547796343,3.22073146358475
UGT2B15,UGT2B15,4,0,0,1.1357122944766829,3.4069871170287
UGT2B10,UGT2B10,4,0,0,1.1481486374381884,3.74583246106578
UGT2A3,UGT2A3,4,0,0,0.8634329643528673,3.35798713887485
UGT2B7,UGT2B7,4,0,0,1.1497636372786584,2.47408907533752
UGT2B11,UGT2B11,4,0,0,1.1447650580838413,2.08000422833963
UGT2B28,UGT2B28,4,0,0,1.1537698778897614,
UGT2B4,UGT2B4,4,0,0,0.96429377414111,4.12434608674911
UGT2A1,UGT2A1,4,0,0,0.7696545710754812,-0.593870825041984
UGT2A2,UGT2A2,4,0,0,1.0694178542811539,
SULT1B1,SULT1B1,4,0,0,1.5097674956356588,3.80882848499951
SULT1E1,SULT1E1,4,0,0,1.71190306211294,1.85270315773365
CSN1S1,CSN1S1,4,0,0,-0.26181086786265517,
CSN2,CSN2,4,0,0,-0.9765578618207034,
STATH,STATH,4,0,0,1.6893291675969397,
HTN3,HTN3,4,0,0,1.958918589409917,
HTN1,HTN1,4,0,0,1.594567123937507,
PRR27,PRR27,4,0,0,-0.3778650685453684,
ODAM,ODAM,4,0,0,-0.38086334048719017,
FDCSP,FDCSP,4,0,0,-0.6476306516151311,
CSN3,CSN3,4,0,0,0.05728334165804405,
CABS1,CABS1,4,0,0,0.7408448498226115,
SMR3A,SMR3A,4,0,0,-1.7385683398089444,
SMR3B,SMR3B,4,0,0,-1.9012908487954068,
OPRPN,OPRPN,4,0,0,-0.8617179397554864,0.423641327111685
MUC7,MUC7,4,0,0,-1.3728948456491832,
AMTN,AMTN,4,0,0,-1.6442573928851605,
AMBN,AMBN,4,0,0,-0.6410088070660507,
ENAM,ENAM,4,0,0,-0.7354979003840647,
JCHAIN,JCHAIN,4,0,0,0.48137222482440656,
UTP3,UTP3,4,0,0,-0.38552341782909494,-0.0860076221198604
RUFY3,RUFY3,4,0,0,-0.20451647975132836,-1.51961951950983
GRSF1,GRSF1,4,0,0,-0.5001524410862856,-0.0816469793539046
MOB1B,MOB1B,4,0,0,0.8862945344156383,
DCK,DCK,4,0,0,0.5090619755943919,0.822380633455284
SLC4A4,SLC4A4,4,0,0,0.32454360319311704,0.197557915112055
GC,GC,4,0,0,0.20910876178973048,2.04594952795675
NPFFR2,NPFFR2,4,0,0,0.6490586695338418,
ADAMTS3,ADAMTS3,4,0,0,-0.031351322730882814,
COX18,COX18,4,0,0,-0.21032870100262002,0.970909774203867
ANKRD17,ANKRD17,4,0,0,-0.34027785793850285,-0.727215699998105
ALB,ALB,4,0,0,0.7068000355008088,2.39187046491156
AFP,AFP,4,0,0,0.38693476044613817,-1.1432482868124
AFM,AFM,4,0,0,0.5537996384825234,3.44850784839797
RASSF6,RASSF6,4,0,0,1.0328969608741474,
CXCL8,CXCL8,4,0,0,-0.1761807008598577,1.5375547620803
CXCL6,CXCL6,4,0,0,-1.2307910168900769,0.0596868416837736
PF4V1,PF4V1,4,0,0,-1.6915881201476424,
CXCL1,CXCL1,4,0,0,-1.637470196031206,-0.881914705171331
PF4,PF4,4,0,0,-1.8432003802597556,
PPBP,PPBP,4,0,0,-0.17734912699847882,-3.08611415729059
CXCL5,CXCL5,4,0,0,-1.2258536530415167,
CXCL3,CXCL3,4,0,0,-2.207553807686205,
CXCL2,CXCL2,4,0,0,-1.8362238847379047,-1.16719310306635
MTHFD2L,MTHFD2L,4,0,0,0.46508390978909553,-3.78107396978802
EPGN,EPGN,4,0,0,0.7909973996360549,
EREG,EREG,4,0,0,0.023686370794196776,
AREG,AREG,4,0,0,0.14636470963226422,
BTC,BTC,4,0,0,-0.2953741077521759,
PARM1,PARM1,4,0,0,-1.8386119252385438,-0.0505101172982607
RCHY1,RCHY1,4,0,0,0.6619460307456144,0.618272899158515
THAP6,THAP6,4,0,0,0.1483685848407088,
ODAPH,ODAPH,4,0,0,-1.35005451639314,
CDKL2,CDKL2,4,0,0,0.7081815920794341,
G3BP2,G3BP2,4,0,0,0.2145898331881142,0.944805919510823
USO1,USO1,4,0,0,0.5177520569433334,1.15108670799405
PPEF2,PPEF2,4,0,0,-1.132476433069133,
NAAA,NAAA,4,0,0,-0.5534269469532838,-0.333820852759289
SDAD1,SDAD1,4,0,0,0.6624872206580594,0.780659634589051
CXCL9,CXCL9,4,0,0,0.31385153592991877,2.15074405749769
CXCL10,CXCL10,4,0,0,0.43954965724134887,
CXCL11,CXCL11,4,0,0,1.3726580150292573,
ART3,ART3,4,0,0,0.3767885470948915,
NUP54,NUP54,4,0,0,0.6477344823674205,1.77181942172299
SCARB2,SCARB2,4,0,0,0.4981167524701373,0.544961435052107
FAM47E,FAM47E,4,0,0,-0.962385176998982,
STBD1,STBD1,4,0,0,-0.8024868506315972,
CCDC158,CCDC158,4,0,0,-0.5341777527545126,
SHROOM3,SHROOM3,4,0,0,-2.7546590011864645,-3.00778000026352
SOWAHB,SOWAHB,4,0,0,-2.5785140829997566,-3.29514941689852
SEPTIN11,SEPTIN11,4,0,0,-0.2792386827726947,-0.115510358816771
CCNI,CCNI,4,0,0,0.12385784346078488,-2.13115660214602
CCNG2,CCNG2,4,0,0,-0.00385300777172759,-3.07735437973934
CXCL13,CXCL13,4,0,0,0.002048337313128812,
CNOT6L,CNOT6L,4,0,0,0.3376877423324647,1.76270599398757
MRPL1,MRPL1,4,0,0,1.132532766056901,1.9599750020434
FRAS1,FRAS1,4,0,0,-0.9289586015207192,-0.780542036163549
ANXA3,ANXA3,4,0,0,0.3600854139322909,1.29607348448056
BMP2K,BMP2K,4,0,0,-0.5602525080649254,-0.350041714846551
PAQR3,PAQR3,4,0,0,0.9171393387812419,-0.455252232754632
NAA11,NAA11,4,0,0,-1.2491249911736908,
GK2,GK2,4,0,0,0.9614942468276393,
ANTXR2,ANTXR2,4,0,0,0.045944938636800714,0.985828888630462
PRDM8,PRDM8,4,0,0,-2.4662967048182534,
FGF5,FGF5,4,0,0,-1.4175008352967922,
CFAP299,CFAP299,4,0,0,0.17071294124664504,
BMP3,BMP3,4,0,0,-0.7425983502607831,
PRKG2,PRKG2,4,0,0,0.09982115425986215,
RASGEF1B,RASGEF1B,4,0,0,0.024545184185003066,2.61802919757664
HNRNPD,HNRNPD,4,0,0,0.22057800080076362,0.255467720737881
HNRNPDL,HNRNPDL,4,0,0,-0.17126500316318172,0.087789659829479
ENOPH1,ENOPH1,4,0,0,-0.0852386409144561,-0.651025091871531
TMEM150C,TMEM150C,4,0,0,1.010527075216343,2.32619224675096
SCD5,SCD5,4,0,0,-1.3076570569741133,-1.41946932796143
SEC31A,SEC31A,4,0,0,-0.02749852035576339,0.620204719409667
THAP9,THAP9,4,0,0,0.5501139218759032,1.34984806185061
LIN54,LIN54,4,0,0,-0.1239908887124912,-0.357844594027705
COPS4,COPS4,4,0,0,0.7021640378790561,2.45588903927592
PLAC8,PLAC8,4,0,0,0.44193058007773267,0.93408648094625
COQ2,COQ2,4,0,0,0.7072342426263898,-0.293371532344748
HPSE,HPSE,4,0,0,0.28445603236838224,
HELQ,HELQ,4,0,0,0.7326094349328116,-1.61743047291064
MRPS18C,MRPS18C,4,0,0,0.9331849146708286,2.10429392512965
ABRAXAS1,ABRAXAS1,4,0,0,0.1348618249138429,-0.240945014777857
GPAT3,GPAT3,4,0,0,0.4627092936477464,0.670871119937389
NKX6-1,NKX6-1,4,0,0,-3.2222562146427887,
CDS1,CDS1,4,0,0,1.0161639525371697,0.893993807685845
WDFY3,WDFY3,4,0,0,-0.17119413455058563,-3.0852206081633
ARHGAP24,ARHGAP24,4,0,0,-0.9333557467741525,-0.426151482419209
MAPK10,MAPK10,4,0,0,0.02478900515533411,-3.14383343686459
PTPN13,PTPN13,4,0,0,0.013287930988971297,-1.69849702087197
SLC10A6,SLC10A6,4,0,0,-0.08313940905949835,
C4orf36,C4orf36,4,0,0,0.5181282105869762,
AFF1,AFF1,4,0,0,-2.3901736453703126,-2.07666500192388
KLHL8,KLHL8,4,0,0,1.084784734225705,1.27437299851135
HSD17B13,HSD17B13,4,0,0,0.7556441516552432,2.09597806820293
HSD17B11,HSD17B11,4,0,0,1.1467162569936757,1.81140903097644
NUDT9,NUDT9,4,0,0,0.03582574230655666,0.135761716574028
SCPPPQ1,SCPPPQ1,4,0,0,-0.4728311442605655,
SPARCL1,SPARCL1,4,0,0,-0.6194413600911126,0.775482352557737
DSPP,DSPP,4,0,0,-4.308209871957429,
DMP1,DMP1,4,0,0,-3.134150921141723,
IBSP,IBSP,4,0,0,-0.683373946993397,
MEPE,MEPE,4,0,0,-0.38380371155479764,
SPP1,SPP1,4,0,0,-0.6540511493623562,2.04058284498416
PKD2,PKD2,4,0,0,-0.7506025228238826,-2.11934494571788
ABCG2,ABCG2,4,0,0,0.7163046613406827,1.7419597504445
PPM1K,PPM1K,4,0,0,-0.24893345430216307,0.497594769922659
HERC6,HERC6,4,0,0,0.08712893353229134,0.891957305466668
HERC5,HERC5,4,0,0,0.4261807736071699,0.469405457388261
PIGY,PIGY,4,0,0,0.7616724818156246,-0.296423464827759
PYURF,PYURF,4,0,0,-1.1970517435598147,0.195076019572373
HERC3,HERC3,4,0,0,0.06504244060138653,-0.748334255871983
NAP1L5,NAP1L5,4,0,0,-1.4680800070245414,-1.56318559625294
FAM13A,FAM13A,4,0,0,-0.789214116834243,0.113701027980185
TIGD2,TIGD2,4,0,0,0.7605880521793615,0.405378805352812
GPRIN3,GPRIN3,4,0,0,-1.81138251242818,-2.40871452645015
SNCA,SNCA,4,0,0,0.5656467179338183,-2.42508547672437
MMRN1,MMRN1,4,0,0,0.554905015354592,3.68917774860418
CCSER1,CCSER1,4,0,0,-0.7423968108364747,
GRID2,GRID2,4,0,0,0.37522553647401224,
ATOH1,ATOH1,4,0,0,-3.0349301453201853,
SMARCAD1,SMARCAD1,4,0,0,1.0554894734377616,2.87793390544188
HPGDS,HPGDS,4,0,0,0.8085968534648522,
PDLIM5,PDLIM5,4,0,0,-0.5017387202133374,0.764993679721996
BMPR1B,BMPR1B,4,0,0,-0.1714801978010616,
UNC5C,UNC5C,4,0,0,-0.7923114047581112,
PDHA2,PDHA2,4,0,0,0.5245967650514256,
STPG2,STPG2,4,0,0,0.876463834167577,
RAP1GDS1,RAP1GDS1,4,0,0,0.8526166343215049,2.71113810826688
TSPAN5,TSPAN5,4,0,0,1.2680107992079765,
EIF4E,EIF4E,4,0,0,0.705223752306992,2.56386970732588
METAP1,METAP1,4,0,0,0.49113947734885777,0.433141223454373
ADH5,ADH5,4,0,0,1.0269777789140662,1.15508265357275
ADH4,ADH4,4,0,0,0.8303680059292695,1.85602419509665
ADH6,ADH6,4,0,0,0.5855467312064935,0.622542933208392
ADH1A,ADH1A,4,0,0,0.2159647721041864,1.07396056315897
ADH1B,ADH1B,4,0,0,0.21655965911737596,0.65562556612453
ADH1C,ADH1C,4,0,0,0.19704808538366514,0.990334382294195
ADH7,ADH7,4,0,0,0.47519390025944475,
C4orf17,C4orf17,4,0,0,-0.8985225926220473,
TRMT10A,TRMT10A,4,0,0,-0.062154360413268606,0.925423650458651
MTTP,MTTP,4,0,0,0.14728865050910755,2.30969122404
C4orf54,C4orf54,4,0,0,-2.553875734023306,
DAPP1,DAPP1,4,0,0,0.039503378924882426,
LAMTOR3,LAMTOR3,4,0,0,0.6547198302323967,
DNAJB14,DNAJB14,4,0,0,0.5491201102295715,-0.520443337499563
H2AZ1,H2AZ1,4,0,0,-0.05533029821564561,0.424872313427451
DDIT4L,DDIT4L,4,0,0,-0.09023288010829233,
EMCN,EMCN,4,0,0,0.4629010558685689,2.29219548653163
PPP3CA,PPP3CA,4,0,0,0.22220893294526256,-0.0841069643342309
BANK1,BANK1,4,0,0,0.011573579816053225,
SLC39A8,SLC39A8,4,0,0,0.5433778599811347,-0.206040507632008
NFKB1,NFKB1,4,0,0,-0.2607850702337817,-1.19050013104274
MANBA,MANBA,4,0,0,0.3324724815795381,1.74916011183138
UBE2D3,UBE2D3,4,0,0,0.7845494063217178,
CISD2,CISD2,4,0,0,0.698497364910363,0.48936160163134
SLC9B1,SLC9B1,4,0,0,1.2980653880650976,
SLC9B2,SLC9B2,4,0,0,0.9005393029166004,0.312945637339003
BDH2,BDH2,4,0,0,0.8978633561146019,2.96571818391313
CENPE,CENPE,4,0,0,0.5584730946003109,
TACR3,TACR3,4,0,0,0.3406266665348934,
CXXC4,CXXC4,4,0,0,-2.40642453081103,
TET2,TET2,4,0,0,-0.7423069290718782,-4.05687201164304
PPA2,PPA2,4,0,0,1.4108079817030905,1.90199570625087
ARHGEF38,ARHGEF38,4,0,0,-0.26858088952434933,
INTS12,INTS12,4,0,0,-0.10353862219787047,1.92922877911497
GSTCD,GSTCD,4,0,0,0.047339562578965655,-1.64856571918091
NPNT,NPNT,4,0,0,-0.6239126791848317,-2.1672354825609
TBCK,TBCK,4,0,0,0.4470009025007524,1.91551016891525
AIMP1,AIMP1,4,0,0,0.7977782658005292,1.21190574143258
GIMD1,GIMD1,4,0,0,-0.2642384487920637,
DKK2,DKK2,4,0,0,-1.285622038346629,
PAPSS1,PAPSS1,4,0,0,0.6242537234020116,0.367431642911902
SGMS2,SGMS2,4,0,0,0.750096229980505,1.77476069018166
CYP2U1,CYP2U1,4,0,0,-0.8230294546645585,0.658827506829443
HADH,HADH,4,0,0,-0.3267052773832546,1.12878069794295
LEF1,LEF1,4,0,0,-1.1910941334912053,
RPL34,RPL34,4,0,0,0.696380241581803,-1.16967967647677
OSTC,OSTC,4,0,0,1.895628143747956,0.862175668568958
ETNPPL,ETNPPL,4,0,0,0.36637155452798176,1.03716913584919
COL25A1,COL25A1,4,0,0,-1.3724326103176363,-1.82647763639763
SEC24B,SEC24B,4,0,0,0.1058069342710084,1.73140290755842
MCUB,MCUB,4,0,0,0.46291446424614335,-0.0217326625566824
CASP6,CASP6,4,0,0,0.25819085211627346,0.705540292055973
PLA2G12A,PLA2G12A,4,0,0,-0.6719422136997597,-1.10844926184916
CFI,CFI,4,0,0,0.862423476686514,2.2385334853796
GAR1,GAR1,4,0,0,0.12102390802248486,-0.188041008669245
RRH,RRH,4,0,0,1.3715928227431924,
LRIT3,LRIT3,4,0,0,-0.3663660094832757,
EGF,EGF,4,0,0,0.059335409987017584,
ELOVL6,ELOVL6,4,0,0,1.1932374127127048,2.43019705688331
ENPEP,ENPEP,4,0,0,0.23912439096008953,1.13494053066175
PITX2,PITX2,4,0,0,-2.198833575807022,
FAM241A,FAM241A,4,0,0,-0.16237895053177276,-0.734024812590582
AP1AR,AP1AR,4,0,0,-0.18815902545789243,-1.98781584196215
TIFA,TIFA,4,0,0,-0.396538647788077,
ALPK1,ALPK1,4,0,0,-0.6713816685828036,-0.918424077755906
NEUROG2,NEUROG2,4,0,0,-3.091679199483343,
ZGRF1,ZGRF1,4,0,0,0.43558722522976545,
LARP7,LARP7,4,0,0,0.4929072653516595,0.538908780911158
ANK2,ANK2,4,0,0,-0.8715946609298424,
CAMK2D,CAMK2D,4,0,0,0.1950228014964086,0.921899578121198
ARSJ,ARSJ,4,0,0,-0.18461570534508276,-2.98725392991621
UGT8,UGT8,4,0,0,0.6880765863179708,
NDST4,NDST4,4,0,0,0.2653456750458538,
TRAM1L1,TRAM1L1,4,0,0,0.9597723658615873,
NDST3,NDST3,4,0,0,0.4352088473772415,
PRSS12,PRSS12,4,0,0,-0.9904887645279956,-1.79030544643581
METTL14,METTL14,4,0,0,0.3429130036517094,0.270780627689877
SEC24D,SEC24D,4,0,0,-0.09884037592155615,0.644519585929016
SYNPO2,SYNPO2,4,0,0,-1.2503678570748669,-2.49613748523355
MYOZ2,MYOZ2,4,0,0,0.27348302885724785,
USP53,USP53,4,0,0,-0.02591825559026084,0.0885657803318104
C4orf3,C4orf3,4,0,0,-0.6773221189282452,-0.905885181327047
FABP2,FABP2,4,0,0,1.7702277134673068,
PDE5A,PDE5A,4,0,0,0.2422650623672915,-1.50960663746768
MAD2L1,MAD2L1,4,0,0,0.5040385516271062,
PRDM5,PRDM5,4,0,0,-0.3656545922757015,
NDNF,NDNF,4,0,0,-0.05997694895428296,
TNIP3,TNIP3,4,0,0,-0.7251546900346995,
QRFPR,QRFPR,4,0,0,0.6300973373380359,
ANXA5,ANXA5,4,0,0,0.8045517639721247,1.90646615452684
SMIM43,SMIM43,4,0,0,-1.235049074382669,
EXOSC9,EXOSC9,4,0,0,0.6428858542939704,1.45073269944402
CCNA2,CCNA2,4,0,0,0.16208616660774489,0.392222728122157
BBS7,BBS7,4,0,0,0.8200968532643955,2.0860452308455
TRPC3,TRPC3,4,0,0,-0.3421637283444685,
BLTP1,BLTP1,4,0,0,0.42564173888648504,-1.47996580477791
ADAD1,ADAD1,4,0,0,0.8017161375202573,
IL2,IL2,4,0,0,0.44960632522587574,
IL21,IL21,4,0,0,0.03629275524321507,
BBS12,BBS12,4,0,0,0.5148514419401664,-0.421719844470128
FGF2,FGF2,4,0,0,-0.6332408707801207,-2.42356078838263
NUDT6,NUDT6,4,0,0,0.19916928434314585,0.462923072861786
AFG2A,AFG2A,4,0,0,0.5054730422276972,0.274304679904878
SPRY1,SPRY1,4,0,0,-1.6560177463024797,-2.53210329447676
ANKRD50,ANKRD50,4,0,0,0.30857353566095647,-0.859281073167418
FAT4,FAT4,4,0,0,0.07712493419278843,-1.54269827417095
INTU,INTU,4,0,0,0.2921245915342574,
SLC25A31,SLC25A31,4,0,0,1.0745295096312724,
HSPA4L,HSPA4L,4,0,0,0.8554411843104699,2.58905220123066
PLK4,PLK4,4,0,0,0.6195178984957384,
MFSD8,MFSD8,4,0,0,1.3420026512996586,1.62548048892323
ABHD18,ABHD18,4,0,0,0.6882225047512378,2.4864841985767
LARP1B,LARP1B,4,0,0,0.029116912649184812,-0.703798151143815
PGRMC2,PGRMC2,4,0,0,-0.4385750757206015,-0.582893409172318
JADE1,JADE1,4,0,0,-1.4126102322460916,-2.1078310437944
SCLT1,SCLT1,4,0,0,0.07937978613725605,-1.01132197736346
C4orf33,C4orf33,4,0,0,0.9162831919401153,
PCDH10,PCDH10,4,0,0,-1.8023851931288473,
PABPC4L,PABPC4L,4,0,0,0.3546864643438479,
PCDH18,PCDH18,4,0,0,-0.35577429055091336,0.0644140928074431
SLC7A11,SLC7A11,4,0,0,0.7103240764503127,
NOCT,NOCT,4,0,0,-1.4705708108460485,
ELF2,ELF2,4,0,0,0.447778808832906,0.724137574283116
MGARP,MGARP,4,0,0,-0.00753472269656541,
NDUFC1,NDUFC1,4,0,0,-0.8917604580877345,0.55425885150379
NAA15,NAA15,4,0,0,1.1237164983265373,
RAB33B,RAB33B,4,0,0,-0.3468056751954549,-0.860827278191993
SETD7,SETD7,4,0,0,0.05135973822057416,-0.802659091428039
MGST2,MGST2,4,0,0,0.7707073571059677,2.12241577816009
MAML3,MAML3,4,0,0,-2.154620466434606,
SCOC,SCOC,4,0,0,1.7610036137511624,1.16822232211312
CLGN,CLGN,4,0,0,1.2139494122422896,1.47663553011281
MGAT4D,MGAT4D,4,0,0,1.399695024295868,
ELMOD2,ELMOD2,4,0,0,1.704942207138778,3.96452024272762
UCP1,UCP1,4,0,0,-0.2594286530735168,
TBC1D9,TBC1D9,4,0,0,-0.8585817119929668,-1.72265672911664
RNF150,RNF150,4,0,0,-1.0903820445884325,
ZNF330,ZNF330,4,0,0,0.13861855624640285,-0.529408255269912
IL15,IL15,4,0,0,0.943118852307391,
INPP4B,INPP4B,4,0,0,-0.043849787637382676,-3.12371457651562
USP38,USP38,4,0,0,-0.11509420668541637,-1.79128042823743
GAB1,GAB1,4,0,0,-0.8203833328324528,-0.847709258424043
SMARCA5,SMARCA5,4,0,0,0.8528047173201649,0.680664512663332
FREM3,FREM3,4,0,0,-0.9376627552232719,
GYPE,GYPE,4,0,0,1.815910464953932,
GYPB,GYPB,4,0,0,0.7177329543349007,
GYPA,GYPA,4,0,0,-0.26594298940468164,
HHIP,HHIP,4,0,0,-0.347517876679996,-0.933315477490693
ANAPC10,ANAPC10,4,0,0,0.43055458034841365,0.691802391897237
ABCE1,ABCE1,4,0,0,1.4550262127758238,3.82923363143693
OTUD4,OTUD4,4,0,0,-0.27453608761032733,-1.581630748203
SMAD1,SMAD1,4,0,0,-0.7687103062658807,-0.563263784631633
MMAA,MMAA,4,0,0,0.10803111316897684,0.85457950551115
C4orf51,C4orf51,4,0,0,-0.07932563413407934,
ZNF827,ZNF827,4,0,0,-1.9367671508153954,
LSM6,LSM6,4,0,0,0.8654688340066325,0.928688353791926
REELD1,REELD1,4,0,0,-1.8757824324090606,
SLC10A7,SLC10A7,4,0,0,0.6281282185110442,
POU4F2,POU4F2,4,0,0,-3.0673710887241423,
TTC29,TTC29,4,0,0,0.3482270061701609,
EDNRA,EDNRA,4,0,0,0.6806042947296067,1.0892867483693
TMEM184C,TMEM184C,4,0,0,1.2190094746663256,0.573065507128594
PRMT9,PRMT9,4,0,0,0.3944910798988044,0.307848391378151
ARHGAP10,ARHGAP10,4,0,0,-0.5524732700415154,-1.86318417699654
NR3C2,NR3C2,4,0,0,-0.6976629673554129,-0.839751879859437
IQCM,IQCM,4,0,0,0.6044076746861347,
DCLK2,DCLK2,4,0,0,-1.0148699846234894,-2.80740560630131
LRBA,LRBA,4,0,0,0.49022364316391,-0.104513333361324
MAB21L2,MAB21L2,4,0,0,-1.878937688983477,-2.63015411262639
RPS3A,RPS3A,4,0,0,1.5773887184480877,3.21008856194456
SH3D19,SH3D19,4,0,0,-0.780596210371959,-1.93613711168398
PRSS48,PRSS48,4,0,0,0.11211356803464945,
FHIP1A,FHIP1A,4,0,0,-1.1345199207709058,
GATB,GATB,4,0,0,-1.1924333768784976,-0.569959203784977
FBXW7,FBXW7,4,0,0,-0.37953206384824156,-1.82902842687135
TMEM154,TMEM154,4,0,0,0.2860915381542348,0.860410642477927
TIGD4,TIGD4,4,0,0,1.4685605706084264,
ARFIP1,ARFIP1,4,0,0,0.8521877620020124,3.06759945109662
FHDC1,FHDC1,4,0,0,-2.491581874000545,
TRIM2,TRIM2,4,0,0,-1.1287028121928344,-1.02923223393012
MND1,MND1,4,0,0,0.8024616237290196,
TMEM131L,TMEM131L,4,0,0,-0.2880563927186177,-0.271328596041349
TLR2,TLR2,4,0,0,0.2572992449941598,1.70496988156316
RNF175,RNF175,4,0,0,0.43244605818131454,
SFRP2,SFRP2,4,0,0,-1.342488388556621,
DCHS2,DCHS2,4,0,0,-0.4407220153074167,
PLRG1,PLRG1,4,0,0,0.3314790828106222,2.3756515699003
FGB,FGB,4,0,0,0.5599634628650474,1.87021656061861
FGA,FGA,4,0,0,-0.8314995872964079,0.543692817657005
FGG,FGG,4,0,0,1.0575937396127113,2.10934845590776
LRAT,LRAT,4,0,0,-0.8472538933568501,-2.23830093571224
RBM46,RBM46,4,0,0,1.4324110654883118,
NPY2R,NPY2R,4,0,0,-0.28322776702949426,
MAP9,MAP9,4,0,0,0.5959658397781755,
GUCY1A1,GUCY1A1,4,0,0,-0.2041500043455038,-2.28906878527088
GUCY1B1,GUCY1B1,4,0,0,0.26610139383119424,0.624320066410522
ASIC5,ASIC5,4,0,0,0.41726283419695953,
TDO2,TDO2,4,0,0,0.22955768183967784,3.19909363519717
CTSO,CTSO,4,0,0,0.5601407474167246,0.542263181101284
PDGFC,PDGFC,4,0,0,-0.27187726096500775,-1.23691562661452
GLRB,GLRB,4,0,0,1.0047569604784403,
GRIA2,GRIA2,4,0,0,0.7908832639150969,
GASK1B,GASK1B,4,0,0,-1.3334276899621642,-1.86707405021191
TMEM144,TMEM144,4,0,0,1.2222268753636563,
RXFP1,RXFP1,4,0,0,1.1780241163072542,
C4orf46,C4orf46,4,0,0,-1.7916677475615774,
ETFDH,ETFDH,4,0,0,0.8989624755798395,1.22797167429414
PPID,PPID,4,0,0,0.9039762591488092,1.45064950086133
FNIP2,FNIP2,4,0,0,-1.1356262893811646,-2.79679970674187
SPMIP2,SPMIP2,4,0,0,0.27330100247536926,
RAPGEF2,RAPGEF2,4,0,0,-0.4107054287146674,-1.95439533978056
FSTL5,FSTL5,4,0,0,0.7864034260740791,
NAF1,NAF1,4,0,0,-0.5457734124191553,-0.0818144679567286
NPY1R,NPY1R,4,0,0,1.4028290152765273,2.49660805520233
NPY5R,NPY5R,4,0,0,0.7691359932173132,
TKTL2,TKTL2,4,0,0,-0.09254383976233527,
TMA16,TMA16,4,0,0,-0.420163417079344,-0.201535539654609
MARCHF1,MARCHF1,4,0,0,-0.8773780737392176,
SMIM31,SMIM31,4,0,0,0.4834325013443834,
APELA,APELA,4,0,0,0.8567680522344396,
TRIM61,TRIM61,4,0,0,0.5686766451212879,
TRIM60,TRIM60,4,0,0,0.36299883945071976,
TRIM75,TRIM75,4,0,0,-0.7464404297645189,
TMEM192,TMEM192,4,0,0,-0.31425910271084234,1.46679002468331
KLHL2,KLHL2,4,0,0,0.6634499619906045,-2.28361792550011
GK3,GK3,4,0,0,0.7684282521805663,
MSMO1,MSMO1,4,0,0,2.035559976640732,5.30152598643243
CPE,CPE,4,0,0,-0.6759843802703536,0.136207798572047
TLL1,TLL1,4,0,0,0.2588598015245296,
SPOCK3,SPOCK3,4,0,0,0.315116004955426,
ANXA10,ANXA10,4,0,0,0.9828076709210141,
DDX60,DDX60,4,0,0,0.9351673773238591,2.22061913763182
DDX60L,DDX60L,4,0,0,0.9626857175139207,0.5517090560039
PALLD,PALLD,4,0,0,-1.2555273449622835,-0.697044562418933
CBR4,CBR4,4,0,0,0.956015683681473,1.14045697947735
SH3RF1,SH3RF1,4,0,0,-1.384703002444878,-3.09793189066682
NEK1,NEK1,4,0,0,0.4609644090206757,-0.268124862318389
CLCN3,CLCN3,4,0,0,0.8253597592767523,0.306710163274088
HPF1,HPF1,4,0,0,1.403783670954276,0.773693934880152
MFAP3L,MFAP3L,4,0,0,-0.9240076712281233,-1.39778676536
AADAT,AADAT,4,0,0,0.8461424678531237,1.15271975895227
GALNTL6,GALNTL6,4,0,0,-0.32009578382723625,
GALNT7,GALNT7,4,0,0,0.4174878120229675,1.24883916810723
HMGB2,HMGB2,4,0,0,-0.15380857740297138,0.166770870845811
SAP30,SAP30,4,0,0,-0.7583379454420669,-0.729595317548835
SCRG1,SCRG1,4,0,0,1.450331824976681,
HAND2,HAND2,4,0,0,-3.11172936846261,-5.55930532841506
FBXO8,FBXO8,4,0,0,0.7854524806024408,0.372875186210085
CEP44,CEP44,4,0,0,1.0144910148718083,
HPGD,HPGD,4,0,0,1.665878589265608,1.61142722232325
GLRA3,GLRA3,4,0,0,0.9540427312536259,
ADAM29,ADAM29,4,0,0,-0.04532756404368499,
GPM6A,GPM6A,4,0,0,1.3871976304825857,2.83891649234211
WDR17,WDR17,4,0,0,1.1003702182645743,
SPATA4,SPATA4,4,0,0,0.24332444083691307,
ASB5,ASB5,4,0,0,-0.17707237561995193,
SPCS3,SPCS3,4,0,0,1.5313843056150418,0.553060063662709
VEGFC,VEGFC,4,0,0,-0.7197571878216991,-0.427295858443504
NEIL3,NEIL3,4,0,0,0.2608893123604421,
AGA,AGA,4,0,0,0.7392714593675116,0.741751665867227
TENM3,TENM3,4,0,0,-0.35874788930621015,
DCTD,DCTD,4,0,0,0.4450630695909439,-0.129374739847291
WWC2,WWC2,4,0,0,-1.214202246207627,-2.5281454171529
CLDN22,CLDN22,4,0,0,-0.7267177304279286,
CLDN24,CLDN24,4,0,0,-0.3123890432736456,
CDKN2AIP,CDKN2AIP,4,0,0,-1.2343265025481536,-0.321845523179502
ING2,ING2,4,0,0,-0.5797614372930351,-2.03480075237496
RWDD4,RWDD4,4,0,0,0.4215467259329504,1.39173278979382
TRAPPC11,TRAPPC11,4,0,0,0.7570904216547643,1.55480829489526
STOX2,STOX2,4,0,0,-2.311160350098074,-3.93663215780922
ENPP6,ENPP6,4,0,0,-0.26051040999556996,
IRF2,IRF2,4,0,0,-1.1507654685605555,-0.074996174284603
CASP3,CASP3,4,0,0,1.0774606425205402,3.83366993513035
PRIMPOL,PRIMPOL,4,0,0,1.201529027795953,0.704433912029005
CENPU,CENPU,4,0,0,-0.19954517247950143,1.27348007651536
ACSL1,ACSL1,4,0,0,0.017426243599956592,-0.223226579035946
HELT,HELT,4,0,0,-2.1501501031722796,
SLC25A4,SLC25A4,4,0,0,-0.07426369497709118,-0.0577759677222358
CFAP97,CFAP97,4,0,0,-0.3574705036930812,0.345166846150882
SNX25,SNX25,4,0,0,-0.3498334169157946,-2.8888221335524
LRP2BP,LRP2BP,4,0,0,0.926113031934019,-1.86566535945462
ANKRD37,ANKRD37,4,0,0,-0.8914396365964414,0.0377630063004269
UFSP2,UFSP2,4,0,0,0.8941612299195576,1.22723377244046
CFAP96,CFAP96,4,0,0,1.0087016104892133,
CCDC110,CCDC110,4,0,0,0.46580943837779465,
PDLIM3,PDLIM3,4,0,0,-1.2757724833906146,-1.13958567662597
SORBS2,SORBS2,4,0,0,-1.7072840021903275,-0.789598284951143
TLR3,TLR3,4,0,0,0.3235335654622933,1.61872731800063
FAM149A,FAM149A,4,0,0,-1.9715920669005076,-3.99298771203698
CYP4V2,CYP4V2,4,0,0,0.09057197747342371,
KLKB1,KLKB1,4,0,0,0.5105283720563989,
F11,F11,4,0,0,-0.23060395023609104,0.192924824136167
MTNR1A,MTNR1A,4,0,0,-0.708728817640262,
FAT1,FAT1,4,0,0,-0.1329123218540733,-0.979007590717143
ZFP42,ZFP42,4,0,0,-0.8165416796725466,
TRIML2,TRIML2,4,0,0,-1.1768136125931346,
TRIML1,TRIML1,4,0,0,-1.9545024897174166,
FRG1,FRG1,4,0,0,0.7839967631207738,0.536198635340983
FRG2,FRG2,4,0,0,-2.0769538276613186,
DUX4,DUX4,4,0,0,-3.5884641006558997,
PLEKHG4B,PLEKHG4B,5,0,0,-3.163313841992329,
LRRC14B,LRRC14B,5,0,0,-2.840219410561975,
CCDC127,CCDC127,5,0,0,-0.13481592083909888,0.238973797725046
SDHA,SDHA,5,0,0,-0.9904152565736428,-0.50165245090587
PDCD6,PDCD6,5,0,0,-1.3826938040490653,-0.0957280059952981
AHRR,AHRR,5,0,0,-2.7999004391552713,
EXOC3,EXOC3,5,0,0,-1.4000697572997112,-1.97281278754582
SLC9A3,SLC9A3,5,0,0,-2.0519116924205303,
CEP72,CEP72,5,0,0,-2.7927504630322773,
TPPP,TPPP,5,0,0,-2.8489238134144212,-2.35135423592437
ZDHHC11B,ZDHHC11B,5,0,0,-0.8740938808277825,
ZDHHC11,ZDHHC11,5,0,0,-0.9994848861747876,
BRD9,BRD9,5,0,0,-1.4990954727979773,-2.31900633860361
TRIP13,TRIP13,5,0,0,-0.5996011669597276,
NKD2,NKD2,5,0,0,-4.155457496827259,-2.86523243930956
SLC12A7,SLC12A7,5,0,0,-1.688934655568195,-2.2195289427697
SLC6A19,SLC6A19,5,0,0,-1.5114902257805358,-1.45952342920363
SLC6A18,SLC6A18,5,0,0,-1.385525982730746,
TERT,TERT,5,0,0,-2.7855523486064726,
CLPTM1L,CLPTM1L,5,0,0,-0.6528114216112524,-1.6777992790308
SLC6A3,SLC6A3,5,0,0,-1.3921171234919996,
LPCAT1,LPCAT1,5,0,0,-1.5241591644718628,-1.9975377638133
MRPL36,MRPL36,5,0,0,-0.9280512917471615,-0.137887835250496
NDUFS6,NDUFS6,5,0,0,-1.1016374705234675,-0.47023125513514
IRX4,IRX4,5,0,0,-2.5412712245131193,
IRX2,IRX2,5,0,0,-2.6279085844698695,
IRX1,IRX1,5,0,0,-2.5606458007738535,
ADAMTS16,ADAMTS16,5,0,0,-1.3212277301219597,
ICE1,ICE1,5,0,0,-0.4738169365315006,-1.92271110295902
MED10,MED10,5,0,0,-0.48069500336229787,0.474671016851022
UBE2QL1,UBE2QL1,5,0,0,-1.5016207120702614,-2.90549371687072
NSUN2,NSUN2,5,0,0,-0.7264139861093657,-0.994947773437104
SRD5A1,SRD5A1,5,0,0,-0.28596315551719087,-1.14031810508082
TENT4A,TENT4A,5,0,0,-1.7442589360386869,-3.18630861805483
ADCY2,ADCY2,5,0,0,-0.36835040675784114,
CFAP90,CFAP90,5,0,0,-1.7988484542591365,
FASTKD3,FASTKD3,5,0,0,0.22600683665462107,1.24302563889381
MTRR,MTRR,5,0,0,-0.2937056260046891,0.226682120908838
SEMA5A,SEMA5A,5,0,0,-1.3780706577148099,-1.27979484968829
TAS2R1,TAS2R1,5,0,0,1.2064804970819658,
ATPSCKMT,ATPSCKMT,5,0,0,0.43302524846725987,0.266755132974689
CCT5,CCT5,5,0,0,0.524243697534855,0.625325436683465
CMBL,CMBL,5,0,0,0.7794910831973532,1.34003829728889
MARCHF6,MARCHF6,5,0,0,0.6218689609595813,-0.109514631331142
ROPN1L,ROPN1L,5,0,0,-0.3959505818022002,-2.54451001132608
ANKRD33B,ANKRD33B,5,0,0,-3.1317544033132236,
DAP,DAP,5,0,0,-1.806297151173629,-0.69193942521063
CTNND2,CTNND2,5,0,0,-2.230781762596699,
DNAH5,DNAH5,5,0,0,0.3281257871624632,
TRIO,TRIO,5,0,0,-1.747378054155897,-3.9886031712863
OTULINL,OTULINL,5,0,0,0.3701164368898837,
OTULIN,OTULIN,5,0,0,-0.3256985099374603,-1.13563850672585
ANKH,ANKH,5,0,0,-0.6643020050811472,-2.29636467623496
FBXL7,FBXL7,5,0,0,-2.4864595509406744,-3.13886150762605
MARCHF11,MARCHF11,5,0,0,-2.0795200118554025,
ZNF622,ZNF622,5,0,0,-0.6449045428912541,-0.844644146767471
RETREG1,RETREG1,5,0,0,-0.6438573598963302,2.4366274694662
MYO10,MYO10,5,0,0,-1.3543744979049848,-2.82789901229202
BASP1,BASP1,5,0,0,-3.2081562279884537,-2.3914527761779
H3Y2,H3Y2,5,0,0,-2.1974265692355868,
TAF11L2,TAF11L2,5,0,0,-0.931700047988814,
TAF11L3,TAF11L3,5,0,0,-1.5548194315180464,
TAF11L4,TAF11L4,5,0,0,-1.627213100805454,
TAF11L5,TAF11L5,5,0,0,-1.625519320825573,
TAF11L6,TAF11L6,5,0,0,-1.5709092559533477,
TAF11L7,TAF11L7,5,0,0,-1.6608850212099266,
TAF11L8,TAF11L8,5,0,0,-1.5917667685835433,
TAF11L9,TAF11L9,5,0,0,-1.6498510720092998,
TAF11L10,TAF11L10,5,0,0,-1.625519320825573,
TAF11L11,TAF11L11,5,0,0,-1.0790720154160987,
TAF11L12,TAF11L12,5,0,0,-0.8801780744577385,
TAF11L13,TAF11L13,5,0,0,-1.5408174894941933,
TAF11L14,TAF11L14,5,0,0,-0.6392172778997427,
H3Y1,H3Y1,5,0,0,-2.1691659371022087,
CDH18,CDH18,5,0,0,0.26129473402910186,
CDH12,CDH12,5,0,0,0.2280850763780382,
PRDM9,PRDM9,5,0,0,-2.2466981929796663,
CDH10,CDH10,5,0,0,0.2869922163160563,
CDH9,CDH9,5,0,0,0.691000395056264,
CDH6,CDH6,5,0,0,-0.25027755259877615,-0.0358294489551367
DROSHA,DROSHA,5,0,0,-0.76942741916322,-2.22750857670215
C5orf22,C5orf22,5,0,0,0.3041470687279979,0.852974611366236
PDZD2,PDZD2,5,0,0,-2.1432330707050546,
GOLPH3,GOLPH3,5,0,0,-0.7525896943092771,-2.24376066411618
MTMR12,MTMR12,5,0,0,-0.22381210678337915,-1.03519609731552
ZFR,ZFR,5,0,0,0.33572345158005135,0.309017521544382
SUB1,SUB1,5,0,0,0.5367900139598287,6.14100227615676
NPR3,NPR3,5,0,0,-0.8330737485922768,-0.986675322242596
TARS1,TARS1,5,0,0,0.6369677188525209,0.620941674757318
ADAMTS12,ADAMTS12,5,0,0,-1.2646004995296973,-3.15837435950012
RXFP3,RXFP3,5,0,0,-1.350684823785416,
SLC45A2,SLC45A2,5,0,0,-0.0859920857650085,-5.00387278252128
AMACR,AMACR,5,0,0,-0.17900057428132854,0.441373270522114
C1QTNF3,C1QTNF3,5,0,0,-0.7216331376367009,
RAI14,RAI14,5,0,0,-0.6787927814246366,-0.12735589722195
TTC23L,TTC23L,5,0,0,-0.21975697048733167,
RAD1,RAD1,5,0,0,0.8533057171447282,1.41167228110481
BRIX1,BRIX1,5,0,0,0.5533033201147592,0.231922751428438
DNAJC21,DNAJC21,5,0,0,0.27627994604463524,-1.73255894137753
AGXT2,AGXT2,5,0,0,-0.1727463697311542,0.219673631896233
PRLR,PRLR,5,0,0,-0.5707442498168742,-1.22666273913249
SPEF2,SPEF2,5,0,0,0.3592690819168567,0.706044287443311
IL7R,IL7R,5,0,0,-0.17072355071524825,
CAPSL,CAPSL,5,0,0,0.9638406604199794,
UGT3A1,UGT3A1,5,0,0,-0.1338060430953334,0.796899270761334
UGT3A2,UGT3A2,5,0,0,0.07279228604820354,
LMBRD2,LMBRD2,5,0,0,1.535874402263337,
SKP2,SKP2,5,0,0,-0.9805549860144485,-1.67132594682307
NADK2,NADK2,5,0,0,-0.24503923087846502,-0.210632251976916
RANBP3L,RANBP3L,5,0,0,0.17365076005046198,0.348969001107117
SLC1A3,SLC1A3,5,0,0,0.5325737386224887,-0.428337000248158
NIPBL,NIPBL,5,0,0,0.3497711281623719,-1.11815458056128
CPLANE1,CPLANE1,5,0,0,0.3923735544982474,
NUP155,NUP155,5,0,0,0.617521577306368,2.16422415103102
WDR70,WDR70,5,0,0,-0.021910755191626663,0.272490648447626
GDNF,GDNF,5,0,0,-0.46518601027615425,
EGFLAM,EGFLAM,5,0,0,-0.8946103394073877,-0.350926351543189
LIFR,LIFR,5,0,0,0.8880220615969208,0.184177715921761
OSMR,OSMR,5,0,0,0.015099417976259133,1.6595159003454
RICTOR,RICTOR,5,0,0,0.21710579654464013,1.15611065135522
FYB1,FYB1,5,0,0,-0.5493256290745929,-1.68252879146632
C9,C9,5,0,0,0.6242592858762848,1.35853093414545
DAB2,DAB2,5,0,0,-0.514329542579615,-0.0149181548225113
PTGER4,PTGER4,5,0,0,-1.9552237900683949,-1.18358049256245
TTC33,TTC33,5,0,0,0.4810411818839633,1.88933610648682
PRKAA1,PRKAA1,5,0,0,0.49304999789526427,0.934603784874961
RPL37,RPL37,5,0,0,-0.29514260004382287,-0.797632831934832
CARD6,CARD6,5,0,0,-0.5781062929250123,-1.14612183027566
C7,C7,5,0,0,-0.16070998276306447,0.392468786564564
MROH2B,MROH2B,5,0,0,-0.08037132856462037,
C6,C6,5,0,0,-0.24537249286110452,1.01853946141733
PLCXD3,PLCXD3,5,0,0,0.061097559309525096,
OXCT1,OXCT1,5,0,0,0.6308461985747904,
RIMOC1,RIMOC1,5,0,0,0.734262691745398,0.901794345828918
FBXO4,FBXO4,5,0,0,0.3455429998555051,-0.0811981871672556
GHR,GHR,5,0,0,-0.20402645598488434,0.677622153400838
CCDC152,CCDC152,5,0,0,1.1248790959681152,
SELENOP,SELENOP,5,0,0,-0.3357489439100565,-0.165440322139281
ANXA2R,ANXA2R,5,0,0,-1.9398612445822785,-3.02679804797032
ZNF131,ZNF131,5,0,0,-0.302257144778471,-0.576804975399161
NIM1K,NIM1K,5,0,0,-0.988019734482334,
HMGCS1,HMGCS1,5,0,0,1.3195900737040862,2.96260352964157
CCL28,CCL28,5,0,0,-0.961902426585084,0.950720441690477
TMEM267,TMEM267,5,0,0,1.3158548204845761,
C5orf34,C5orf34,5,0,0,0.7155511908472807,
PAIP1,PAIP1,5,0,0,0.05901956182858292,0.976891266006833
NNT,NNT,5,0,0,1.0046137298055786,0.713312034088779
FGF10,FGF10,5,0,0,-0.38430976322740307,
MRPS30,MRPS30,5,0,0,-0.11896030561659998,-0.67406195380024
HCN1,HCN1,5,0,0,-0.5911137171255145,
EMB,EMB,5,0,0,0.0717737320286922,-0.267245176408818
PARP8,PARP8,5,0,0,-0.11040326519768406,-0.784651741318188
ISL1,ISL1,5,0,0,-1.1998491772473994,
ITGA1,ITGA1,5,0,0,0.8476145784966498,1.73463441653587
PELO,PELO,5,0,0,-1.4457769859353427,-1.09078480905194
ITGA2,ITGA2,5,0,0,0.6984397927596557,
MOCS2,MOCS2,5,0,0,-0.11234604522754665,1.61622482421828
FST,FST,5,0,0,-1.0095208565071498,-1.34592166795025
NDUFS4,NDUFS4,5,0,0,0.6536728286114091,1.30159220021621
ARL15,ARL15,5,0,0,0.19600487614636464,2.47431558529221
HSPB3,HSPB3,5,0,0,-0.8962005657243797,
SNX18,SNX18,5,0,0,-2.0731390659681566,-2.60700668264224
ESM1,ESM1,5,0,0,-0.9583365298269779,
GZMK,GZMK,5,0,0,0.2543953443923712,1.1197933180935
GZMA,GZMA,5,0,0,0.755002183435634,1.09561543139979
CDC20B,CDC20B,5,0,0,-0.5410671907950917,
GPX8,GPX8,5,0,0,0.6997796083668231,0.0832442291627891
MCIDAS,MCIDAS,5,0,0,-2.508574065766668,
CCNO,CCNO,5,0,0,-2.5233096593498896,
DHX29,DHX29,5,0,0,0.6169666783372136,0.407021154912407
MTREX,MTREX,5,0,0,1.403140978026192,0.664334590097471
PLPP1,PLPP1,5,0,0,0.849861022342342,1.81655072310638
SLC38A9,SLC38A9,5,0,0,1.1084045890740182,2.19701637923876
DDX4,DDX4,5,0,0,0.8902889367797773,
IL31RA,IL31RA,5,0,0,-0.07527007197753655,
IL6ST,IL6ST,5,0,0,0.744436642227484,0.771168207086129
ANKRD55,ANKRD55,5,0,0,-1.224356404089617,-1.98116902134458
MAP3K1,MAP3K1,5,0,0,-0.6730350217585706,-0.509579140798923
SETD9,SETD9,5,0,0,0.8041260065343714,0.903073877910092
MIER3,MIER3,5,0,0,0.28474205586195467,2.54319412501548
GPBP1,GPBP1,5,0,0,0.036890779589748846,0.265962596255774
ACTBL2,ACTBL2,5,0,0,-0.35055275882856307,
PLK2,PLK2,5,0,0,-0.3732549595437735,-0.492341923051918
GAPT,GAPT,5,0,0,0.2524517862124753,
RAB3C,RAB3C,5,0,0,0.33696145875875594,
PDE4D,PDE4D,5,0,0,-1.2199060546676552,-0.54515580359109
DEPDC1B,DEPDC1B,5,0,0,0.27218309178520883,
ELOVL7,ELOVL7,5,0,0,2.0319580624583065,
ERCC8,ERCC8,5,0,0,0.8461976075229032,-0.661906138654151
NDUFAF2,NDUFAF2,5,0,0,-0.22171306575040006,1.2839814031451
SMIM15,SMIM15,5,0,0,1.762693667605184,0.101033974654741
ZSWIM6,ZSWIM6,5,0,0,-1.0198306732976157,-1.98326880411829
KIF2A,KIF2A,5,0,0,0.6171962167026397,0.538058763916517
DIMT1,DIMT1,5,0,0,0.18421373284127363,0.746404649241958
IPO11,IPO11,5,0,0,1.1896942270342397,1.77857554065704
LRRC70,LRRC70,5,0,0,1.3783001358521592,
HTR1A,HTR1A,5,0,0,-1.0109690945506156,
RNF180,RNF180,5,0,0,0.1759709356574124,0.142375752156448
RGS7BP,RGS7BP,5,0,0,-1.5937286450792474,
SHISAL2B,SHISAL2B,5,0,0,-0.31703741493710247,
SREK1IP1,SREK1IP1,5,0,0,-0.31039512243965106,2.49906379165555
CWC27,CWC27,5,0,0,0.3545634887516371,0.448439434843494
ADAMTS6,ADAMTS6,5,0,0,0.06889125552296349,
CENPK,CENPK,5,0,0,0.9195600021664614,
PPWD1,PPWD1,5,0,0,1.0266819216175342,-0.952056226862667
TRIM23,TRIM23,5,0,0,0.57926378901651,1.930493900025
TRAPPC13,TRAPPC13,5,0,0,0.9742678690898288,2.30105102812281
SHLD3,SHLD3,5,0,0,0.5388949488501709,
SGTB,SGTB,5,0,0,0.3270055170169446,0.300230180578064
NLN,NLN,5,0,0,0.8643599136037743,1.29792357990436
ERBIN,ERBIN,5,0,0,0.15495812736386227,0.0752616462750583
SREK1,SREK1,5,0,0,-1.0879955801539918,-0.31178090754645
MAST4,MAST4,5,0,0,-2.353728801726337,-2.9730479588389
CD180,CD180,5,0,0,-0.3182548187778895,
PIK3R1,PIK3R1,5,0,0,0.28604615813120304,0.655764990963584
SLC30A5,SLC30A5,5,0,0,0.9114647471273472,-0.606615718294283
CCNB1,CCNB1,5,0,0,1.000231675958613,1.1517627320241
CENPH,CENPH,5,0,0,-0.004222085728320835,-1.13885149968694
KGD4,KGD4,5,0,0,-0.2685673128125181,2.18626729706652
CDK7,CDK7,5,0,0,0.38046425631583425,0.814675049094668
CCDC125,CCDC125,5,0,0,0.1206265177457233,0.060066437030303
AK6,AK6,5,0,0,1.4284073321294475,1.5532279341373
TAF9,TAF9,5,0,0,0.8906764479858147,1.5716167951957
RAD17,RAD17,5,0,0,0.3170743853731306,-0.0388055043576933
MARVELD2,MARVELD2,5,0,0,0.15472086479218028,-0.307606487992746
OCLN,OCLN,5,0,0,0.5398188583957069,1.11481043982297
GTF2H2C,GTF2H2C,5,0,0,1.0181928116796506,
SERF1B,SERF1B,5,0,0,-0.2412269523224868,
SMN2,SMN2,5,0,0,0.04012116511458075,
SERF1A,SERF1A,5,0,0,-0.33637086489492596,
SMN1,SMN1,5,0,0,0.046212447377978805,
NAIP,NAIP,5,0,0,0.016543538538689617,-1.5301513306302
GTF2H2,GTF2H2,5,0,0,1.0049361137672452,
BDP1,BDP1,5,0,0,0.00944951653541537,-0.715835475538971
MCCC2,MCCC2,5,0,0,0.32926641788598054,0.640206711105741
CARTPT,CARTPT,5,0,0,-1.7976228928440623,
MAP1B,MAP1B,5,0,0,-0.9227264170065901,-2.01153424398268
MRPS27,MRPS27,5,0,0,-0.09699778952188787,-0.229729166827055
PTCD2,PTCD2,5,0,0,0.42808369558649595,0.614873409641442
ZNF366,ZNF366,5,0,0,-2.63870215964406,
TNPO1,TNPO1,5,0,0,0.8049018112514847,0.890307402869354
FCHO2,FCHO2,5,0,0,0.549014792290933,1.34843576210528
TMEM171,TMEM171,5,0,0,-0.9168507761232565,-0.0024157851835356
TMEM174,TMEM174,5,0,0,-0.9854984890356473,
FOXD1,FOXD1,5,0,0,-3.0129515941827307,
BTF3,BTF3,5,0,0,-0.4502901992692667,1.50263371071889
ANKRA2,ANKRA2,5,0,0,0.9117994563165901,1.99148001194997
UTP15,UTP15,5,0,0,0.9555613796917335,2.0336754336845
ARHGEF28,ARHGEF28,5,0,0,-1.0302804593019506,-1.5858254004735
ENC1,ENC1,5,0,0,-0.6432012815617689,-0.322342615973236
HEXB,HEXB,5,0,0,0.7260960649731611,0.992007545919229
GFM2,GFM2,5,0,0,0.6570523011336746,0.590414015907235
NSA2,NSA2,5,0,0,1.4502662406597846,0.366172525834596
FAM169A,FAM169A,5,0,0,0.11818128180736132,-0.242320773488755
GCNT4,GCNT4,5,0,0,0.9890217714785994,
ANKRD31,ANKRD31,5,0,0,0.3676013684204822,
HMGCR,HMGCR,5,0,0,0.5991935341820618,0.308177109626448
CERT1,CERT1,5,0,0,0.5636431894244271,0.902495338813501
POLK,POLK,5,0,0,0.6554636032508849,2.41285781567167
ANKDD1B,ANKDD1B,5,0,0,-0.9031754355241794,
POC5,POC5,5,0,0,0.315318890642855,0.397044598737879
SV2C,SV2C,5,0,0,0.461682546710243,
IQGAP2,IQGAP2,5,0,0,0.6249137948790224,0.283659923435332
F2RL2,F2RL2,5,0,0,1.1206150414147746,-0.126326145094288
F2R,F2R,5,0,0,-0.31297409127899734,1.11928889858063
F2RL1,F2RL1,5,0,0,0.28573567016152523,0.427752201597436
S100Z,S100Z,5,0,0,0.7149597353278239,
CRHBP,CRHBP,5,0,0,-0.8097863628236794,0.883395315277111
AGGF1,AGGF1,5,0,0,0.17985544154163335,-1.33486980708097
ZBED3,ZBED3,5,0,0,-3.761413925978358,-4.65897503192507
PDE8B,PDE8B,5,0,0,-0.9774999789073657,-2.57570335289413
WDR41,WDR41,5,0,0,0.5273871864490509,-0.193254976230875
OTP,OTP,5,0,0,-2.8882627570358377,
TBCA,TBCA,5,0,0,0.6317514369255601,1.50887808496181
AP3B1,AP3B1,5,0,0,0.4614729532579478,0.631790412202797
SCAMP1,SCAMP1,5,0,0,1.472246506285277,2.20753261829384
LHFPL2,LHFPL2,5,0,0,-0.5479473876415941,
ARSB,ARSB,5,0,0,-0.9974992648644854,-1.37074845799314
DMGDH,DMGDH,5,0,0,0.4802210267245357,0.33342139466038
BHMT2,BHMT2,5,0,0,-0.5227977601862737,-0.346981362987567
BHMT,BHMT,5,0,0,-0.5699635109773933,0.143293036116853
JMY,JMY,5,0,0,-1.3835388588515691,-1.88167616982128
HOMER1,HOMER1,5,0,0,-0.4716506694989011,
TENT2,TENT2,5,0,0,0.027352191907242585,2.3210260136542
CMYA5,CMYA5,5,0,0,-0.4691571636012881,-2.26499594185847
MTX3,MTX3,5,0,0,0.3567417934745638,1.17964568829045
THBS4,THBS4,5,0,0,-0.9721968257668241,
SERINC5,SERINC5,5,0,0,0.09974659033445121,0.639440470692764
SPZ1,SPZ1,5,0,0,0.18848142505104803,
ZFYVE16,ZFYVE16,5,0,0,0.8138058763413181,3.8309093029054
FAM151B,FAM151B,5,0,0,0.541482831430713,-0.722926795931253
ANKRD34B,ANKRD34B,5,0,0,-0.648715652658673,
DHFR,DHFR,5,0,0,0.7142537336776105,2.66646101969601
MSH3,MSH3,5,0,0,0.46432131531998344,0.875369937448416
RASGRF2,RASGRF2,5,0,0,-0.6903682542085274,
CKMT2,CKMT2,5,0,0,-0.9147367201968724,-1.57335424026138
ZCCHC9,ZCCHC9,5,0,0,0.5522257887891691,0.851701432300996
ACOT12,ACOT12,5,0,0,0.14465265011699913,-0.537500198268733
SSBP2,SSBP2,5,0,0,-0.52536546946477,-0.553563060904874
ATG10,ATG10,5,0,0,0.6104061446175422,-1.87099289122712
RPS23,RPS23,5,0,0,0.9521390496405537,-1.02883925109825
TMEM167A,TMEM167A,5,0,0,1.4825908405024748,
XRCC4,XRCC4,5,0,0,0.5793857868627015,0.710335227524516
VCAN,VCAN,5,0,0,-0.08487601990499627,
HAPLN1,HAPLN1,5,0,0,0.5809583346568807,
EDIL3,EDIL3,5,0,0,0.5179678439426443,
COX7C,COX7C,5,0,0,-0.2588971262718598,0.441923350599446
RASA1,RASA1,5,0,0,0.29254465652499384,-1.31539594599649
CCNH,CCNH,5,0,0,0.33077861662899544,2.56596975954246
TMEM161B,TMEM161B,5,0,0,1.416474075768658,2.43342843940442
MEF2C,MEF2C,5,0,0,-1.5063598094291422,-0.674164799607575
CETN3,CETN3,5,0,0,1.6099429066610416,
MBLAC2,MBLAC2,5,0,0,-1.2745329446272713,-0.558058573100446
POLR3G,POLR3G,5,0,0,1.355047443028699,
LYSMD3,LYSMD3,5,0,0,0.3764452690355302,2.20194463843838
ADGRV1,ADGRV1,5,0,0,0.6980327147297505,0.139887913191162
ARRDC3,ARRDC3,5,0,0,-0.16915693762877737,1.27222431491558
NR2F1,NR2F1,5,0,0,-2.415542503680234,-4.66029493894193
ARB2A,ARB2A,5,0,0,0.7151769095959946,-0.639023747728453
POU5F2,POU5F2,5,0,0,-2.276026282528944,-4.66001816744874
KIAA0825,KIAA0825,5,0,0,0.3238310242085074,
SLF1,SLF1,5,0,0,1.060637436856874,
MCTP1,MCTP1,5,0,0,-0.8017163538854106,-1.42549504305939
FAM81B,FAM81B,5,0,0,0.06457521672483146,
SKIC3,SKIC3,5,0,0,1.0212044886479497,0.955382532953446
ARSK,ARSK,5,0,0,1.0067760636057095,1.22317252316987
GPR150,GPR150,5,0,0,-2.3405941435860207,-1.07321333523004
RFESD,RFESD,5,0,0,1.1102872942300834,
SPATA9,SPATA9,5,0,0,0.21536954530328067,
RHOBTB3,RHOBTB3,5,0,0,0.38873532048810056,-1.24599391450116
GLRX,GLRX,5,0,0,-1.0298606067751042,1.33772526835261
ELL2,ELL2,5,0,0,-0.569138502751299,-2.17495589411274
PCSK1,PCSK1,5,0,0,-0.3917211186827281,
CAST,CAST,5,0,0,-0.66105945205552,-0.0042926371669057
ERAP1,ERAP1,5,0,0,0.30376307113609613,1.21438581099767
ERAP2,ERAP2,5,0,0,0.5123499221826684,1.38789937187096
LNPEP,LNPEP,5,0,0,0.8723383359005563,2.83326639475962
LIX1,LIX1,5,0,0,-1.0190249800875328,
RIOK2,RIOK2,5,0,0,0.8162990243406139,2.69082993341271
RGMB,RGMB,5,0,0,-1.587518239901705,-3.70472258460731
CHD1,CHD1,5,0,0,0.21731023976123964,0.368800570236865
FAM174A,FAM174A,5,0,0,-1.993158556835171,-2.47703546159886
ST8SIA4,ST8SIA4,5,0,0,0.6798403484508508,0.904568986970653
SLCO4C1,SLCO4C1,5,0,0,1.0372789447526145,
SLCO6A1,SLCO6A1,5,0,0,1.41721716439109,
PAM,PAM,5,0,0,0.2553884876277692,-0.245943004663117
GIN1,GIN1,5,0,0,1.1414593787684435,1.98802770325387
PPIP5K2,PPIP5K2,5,0,0,0.7638391438690206,0.150500947395054
MACIR,MACIR,5,0,0,-0.9267946834698328,
NUDT12,NUDT12,5,0,0,0.7896834306205935,2.27014905051678
EFNA5,EFNA5,5,0,0,-0.1478113813252655,
FBXL17,FBXL17,5,0,0,-1.6201254661911566,-0.950697720560995
FER,FER,5,0,0,0.6230927361625849,
PJA2,PJA2,5,0,0,-0.4207009163937432,1.69770019146368
MAN2A1,MAN2A1,5,0,0,0.749585930318176,2.76589513245441
TMEM232,TMEM232,5,0,0,1.1951444389047001,
SLC25A46,SLC25A46,5,0,0,-0.11051976344150027,-0.836203722534908
TSLP,TSLP,5,0,0,0.5126857754572764,
WDR36,WDR36,5,0,0,0.8832913165339242,4.07590078694079
CAMK4,CAMK4,5,0,0,-0.08743734349927479,-2.83285637570072
STARD4,STARD4,5,0,0,1.4585248220782052,3.05548854246148
NREP,NREP,5,0,0,-1.105674484643668,0.418363358640684
EPB41L4A,EPB41L4A,5,0,0,-0.20710017688501559,-0.651172313068247
APC,APC,5,0,0,-0.2975125016335429,0.9321985393821
SRP19,SRP19,5,0,0,0.7108474121650197,0.654504340420116
REEP5,REEP5,5,0,0,0.3709851813725926,0.97893426781723
DCP2,DCP2,5,0,0,0.4461767939706984,-0.920245688418849
MCC,MCC,5,0,0,-2.428014611752591,-2.41437771239023
TSSK1B,TSSK1B,5,0,0,-1.7964710478474295,
YTHDC2,YTHDC2,5,0,0,0.45711514176330503,0.910633613723228
KCNN2,KCNN2,5,0,0,-1.4281700311420806,-0.543039520721604
TRIM36,TRIM36,5,0,0,0.34465051629134535,
PGGT1B,PGGT1B,5,0,0,0.45387095699762803,0.641921448810961
CCDC112,CCDC112,5,0,0,0.4187944192182762,0.101533785019181
FEM1C,FEM1C,5,0,0,0.648050465418974,1.61362328496898
TICAM2,TICAM2,5,0,0,-0.10022946197971372,
TMED7,TMED7,5,0,0,0.31793092778857535,
CDO1,CDO1,5,0,0,-0.4743415253967118,0.597270316943155
ATG12,ATG12,5,0,0,0.3848299498920902,-0.307507212836603
AP3S1,AP3S1,5,0,0,1.3109006182101837,1.03991271077313
LVRN,LVRN,5,0,0,0.13875103741563244,
ARL14EPL,ARL14EPL,5,0,0,-0.5314029579415767,
COMMD10,COMMD10,5,0,0,0.13858289585940575,0.745361721791166
SEMA6A,SEMA6A,5,0,0,-1.0776711087618143,-2.19143144419482
DTWD2,DTWD2,5,0,0,-0.725598283229143,-0.376136273339508
DMXL1,DMXL1,5,0,0,0.6064861831207065,0.789750717343516
TNFAIP8,TNFAIP8,5,0,0,0.1495734510209079,1.43591408239195
HSD17B4,HSD17B4,5,0,0,0.9774291449912731,1.627214859746
FAM170A,FAM170A,5,0,0,-2.046335901304367,
PRR16,PRR16,5,0,0,-1.8777485764466313,
FTMT,FTMT,5,0,0,-1.8779647685445262,
SRFBP1,SRFBP1,5,0,0,0.39808384104580163,
LOX,LOX,5,0,0,-1.257846927424307,0.869391146453991
ZNF474,ZNF474,5,0,0,-1.5278525640174454,
ZNF475,ZNF475,5,0,0,0.05906984132511717,
SNCAIP,SNCAIP,5,0,0,-1.5042490670559605,
SNX2,SNX2,5,0,0,0.22007927202647615,0.729211229940874
SNX24,SNX24,5,0,0,-0.5184836119619032,0.542126187483316
PPIC,PPIC,5,0,0,0.0671865092685131,0.89995894272112
PRDM6,PRDM6,5,0,0,-2.3384687315514245,
CEP120,CEP120,5,0,0,-0.11080703592431185,-0.573332079194321
CSNK1G3,CSNK1G3,5,0,0,0.777710461668562,0.283942283566053
ZNF608,ZNF608,5,0,0,-1.4034625754561478,-3.72374748733077
GRAMD2B,GRAMD2B,5,0,0,-0.2946019620246716,0.161854029636667
ALDH7A1,ALDH7A1,5,0,0,0.18539282028155846,0.310276309475612
PHAX,PHAX,5,0,0,-0.009747415156898143,0.633181802143638
SPMIP10,SPMIP10,5,0,0,-0.13204787426613862,
LMNB1,LMNB1,5,0,0,-0.8362339874495728,-0.521832434077505
MARCHF3,MARCHF3,5,0,0,-2.052752124075509,
C5orf63,C5orf63,5,0,0,0.36417216862028035,0.271050947892937
MEGF10,MEGF10,5,0,0,-1.2434068961060785,
PRRC1,PRRC1,5,0,0,-0.2032434981437543,0.712209582441237
CTXN3,CTXN3,5,0,0,0.34852543385102663,
CCDC192,CCDC192,5,0,0,-0.6252477531088321,
SLC12A2,SLC12A2,5,0,0,0.6668135022167938,1.30861624084057
FBN2,FBN2,5,0,0,-0.22789324388254428,
SLC27A6,SLC27A6,5,0,0,1.190325709507464,
ISOC1,ISOC1,5,0,0,-0.3209548892978038,-0.337231064807371
ADAMTS19,ADAMTS19,5,0,0,-0.6047237733448849,
MINAR2,MINAR2,5,0,0,-0.06920121100330157,
CHSY3,CHSY3,5,0,0,-0.8557559712800131,
HINT1,HINT1,5,0,0,0.3676938473700613,1.82379319769291
LYRM7,LYRM7,5,0,0,0.7408433717344014,2.44810914581208
CDC42SE2,CDC42SE2,5,0,0,0.1878302653557551,0.517889425616803
RAPGEF6,RAPGEF6,5,0,0,0.030289567172031795,
FNIP1,FNIP1,5,0,0,-0.03262728505458057,
MEIKIN,MEIKIN,5,0,0,-0.06099290338462282,
ACSL6,ACSL6,5,0,0,-0.48034865857060893,-1.70373195452715
IL3,IL3,5,0,0,-1.3671155764823713,
CSF2,CSF2,5,0,0,-2.0920309016317713,
P4HA2,P4HA2,5,0,0,-0.8104218162345926,0.779537193287204
PDLIM4,PDLIM4,5,0,0,-3.319020030511199,
SLC22A4,SLC22A4,5,0,0,0.0381390677724891,
SLC22A5,SLC22A5,5,0,0,-0.5985999872609966,-1.34187682547683
IRF1,IRF1,5,0,0,-1.6644274377939468,-0.825309835196032
IL5,IL5,5,0,0,0.15456760383713508,
RAD50,RAD50,5,0,0,0.4957521167595349,1.33880150049485
IL13,IL13,5,0,0,-1.3909803252246231,
IL4,IL4,5,0,0,-1.28840731347068,
KIF3A,KIF3A,5,0,0,0.8481388820426066,0.954491271983466
CCNI2,CCNI2,5,0,0,-2.05834054758944,
SEPTIN8,SEPTIN8,5,0,0,-2.0737056613173035,-2.42908120080974
SOWAHA,SOWAHA,5,0,0,-3.1076798580086145,-4.64427962236067
SHROOM1,SHROOM1,5,0,0,-2.8223234349224935,-3.37977975834658
GDF9,GDF9,5,0,0,-0.4064248651056488,
UQCRQ,UQCRQ,5,0,0,-0.20537585871361763,1.1750977296779
LEAP2,LEAP2,5,0,0,-1.3170730321980777,1.25652722515142
AFF4,AFF4,5,0,0,-1.4152687907769224,-1.13722784001688
ZCCHC10,ZCCHC10,5,0,0,-1.7891880001926523,1.00061600242074
HSPA4,HSPA4,5,0,0,0.7132336407811088,0.454011038906192
FSTL4,FSTL4,5,0,0,-1.8990941930427798,
C5orf15,C5orf15,5,0,0,-0.3644600149950268,0.454173572010134
VDAC1,VDAC1,5,0,0,0.21374280254680578,1.35641029297736
TCF7,TCF7,5,0,0,-2.5536694851025636,-3.4299651579859
SKP1,SKP1,5,0,0,0.9519040646456958,1.86462576721544
PPP2CA,PPP2CA,5,0,0,0.8111386117862693,0.713556100899028
CDKL3,CDKL3,5,0,0,0.6807327282702129,
UBE2B,UBE2B,5,0,0,0.03735228891242848,0.587525113466968
CDKN2AIPNL,CDKN2AIPNL,5,0,0,-1.310311308391709,-0.976236690046275
JADE2,JADE2,5,0,0,-2.5795106617377908,-3.40332560624118
SAR1B,SAR1B,5,0,0,0.8908720235733245,3.48874108869093
SEC24A,SEC24A,5,0,0,-0.1538051062453878,0.992362754149617
CAMLG,CAMLG,5,0,0,-0.3097490450346978,-1.24588401281691
DDX46,DDX46,5,0,0,0.41068754235435634,0.468273020824582
C5orf24,C5orf24,5,0,0,-0.655423971161591,-1.24467978506436
TXNDC15,TXNDC15,5,0,0,-0.7587654269097577,-0.360315293903427
PCBD2,PCBD2,5,0,0,0.05506768832541553,0.613386274157455
CATSPER3,CATSPER3,5,0,0,-0.17847263947165004,-3.75189210724555
PITX1,PITX1,5,0,0,-2.986922794138172,
MACROH2A1,MACROH2A1,5,0,0,-1.0766383435219868,-1.0981561589805
DCANP1,DCANP1,5,0,0,-2.9662767115410738,
TIFAB,TIFAB,5,0,0,-2.7438329536042083,
NEUROG1,NEUROG1,5,0,0,-3.298950631306619,
CXCL14,CXCL14,5,0,0,-1.2680156023893456,-2.01125110105083
SLC25A48,SLC25A48,5,0,0,-1.4134111087628156,
IL9,IL9,5,0,0,-0.17477368271860882,
LECT2,LECT2,5,0,0,0.6010240389652726,1.27678967941802
TGFBI,TGFBI,5,0,0,-1.265286847376757,-0.0470060877382469
SMAD5,SMAD5,5,0,0,-0.32433792093415725,-0.191868909947447
SMIM32,SMIM32,5,0,0,-1.4692736618708349,
TRPC7,TRPC7,5,0,0,-0.44884429361624356,
SPOCK1,SPOCK1,5,0,0,-1.409504115970993,
KLHL3,KLHL3,5,0,0,-0.616700375371277,-1.89600904213725
HNRNPA0,HNRNPA0,5,0,0,-1.6775882996416005,-0.573702284228844
MYOT,MYOT,5,0,0,0.008194884906147948,
PKD2L2,PKD2L2,5,0,0,2.0010171246870545,
FAM13B,FAM13B,5,0,0,0.0824772881319813,-2.5797649099485
WNT8A,WNT8A,5,0,0,-1.4114375259922696,
NME5,NME5,5,0,0,0.9247009772414572,-0.316002750456134
BRD8,BRD8,5,0,0,-0.7739155565774478,-0.936042707831106
KIF20A,KIF20A,5,0,0,-1.0836128916816623,
CDC23,CDC23,5,0,0,0.5320682750632226,1.42164688189958
GFRA3,GFRA3,5,0,0,-2.0115368970754997,
CDC25C,CDC25C,5,0,0,-0.5182501793727194,
FAM53C,FAM53C,5,0,0,-3.293128419492218,-1.84475381630953
KDM3B,KDM3B,5,0,0,-1.0723831895488338,-1.4633204402511
REEP2,REEP2,5,0,0,-1.5437110159485012,
EGR1,EGR1,5,0,0,-2.8028024102713154,-2.31046459064227
ETF1,ETF1,5,0,0,0.9655968405327773,-0.260598147695515
HSPA9,HSPA9,5,0,0,0.6659115291503532,0.982463208298306
CTNNA1,CTNNA1,5,0,0,-0.026544809218899346,0.155350449428469
LRRTM2,LRRTM2,5,0,0,-0.36237520362991305,
SIL1,SIL1,5,0,0,-1.6541315875519587,-1.03949072795121
MATR3,MATR3,5,0,0,0.22789050962652802,
PAIP2,PAIP2,5,0,0,0.09416037622781914,
SLC23A1,SLC23A1,5,0,0,-0.9048938997623992,-0.435325580627208
MZB1,MZB1,5,0,0,-2.617392791754993,-0.964290320209848
PROB1,PROB1,5,0,0,-3.2927675967454455,-2.89992721540666
SPATA24,SPATA24,5,0,0,-1.7361750352968652,-1.75823727740034
DNAJC18,DNAJC18,5,0,0,0.372746684124559,-0.0921862661470413
ECSCR,ECSCR,5,0,0,-1.5997799028275157,-0.811245711017814
SMIM33,SMIM33,5,0,0,-2.6297171816661056,
STING1,STING1,5,0,0,-2.086005972896354,-1.30145692860575
UBE2D2,UBE2D2,5,0,0,1.0183256147619542,1.75453107475029
CXXC5,CXXC5,5,0,0,-2.089882821180449,-3.21809515544927
PSD2,PSD2,5,0,0,-2.471862675434501,
NRG2,NRG2,5,0,0,-3.258237631514433,
PURA,PURA,5,0,0,-2.4185357984651468,-1.79304127432587
IGIP,IGIP,5,0,0,0.21843665057302886,
CYSTM1,CYSTM1,5,0,0,-1.5481005477910195,-0.164953472480763
PFDN1,PFDN1,5,0,0,0.040479671768599346,0.278586466358512
HBEGF,HBEGF,5,0,0,-1.3268454512093175,-1.18190985940092
SLC4A9,SLC4A9,5,0,0,-1.686029146005195,
ANKHD1,ANKHD1,5,0,0,-0.11828963595671738,
EIF4EBP3,EIF4EBP3,5,0,0,-2.9233796191213717,-0.842029404358526
SRA1,SRA1,5,0,0,-1.8481620228279692,-1.16897743654036
APBB3,APBB3,5,0,0,-1.6578855194983504,-2.13647567420104
SLC35A4,SLC35A4,5,0,0,-1.041690039639601,-6.12337626556675
CD14,CD14,5,0,0,-1.6441476581260925,-0.159371965702505
TMCO6,TMCO6,5,0,0,-2.076485176602999,
NDUFA2,NDUFA2,5,0,0,-1.1338853331913068,-0.485674875163125
IK,IK,5,0,0,-0.3880353685729254,-1.08277993144862
WDR55,WDR55,5,0,0,-1.5115964651352058,-1.44077485152862
DND1,DND1,5,0,0,-2.1870895927406355,
HARS1,HARS1,5,0,0,-0.6429639096751316,-1.08507651300514
HARS2,HARS2,5,0,0,-0.1849204933466133,-0.507478039928701
ZMAT2,ZMAT2,5,0,0,-0.19934581842992927,-0.136534180404996
PCDHA1,PCDHA1,5,0,0,-1.1493695458265165,
PCDHA2,PCDHA2,5,0,0,-1.57033539187203,
PCDHA3,PCDHA3,5,0,0,-1.3518641501825748,
PCDHA4,PCDHA4,5,0,0,-1.2911500699946377,
PCDHA5,PCDHA5,5,0,0,-1.2153814752675327,
PCDHA6,PCDHA6,5,0,0,-1.3404214817398028,
PCDHA7,PCDHA7,5,0,0,-1.4571998564240065,
PCDHA8,PCDHA8,5,0,0,-1.285600226880506,
PCDHA9,PCDHA9,5,0,0,-1.7853601131328052,
PCDHA10,PCDHA10,5,0,0,-1.3299744635522899,
PCDHA11,PCDHA11,5,0,0,-1.3680216469567874,
PCDHA12,PCDHA12,5,0,0,-1.2987415188131113,
PCDHA13,PCDHA13,5,0,0,-1.4348890322931425,0.670994171579892
PCDHAC1,PCDHAC1,5,0,0,-1.2421038989568114,-1.18126626135409
PCDHAC2,PCDHAC2,5,0,0,-1.5766974486209175,
PCDHB1,PCDHB1,5,0,0,-0.23469837879394717,
PCDHB2,PCDHB2,5,0,0,-1.5143837766551318,-0.222790636921793
PCDHB3,PCDHB3,5,0,0,-1.1979987910380565,1.18087039744937
PCDHB4,PCDHB4,5,0,0,-1.2419049014706385,0.636970377918032
PCDHB5,PCDHB5,5,0,0,-1.3903840733354471,-0.0940088702119475
PCDHB6,PCDHB6,5,0,0,-1.5460846220878075,0.346780046123073
PCDHB7,PCDHB7,5,0,0,-1.3542856859102006,-1.23797068223664
PCDHB8,PCDHB8,5,0,0,-1.323499577588171,
PCDHB16,PCDHB16,5,0,0,-1.2906955297141192,-0.0697729340162033
PCDHB9,PCDHB9,5,0,0,-1.047767661196973,-2.23425297660285
PCDHB10,PCDHB10,5,0,0,-1.010359460884235,-1.86632251238208
PCDHB11,PCDHB11,5,0,0,-1.2799193388668542,1.15003608438171
PCDHB12,PCDHB12,5,0,0,-1.230304220183985,-0.735193312108928
PCDHB13,PCDHB13,5,0,0,-1.2039427481480285,0.315739211101252
PCDHB14,PCDHB14,5,0,0,-1.0347103386592753,-0.0900911101553403
PCDHB15,PCDHB15,5,0,0,-1.4724082763180046,-0.46820755783557
SLC25A2,SLC25A2,5,0,0,0.6666313582117311,
TAF7,TAF7,5,0,0,-0.46162229040170466,0.910995849841312
PCDHGA1,PCDHGA1,5,0,0,-1.0577846686174528,
PCDHGA2,PCDHGA2,5,0,0,-1.2400073213238176,
PCDHGA3,PCDHGA3,5,0,0,-1.2670260645479665,
PCDHGB1,PCDHGB1,5,0,0,-1.1739544477356922,
PCDHGA4,PCDHGA4,5,0,0,-1.1220790307404105,
PCDHGB2,PCDHGB2,5,0,0,-1.129468066883332,
PCDHGA5,PCDHGA5,5,0,0,-1.2217138538802725,
PCDHGB3,PCDHGB3,5,0,0,-1.056761117910451,
PCDHGA6,PCDHGA6,5,0,0,-1.2912878614573309,
PCDHGA7,PCDHGA7,5,0,0,-1.1926222997520064,
PCDHGB4,PCDHGB4,5,0,0,-1.391310709228378,
PCDHGA8,PCDHGA8,5,0,0,-1.2326148730282593,
PCDHGB5,PCDHGB5,5,0,0,-1.3492454973939658,
PCDHGA9,PCDHGA9,5,0,0,-0.9275850885814432,
PCDHGB6,PCDHGB6,5,0,0,-1.0579288068180404,
PCDHGA10,PCDHGA10,5,0,0,-1.18928837336688,
PCDHGB7,PCDHGB7,5,0,0,-1.2605640232217024,
PCDHGA11,PCDHGA11,5,0,0,-1.2402490373121076,
PCDHGA12,PCDHGA12,5,0,0,-1.4939152387257888,
PCDHGC3,PCDHGC3,5,0,0,-1.5038451480066612,
PCDHGC4,PCDHGC4,5,0,0,-1.30823748831126,
PCDHGC5,PCDHGC5,5,0,0,-1.688301866998124,
DIAPH1,DIAPH1,5,0,0,-0.5452875701471438,-1.02811525236494
HDAC3,HDAC3,5,0,0,-0.5092637414532959,-0.759325577618248
RELL2,RELL2,5,0,0,-2.6699425217441792,-5.46110728096193
FCHSD1,FCHSD1,5,0,0,-2.8840753315522036,-3.41890131094387
ARAP3,ARAP3,5,0,0,-2.3478029407198715,-2.50188848327162
PCDH1,PCDH1,5,0,0,-2.10640340252713,-1.12110225696522
DELE1,DELE1,5,0,0,-2.1582114637989793,-1.13915381920787
PCDH12,PCDH12,5,0,0,-2.3276582174279863,-1.39460585613933
RNF14,RNF14,5,0,0,-0.01014162111918182,-0.292365245101587
GNPDA1,GNPDA1,5,0,0,-0.37259385942249956,0.66585750400993
NDFIP1,NDFIP1,5,0,0,1.1117716985136727,0.846020287797888
SPRY4,SPRY4,5,0,0,-3.0693605326927287,-1.75485825617198
FGF1,FGF1,5,0,0,-1.373635327073778,
ARHGAP26,ARHGAP26,5,0,0,-1.1336661537185186,-1.62244082042926
NR3C1,NR3C1,5,0,0,0.21039240429125705,-0.135274853251478
HMHB1,HMHB1,5,0,0,-0.4334102912576654,
YIPF5,YIPF5,5,0,0,1.0099662896521675,3.23492967816929
KCTD16,KCTD16,5,0,0,-0.9172899472285305,
PRELID2,PRELID2,5,0,0,-0.5119236806713889,-0.77418360551198
GRXCR2,GRXCR2,5,0,0,-1.2280868042714825,
SH3RF2,SH3RF2,5,0,0,-2.3553630558177883,-3.2115140890962
PLAC8L1,PLAC8L1,5,0,0,-0.7409974524705767,
LARS1,LARS1,5,0,0,1.093425228475617,0.941455452291038
RBM27,RBM27,5,0,0,-0.7596176062920197,-0.180625689005861
POU4F3,POU4F3,5,0,0,-2.3933397462215638,
TCERG1,TCERG1,5,0,0,-0.310785680073419,-1.23684844288636
GPR151,GPR151,5,0,0,-0.36950443639202746,
PPP2R2B,PPP2R2B,5,0,0,-0.6903839318373421,
STK32A,STK32A,5,0,0,0.4674295949457665,
DPYSL3,DPYSL3,5,0,0,-1.2399934985344334,-1.28792077122683
JAKMIP2,JAKMIP2,5,0,0,-0.8118259162335466,-0.00611327568407
SPINK1,SPINK1,5,0,0,0.6467842721962498,
SCGB3A2,SCGB3A2,5,0,0,0.11001291317675843,
C5orf46,C5orf46,5,0,0,-0.2700166222954561,
SPINK5,SPINK5,5,0,0,0.09653216603873993,
SPINK14,SPINK14,5,0,0,0.48614895557961724,
SPINK6,SPINK6,5,0,0,0.1441317906246642,
MARCOL,MARCOL,5,0,0,-1.7034217287668252,
SPINK13,SPINK13,5,0,0,1.4730313166589504,
SPINK7,SPINK7,5,0,0,-0.20172351387735077,
SPINK9,SPINK9,5,0,0,1.8019049802654372,
FBXO38,FBXO38,5,0,0,-0.24965148847750562,-0.120593503006829
HTR4,HTR4,5,0,0,-0.02006301840576441,
ADRB2,ADRB2,5,0,0,-0.7431628886028179,-1.28237299479338
SH3TC2,SH3TC2,5,0,0,-1.5920025828982407,
ABLIM3,ABLIM3,5,0,0,-1.872983991705535,-2.72050401025502
AFAP1L1,AFAP1L1,5,0,0,-2.4697539246829567,
GRPEL2,GRPEL2,5,0,0,-1.172516621005526,-0.709852218442874
PCYOX1L,PCYOX1L,5,0,0,-1.2970641455798244,-0.624097301112487
IL17B,IL17B,5,0,0,-2.688084538557078,
CSNK1A1,CSNK1A1,5,0,0,0.4902905536921214,-0.131695835203836
ARHGEF37,ARHGEF37,5,0,0,-2.1468240934296823,-2.22503193345441
PPARGC1B,PPARGC1B,5,0,0,-3.3558062971561906,-3.08087009080533
PDE6A,PDE6A,5,0,0,-0.1857152503092223,
SLC26A2,SLC26A2,5,0,0,0.9607318111164815,
TIGD6,TIGD6,5,0,0,0.19474453857111662,-0.625559809690406
HMGXB3,HMGXB3,5,0,0,-1.5530180042387745,-2.96425149670681
CSF1R,CSF1R,5,0,0,-1.8760973173762334,-0.376620081490497
PDGFRB,PDGFRB,5,0,0,-1.980053059489867,-1.70101322468248
CDX1,CDX1,5,0,0,-2.989023980956045,
SLC6A7,SLC6A7,5,0,0,-1.0829819880424534,
CAMK2A,CAMK2A,5,0,0,-1.6967731347821182,
ARSI,ARSI,5,0,0,-1.8803337169541976,
TCOF1,TCOF1,5,0,0,-2.8007374436700783,-2.5861653080706
CD74,CD74,5,0,0,-2.036981986384504,0.0601856311826583
RPS14,RPS14,5,0,0,-0.7833697762832372,-1.95290318786847
NDST1,NDST1,5,0,0,-1.5456541446577212,-4.33978988784884
SYNPO,SYNPO,5,0,0,-3.361287331195083,-4.1192737546449
MYOZ3,MYOZ3,5,0,0,-2.855768871257668,
RBM22,RBM22,5,0,0,-0.18646841702860684,0.223975952575417
DCTN4,DCTN4,5,0,0,-0.3662881453463829,0.0032559941038083
SMIM3,SMIM3,5,0,0,0.4546877698558358,
IRGM,IRGM,5,0,0,-0.05021119327752821,
ZNF300,ZNF300,5,0,0,-0.20910171021095536,
GPX3,GPX3,5,0,0,-0.8614608386705793,-1.35825997450775
TNIP1,TNIP1,5,0,0,-2.366615809241159,-3.57312238794722
ANXA6,ANXA6,5,0,0,-0.887104208002631,-0.390358457670579
CCDC69,CCDC69,5,0,0,-2.6331075705761524,-4.00717904810318
GM2A,GM2A,5,0,0,-1.641206625194048,-0.0305191403608981
SLC36A3,SLC36A3,5,0,0,-0.8176042613629413,
SLC36A2,SLC36A2,5,0,0,-0.7340473129368128,
SLC36A1,SLC36A1,5,0,0,-0.9535793861649449,-1.56188592736511
FAT2,FAT2,5,0,0,-0.9759088836183203,
SPARC,SPARC,5,0,0,-1.468318281534735,-0.874356422096446
ATOX1,ATOX1,5,0,0,0.7090601750388164,2.5095532024656
G3BP1,G3BP1,5,0,0,-0.7107335143199034,0.20628920169315
GLRA1,GLRA1,5,0,0,-0.26900141848668824,
NMUR2,NMUR2,5,0,0,-0.822546092566121,
GRIA1,GRIA1,5,0,0,-0.3128640377090264,
FAM114A2,FAM114A2,5,0,0,-0.36203469550389755,1.44917253132808
MFAP3,MFAP3,5,0,0,0.30180204598666727,1.08587297125728
GALNT10,GALNT10,5,0,0,-1.3483250141933674,-2.57173675508592
SAP30L,SAP30L,5,0,0,-1.91579817833993,-2.23965109404141
HAND1,HAND1,5,0,0,-2.533738568509394,
LARP1,LARP1,5,0,0,-1.8266413744109222,-2.14669053868924
FAXDC2,FAXDC2,5,0,0,-0.7022898266063446,-0.652126657192123
CNOT8,CNOT8,5,0,0,0.5333215347001925,0.181592606617802
GEMIN5,GEMIN5,5,0,0,-0.794008911757702,-0.594269413577942
MRPL22,MRPL22,5,0,0,-0.14744290719934483,0.7412537911936
KIF4B,KIF4B,5,0,0,-0.45365454337460775,
SGCD,SGCD,5,0,0,0.14856135623356082,-0.214998320653158
PPP1R2B,PPP1R2B,5,0,0,-0.9065327404822376,
TIMD4,TIMD4,5,0,0,-0.6400658066742331,2.67146644993192
HAVCR1,HAVCR1,5,0,0,-0.2164064769032148,
HAVCR2,HAVCR2,5,0,0,-0.49231470920901366,1.80240383462846
MED7,MED7,5,0,0,0.32492152684012154,1.83021621819045
GARIN3,GARIN3,5,0,0,-1.245049807574926,
ITK,ITK,5,0,0,-0.3931701455288277,-1.79066157405158
CYFIP2,CYFIP2,5,0,0,-1.0080584490718874,-2.02452961830069
FNDC9,FNDC9,5,0,0,-1.476890384024932,
NIPAL4,NIPAL4,5,0,0,-0.9630567595519928,
ADAM19,ADAM19,5,0,0,-1.9603875901572483,-1.70359109839564
SOX30,SOX30,5,0,0,-2.0656464128160223,
C5orf52,C5orf52,5,0,0,-1.8166790661088115,
THG1L,THG1L,5,0,0,0.23709554440211278,-0.911520880279989
LSM11,LSM11,5,0,0,-1.7488010437606611,-1.2030408330031
CLINT1,CLINT1,5,0,0,0.18115503327642202,0.815970350542324
EBF1,EBF1,5,0,0,-1.3376658022010322,
RNF145,RNF145,5,0,0,0.9093700675333025,
UBLCP1,UBLCP1,5,0,0,1.7421159368391166,3.68009369077013
IL12B,IL12B,5,0,0,-0.8901972518360086,
ADRA1B,ADRA1B,5,0,0,-1.8258746368630803,-2.777452984772
TTC1,TTC1,5,0,0,-0.40745243544123255,-0.101689792776881
PWWP2A,PWWP2A,5,0,0,-1.0620093359396279,-2.39975926674786
FABP6,FABP6,5,0,0,-0.6792058412784137,
CCNJL,CCNJL,5,0,0,-2.214425677557136,
C1QTNF2,C1QTNF2,5,0,0,-2.28806195009491,
FAM200C,FAM200C,5,0,0,1.0527757032680949,
SLU7,SLU7,5,0,0,0.412374850854885,0.474006046920089
PTTG1,PTTG1,5,0,0,-0.25490390201190216,1.08774805318567
ATP10B,ATP10B,5,0,0,-0.888246131521278,
GABRB2,GABRB2,5,0,0,0.7410894576026887,
GABRA6,GABRA6,5,0,0,0.6462078538410285,
GABRA1,GABRA1,5,0,0,0.6435050690210389,
GABRG2,GABRG2,5,0,0,0.8400894988466661,
CCNG1,CCNG1,5,0,0,0.46794756158882755,3.17633854668809
NUDCD2,NUDCD2,5,0,0,-0.11368462658658096,0.177070572112839
HMMR,HMMR,5,0,0,0.4929294595542064,
MAT2B,MAT2B,5,0,0,0.3358457533718777,0.642768642816076
TENM2,TENM2,5,0,0,-1.2402685406330711,-1.22181024637176
WWC1,WWC1,5,0,0,-2.174536980486197,-4.36963575958134
RARS1,RARS1,5,0,0,1.1137765266843633,1.18783699309977
FBLL1,FBLL1,5,0,0,-2.7063953254692255,
PANK3,PANK3,5,0,0,1.0508716101544877,1.59584482419688
SLIT3,SLIT3,5,0,0,-2.2283355867855583,-3.39808184703893
SPDL1,SPDL1,5,0,0,0.0799389008234268,1.0709180206639
DOCK2,DOCK2,5,0,0,-0.5297317253543437,-1.02064964435082
INSYN2B,INSYN2B,5,0,0,-2.0178063919156415,
FOXI1,FOXI1,5,0,0,-2.9663966159432906,
C5orf58,C5orf58,5,0,0,0.7601034142185732,
LCP2,LCP2,5,0,0,-1.7520918461817985,-0.970689397479214
KCNMB1,KCNMB1,5,0,0,-1.6954556633478806,-3.77954310033408
KCNIP1,KCNIP1,5,0,0,0.08382637603624232,
GABRP,GABRP,5,0,0,0.04712126285702389,
RANBP17,RANBP17,5,0,0,0.6454205319562636,-1.82536920985481
TLX3,TLX3,5,0,0,-2.932584463760602,
NPM1,NPM1,5,0,0,0.34676313654535207,1.23537555127508
FGF18,FGF18,5,0,0,-2.041708214004071,
SMIM23,SMIM23,5,0,0,-2.2907074972221046,
FBXW11,FBXW11,5,0,0,-0.21810259897397266,1.02875725806043
STK10,STK10,5,0,0,-2.383086169246077,-2.74750087321802
EFCAB9,EFCAB9,5,0,0,0.7846202877592763,
UBTD2,UBTD2,5,0,0,-0.520912014629566,-1.51821682167502
SH3PXD2B,SH3PXD2B,5,0,0,-2.5727820009054643,-1.52493697885804
NEURL1B,NEURL1B,5,0,0,-3.0677769861398563,-2.8104020028232
DUSP1,DUSP1,5,0,0,-1.9198262800999295,-1.8178198398722
ERGIC1,ERGIC1,5,0,0,-1.955129854170277,-0.950990507306946
RPL26L1,RPL26L1,5,0,0,-0.36148966485102463,0.33904363191205
ATP6V0E1,ATP6V0E1,5,0,0,1.3099158259634063,1.72041557429332
CREBRF,CREBRF,5,0,0,-0.2510775574337334,-0.203883396452044
BNIP1,BNIP1,5,0,0,-0.8074430688665544,0.321472593555112
NKX2-5,NKX2-5,5,0,0,-2.310151050860936,
STC2,STC2,5,0,0,-2.775076646177439,
BOD1,BOD1,5,0,0,-1.9827512838286534,-2.54006459130171
CPEB4,CPEB4,5,0,0,-0.6938038667834974,-0.491682387469422
C5orf47,C5orf47,5,0,0,-0.6700393825519892,
NSG2,NSG2,5,0,0,-1.256731304171847,
MSX2,MSX2,5,0,0,-2.020385144169264,
DRD1,DRD1,5,0,0,-0.7821147879980455,-2.68631517094573
SFXN1,SFXN1,5,0,0,0.3903913608881098,0.0974893266168543
HRH2,HRH2,5,0,0,-1.4591415695351717,-3.80252101160773
CPLX2,CPLX2,5,0,0,-2.664909608649472,
THOC3,THOC3,5,0,0,-0.8060244778418753,-2.18766325783899
SIMC1,SIMC1,5,0,0,-1.8354602624323615,-1.78696750795097
KIAA1191,KIAA1191,5,0,0,-1.6721803067361947,-3.71118449202429
ARL10,ARL10,5,0,0,-2.3446729346366784,
NOP16,NOP16,5,0,0,-0.8689864546520809,-0.684405303083083
HIGD2A,HIGD2A,5,0,0,-1.2626013566458614,-1.37988846613217
CLTB,CLTB,5,0,0,-2.117395598007821,-2.07275822799136
FAF2,FAF2,5,0,0,-1.0195840371076255,-0.0774111766472748
RNF44,RNF44,5,0,0,-3.2260535829601142,-3.97578513778127
CDHR2,CDHR2,5,0,0,-1.9214631381674856,-1.45924391088604
GPRIN1,GPRIN1,5,0,0,-2.126216109764707,
SNCB,SNCB,5,0,0,-1.142775738977626,
EIF4E1B,EIF4E1B,5,0,0,-2.344510957169586,
TSPAN17,TSPAN17,5,0,0,-1.0166376649686093,-3.44875672231046
UNC5A,UNC5A,5,0,0,-2.6811485482876662,
HK3,HK3,5,0,0,-2.0229941940306855,-2.13161990640512
UIMC1,UIMC1,5,0,0,-1.1319973210317773,-1.9411496174407
ZNF346,ZNF346,5,0,0,-1.4449706316756892,-1.72919415347041
FGFR4,FGFR4,5,0,0,-2.4500043652890717,-2.26658992401216
NSD1,NSD1,5,0,0,-0.7136117581060049,-2.54417718106113
RAB24,RAB24,5,0,0,-1.3865758333565044,
PRELID1,PRELID1,5,0,0,-1.1745303752360616,-2.31271736299472
MXD3,MXD3,5,0,0,-4.126339894922948,
LMAN2,LMAN2,5,0,0,-1.7801802100263693,-0.844696900826177
RGS14,RGS14,5,0,0,-2.975086515647755,-2.30495350703677
SLC34A1,SLC34A1,5,0,0,-2.0444656507425503,
PFN3,PFN3,5,0,0,-2.4834695142751073,
F12,F12,5,0,0,-2.526381752081388,-0.852947752215454
GRK6,GRK6,5,0,0,-2.0718522861762434,-4.10227934205562
PRR7,PRR7,5,0,0,-3.5011670376066295,
DBN1,DBN1,5,0,0,-2.9910161314808903,-2.27494507832503
PDLIM7,PDLIM7,5,0,0,-2.4995618807480913,-2.84944150628441
DOK3,DOK3,5,0,0,-3.3218877543536465,
DDX41,DDX41,5,0,0,-1.497010727089,-2.10725842696233
FAM193B,FAM193B,5,0,0,-3.4744959390730674,-5.25570319075122
TMED9,TMED9,5,0,0,-1.7226463529853078,-0.932042332256673
B4GALT7,B4GALT7,5,0,0,-2.358492137295741,-2.83553182861554
FAM153A,FAM153A,5,0,0,-2.1228934220451734,
PROP1,PROP1,5,0,0,-3.444985032361128,
N4BP3,N4BP3,5,0,0,-3.4957345295270716,
RMND5B,RMND5B,5,0,0,-2.003336132906483,-1.95461184562488
NHP2,NHP2,5,0,0,-1.005559565092776,-0.982561951122739
GMCL2,GMCL2,5,0,0,0.3259566492589574,
HNRNPAB,HNRNPAB,5,0,0,-0.9605165080167435,-1.04990021700067
PHYKPL,PHYKPL,5,0,0,-1.6755992393601105,-2.10428733622454
COL23A1,COL23A1,5,0,0,-2.939199085189612,-1.69052631563532
CLK4,CLK4,5,0,0,-0.045414394552629744,1.25393014708565
MSANTD5,MSANTD5,5,0,0,-0.9287165169295939,
ZNF354A,ZNF354A,5,0,0,-0.6012723682981083,-1.01268039130133
ZNF354B,ZNF354B,5,0,0,-0.31584786088855665,-0.0589401349006333
ZFP2,ZFP2,5,0,0,-0.14403006766296222,
ZNF454,ZNF454,5,0,0,-1.0270093323441714,
GRM6,GRM6,5,0,0,-2.169224003253312,
ZNF879,ZNF879,5,0,0,-0.5802856397392144,1.24877241420946
ZNF354C,ZNF354C,5,0,0,-0.20917262755991928,1.99276951141517
ADAMTS2,ADAMTS2,5,0,0,-2.4638244933092075,-2.93290628782343
RUFY1,RUFY1,5,0,0,-1.3927807844177789,-1.09368834328524
HNRNPH1,HNRNPH1,5,0,0,0.3350394160221519,-0.449688014707094
CBY3,CBY3,5,0,0,-2.5725005303727144,
CANX,CANX,5,0,0,0.5940254385782229,-0.446551109432589
MAML1,MAML1,5,0,0,-2.8187163386126244,-3.29209432018799
LTC4S,LTC4S,5,0,0,-1.129493566865337,-0.544850567868962
MGAT4B,MGAT4B,5,0,0,-2.00596918427453,-4.41312991966677
SQSTM1,SQSTM1,5,0,0,-2.1877431270631966,-0.738606379141801
MRNIP,MRNIP,5,0,0,-2.256020754815422,-2.07027070035251
TBC1D9B,TBC1D9B,5,0,0,-2.383799570119905,-4.02460137246
RNF130,RNF130,5,0,0,-0.300200017943844,-1.19847188448154
RASGEF1C,RASGEF1C,5,0,0,-2.2700353169966814,
MAPK9,MAPK9,5,0,0,0.3857108359260035,-0.798223545143329
GFPT2,GFPT2,5,0,0,-1.0590632756175165,-2.93401084097587
CNOT6,CNOT6,5,0,0,0.2058746141516643,-3.35558303401324
SCGB3A1,SCGB3A1,5,0,0,-2.6728301809437482,
FLT4,FLT4,5,0,0,-2.595901870524081,-1.98672121346235
OR2Y1,OR2Y1,5,0,0,0.16033072860081532,
MGAT1,MGAT1,5,0,0,-2.146184071453611,-2.1923075768198
ZFP62,ZFP62,5,0,0,-1.057614769411014,-1.51571513732384
BTNL8,BTNL8,5,0,0,-1.063447154002958,
BTNL3,BTNL3,5,0,0,-0.5916700549031066,
BTNL9,BTNL9,5,0,0,-2.0775786357473045,-1.70217081495787
OR2V1,OR2V1,5,0,0,-0.4004417437519514,
OR2V2,OR2V2,5,0,0,-0.5268508202179003,
TRIM7,TRIM7,5,0,0,-2.5027758136235043,-2.75286342977203
TRIM41,TRIM41,5,0,0,-2.7870209813038294,-4.01925694179066
RACK1,RACK1,5,0,0,-0.8285844382426184,-1.01896112539516
TRIM52,TRIM52,5,0,0,-1.4845261851877094,-2.74600326875754
OR4F3,OR4F3,5,0,0,0.5947256024870491,
DUSP22,DUSP22,6,0,0,-1.3134914763065506,-1.17680681557956
IRF4,IRF4,6,0,0,-2.079773400659354,
EXOC2,EXOC2,6,0,0,0.011900057326732494,0.732321856974482
HUS1B,HUS1B,6,0,0,-1.921681121395613,-4.61961834693152
FOXQ1,FOXQ1,6,0,0,-2.6635611045030405,-4.17364776588157
FOXF2,FOXF2,6,0,0,-3.08154302463004,
FOXC1,FOXC1,6,0,0,-3.0441299818434544,-2.89031056757797
GMDS,GMDS,6,0,0,-0.06813999418981886,-0.283325919333928
MYLK4,MYLK4,6,0,0,-0.6635481107924921,
WRNIP1,WRNIP1,6,0,0,-2.3445492732087345,-1.69719913241651
SERPINB1,SERPINB1,6,0,0,0.6086472034205137,0.451080280358828
SERPINB9,SERPINB9,6,0,0,-0.7400279311270577,-0.668536177526218
SERPINB6,SERPINB6,6,0,0,0.00028620116502864335,-0.240553877004496
NQO2,NQO2,6,0,0,-0.24462378103155125,-0.253183466066882
RIPK1,RIPK1,6,0,0,-0.728250337859313,-0.612983434286787
BPHL,BPHL,6,0,0,-0.45508803312604584,0.0118396875232094
TUBB2A,TUBB2A,6,0,0,-2.0507319983604333,0.158746555488262
TUBB2B,TUBB2B,6,0,0,-1.9434647720013434,
PSMG4,PSMG4,6,0,0,-1.8339797289595285,-0.791272707400101
SLC22A23,SLC22A23,6,0,0,-1.8392817518415523,-3.45287489363321
PXDC1,PXDC1,6,0,0,-1.7331166788148753,-2.38243530990473
FAM50B,FAM50B,6,0,0,-2.8375386507409726,-1.87404828371302
PRP4K,PRP4K,6,0,0,0.01765402604831401,1.96979523939574
FAM217A,FAM217A,6,0,0,0.10883271400586914,
ECI2,ECI2,6,0,0,0.463683059809437,1.45984076743557
CDYL,CDYL,6,0,0,-0.9661821792836793,-1.56205959587959
RPP40,RPP40,6,0,0,0.287503238175713,1.44284588653683
PPP1R3G,PPP1R3G,6,0,0,-3.062702544178517,-3.32723823515443
LYRM4,LYRM4,6,0,0,0.46868075595278036,1.29140146323528
FARS2,FARS2,6,0,0,-1.204415338671133,-0.758149452462521
NRN1,NRN1,6,0,0,-0.24586682661701786,-3.73473993189237
F13A1,F13A1,6,0,0,-0.01588353622400618,
LY86,LY86,6,0,0,0.2555245357378215,0.882447157147307
RREB1,RREB1,6,0,0,-2.9408344758695684,-3.29615487260845
SSR1,SSR1,6,0,0,0.8803610413644272,1.62412411216289
CAGE1,CAGE1,6,0,0,0.18172560067218768,
RIOK1,RIOK1,6,0,0,0.4633664492923373,0.114299004024098
DSP,DSP,6,0,0,-0.9103816252787489,-1.17926374881157
SNRNP48,SNRNP48,6,0,0,-0.20016273523559747,-0.693636680252732
BMP6,BMP6,6,0,0,-2.1255204859463674,
TXNDC5,TXNDC5,6,0,0,-1.2370181036089907,-1.07852113494065
BLOC1S5,BLOC1S5,6,0,0,-0.5989692730087821,-0.048373038485474
EEF1E1,EEF1E1,6,0,0,0.5249867290750618,1.69412109848275
SLC35B3,SLC35B3,6,0,0,2.120212694860964,3.11963651991898
TFAP2A,TFAP2A,6,0,0,-2.5536486144839365,
GCNT2,GCNT2,6,0,0,0.03016096716746297,-0.561292231414272
C6orf52,C6orf52,6,0,0,-0.35862432683417644,
PAK1IP1,PAK1IP1,6,0,0,0.32645188026355676,0.946453716003211
TMEM14C,TMEM14C,6,0,0,0.8747927757511622,2.01199173244689
TMEM14B,TMEM14B,6,0,0,1.6863509218640154,1.06595616156563
MAK,MAK,6,0,0,-0.12998163936920548,
GCM2,GCM2,6,0,0,-1.101741483042236,
SYCP2L,SYCP2L,6,0,0,0.008564448692268911,
ELOVL2,ELOVL2,6,0,0,1.34336927143538,1.70414185615068
SMIM13,SMIM13,6,0,0,-1.1954318581365264,-1.30037383373974
ERVFRD-1,ERVFRD-1,6,0,0,-0.06687071783929,
NEDD9,NEDD9,6,0,0,-1.6398315046928733,-1.09908914430789
TMEM170B,TMEM170B,6,0,0,0.1518080322304911,-3.20772351003105
ADTRP,ADTRP,6,0,0,0.6828862180660362,-0.462348259010913
HIVEP1,HIVEP1,6,0,0,-1.057215833286472,-3.36537996959423
EDN1,EDN1,6,0,0,-0.6284507035237379,-0.368079939092096
PHACTR1,PHACTR1,6,0,0,-2.1742001248130567,-2.83389547467659
TBC1D7,TBC1D7,6,0,0,0.22358121682767162,0.578359535321544
GFOD1,GFOD1,6,0,0,-1.9386385808256215,-4.39852299555086
SIRT5,SIRT5,6,0,0,-1.3096283355528993,-1.05281923456935
NOL7,NOL7,6,0,0,-1.0318955216060939,-0.983575385598952
RANBP9,RANBP9,6,0,0,-0.6582623626443453,-1.1517940173535
MCUR1,MCUR1,6,0,0,-0.9387935297223127,-2.16254706087751
RNF182,RNF182,6,0,0,-1.1269971817771527,
CD83,CD83,6,0,0,-0.9653476442451527,-0.460233567093484
JARID2,JARID2,6,0,0,-1.9885455819165117,-2.4295276520459
DTNBP1,DTNBP1,6,0,0,-1.6855474589254502,-0.663234944279793
MYLIP,MYLIP,6,0,0,-1.3295167667636,-1.54138815825893
GMPR,GMPR,6,0,0,-0.6736203970572952,-0.397948415326412
ATXN1,ATXN1,6,0,0,-3.119725338676755,-4.46201193481186
LOC127903862,LOC127903862,6,0,0,-1.3387898831031357,
STMND1,STMND1,6,0,0,-0.7199983275485273,
RBM24,RBM24,6,0,0,-0.5372178047879768,-1.12696819339597
CAP2,CAP2,6,0,0,-0.8698102441758806,-0.246863148497653
FAM8A1,FAM8A1,6,0,0,-1.4527190950078754,-1.57526411267796
NUP153,NUP153,6,0,0,-0.3778307352448298,1.15857664720384
KIF13A,KIF13A,6,0,0,-0.9298899879580897,-2.69983800667439
NHLRC1,NHLRC1,6,0,0,-1.551865499038021,-1.1851103565743
TPMT,TPMT,6,0,0,1.1261132559196092,2.16667132360588
KDM1B,KDM1B,6,0,0,-0.1427293769891982,-1.50065345336422
DEK,DEK,6,0,0,-0.4004762680243612,-1.05037667796163
RNF144B,RNF144B,6,0,0,-0.7739501767105921,-0.847162081468939
ID4,ID4,6,0,0,-2.2542414176591254,-1.50453578331311
MBOAT1,MBOAT1,6,0,0,0.7956780259437561,-0.351789345835405
E2F3,E2F3,6,0,0,-1.7141989592326716,0.251973702151325
CDKAL1,CDKAL1,6,0,0,0.4710271319156014,0.576535630232453
SOX4,SOX4,6,0,0,-3.2677710441271053,-2.29090483629596
PRL,PRL,6,0,0,-1.2124066747117155,
HDGFL1,HDGFL1,6,0,0,-3.0205765955348927,
NRSN1,NRSN1,6,0,0,-0.21553280192066104,
DCDC2,DCDC2,6,0,0,-0.7408412582765038,-1.23059414125981
MRS2,MRS2,6,0,0,-0.14209017868304663,-1.60175546676325
GPLD1,GPLD1,6,0,0,-0.15859955910647905,0.306263956690625
ALDH5A1,ALDH5A1,6,0,0,-0.6549318874298375,-0.110530413491857
KIAA0319,KIAA0319,6,0,0,-1.1110669843973469,
TDP2,TDP2,6,0,0,0.03706220323543796,-0.684459758883492
ACOT13,ACOT13,6,0,0,0.5263830876631381,1.36222339140814
C6orf62,C6orf62,6,0,0,0.3340327913423824,-4.00197376114573
GMNN,GMNN,6,0,0,0.5053844212462533,3.06083923679338
ARMH2,ARMH2,6,0,0,0.8545545407186275,
RIPOR2,RIPOR2,6,0,0,-0.8981899179670325,-2.20688028294029
CARMIL1,CARMIL1,6,0,0,-0.7630054839145188,-1.5974317867198
SCGN,SCGN,6,0,0,0.3316669046833276,1.40306798076602
H2AC1,H2AC1,6,0,0,-0.43391318703458737,-2.68999622669724
H2BC1,H2BC1,6,0,0,0.2762919396204033,-2.68315356349998
SLC17A4,SLC17A4,6,0,0,0.23269144068687453,-0.586759536325093
SLC17A1,SLC17A1,6,0,0,1.0874179624993037,2.09987214141132
SLC17A3,SLC17A3,6,0,0,0.23300090401972717,1.73395340113786
SLC17A2,SLC17A2,6,0,0,-0.06822863750180375,0.403893663597114
TRIM38,TRIM38,6,0,0,-0.7050507407133519,-1.34723076292983
H1-1,H1-1,6,0,0,-0.25192701616070856,-0.505807460970454
H3C1,H3C1,6,0,0,-0.6792893055177291,0.163874045314081
H4C1,H4C1,6,0,0,-0.7128693594297353,
H4C2,H4C2,6,0,0,-0.04581480246209857,0.358271029262343
H3C2,H3C2,6,0,0,-0.24854847041270922,
H2AC4,H2AC4,6,0,0,-0.6580861447863473,
H2BC3,H2BC3,6,0,0,-0.3706429849945021,
H3C3,H3C3,6,0,0,-0.563496035170802,
H1-2,H1-2,6,0,0,0.022495288241618283,-0.354891940430671
HFE,HFE,6,0,0,-1.0841459930600834,-0.0313427270597115
H4C3,H4C3,6,0,0,0.5361866627898912,0.568447240389187
H1-6,H1-6,6,0,0,-0.32200627509479673,
H2BC4,H2BC4,6,0,0,-1.1234604969596251,-0.348884630359317
H2AC6,H2AC6,6,0,0,-1.322219107999281,-0.237386851582697
H1-4,H1-4,6,0,0,-0.32806586333158094,-1.54336596135911
H2BC5,H2BC5,6,0,0,-1.2630559551982365,-0.639245980809682
H2BC6,H2BC6,6,0,0,-1.5379051917212792,-0.0978881844488041
H4C4,H4C4,6,0,0,0.6993800893724771,0.561032424109471
H3C4,H3C4,6,0,0,-1.1210475338953536,
H2AC7,H2AC7,6,0,0,-1.5159625156839311,
H2BC7,H2BC7,6,0,0,-1.0122020429312109,-0.878938766049624
H4C5,H4C5,6,0,0,0.32875730167451955,0.289755420273647
H2BC8,H2BC8,6,0,0,-0.37972831873919866,0.154616491162814
H2AC8,H2AC8,6,0,0,-1.2750783861246457,-0.546374736598981
H3C6,H3C6,6,0,0,-0.8579970025798502,-1.21595650368566
H1-3,H1-3,6,0,0,0.06200710367728668,
H4C6,H4C6,6,0,0,-0.08414602664193005,
H4C7,H4C7,6,0,0,-0.5988942069266603,
H3C7,H3C7,6,0,0,-0.8561304835507233,
H2BC9,H2BC9,6,0,0,-1.0621418406753982,-0.648753927800218
H3C8,H3C8,6,0,0,-0.6754814808624001,0.226430215148413
H2BC10,H2BC10,6,0,0,-0.8542110407678383,
H4C8,H4C8,6,0,0,0.8849629985949683,0.884923117632208
BTN3A2,BTN3A2,6,0,0,-0.8210381942934113,-1.58633312275075
BTN2A2,BTN2A2,6,0,0,-1.3209849538792824,-0.988102574293946
BTN3A1,BTN3A1,6,0,0,-0.45267290911904645,-1.7681843489148
BTN3A3,BTN3A3,6,0,0,-0.6594619308996048,-1.01740111584555
BTN2A1,BTN2A1,6,0,0,-1.543570333000785,-1.75894002536371
BTN1A1,BTN1A1,6,0,0,-1.0614578077249224,
HMGN4,HMGN4,6,0,0,-0.5372065383346865,-1.24957627615289
ABT1,ABT1,6,0,0,-1.8339761488605273,-1.63773217751941
ZNF322,ZNF322,6,0,0,-0.393014376450612,
H2BC11,H2BC11,6,0,0,-0.9371350683219859,-1.02733330255108
H2AC11,H2AC11,6,0,0,-1.5504441721463476,-1.58411902554415
H4C9,H4C9,6,0,0,-1.155332740146786,-0.287029212312692
H2BC12,H2BC12,6,0,0,-1.2490878979250297,-0.391728142430613
H2AC12,H2AC12,6,0,0,-1.1822631761813476,
PRSS16,PRSS16,6,0,0,-1.8435362582867594,
POM121L2,POM121L2,6,0,0,-1.7462905146868195,
ZNF391,ZNF391,6,0,0,-1.2782855435543414,
ZNF184,ZNF184,6,0,0,-0.4769752261521383,0.280442733124842
H2BC13,H2BC13,6,0,0,-1.4903148238238,-0.775561675779186
H2AC13,H2AC13,6,0,0,-1.3594694084123926,-0.230295210971854
H3C10,H3C10,6,0,0,-1.210245819090213,-0.585916836042878
H2AC14,H2AC14,6,0,0,-1.3128730543176754,0.497208369979745
H2BC14,H2BC14,6,0,0,-0.8833846701890682,
H4C11,H4C11,6,0,0,-0.8952609144223622,
H4C12,H4C12,6,0,0,-0.8952609144223622,
H2AC15,H2AC15,6,0,0,-1.3614725649727966,-2.11311923661274
H2BC15,H2BC15,6,0,0,-1.7669795158396084,-1.09393087363552
H2AC16,H2AC16,6,0,0,-1.520074249664674,-1.61631272042647
H1-5,H1-5,6,0,0,-0.20535272976327867,
H3C11,H3C11,6,0,0,-1.0024292349131603,
H4C13,H4C13,6,0,0,-0.21373846487033887,
H3C12,H3C12,6,0,0,-0.7031384861846082,
H2AC17,H2AC17,6,0,0,-1.208063347172109,-0.626604403852286
H2BC17,H2BC17,6,0,0,-1.5663553267870824,-1.40843915256457
OR2B2,OR2B2,6,0,0,0.8408835819722533,
OR2B6,OR2B6,6,0,0,0.6557833483377333,
ZNF165,ZNF165,6,0,0,-1.0723711448226911,0.392115572112253
ZSCAN16,ZSCAN16,6,0,0,-1.075831015197318,-0.987426230545231
ZKSCAN8,ZKSCAN8,6,0,0,-1.671809086805366,-1.1849523311079
ZSCAN9,ZSCAN9,6,0,0,-1.8319217398398848,-0.938111676379615
ZKSCAN4,ZKSCAN4,6,0,0,-1.8873801713330138,-1.51118103202495
NKAPL,NKAPL,6,0,0,-1.243687171985588,-1.26649158713552
ZSCAN26,ZSCAN26,6,0,0,-1.7073154596724116,
PGBD1,PGBD1,6,0,0,0.04085188277466756,-2.07873068584917
ZSCAN31,ZSCAN31,6,0,0,-1.9642670130695468,-0.527035618702314
ZKSCAN3,ZKSCAN3,6,0,0,-1.9203531632883948,-1.19667357755224
ZSCAN12,ZSCAN12,6,0,0,-1.0242646289565425,-0.791345456961608
ZSCAN23,ZSCAN23,6,0,0,-1.617465779393278,
GPX6,GPX6,6,0,0,-0.03672328321478879,
GPX5,GPX5,6,0,0,0.08279111088504543,
SCAND3,SCAND3,6,0,0,0.5349077086900973,
TRIM27,TRIM27,6,0,0,-1.7791651328953506,-1.77918650540658
ZNF311,ZNF311,6,0,0,-1.3178276017958979,
OR2W1,OR2W1,6,0,0,1.3222245643110604,
OR2B3,OR2B3,6,0,0,1.047368188568198,
OR2J1,OR2J1,6,0,0,1.043859070104883,
OR2J3,OR2J3,6,0,0,1.021155189378728,
OR2J2,OR2J2,6,0,0,1.1909606084681013,
OR14J1,OR14J1,6,0,0,0.7835156545308521,
OR5V1,OR5V1,6,0,0,1.0103817218086384,
OR12D3,OR12D3,6,0,0,0.9330102963125917,
OR12D2,OR12D2,6,0,0,0.675174520059306,
OR11A1,OR11A1,6,0,0,0.839556329990419,
OR10C1,OR10C1,6,0,0,-0.7245789946808632,
OR2H1,OR2H1,6,0,0,-0.9474115918306829,
MAS1L,MAS1L,6,0,0,-0.40790299432404176,
OR2I1P,OR2I1P,6,0,0,-1.4601199657782615,
UBD,UBD,6,0,0,-0.6274858741095173,1.19217245668855
OR2H2,OR2H2,6,0,0,-0.888790351002843,
GABBR1,GABBR1,6,0,0,-1.1327659597777942,-3.36542379540827
MOG,MOG,6,0,0,-0.6551518769628384,
ZFP57,ZFP57,6,0,0,-1.7790442444715033,
HLA-F,HLA-F,6,0,0,-1.6600002972510506,-2.36282555121067
HLA-G,HLA-G,6,0,0,-1.6028464245499183,
HLA-A,HLA-A,6,0,0,-2.002386233896635,-0.963748292382768
POLR1H,POLR1H,6,0,0,-0.70559893627658,0.332573699008898
PPP1R11,PPP1R11,6,0,0,-2.671468989121074,-1.67155485666698
RNF39,RNF39,6,0,0,-2.2287609004091298,
TRIM31,TRIM31,6,0,0,-1.1093662874129695,
TRIM40,TRIM40,6,0,0,-2.448608198601333,
TRIM10,TRIM10,6,0,0,-2.0628030372345876,-3.34024754597479
TRIM15,TRIM15,6,0,0,-2.3067765111188763,-1.75581922541047
TRIM26,TRIM26,6,0,0,-2.3982488458562425,-2.24584545288319
TRIM39,TRIM39,6,0,0,-1.4292742320878808,
RPP21,RPP21,6,0,0,-2.281705764044485,-1.08397333436879
HLA-E,HLA-E,6,0,0,-2.101303003009173,-0.844195299244842
GNL1,GNL1,6,0,0,-2.3399730858952257,-2.47163500034671
PRR3,PRR3,6,0,0,-2.452477284034183,-2.80318358543561
ABCF1,ABCF1,6,0,0,-1.1873231535010866,-1.18964826258163
PPP1R10,PPP1R10,6,0,0,-1.8018621758124223,-1.66366753800948
MRPS18B,MRPS18B,6,0,0,-1.2548358098695065,-0.105412388736925
ATAT1,ATAT1,6,0,0,-1.9967875186419395,-1.90903876884063
C6orf136,C6orf136,6,0,0,-2.2591207375935323,-1.05205125622288
DHX16,DHX16,6,0,0,-1.6005439862097965,-2.00953895252382
PPP1R18,PPP1R18,6,0,0,-3.486215228908394,-3.47524844345305
NRM,NRM,6,0,0,-1.5495081978365075,-1.1540980619059
MDC1,MDC1,6,0,0,-2.141586864119221,-1.97870980798118
TUBB,TUBB,6,0,0,-0.9127476287608438,-0.530716582258617
FLOT1,FLOT1,6,0,0,-1.5818340540831688,-2.30895941464201
IER3,IER3,6,0,0,-2.8982013138863216,-1.52701153840296
DDR1,DDR1,6,0,0,-2.058628407418226,-3.00649948163107
GTF2H4,GTF2H4,6,0,0,-1.6849551810956704,-1.39798798253148
VARS2,VARS2,6,0,0,-2.1945334681360293,-2.46616511549838
SFTA2,SFTA2,6,0,0,-1.866593989045624,
MUCL3,MUCL3,6,0,0,-1.7766437724493631,
MUC21,MUC21,6,0,0,-3.8253483911772843,
MUC22,MUC22,6,0,0,-1.1210158348107342,
C6orf15,C6orf15,6,0,0,-1.8324370000637629,
CDSN,CDSN,6,0,0,-3.072499014273829,
PSORS1C1,PSORS1C1,6,0,0,-2.1154773141262133,
PSORS1C2,PSORS1C2,6,0,0,-3.841645774237273,
CCHCR1,CCHCR1,6,0,0,-3.079467275749348,-2.80359736502569
TCF19,TCF19,6,0,0,-2.5475434861087045,-2.13779831904741
POU5F1,POU5F1,6,0,0,-1.9984499121064214,
HLA-C,HLA-C,6,0,0,-2.267430007750937,-0.988813543121289
HLA-B,HLA-B,6,0,0,-2.0497241257474563,-0.457331596741456
MICA,MICA,6,0,0,-1.0165501486261022,-2.71221973799678
MICB,MICB,6,0,0,-1.3458494341538039,-1.59699000341015
MCCD1,MCCD1,6,0,0,-2.9013806750933124,
DDX39B,DDX39B,6,0,0,-0.42640667946956157,
ATP6V1G2,ATP6V1G2,6,0,0,-2.6164313784845703,-2.3388681829959
NFKBIL1,NFKBIL1,6,0,0,-3.0650869690929348,-2.93738972491969
LTA,LTA,6,0,0,-1.9750651903579097,
TNF,TNF,6,0,0,-2.5931821129990897,-2.20073673199157
LTB,LTB,6,0,0,-2.9963690032612647,-1.9344034057305
LST1,LST1,6,0,0,-2.2018013978350357,-2.45673578488942
NCR3,NCR3,6,0,0,-1.9285504446646389,-3.25214661738632
AIF1,AIF1,6,0,0,-0.2503185385191937,-0.301065629449393
PRRC2A,PRRC2A,6,0,0,-2.928466102456655,-3.56131283939096
BAG6,BAG6,6,0,0,-2.13437251859982,-1.19952453197741
APOM,APOM,6,0,0,-0.759566140652959,1.23581344627313
C6orf47,C6orf47,6,0,0,-2.6767098961109124,-2.24423828991964
GPANK1,GPANK1,6,0,0,-2.3014219281196127,-2.12427186619763
CSNK2B,CSNK2B,6,0,0,-0.8627578056844865,0.518144971073213
LY6G5B,LY6G5B,6,0,0,-0.5627882041024819,
LY6G5C,LY6G5C,6,0,0,-1.1027968090367857,
ABHD16A,ABHD16A,6,0,0,-1.8413953567207226,-2.00143483859779
LY6G6F,LY6G6F,6,0,0,-1.8989264257896465,
LY6G6D,LY6G6D,6,0,0,-2.1467814388796587,
LY6G6C,LY6G6C,6,0,0,-0.8256268130280002,
MPIG6B,MPIG6B,6,0,0,-2.285943304427974,
DDAH2,DDAH2,6,0,0,-2.3390400076447335,-2.7370648650023
CLIC1,CLIC1,6,0,0,-0.8689659398273992,-0.211693467623148
MSH5,MSH5,6,0,0,-1.0487646462407163,-3.82262749506692
SAPCD1,SAPCD1,6,0,0,-2.4307533526064358,
VWA7,VWA7,6,0,0,-2.3918111003817994,-3.25514759389501
VARS1,VARS1,6,0,0,-1.9349339769834124,-1.62305402484057
LSM2,LSM2,6,0,0,-0.3112369224759064,0.693952575824802
HSPA1L,HSPA1L,6,0,0,-0.27321489412228317,-0.768513020486123
HSPA1A,HSPA1A,6,0,0,-2.368307969576536,-1.47415628140666
HSPA1B,HSPA1B,6,0,0,-2.356420416412435,-2.36368193940341
NEU1,NEU1,6,0,0,-1.3143074318825896,-0.804584103117522
SLC44A4,SLC44A4,6,0,0,-0.7167047248823426,
EHMT2,EHMT2,6,0,0,-2.3983867790897264,-2.24623476008599
ZBTB12,ZBTB12,6,0,0,-2.7533159832721914,-1.91759396182147
C2,C2,6,0,0,-1.238232968134314,
CFB,CFB,6,0,0,-0.8773786092214362,
NELFE,NELFE,6,0,0,-1.9834597641977307,-1.38265577164965
SKIC2,SKIC2,6,0,0,-1.6751403246004344,-1.50717391817328
DXO,DXO,6,0,0,-1.7511096556392474,-3.66488658672622
STK19,STK19,6,0,0,-1.6833222891781006,-1.00765280116156
C4A,C4A,6,0,0,-1.7055663985397391,-0.0748811708605123
C4B,C4B,6,0,0,-1.705779215419355,-0.397083659489292
CYP21A2,CYP21A2,6,0,0,-2.359460272102389,-2.61178209626074
TNXB,TNXB,6,0,0,-2.7628407344637598,-2.12080066152639
ATF6B,ATF6B,6,0,0,-2.538110022042922,-1.42219032653062
FKBPL,FKBPL,6,0,0,-1.7973004945113065,-1.51273167006578
PRRT1,PRRT1,6,0,0,-2.866428071648164,
PPT2,PPT2,6,0,0,-1.0821552542773851,-1.19659657430749
EGFL8,EGFL8,6,0,0,-2.695073614513106,-4.07869483412583
AGPAT1,AGPAT1,6,0,0,-0.968922551034666,-2.22178741899574
RNF5,RNF5,6,0,0,-1.483788561626774,-1.09087456289156
AGER,AGER,6,0,0,-2.242465181559499,-2.85330834411962
PBX2,PBX2,6,0,0,-2.219154665235477,-2.69675619175552
GPSM3,GPSM3,6,0,0,-3.782155219018458,-5.0331535310311
NOTCH4,NOTCH4,6,0,0,-2.383053885665065,
TSBP1,TSBP1,6,0,0,-0.23745730736436776,
BTNL2,BTNL2,6,0,0,-1.3176871988984615,
HLA-DRA,HLA-DRA,6,0,0,-0.6271725435277684,1.10650990326141
HLA-DRB5,HLA-DRB5,6,0,0,-1.6428570192896945,0.321038130634653
HLA-DRB1,HLA-DRB1,6,0,0,-1.6483178833502041,0.34856296678842
HLA-DQA1,HLA-DQA1,6,0,0,-0.6301356538734861,0.474449876025847
HLA-DQB1,HLA-DQB1,6,0,0,-1.5210557145068666,-0.108205934643596
HLA-DQA2,HLA-DQA2,6,0,0,-0.8239207509507569,1.89956253760908
HLA-DQB2,HLA-DQB2,6,0,0,-1.73663458828773,1.67526850443841
HLA-DOB,HLA-DOB,6,0,0,-0.5428734396665842,-1.02304864113677
TAP2,TAP2,6,0,0,-1.3746880173325398,
PSMB8,PSMB8,6,0,0,-0.4825002048488969,0.295750398110015
TAP1,TAP1,6,0,0,-1.4634150670971557,-1.42661177666492
PSMB9,PSMB9,6,0,0,-0.3265955690680187,-0.103170540448101
HLA-DMB,HLA-DMB,6,0,0,-1.0839670056348574,-0.320061183907419
HLA-DMA,HLA-DMA,6,0,0,-0.7114612792449329,0.425228000534651
BRD2,BRD2,6,0,0,-1.2822691992002202,-2.58692303319429
HLA-DOA,HLA-DOA,6,0,0,-2.014115284082953,-0.378120912517463
HLA-DPA1,HLA-DPA1,6,0,0,-1.4265147981932635,0.34799398264938
HLA-DPB1,HLA-DPB1,6,0,0,-1.4908198328299846,-0.222623468179711
COL11A2,COL11A2,6,0,0,-2.3827565393858947,-4.41634907591264
RXRB,RXRB,6,0,0,-2.1843208031917882,-1.3412225831871
SLC39A7,SLC39A7,6,0,0,-1.99287751212435,-0.806226574076914
HSD17B8,HSD17B8,6,0,0,-1.2888566148378544,-0.88911345346709
RING1,RING1,6,0,0,-2.6717447571131707,-1.98545191358005
VPS52,VPS52,6,0,0,-0.7528816433379628,-0.792957522748854
RPS18,RPS18,6,0,0,-0.47528115066454646,-2.15086781741867
B3GALT4,B3GALT4,6,0,0,-2.619638026424907,-3.11031621578794
WDR46,WDR46,6,0,0,-1.6183793452004096,-1.411634896263
PFDN6,PFDN6,6,0,0,-1.3275853940209608,-0.11682592435771
RGL2,RGL2,6,0,0,-2.4734912843339902,-3.69427784315956
TAPBP,TAPBP,6,0,0,-2.077937661648587,-1.54202214344865
ZBTB22,ZBTB22,6,0,0,-2.2350811632807304,
DAXX,DAXX,6,0,0,-2.284209955330505,-2.95399547782325
SMIM40,SMIM40,6,0,0,-0.5315701034260218,
KIFC1,KIFC1,6,0,0,-2.37144044394687,-1.53348224358797
PHF1,PHF1,6,0,0,-2.1509603144955776,-3.3299418676616
CUTA,CUTA,6,0,0,-1.065677093045311,-0.13364974835713
SYNGAP1,SYNGAP1,6,0,0,-2.561846416290459,-3.35408502023174
ZBTB9,ZBTB9,6,0,0,-1.6824563368769798,-0.63118878481565
BAK1,BAK1,6,0,0,-1.4552614585043653,-2.84466789424203
ITPR3,ITPR3,6,0,0,-1.8644331285587192,-3.59712534544382
UQCC2,UQCC2,6,0,0,-1.554566165914279,-0.0908598871963161
IP6K3,IP6K3,6,0,0,-2.062122586707652,-1.67396511927694
LEMD2,LEMD2,6,0,0,-2.068906023384759,-1.96252586022071
MLN,MLN,6,0,0,-0.8139207696525226,
GRM4,GRM4,6,0,0,-1.7975613937974178,
HMGA1,HMGA1,6,0,0,-3.75924400409494,-2.17097339999191
SMIM29,SMIM29,6,0,0,-1.2713320877032697,-2.72951947196712
NUDT3,NUDT3,6,0,0,-1.1432301418746764,-2.72135931918978
RPS10,RPS10,6,0,0,-0.6255050326257265,-2.26991668676749
PACSIN1,PACSIN1,6,0,0,-2.074261275723842,
SPDEF,SPDEF,6,0,0,-2.980793988458732,
ILRUN,ILRUN,6,0,0,-0.814739258899241,-2.21932888870584
SNRPC,SNRPC,6,0,0,-0.4486918040736221,0.27091835615226
BLTP3A,BLTP3A,6,0,0,-1.1396493791498656,-2.46998769832204
TAF11,TAF11,6,0,0,-0.3698566961121674,-1.87996021730554
ANKS1A,ANKS1A,6,0,0,-2.341449348928398,-2.29245554511576
TCP11,TCP11,6,0,0,-0.8498303482529721,-1.16964286987971
SCUBE3,SCUBE3,6,0,0,-1.8135983760378398,
ZNF76,ZNF76,6,0,0,-2.1491868429087706,-4.14663882296826
DEF6,DEF6,6,0,0,-2.59852247548921,-3.21736415648242
PPARD,PPARD,6,0,0,-1.85233095235143,-3.88921350570249
FANCE,FANCE,6,0,0,-2.1206031796069524,-0.753676508675499
RPL10A,RPL10A,6,0,0,-0.3932588805180348,-1.42001544499989
TEAD3,TEAD3,6,0,0,-2.2596306964139696,-2.19335213853918
TULP1,TULP1,6,0,0,-2.8624242666627335,
FKBP5,FKBP5,6,0,0,0.4091085032218018,-0.174172738130736
ARMC12,ARMC12,6,0,0,-1.8549492710156184,-2.54471703074137
CLPSL2,CLPSL2,6,0,0,-0.9015245124471623,
CLPSL1,CLPSL1,6,0,0,-0.34562130586584594,
CLPS,CLPS,6,0,0,-1.5608361970548916,
LHFPL5,LHFPL5,6,0,0,-0.6524879435271806,
SRPK1,SRPK1,6,0,0,-0.06681817937765722,-0.500035303480961
SLC26A8,SLC26A8,6,0,0,0.048718652508837224,
MAPK14,MAPK14,6,0,0,0.15730845665766857,0.638767284989331
MAPK13,MAPK13,6,0,0,-1.5398398466383796,-2.18017006091335
BRPF3,BRPF3,6,0,0,-1.9513575709233226,-4.23486207016447
PNPLA1,PNPLA1,6,0,0,-1.8852468958191437,
BNIP5,BNIP5,6,0,0,-2.763104698191343,
ETV7,ETV7,6,0,0,-1.8816372690191727,-2.0822459413466
PXT1,PXT1,6,0,0,0.22988174112396464,
KCTD20,KCTD20,6,0,0,-0.031648928220384676,-0.16304815500318
STK38,STK38,6,0,0,0.4212555341551081,1.11474308235883
SRSF3,SRSF3,6,0,0,-1.0109018139869317,0.482729953323295
CDKN1A,CDKN1A,6,0,0,-2.527371522583856,-1.70852634037305
RAB44,RAB44,6,0,0,-2.8666235370799296,
CPNE5,CPNE5,6,0,0,-1.3762896842782233,
PPIL1,PPIL1,6,0,0,0.11114253309099098,-0.390540996769336
C6orf89,C6orf89,6,0,0,-0.8181508552264134,0.488782290646147
PI16,PI16,6,0,0,-2.1395185176623013,
MTCH1,MTCH1,6,0,0,-0.9504839029901184,-1.37654452107208
FGD2,FGD2,6,0,0,-2.3977497747131835,-3.4899161446337
PIM1,PIM1,6,0,0,-2.1682443324311667,-1.56670196272431
TMEM217B,TMEM217B,6,0,0,-0.16375407211208604,
TMEM217,TMEM217,6,0,0,0.04095801465142834,
TBC1D22B,TBC1D22B,6,0,0,-1.0364589383029124,-2.63011164639343
RNF8,RNF8,6,0,0,-0.3328753542399845,-1.78882426212537
CMTR1,CMTR1,6,0,0,-0.7571632567323423,-1.01647960867812
CCDC167,CCDC167,6,0,0,-2.0682077178988667,-0.724459890244301
MDGA1,MDGA1,6,0,0,-2.1733211490953472,
ZFAND3,ZFAND3,6,0,0,-1.9505110808972486,-0.659547430232407
BTBD9,BTBD9,6,0,0,-0.24691892509910573,
GLO1,GLO1,6,0,0,0.9865286873744559,1.39418279939491
DNAH8,DNAH8,6,0,0,0.9543294886628573,
GLP1R,GLP1R,6,0,0,-1.6658391437888262,
SAYSD1,SAYSD1,6,0,0,-1.0387117946076678,-1.00131914371237
KCNK5,KCNK5,6,0,0,-1.7905416219661738,-1.18417623404086
KCNK17,KCNK17,6,0,0,-1.900222747945591,-0.793929222404668
KCNK16,KCNK16,6,0,0,-1.510308126745901,
KIF6,KIF6,6,0,0,-0.6915471439888599,
DAAM2,DAAM2,6,0,0,-1.8337775844597548,-3.12295472423242
MOCS1,MOCS1,6,0,0,-2.001581240464926,-1.85331131427029
LRFN2,LRFN2,6,0,0,-2.5215110310106574,
UNC5CL,UNC5CL,6,0,0,-2.428707648249052,-2.10442644023379
TSPO2,TSPO2,6,0,0,-1.2851053837617386,
APOBEC2,APOBEC2,6,0,0,-0.7749134285385875,
OARD1,OARD1,6,0,0,0.5721064668638682,3.15177960262595
NFYA,NFYA,6,0,0,-1.0997967083208096,-0.639835197352256
TREML1,TREML1,6,0,0,-1.722654884387378,
TREM2,TREM2,6,0,0,-2.558040889139834,-1.07745672123934
TREML2,TREML2,6,0,0,-1.4094377460523173,
TREML4,TREML4,6,0,0,-1.1774119719841991,
TREM1,TREM1,6,0,0,-0.6196610263519382,-2.26122775324042
NCR2,NCR2,6,0,0,-1.3682790227931125,
FOXP4,FOXP4,6,0,0,-3.26752513889514,-3.50894635769782
MDFI,MDFI,6,0,0,-2.927132819267861,
TFEB,TFEB,6,0,0,-2.8030281127470733,-2.17007928845789
PGC,PGC,6,0,0,-1.2529647609953152,
FRS3,FRS3,6,0,0,-3.0100503683236255,-5.04055229253316
PRICKLE4,PRICKLE4,6,0,0,-2.5684590587054483,
TOMM6,TOMM6,6,0,0,-0.28689667047400746,
USP49,USP49,6,0,0,-2.0414213399752104,-5.03944775523376
MED20,MED20,6,0,0,-0.9088370596579178,-0.192484525374202
BYSL,BYSL,6,0,0,-1.4365944044674972,-0.968667856057069
CCND3,CCND3,6,0,0,-2.095417868952145,-1.83812796070557
TAF8,TAF8,6,0,0,-1.6493508173666882,-1.20243086496377
C6orf132,C6orf132,6,0,0,-3.2404353359737623,
CIMIP3,CIMIP3,6,0,0,-1.4058467081912447,
GUCA1A,GUCA1A,6,0,0,-0.986566275623904,
GUCA1B,GUCA1B,6,0,0,-0.6818063514851609,-3.67985274955262
MRPS10,MRPS10,6,0,0,0.609340570049536,1.64776820915487
TRERF1,TRERF1,6,0,0,-2.4366824418693316,
UBR2,UBR2,6,0,0,0.3183195076771721,0.394216693968356
PRPH2,PRPH2,6,0,0,-1.2942576127014416,
TBCC,TBCC,6,0,0,-1.9985462321479037,-1.41905882860235
BICRAL,BICRAL,6,0,0,-1.203978730763902,-2.26856913821781
RPL7L1,RPL7L1,6,0,0,-0.26024237131130334,1.34069379096837
C6orf226,C6orf226,6,0,0,-2.5701404153037846,-0.882233055885609
PTCRA,PTCRA,6,0,0,-2.490726299562846,
CNPY3,CNPY3,6,0,0,-2.0146826924998926,-2.18236564081645
GNMT,GNMT,6,0,0,-1.5081173870667097,-0.262903063341692
PEX6,PEX6,6,0,0,-2.237510871770928,-2.30101881399457
PPP2R5D,PPP2R5D,6,0,0,-1.5117368418042858,-1.08040721671547
MEA1,MEA1,6,0,0,-2.0253257203208683,-0.990832169194601
KLHDC3,KLHDC3,6,0,0,-1.0368708937552125,-2.0576096729041
RRP36,RRP36,6,0,0,-1.7000853275757848,-0.533958419158255
CUL7,CUL7,6,0,0,-2.0822005547963958,-2.31810416333607
MRPL2,MRPL2,6,0,0,-1.2284537307003305,-0.686922645457477
KLC4,KLC4,6,0,0,-2.3140109046163513,-1.65397504879202
PTK7,PTK7,6,0,0,-2.0744272488940734,-2.55105653896974
SRF,SRF,6,0,0,-2.7519998380530044,-3.91767889692913
CUL9,CUL9,6,0,0,-1.9769713947359815,-2.82885784536881
DNPH1,DNPH1,6,0,0,-2.30582623784216,-1.30236116020335
TTBK1,TTBK1,6,0,0,-3.4263427822077297,-2.26698962691168
SLC22A7,SLC22A7,6,0,0,-1.7608158285779183,-0.901813954521417
CRIP3,CRIP3,6,0,0,-1.854654597181785,-1.27448618700124
ZNF318,ZNF318,6,0,0,-1.4405109575806225,-1.70185255636296
ABCC10,ABCC10,6,0,0,-1.8723896231660468,-3.66465354031406
DLK2,DLK2,6,0,0,-2.2555277778734197,
TJAP1,TJAP1,6,0,0,-3.2276120831012083,-2.27062952985077
LRRC73,LRRC73,6,0,0,-2.6035755694905856,
YIPF3,YIPF3,6,0,0,-0.4200476702401641,-1.6233994394
POLR1C,POLR1C,6,0,0,-0.2952943970766455,0.789470751306544
XPO5,XPO5,6,0,0,0.07227729217598089,-0.144427816423319
POLH,POLH,6,0,0,-0.5298969340593462,-0.0790986135739692
GTPBP2,GTPBP2,6,0,0,-1.4958654894151096,-3.1506970369021
MAD2L1BP,MAD2L1BP,6,0,0,-1.403608236029486,-0.0553738607900092
RSPH9,RSPH9,6,0,0,-1.1328604459069425,
MRPS18A,MRPS18A,6,0,0,-1.4582777780283553,-0.660310847130221
VEGFA,VEGFA,6,0,0,-2.4429213958676055,-1.38483106719795
MRPL14,MRPL14,6,0,0,-1.4027955555268896,-0.197920105005463
TMEM63B,TMEM63B,6,0,0,-1.183765211640063,-1.45452747622233
CAPN11,CAPN11,6,0,0,-1.1586637384425664,
MYMX,MYMX,6,0,0,-3.0788451432862,
SLC29A1,SLC29A1,6,0,0,-0.522100259967976,-0.193138395057803
HSP90AB1,HSP90AB1,6,0,0,-0.007063709809175478,0.33119181443214
SLC35B2,SLC35B2,6,0,0,-0.712343809792646,-1.0568977412214
NFKBIE,NFKBIE,6,0,0,-2.2685625966719325,-1.59484026635772
TMEM151B,TMEM151B,6,0,0,-2.8581583169293037,
TCTE1,TCTE1,6,0,0,-2.2124250881531253,
AARS2,AARS2,6,0,0,-2.089859297561425,-1.94457308778493
SPATS1,SPATS1,6,0,0,-1.175170417206532,
CDC5L,CDC5L,6,0,0,0.23303714389088093,1.27825935952662
SUPT3H,SUPT3H,6,0,0,0.3266577234991086,-0.591049029477633
RUNX2,RUNX2,6,0,0,-1.5191744851953697,
CLIC5,CLIC5,6,0,0,-0.5917111016744432,
ENPP4,ENPP4,6,0,0,1.1112771079747912,
ENPP5,ENPP5,6,0,0,0.8424556662381839,1.78765760447978
RCAN2,RCAN2,6,0,0,-1.2810597224389735,-1.2751936208079
CYP39A1,CYP39A1,6,0,0,1.0703393126526102,3.01882000417354
SLC25A27,SLC25A27,6,0,0,0.6654523058922575,-2.16705928967296
TDRD6,TDRD6,6,0,0,0.3192306454224969,-4.05597641531868
PLA2G7,PLA2G7,6,0,0,1.1814475184611783,
ANKRD66,ANKRD66,6,0,0,-0.6665017047361026,
MEP1A,MEP1A,6,0,0,-0.6958648387000288,
ADGRF5,ADGRF5,6,0,0,-0.08430761181172564,1.38133452890952
ADGRF1,ADGRF1,6,0,0,0.1288292803860216,
TNFRSF21,TNFRSF21,6,0,0,-1.8715191430436402,-3.97403107047095
CD2AP,CD2AP,6,0,0,0.29034356702849173,1.7105772324979
ADGRF4,ADGRF4,6,0,0,0.4044738802587293,
OPN5,OPN5,6,0,0,0.8380490596935566,
PTCHD4,PTCHD4,6,0,0,-0.7566502369704295,
MMUT,MMUT,6,0,0,1.2937683981048416,1.72271468428796
CENPQ,CENPQ,6,0,0,0.7472418197629178,0.523166007935596
GLYATL3,GLYATL3,6,0,0,-0.2952798433035486,
C6orf141,C6orf141,6,0,0,-2.7875575645606254,-3.21563056624565
RHAG,RHAG,6,0,0,0.8597247189973825,
CRISP2,CRISP2,6,0,0,0.6850004644739478,
CRISP3,CRISP3,6,0,0,0.7072687992316293,
PGK2,PGK2,6,0,0,0.8654488251446057,
CRISP1,CRISP1,6,0,0,0.4963110748469042,
DEFB114,DEFB114,6,0,0,1.5665061314747692,
DEFB113,DEFB113,6,0,0,1.6186859163468217,
DEFB110,DEFB110,6,0,0,0.814386118103755,
DEFB112,DEFB112,6,0,0,-0.20624592855994806,
TFAP2D,TFAP2D,6,0,0,-1.3230581512344166,
TFAP2B,TFAP2B,6,0,0,-2.2197306558935512,
PKHD1,PKHD1,6,0,0,-0.30160304555644935,-2.25774954914437
IL17A,IL17A,6,0,0,-1.7358753129932545,
IL17F,IL17F,6,0,0,-0.8957595193675871,
MCM3,MCM3,6,0,0,-0.7645384537503439,-0.379329860414386
PAQR8,PAQR8,6,0,0,-1.2689358817478116,
EFHC1,EFHC1,6,0,0,0.5375160756693216,-1.50109915696935
TRAM2,TRAM2,6,0,0,-0.7107098420931699,-2.07950684885089
TMEM14A,TMEM14A,6,0,0,2.083759418095056,4.04530920174628
GSTA2,GSTA2,6,0,0,-0.05987840318389459,1.35386824500016
GSTA1,GSTA1,6,0,0,0.055039826677470316,1.12133164036965
GSTA5,GSTA5,6,0,0,-0.05992413601196844,
GSTA3,GSTA3,6,0,0,0.0389508633612774,
GSTA4,GSTA4,6,0,0,0.11876886529210395,0.850120907734024
CILK1,CILK1,6,0,0,-1.043535266113519,-2.89556864298769
LOC128092246,LOC128092246,6,0,0,-1.1425610640563146,
LOC128031835,LOC128031835,6,0,0,-0.6680090445816464,
FBXO9,FBXO9,6,0,0,0.41305151453286193,0.101322189122911
GCM1,GCM1,6,0,0,-1.0839802934353866,
ELOVL5,ELOVL5,6,0,0,0.775564952413454,1.29032807572457
GCLC,GCLC,6,0,0,0.005511144490803588,-0.625662116225476
KLHL31,KLHL31,6,0,0,-0.1453384562373543,
LRRC1,LRRC1,6,0,0,-0.7091230444471499,-1.17464093702833
MLIP,MLIP,6,0,0,-1.4311429065358983,-0.982860085712855
TINAG,TINAG,6,0,0,0.7271632407671618,
FAM83B,FAM83B,6,0,0,0.030505383139912468,
HCRTR2,HCRTR2,6,0,0,-0.10290715195342592,
GFRAL,GFRAL,6,0,0,0.7981944814725512,
HMGCLL1,HMGCLL1,6,0,0,0.8929822225328419,
BMP5,BMP5,6,0,0,0.1330375275927569,-0.770815294283081
COL21A1,COL21A1,6,0,0,-0.016707956088724885,-1.63197196940426
DST,DST,6,0,0,0.15375056475600601,-3.52008098846308
BEND6,BEND6,6,0,0,-0.02324760379525692,
KIAA1586,KIAA1586,6,0,0,1.5268409475179148,2.01679928702938
ZNF451,ZNF451,6,0,0,0.3480342479582337,0.814545087479992
BAG2,BAG2,6,0,0,-0.38251385426174167,0.9553276702588
RAB23,RAB23,6,0,0,1.0728945086503465,
PRIM2,PRIM2,6,0,0,0.1927360722146858,-0.583871634724651
KHDRBS2,KHDRBS2,6,0,0,-0.18343960462343212,
FKBP1C,FKBP1C,6,0,0,-0.5010357907023284,
LGSN,LGSN,6,0,0,0.19249673848581494,-1.44922513080144
LOC128125822,LOC128125822,6,0,0,0.17747226551667517,
PTP4A1,PTP4A1,6,0,0,1.6481613973166453,-0.858222020152006
PHF3,PHF3,6,0,0,-0.05539864962751295,0.415386788013193
EYS,EYS,6,0,0,0.680797045298176,
ZC3H11C,ZC3H11C,6,0,0,-0.6417795760539526,
LOC127898563,LOC127898563,6,0,0,-0.7650516818129081,
ADGRB3,ADGRB3,6,0,0,0.311721891735143,
LMBRD1,LMBRD1,6,0,0,1.8429379415798177,2.57629289440613
COL19A1,COL19A1,6,0,0,-0.7078619733396501,
COL9A1,COL9A1,6,0,0,-1.076040390366499,
FAM135A,FAM135A,6,0,0,0.8000083798219624,0.572903907829919
SDHAF4,SDHAF4,6,0,0,-0.4426198812765829,0.260650443560486
SMAP1,SMAP1,6,0,0,-0.08776747823943332,0.160473354412321
B3GAT2,B3GAT2,6,0,0,-1.5654437289405525,
OGFRL1,OGFRL1,6,0,0,-0.3780948429633604,-3.29025146172854
RIMS1,RIMS1,6,0,0,-1.481817635664516,
KCNQ5,KCNQ5,6,0,0,-0.8311532330456117,
KHDC1L,KHDC1L,6,0,0,-1.34832095106513,
KHDC1,KHDC1,6,0,0,-1.467764996435763,
DPPA5,DPPA5,6,0,0,-0.8303900793771586,
KHDC3L,KHDC3L,6,0,0,-2.1045069069033495,
OOEP,OOEP,6,0,0,-1.804081724566565,
DDX43,DDX43,6,0,0,0.5342302694733068,
CGAS,CGAS,6,0,0,-0.6242601175733036,-1.40835941620951
MTO1,MTO1,6,0,0,-0.16952401575644593,0.426675703781779
EEF1A1,EEF1A1,6,0,0,0.8646520128281878,-0.222010063457182
SLC17A5,SLC17A5,6,0,0,1.296272946839677,1.04475475986113
CD109,CD109,6,0,0,0.9076636933762163,0.0083800937381282
COL12A1,COL12A1,6,0,0,0.0863905861145895,-0.566572274044022
COX7A2,COX7A2,6,0,0,0.8205319719072648,2.0519739741171
TMEM30A,TMEM30A,6,0,0,1.305885828637523,1.74672318148887
FILIP1,FILIP1,6,0,0,-0.6015163454117758,-0.207068612965351
SENP6,SENP6,6,0,0,0.4270812587546402,2.28381821585275
MYO6,MYO6,6,0,0,0.614658440295166,-0.0590898901747791
IMPG1,IMPG1,6,0,0,-0.2077729840990603,
HTR1B,HTR1B,6,0,0,-0.7985464409412639,
MEI4,MEI4,6,0,0,0.3773940872256727,
IRAK1BP1,IRAK1BP1,6,0,0,-0.6446398998267711,-0.982898816026215
PHIP,PHIP,6,0,0,0.32559816881086157,-0.855854263236925
HMGN3,HMGN3,6,0,0,-0.5587700751748592,0.404523249759606
LCA5,LCA5,6,0,0,-0.14816247686041706,
SH3BGRL2,SH3BGRL2,6,0,0,-0.44538735912040117,0.970341768139169
ELOVL4,ELOVL4,6,0,0,1.5875942523167907,
TTK,TTK,6,0,0,0.7123243836043365,
BCKDHB,BCKDHB,6,0,0,0.4122704086991291,0.708933250072663
TENT5A,TENT5A,6,0,0,-1.1015535214259806,-0.64336078953065
IBTK,IBTK,6,0,0,0.9607686232267216,-0.0319193749059257
TPBG,TPBG,6,0,0,-1.8530158029530064,-0.386883765799775
UBE3D,UBE3D,6,0,0,-0.3015719713669043,-0.59920228183462
DOP1A,DOP1A,6,0,0,0.26127497760896823,-0.0875197865184543
PGM3,PGM3,6,0,0,0.7872128934835771,2.70968952065443
RWDD2A,RWDD2A,6,0,0,0.05625132079712536,1.5203012730878
ME1,ME1,6,0,0,0.9723804939533593,1.0934571678441
PRSS35,PRSS35,6,0,0,0.023699348448404933,0.423369762800815
SNAP91,SNAP91,6,0,0,0.048511144717489074,
RIPPLY2,RIPPLY2,6,0,0,0.09769878891514772,
CYB5R4,CYB5R4,6,0,0,0.9016246979342526,0.125644623514613
MRAP2,MRAP2,6,0,0,-0.513354868293808,
CEP162,CEP162,6,0,0,0.3978518108538207,-0.311450302153921
TBX18,TBX18,6,0,0,-1.3450794168350892,
NT5E,NT5E,6,0,0,0.15143572545032136,0.379217617778065
SNX14,SNX14,6,0,0,1.040248420160463,1.13972332496904
SYNCRIP,SYNCRIP,6,0,0,1.3108915710139328,0.407303503854251
HTR1E,HTR1E,6,0,0,-0.6730253821268448,
CGA,CGA,6,0,0,0.2642932142921133,
ZNF292,ZNF292,6,0,0,0.4140638886508903,0.780839379372457
GJB7,GJB7,6,0,0,1.010918836675632,
SMIM8,SMIM8,6,0,0,0.265673413862654,-0.0705554959653594
C6orf163,C6orf163,6,0,0,0.45093953016355925,-3.62105490281676
CFAP206,CFAP206,6,0,0,0.8648172713146227,
SLC35A1,SLC35A1,6,0,0,1.4846127103991211,2.66545139489235
RARS2,RARS2,6,0,0,0.8252300459639184,0.741224027870288
ORC3,ORC3,6,0,0,0.37627005512125855,2.47628789863605
AKIRIN2,AKIRIN2,6,0,0,-0.5374694537547278,0.565144515467654
SPACA1,SPACA1,6,0,0,0.20864601378737468,
CNR1,CNR1,6,0,0,-0.8717723301725506,
RNGTT,RNGTT,6,0,0,0.6634115933874156,0.0271324447750401
PNRC1,PNRC1,6,0,0,-1.7234187376444776,-1.48232049364453
SRSF12,SRSF12,6,0,0,-1.3602290874834573,
PM20D2,PM20D2,6,0,0,-0.19225033501057887,-1.27753134193284
GABRR1,GABRR1,6,0,0,-0.7362640548637245,
GABRR2,GABRR2,6,0,0,-0.4144249721138529,
UBE2J1,UBE2J1,6,0,0,-0.600959957534343,0.350251126978403
RRAGD,RRAGD,6,0,0,0.14171039219175263,-3.5455432725203
ANKRD6,ANKRD6,6,0,0,-1.5874424439448553,-4.51235866575032
LYRM2,LYRM2,6,0,0,0.45490081104113855,1.55696204165679
MDN1,MDN1,6,0,0,-0.550362077623042,-2.51203096951384
GJA10,GJA10,6,0,0,-0.6512701482244783,
BACH2,BACH2,6,0,0,-2.1840911473734277,-2.73436465694021
MAP3K7,MAP3K7,6,0,0,-0.21803690219904048,-1.10740352710338
EPHA7,EPHA7,6,0,0,0.6559633641346228,
MANEA,MANEA,6,0,0,1.2385876708095243,3.62576019558646
FUT9,FUT9,6,0,0,0.6723066685800791,
UFL1,UFL1,6,0,0,0.5911923051074179,1.22945605294965
FHL5,FHL5,6,0,0,0.18372149410098615,
GPR63,GPR63,6,0,0,0.693452266189162,
NDUFAF4,NDUFAF4,6,0,0,0.8356078380875758,1.95519330319814
KLHL32,KLHL32,6,0,0,-0.2246090999227892,
MMS22L,MMS22L,6,0,0,0.7368955095947349,
POU3F2,POU3F2,6,0,0,-3.690593148010821,
FBXL4,FBXL4,6,0,0,0.4672237282588725,-0.0474553293147396
FAXC,FAXC,6,0,0,-0.2703269472116201,
COQ3,COQ3,6,0,0,0.3367475170395817,1.96559823060718
PNISR,PNISR,6,0,0,-1.224028135621058,-1.17843371561255
USP45,USP45,6,0,0,0.5682981148775159,-0.0914882423896071
CCNC,CCNC,6,0,0,1.2308127187037652,1.99215348910911
PRDM13,PRDM13,6,0,0,-2.634998420323001,
MCHR2,MCHR2,6,0,0,0.553991662412054,
SIM1,SIM1,6,0,0,-1.8289460594670874,
ASCC3,ASCC3,6,0,0,0.8539478249857613,0.634597192778352
GRIK2,GRIK2,6,0,0,0.760079536423067,
HACE1,HACE1,6,0,0,0.7006273573288162,
LIN28B,LIN28B,6,0,0,-1.3739141976774487,
BVES,BVES,6,0,0,0.4010022377528344,
POPDC3,POPDC3,6,0,0,0.9131140305452625,
PREP,PREP,6,0,0,0.3094926732173544,0.786473664608036
PRDM1,PRDM1,6,0,0,-1.4799987551529021,-2.10083038218923
ATG5,ATG5,6,0,0,0.9149132453446533,
CRYBG1,CRYBG1,6,0,0,-1.0384879905913067,-0.599492428902851
RTN4IP1,RTN4IP1,6,0,0,1.292889196030993,1.15392921732571
QRSL1,QRSL1,6,0,0,0.8228992050433703,0.517662185538613
CD24,CD24,6,0,0,-1.4679215848966258,0.253053340108829
MTRES1,MTRES1,6,0,0,0.7368735723116888,2.65499184783742
BEND3,BEND3,6,0,0,-2.7910166974532853,
PDSS2,PDSS2,6,0,0,-0.2245220695136183,0.646634948393588
SOBP,SOBP,6,0,0,-2.2460177492319158,-4.92105266489926
SCML4,SCML4,6,0,0,-2.3477290616301545,-2.07319725726396
SEC63,SEC63,6,0,0,0.7433171956866698,1.05258158898295
OSTM1,OSTM1,6,0,0,-1.0491273041808942,-0.480794618207618
NR2E1,NR2E1,6,0,0,-0.9577587439550079,
SNX3,SNX3,6,0,0,-0.43838671302436794,-0.329163508024965
AFG1L,AFG1L,6,0,0,0.29230027119374213,0.561193240055854
FOXO3,FOXO3,6,0,0,-2.3447366051928835,-1.83942832531555
ARMC2,ARMC2,6,0,0,-0.10453478920073245,
SESN1,SESN1,6,0,0,0.853307501737179,0.799185447640849
CEP57L1,CEP57L1,6,0,0,0.015225892279641329,
CD164,CD164,6,0,0,-0.3159207550502092,0.464663074710971
PPIL6,PPIL6,6,0,0,0.6557355295908422,
SMPD2,SMPD2,6,0,0,-1.474031037324945,-1.90269417064821
MICAL1,MICAL1,6,0,0,-2.1833185566104536,-3.42545991866358
ZBTB24,ZBTB24,6,0,0,-1.3300978228362013,-0.584529257442584
AK9,AK9,6,0,0,0.6649613685031213,0.416285500988089
FIG4,FIG4,6,0,0,0.5472618771742024,-1.33566962057704
GPR6,GPR6,6,0,0,-1.3251053019848396,
WASF1,WASF1,6,0,0,-0.7379074684582676,-1.73124823559391
CDC40,CDC40,6,0,0,0.7970746854215918,1.3973276911333
METTL24,METTL24,6,0,0,-1.8516937028141474,
DDO,DDO,6,0,0,-0.9868783775123475,-0.11189219130788
SLC22A16,SLC22A16,6,0,0,0.2389921821631784,
CDK19,CDK19,6,0,0,-0.5077152213238882,-2.19368434378382
AMD1,AMD1,6,0,0,0.9283817373839476,-0.19385499268235
GTF3C6,GTF3C6,6,0,0,0.20405355321499563,-1.57243112171874
RPF2,RPF2,6,0,0,1.549880172302112,2.48147935573131
SLC16A10,SLC16A10,6,0,0,0.4305192438585852,0.829798025012942
MFSD4B,MFSD4B,6,0,0,0.9728178554348137,0.523024101597678
REV3L,REV3L,6,0,0,0.37206304782789346,-2.73713632516048
TRAF3IP2,TRAF3IP2,6,0,0,-1.6606550294683107,-1.32490081291456
FYN,FYN,6,0,0,-0.26885709661046775,-0.938351409129111
CCN6,CCN6,6,0,0,-0.15841444365139168,
TUBE1,TUBE1,6,0,0,0.43115938645333074,0.813130742592959
FAM229B,FAM229B,6,0,0,-1.7434886827609333,0.0193429168257662
LAMA4,LAMA4,6,0,0,-0.2277881038954046,-0.204952080776598
RFPL4B,RFPL4B,6,0,0,-0.6068503155820668,
MARCKS,MARCKS,6,0,0,-3.3163436742622476,-2.41616397958129
HDAC2,HDAC2,6,0,0,1.4761119723677787,2.6984484355491
HS3ST5,HS3ST5,6,0,0,-0.1905277273307977,
FRK,FRK,6,0,0,0.29412354302840704,0.189405980677109
NT5DC1,NT5DC1,6,0,0,0.4125446427598334,0.273316334934483
COL10A1,COL10A1,6,0,0,-1.2240470509797774,
TSPYL4,TSPYL4,6,0,0,-1.5365037981099174,-1.1694746733981
TSPYL1,TSPYL1,6,0,0,-1.7204366826390611,-0.461289290954565
DSE,DSE,6,0,0,0.0020725211116694453,-2.50063257644972
CALHM6,CALHM6,6,0,0,-0.8819646118308153,0.429178191095892
TRAPPC3L,TRAPPC3L,6,0,0,0.8120402775993458,
CALHM5,CALHM5,6,0,0,0.04810060851390041,2.16418507594123
CALHM4,CALHM4,6,0,0,0.03828268531517942,
RWDD1,RWDD1,6,0,0,0.6740591943013001,-0.263231997791651
RSPH4A,RSPH4A,6,0,0,-0.42697696293086906,
ZUP1,ZUP1,6,0,0,0.4657151934314374,1.14411792560766
KPNA5,KPNA5,6,0,0,1.2419754262911908,
FAM162B,FAM162B,6,0,0,-1.5587113999205595,-1.57353471528008
GPRC6A,GPRC6A,6,0,0,0.8287431776978735,
RFX6,RFX6,6,0,0,-0.4199406539863535,
VGLL2,VGLL2,6,0,0,-3.154431508291079,
ROS1,ROS1,6,0,0,0.5119486809448244,
DCBLD1,DCBLD1,6,0,0,-1.0952246758646194,-0.804750303793461
GOPC,GOPC,6,0,0,-0.06318124445911977,0.47052536043764
NUS1,NUS1,6,0,0,-0.807543208134943,0.295440646706542
SLC35F1,SLC35F1,6,0,0,-0.42124368474928353,
CEP85L,CEP85L,6,0,0,-0.4611816856898834,-2.1262816410882
PLN,PLN,6,0,0,0.7390021764992092,
MCM9,MCM9,6,0,0,-0.6549738837506389,-2.02684881607872
ASF1A,ASF1A,6,0,0,0.8823526839253262,
FAM184A,FAM184A,6,0,0,-0.32988874171089044,-0.741271690986778
MAN1A1,MAN1A1,6,0,0,-0.4541412760618577,-0.735080533997041
TBC1D32,TBC1D32,6,0,0,1.0060597942050649,
GJA1,GJA1,6,0,0,-0.09108402345253275,0.62645190608541
HSF2,HSF2,6,0,0,0.1939147948294906,2.22057522103721
SERINC1,SERINC1,6,0,0,1.491130807096889,2.10425698646693
PKIB,PKIB,6,0,0,-1.0330997813387945,-0.755910945187742
FABP7,FABP7,6,0,0,1.1381331598986169,
SMPDL3A,SMPDL3A,6,0,0,0.8778165430164826,1.93960690936917
CLVS2,CLVS2,6,0,0,-0.44167434228039326,
TRDN,TRDN,6,0,0,0.26465210501365277,
NKAIN2,NKAIN2,6,0,0,0.5584315646475488,
RNF217,RNF217,6,0,0,-1.973168252813874,-3.80631710537329
TPD52L1,TPD52L1,6,0,0,-1.234984827601389,0.0435322357483837
HDDC2,HDDC2,6,0,0,-0.4109713619424902,0.169212331686315
HEY2,HEY2,6,0,0,-2.006731732315764,-1.26566641156544
NCOA7,NCOA7,6,0,0,0.036983650537138146,-0.188802170654197
HINT3,HINT3,6,0,0,-0.07606972535228174,-1.5202028762352
TRMT11,TRMT11,6,0,0,0.6267068169675802,0.745799978540497
CENPW,CENPW,6,0,0,-0.4739955380292482,0.703194220566605
RSPO3,RSPO3,6,0,0,-0.40182774601529303,-2.27124807576203
RNF146,RNF146,6,0,0,0.05852621903363975,-0.445657012943516
ECHDC1,ECHDC1,6,0,0,0.9406400012341383,1.47364162223212
KIAA0408,KIAA0408,6,0,0,-0.5427055920790664,
MTCL3,MTCL3,6,0,0,-2.4538169096782454,
C6orf58,C6orf58,6,0,0,1.1477917791063401,
THEMIS,THEMIS,6,0,0,0.022834239032080816,
PTPRK,PTPRK,6,0,0,0.26790209224233763,-0.022291849144072
LAMA2,LAMA2,6,0,0,0.10084972918423318,0.469903030355606
ARHGAP18,ARHGAP18,6,0,0,0.0142809386358973,-0.736145763344114
TMEM244,TMEM244,6,0,0,2.141294013106098,
L3MBTL3,L3MBTL3,6,0,0,0.2043311913556174,-0.240346285028093
SAMD3,SAMD3,6,0,0,0.5571659507349924,
TMEM200A,TMEM200A,6,0,0,-0.34185411709317215,
SMLR1,SMLR1,6,0,0,-0.7010069885515335,0.74753984984282
EPB41L2,EPB41L2,6,0,0,-0.9240111344734441,-1.06542250444225
AKAP7,AKAP7,6,0,0,0.7999342850286819,1.26412534028316
ARG1,ARG1,6,0,0,-0.10430172722173836,0.424311646340968
MED23,MED23,6,0,0,0.42482690216546715,1.0189947320949
ENPP3,ENPP3,6,0,0,0.41614967244758105,1.4824750940659
OR2A4,OR2A4,6,0,0,-0.0007652663993056308,
CTAGE9,CTAGE9,6,0,0,-0.1539255538931794,
ENPP1,ENPP1,6,0,0,0.08652271353776975,0.366222110461352
CCN2,CCN2,6,0,0,-1.529645044882681,-0.526636506444788
MOXD1,MOXD1,6,0,0,-0.2914848326161259,-1.26625286982386
STX7,STX7,6,0,0,-0.3080182302937011,-0.0764089121288487
TAAR9,TAAR9,6,0,0,1.2450286776218356,
TAAR8,TAAR8,6,0,0,1.2325342585825787,
TAAR6,TAAR6,6,0,0,0.8755824299449859,
TAAR5,TAAR5,6,0,0,-0.290179040056751,
TAAR2,TAAR2,6,0,0,1.7558987403071225,
TAAR1,TAAR1,6,0,0,1.8608312599955337,
VNN1,VNN1,6,0,0,0.7339175211949414,3.04862001873687
VNN2,VNN2,6,0,0,0.754684642310508,1.10930325862576
SLC18B1,SLC18B1,6,0,0,1.0553801616568173,0.0752949688117306
RPS12,RPS12,6,0,0,1.0364409850284737,-1.65795200787871
EYA4,EYA4,6,0,0,0.04220818417832639,
TCF21,TCF21,6,0,0,-2.6097027978653085,-2.19680272256819
LOC128092253,LOC128092253,6,0,0,-2.669663761128888,
TBPL1,TBPL1,6,0,0,1.4858854586357548,
SLC2A12,SLC2A12,6,0,0,-0.1559952730215528,0.197068921598086
SGK1,SGK1,6,0,0,-0.5627202403339773,1.00853480600891
ALDH8A1,ALDH8A1,6,0,0,-1.1805168266238741,0.227993078029226
HBS1L,HBS1L,6,0,0,0.9182995037454695,-0.0896440296380431
MYB,MYB,6,0,0,-0.9673996301415748,
AHI1,AHI1,6,0,0,0.6141401211077557,0.266923594218189
PDE7B,PDE7B,6,0,0,-1.0471946533413359,-3.70241808153813
MTFR2,MTFR2,6,0,0,0.23097319238413405,
BCLAF1,BCLAF1,6,0,0,-0.5737717272066316,1.34307029231005
MAP7,MAP7,6,0,0,-2.033174788109825,-1.44384219615143
MAP3K5,MAP3K5,6,0,0,-0.12945754331531845,-1.55606423249111
PEX7,PEX7,6,0,0,-0.06783383485986327,0.291521556733922
SLC35D3,SLC35D3,6,0,0,-2.045557244760918,
IL20RA,IL20RA,6,0,0,-0.46649255620138064,
IL22RA2,IL22RA2,6,0,0,-0.0014372871964507539,
IFNGR1,IFNGR1,6,0,0,0.3549533411161665,2.34091904922257
OLIG3,OLIG3,6,0,0,-2.799977952649737,
TNFAIP3,TNFAIP3,6,0,0,-1.4902482489048587,-2.01691013617393
PERP,PERP,6,0,0,-0.5053006557127997,-0.174949979484725
ARFGEF3,ARFGEF3,6,0,0,-1.708432356753253,
PBOV1,PBOV1,6,0,0,-0.2991416066611787,
SMIM28,SMIM28,6,0,0,-2.954843110784804,
HEBP2,HEBP2,6,0,0,-0.6520351305194563,-0.656580630475559
NHSL1,NHSL1,6,0,0,-2.3931825693387623,-2.40971048217496
CCDC28A,CCDC28A,6,0,0,-0.6340882655815783,0.426929226381504
ECT2L,ECT2L,6,0,0,0.204885939115794,
REPS1,REPS1,6,0,0,-0.5073451344092259,-0.721781465268854
ABRACL,ABRACL,6,0,0,1.2754458120187788,3.6016769816247
HECA,HECA,6,0,0,-1.7362536261852206,-3.72608784462511
TXLNB,TXLNB,6,0,0,-1.7117700113075465,-1.86553589836958
CITED2,CITED2,6,0,0,-2.779860697446372,-1.00409980664457
NMBR,NMBR,6,0,0,-0.325876411847128,
GJE1,GJE1,6,0,0,1.82283381770333,
VTA1,VTA1,6,0,0,0.5111314026998404,1.35690762641627
ADGRG6,ADGRG6,6,0,0,0.627895043693325,0.775409325984385
HIVEP2,HIVEP2,6,0,0,-1.4829606284257384,-3.28558443958057
AIG1,AIG1,6,0,0,0.052271698227817964,1.57515677827487
ADAT2,ADAT2,6,0,0,0.7124178837667845,-2.12937106039665
PEX3,PEX3,6,0,0,0.44153746532814075,3.17441129511713
FUCA2,FUCA2,6,0,0,0.25493753437022626,-0.0477345345235702
PHACTR2,PHACTR2,6,0,0,-1.4098676669116958,-3.14737478773069
LTV1,LTV1,6,0,0,0.1893446011952591,1.13841686295833
ZC2HC1B,ZC2HC1B,6,0,0,-0.22983000201963932,
PLAGL1,PLAGL1,6,0,0,-2.118695179679653,-2.77546167517867
SF3B5,SF3B5,6,0,0,-1.4129290972391626,0.32713160049187
STX11,STX11,6,0,0,-2.2629313371235416,-3.10967404333274
UTRN,UTRN,6,0,0,-0.24333407306089327,-2.35476878661635
EPM2A,EPM2A,6,0,0,-0.6889234150813426,-1.05481260688894
FBXO30,FBXO30,6,0,0,0.2776935042486457,0.46804839520551
SHPRH,SHPRH,6,0,0,0.17914495124630925,-1.44519818141626
GRM1,GRM1,6,0,0,-1.0918053860162757,
RAB32,RAB32,6,0,0,-1.1026668074981458,-0.5784236338683
ADGB,ADGB,6,0,0,0.35706517064486576,
STXBP5,STXBP5,6,0,0,0.11196954061985487,-1.75077222463966
SAMD5,SAMD5,6,0,0,-2.3769452865479224,-1.32036289409979
SASH1,SASH1,6,0,0,-1.9793032825557653,-2.3613809386797
UST,UST,6,0,0,-0.9819687452547985,-3.18665265526958
TAB2,TAB2,6,0,0,-0.43742239811399664,0.210409312462993
SUMO4,SUMO4,6,0,0,0.10965332484994406,
ZC3H12D,ZC3H12D,6,0,0,-2.8902961109211827,
PPIL4,PPIL4,6,0,0,0.4577330263787278,1.46745277199523
GINM1,GINM1,6,0,0,0.5106947721349275,0.898340852190946
KATNA1,KATNA1,6,0,0,0.9148401066415666,0.560594705297894
LATS1,LATS1,6,0,0,0.11348617686715912,-0.345283020746008
NUP43,NUP43,6,0,0,0.140506960504446,1.52351104473689
PCMT1,PCMT1,6,0,0,0.9597683662300209,0.355684634794416
LRP11,LRP11,6,0,0,-1.9355559649256797,-1.01240747813137
RAET1E,RAET1E,6,0,0,-0.11052332820584354,
RAET1G,RAET1G,6,0,0,-1.4242111880500357,
ULBP2,ULBP2,6,0,0,-0.8726601224276767,
ULBP1,ULBP1,6,0,0,-0.27313597910303145,
RAET1L,RAET1L,6,0,0,-0.7213191557369711,
ULBP3,ULBP3,6,0,0,-1.1020664630021724,
PPP1R14C,PPP1R14C,6,0,0,-2.2918209976544848,
IYD,IYD,6,0,0,-0.4969942040435935,-0.169969194081789
PLEKHG1,PLEKHG1,6,0,0,-1.4641816030666348,-1.84746552026711
MTHFD1L,MTHFD1L,6,0,0,-0.5541495394776792,-1.49466873486016
AKAP12,AKAP12,6,0,0,-1.5290663488135134,-1.44854584734318
ZBTB2,ZBTB2,6,0,0,-1.6685165078589783,-2.02547013782405
RMND1,RMND1,6,0,0,0.5135857127288919,1.09373850053351
ARMT1,ARMT1,6,0,0,1.046899152994536,1.05474885340177
CCDC170,CCDC170,6,0,0,-0.8095477338324688,
ESR1,ESR1,6,0,0,-1.3739804272963987,-1.23382043475443
SYNE1,SYNE1,6,0,0,-0.7887929350103668,-2.49053354607838
MYCT1,MYCT1,6,0,0,-0.5596528209485072,1.43961431439662
VIP,VIP,6,0,0,0.2590262719584153,
FBXO5,FBXO5,6,0,0,-0.13126469923500395,
MTRF1L,MTRF1L,6,0,0,-0.2776184450767438,-1.66014017303575
RGS17,RGS17,6,0,0,0.06760049505188981,
OPRM1,OPRM1,6,0,0,0.07260410139863716,
IPCEF1,IPCEF1,6,0,0,-0.5918947600639388,
CNKSR3,CNKSR3,6,0,0,-1.0019704595899572,-0.849167716943161
SCAF8,SCAF8,6,0,0,-0.3255561419898463,
TIAM2,TIAM2,6,0,0,-1.444508995511466,
TFB1M,TFB1M,6,0,0,0.1463316664521912,0.610780641196002
CLDN20,CLDN20,6,0,0,-0.10895468468810243,
NOX3,NOX3,6,0,0,-0.4232415152409619,
ARID1B,ARID1B,6,0,0,-2.141195798556838,-3.23799406468183
TMEM242,TMEM242,6,0,0,0.2645941193032648,-0.0158564413998928
ZDHHC14,ZDHHC14,6,0,0,-1.7159945751958166,-3.00812831421535
SNX9,SNX9,6,0,0,-0.14142375336067303,-0.701538139386432
SYNJ2,SYNJ2,6,0,0,-1.486030289170472,-2.32029572616606
SERAC1,SERAC1,6,0,0,0.4939033073413679,-0.573504436651665
GTF2H5,GTF2H5,6,0,0,0.9863787894000424,
TULP4,TULP4,6,0,0,-2.4026422745987315,-4.86848427570673
TMEM181,TMEM181,6,0,0,0.9758156575241568,0.222305441087793
DYNLT1,DYNLT1,6,0,0,0.5038296889769747,0.639395902513538
SYTL3,SYTL3,6,0,0,-1.2300981870997933,-5.47820002686777
EZR,EZR,6,0,0,-1.465701747514725,-0.896406928618888
RSPH3,RSPH3,6,0,0,-0.9138153040964294,-2.36823777026616
TAGAP,TAGAP,6,0,0,-2.3125368318082575,-2.12025374837617
FNDC1,FNDC1,6,0,0,-2.1072932916673484,-1.42633923320811
SOD2,SOD2,6,0,0,-0.3815939702273887,
WTAP,WTAP,6,0,0,-0.9312883317725209,-0.192002284714326
ACAT2,ACAT2,6,0,0,0.4291033124591088,1.08694620762681
TCP1,TCP1,6,0,0,1.4603298799147204,0.838039421760648
MRPL18,MRPL18,6,0,0,-1.1549232604841606,-0.913071089866876
PNLDC1,PNLDC1,6,0,0,-0.6337017206539493,
MAS1,MAS1,6,0,0,-0.22183993998744178,
IGF2R,IGF2R,6,0,0,-0.9157656199745574,-1.4508126931009
SLC22A1,SLC22A1,6,0,0,-0.7834303069878192,-1.76653411711339
SLC22A2,SLC22A2,6,0,0,-0.0751453195419991,
SLC22A3,SLC22A3,6,0,0,-0.3072853217142999,-0.308034119416937
LPA,LPA,6,0,0,-1.0187248324188474,0.255184565983584
PLG,PLG,6,0,0,-0.6864607215664833,0.823926044481968
MAP3K4,MAP3K4,6,0,0,-0.45289019039448064,-1.82260830383738
AGPAT4,AGPAT4,6,0,0,-0.9493432220417066,
PRKN,PRKN,6,0,0,-1.4312079688904316,-3.54476142568644
PACRG,PACRG,6,0,0,-0.3837869840785135,-2.60580382987829
QKI,QKI,6,0,0,-0.11977337149705747,-0.288739210625082
C6orf118,C6orf118,6,0,0,-1.419087887759325,
PDE10A,PDE10A,6,0,0,-0.7266532828094547,
TBXT,TBXT,6,0,0,-2.2657914157331174,
PRR18,PRR18,6,0,0,-4.11352019143021,-2.60113555937488
SFT2D1,SFT2D1,6,0,0,1.1915017122702558,-0.834771121739363
MPC1,MPC1,6,0,0,0.24008078086286488,0.850485423828793
RPS6KA2,RPS6KA2,6,0,0,-1.573973051871059,-4.40280615029196
RAMACL,RAMACL,6,0,0,-0.5091242230811073,
RNASET2,RNASET2,6,0,0,-0.7078771231301229,-0.0712871820318847
CEP43,CEP43,6,0,0,-0.47981648084613404,-0.0206796934761457
CCR6,CCR6,6,0,0,0.3506608484941651,
GPR31,GPR31,6,0,0,-1.7461754066949098,
UNC93A,UNC93A,6,0,0,-0.6520205947567597,-0.96568947079582
TTLL2,TTLL2,6,0,0,-0.4010327827494695,
AFDN,AFDN,6,0,0,-0.8662209220284574,-1.13149305333144
KIF25,KIF25,6,0,0,-1.9297351143785058,
FRMD1,FRMD1,6,0,0,-3.320442402759223,
DACT2,DACT2,6,0,0,-3.569529726193414,-2.61702916982395
SMOC2,SMOC2,6,0,0,-1.6877855420944492,-0.408810886954458
THBS2,THBS2,6,0,0,-1.9734115087516564,-0.992940377226108
WDR27,WDR27,6,0,0,-0.7973598903458132,-4.54328199534377
C6orf120,C6orf120,6,0,0,-2.6952774804475563,-2.56308030074275
PHF10,PHF10,6,0,0,-0.133258680391398,-1.00070624315848
DYNLT2,DYNLT2,6,0,0,0.2953276026160072,
ERMARD,ERMARD,6,0,0,-0.0035791046215276623,-0.669000769426011
DLL1,DLL1,6,0,0,-2.477315766630804,-2.61389690988857
FAM120B,FAM120B,6,0,0,-0.6952820404438125,-0.255225962484769
PSMB1,PSMB1,6,0,0,0.47371705441732104,1.15782570730271
TBP,TBP,6,0,0,-0.8128665172386054,-0.741271803611616
PDCD2,PDCD2,6,0,0,-0.759116580955693,-1.65530523101749
FAM20C,FAM20C,7,0,0,-2.702826360951253,-3.8842119752919
FOXL3,FOXL3,7,0,0,-3.020491083452539,
PDGFA,PDGFA,7,0,0,-3.0665509052575146,-3.15908646362178
PRKAR1B,PRKAR1B,7,0,0,-2.0715906634772203,-1.21696078017329
DNAAF5,DNAAF5,7,0,0,-2.750675480708802,-1.81627194496041
SUN1,SUN1,7,0,0,-1.2854644526909773,-1.27075892479263
GET4,GET4,7,0,0,-2.229603221292603,-2.01817674784023
ADAP1,ADAP1,7,0,0,-2.0306923432664554,-3.54259814939743
COX19,COX19,7,0,0,0.26749240840076816,0.816606896677389
CYP2W1,CYP2W1,7,0,0,-2.744400770139327,
C7orf50,C7orf50,7,0,0,-2.955209307889186,-2.31571643635461
GPR146,GPR146,7,0,0,-2.372577243783601,
GPER1,GPER1,7,0,0,-2.0598491908205308,-3.36112654388897
ZFAND2A,ZFAND2A,7,0,0,-0.44937117983185004,-0.238220987811646
UNCX,UNCX,7,0,0,-3.422072000033504,
MICALL2,MICALL2,7,0,0,-3.2652656348631695,-3.39353942912623
INTS1,INTS1,7,0,0,-2.8691761325807406,-3.64538920975401
MAFK,MAFK,7,0,0,-2.3557699108737697,-2.52340232576842
TMEM184A,TMEM184A,7,0,0,-2.3224177958658263,-2.63507012844239
PSMG3,PSMG3,7,0,0,-2.0861519753887663,-1.25159266214226
ELFN1,ELFN1,7,0,0,-3.162658561488092,-3.72606960090052
MAD1L1,MAD1L1,7,0,0,-3.1529827657496714,-2.51127613981138
MRM2,MRM2,7,0,0,-1.8362210577795501,-1.10042122157734
NUDT1,NUDT1,7,0,0,-1.8930147739468435,-1.35659586727482
SNX8,SNX8,7,0,0,-2.106039383697185,-2.01759420136049
EIF3B,EIF3B,7,0,0,-1.2414330229194412,-1.1809396613441
CHST12,CHST12,7,0,0,-2.6180411291531858,-3.53554473872337
GRIFIN,GRIFIN,7,0,0,-2.6007215498169813,
LFNG,LFNG,7,0,0,-2.559090292892206,-2.72654182481508
BRAT1,BRAT1,7,0,0,-2.9373596919210883,-2.09049281583715
IQCE,IQCE,7,0,0,-2.6712834999873802,-3.31368613928083
TTYH3,TTYH3,7,0,0,-2.9484523169243335,-3.20044669755422
AMZ1,AMZ1,7,0,0,-3.2439828782725346,
GNA12,GNA12,7,0,0,-1.6716684932761545,-3.5411103759058
CARD11,CARD11,7,0,0,-2.510889146029184,-4.64883871029651
SDK1,SDK1,7,0,0,-2.163574990109849,
FOXK1,FOXK1,7,0,0,-3.021051486209892,-1.88855722452643
AP5Z1,AP5Z1,7,0,0,-3.1980434363450883,-2.09350406623279
RADIL,RADIL,7,0,0,-3.3733511443055217,
PAPOLB,PAPOLB,7,0,0,-0.060612372329899245,
MMD2,MMD2,7,0,0,-0.5974472511489282,
RBAK,RBAK,7,0,0,-0.19174414886266078,-0.410700059220015
WIPI2,WIPI2,7,0,0,-1.3162972499721626,-2.35301843970931
SLC29A4,SLC29A4,7,0,0,-2.314099661461677,-3.54153716859265
TNRC18,TNRC18,7,0,0,-3.3831953660875183,-3.98220424138532
FBXL18,FBXL18,7,0,0,-2.6459562311689275,-2.09599792142081
ACTB,ACTB,7,0,0,-1.486519758549985,-0.439372507677003
FSCN1,FSCN1,7,0,0,-2.26777905590564,-1.26891674953725
RNF216,RNF216,7,0,0,-0.9654491505845737,-1.04704669503708
OCM,OCM,7,0,0,-0.28293111202725285,
CCZ1,CCZ1,7,0,0,0.44035449617056877,
RSPH10B,RSPH10B,7,0,0,-0.05200152335077135,
PMS2,PMS2,7,0,0,-0.6224428612658404,-0.281432147898826
AIMP2,AIMP2,7,0,0,-0.6453749520945564,0.429170216598356
EIF2AK1,EIF2AK1,7,0,0,-0.5409875811428151,-1.03011005345018
ANKRD61,ANKRD61,7,0,0,-0.7642547077746329,
USP42,USP42,7,0,0,-1.8996713099529305,-3.22875537977771
CYTH3,CYTH3,7,0,0,-1.0476796928436887,-2.65529815178302
FAM220A,FAM220A,7,0,0,-1.421093992995246,-2.86582160898347
SMIM10L3,SMIM10L3,7,0,0,-0.4080758423744193,
RAC1,RAC1,7,0,0,0.6264774084671547,-1.12863107366617
DAGLB,DAGLB,7,0,0,-1.4455727091243684,-0.251603596005875
KDELR2,KDELR2,7,0,0,0.8180042692709666,0.989180239106965
GRID2IP,GRID2IP,7,0,0,-3.039816093766758,
ZDHHC4,ZDHHC4,7,0,0,-0.09415438376944607,-2.22347864314999
INTS15,INTS15,7,0,0,-1.6224712062646223,-2.22550321206664
ZNF853,ZNF853,7,0,0,-4.031832057554832,
ZNF316,ZNF316,7,0,0,-3.2235025607804104,-4.26299488312145
ZNF12,ZNF12,7,0,0,0.10154057380993642,0.115223157134712
RSPH10B2,RSPH10B2,7,0,0,-0.10438803697201315,
CCZ1B,CCZ1B,7,0,0,0.4560457436907601,-0.279709606059729
C1GALT1,C1GALT1,7,0,0,1.5121307647748363,3.3858806045568
COL28A1,COL28A1,7,0,0,-0.43837244785493645,
MIOS,MIOS,7,0,0,0.8171920761876148,1.63948380906405
RPA3,RPA3,7,0,0,1.0029220108953432,2.80614408797902
UMAD1,UMAD1,7,0,0,-0.5677895741975796,1.85788535571026
GLCCI1,GLCCI1,7,0,0,-2.4940632937554597,-2.03336211229889
ICA1,ICA1,7,0,0,-0.24727271918739646,-1.62553143709221
NXPH1,NXPH1,7,0,0,-0.08518171564520038,
NDUFA4,NDUFA4,7,0,0,0.9571340689518717,2.67074581786112
PHF14,PHF14,7,0,0,0.1958324028531191,-0.227874265249129
THSD7A,THSD7A,7,0,0,-0.9824862449858376,
TMEM106B,TMEM106B,7,0,0,1.4523793186134295,3.32983524913021
VWDE,VWDE,7,0,0,0.27766512038889246,
C7orf78,C7orf78,7,0,0,-0.07785450738325217,
SCIN,SCIN,7,0,0,0.2328688996768591,
ARL4A,ARL4A,7,0,0,0.8044813733616962,-0.232109992049602
ETV1,ETV1,7,0,0,-0.7711344665688102,-0.18940942601397
DGKB,DGKB,7,0,0,0.20427828720729835,
AGMO,AGMO,7,0,0,1.207157424476673,3.78799677298067
MEOX2,MEOX2,7,0,0,-2.875481074233681,-2.05589693730502
CRPPA,CRPPA,7,0,0,0.12058544835274887,-0.795106544338157
SOSTDC1,SOSTDC1,7,0,0,-1.6813874760821381,
LRRC72,LRRC72,7,0,0,0.5224476797023421,
ANKMY2,ANKMY2,7,0,0,0.5831134404822897,0.664301252502184
BZW2,BZW2,7,0,0,0.44635574355868535,0.661806058184665
TSPAN13,TSPAN13,7,0,0,0.709087018429269,1.78471547428662
AGR2,AGR2,7,0,0,0.5380850500739989,
AGR3,AGR3,7,0,0,1.0439230245316136,
AHR,AHR,7,0,0,0.09840125932072574,1.04265252771172
SNX13,SNX13,7,0,0,1.3153896685908553,0.573750955227511
PRPS1L1,PRPS1L1,7,0,0,0.34659743489490324,
HDAC9,HDAC9,7,0,0,-1.191486680328099,-3.21779451589036
TWIST1,TWIST1,7,0,0,-3.4685302918295484,-3.95963201678891
FERD3L,FERD3L,7,0,0,-2.706927334868036,
POLR1F,POLR1F,7,0,0,0.15461078645153847,0.923795773033823
TMEM196,TMEM196,7,0,0,-1.5923403613567881,
MACC1,MACC1,7,0,0,0.9778075736955838,
ITGB8,ITGB8,7,0,0,0.4180007728689734,
ABCB5,ABCB5,7,0,0,0.8873456200678227,
SP8,SP8,7,0,0,-3.299851857027635,
SP4,SP4,7,0,0,-0.5324221784499823,
DNAH11,DNAH11,7,0,0,0.3827364936588946,
CDCA7L,CDCA7L,7,0,0,-0.7462787637792125,-0.713519653235371
RAPGEF5,RAPGEF5,7,0,0,-0.37375694435115747,-1.03536426548715
STEAP1B,STEAP1B,7,0,0,0.8451204966476382,
IL6,IL6,7,0,0,-0.97691701195523,
TOMM7,TOMM7,7,0,0,-0.042585235491946705,0.535544877809214
HYCC1,HYCC1,7,0,0,-0.2588550138187298,-0.737951447194418
KLHL7,KLHL7,7,0,0,1.1777509335560055,1.84943722835433
NUP42,NUP42,7,0,0,-0.164928848457631,0.750687900720329
GPNMB,GPNMB,7,0,0,-0.3022622831382584,1.78348120560712
MALSU1,MALSU1,7,0,0,-0.2549343620583606,-0.644080887814504
IGF2BP3,IGF2BP3,7,0,0,-0.3195389994661806,
TRA2A,TRA2A,7,0,0,-0.9393523025717272,0.318290815996186
CCDC126,CCDC126,7,0,0,0.9884692061210316,
FAM221A,FAM221A,7,0,0,-0.171462924666125,-0.333888546195104
STK31,STK31,7,0,0,0.774665500848009,
NPY,NPY,7,0,0,-1.2384895417622648,
PALS2,PALS2,7,0,0,0.7914911779927465,0.119528670572233
GSDME,GSDME,7,0,0,-0.8432385317221769,-0.142925255911722
OSBPL3,OSBPL3,7,0,0,-0.8238017131684074,-0.999420224650033
CYCS,CYCS,7,0,0,0.7385799824569403,0.693897338327808
SPMIP4,SPMIP4,7,0,0,-0.028827604996985556,-3.42464985706276
NPVF,NPVF,7,0,0,-0.13319838531755224,
NFE2L3,NFE2L3,7,0,0,-0.9603913192961286,
HNRNPA2B1,HNRNPA2B1,7,0,0,1.0543684334124546,0.443057163972667
CBX3,CBX3,7,0,0,1.2723603989400107,2.02865480753011
SNX10,SNX10,7,0,0,0.12593255230008893,1.72148438584216
SKAP2,SKAP2,7,0,0,1.1489766313027001,1.95978389126521
HOXA1,HOXA1,7,0,0,-2.294491275902665,
HOXA2,HOXA2,7,0,0,-2.001920386508713,
HOXA3,HOXA3,7,0,0,-2.98891542535981,
HOXA4,HOXA4,7,0,0,-3.1714845257407873,-0.710796523941363
HOXA5,HOXA5,7,0,0,-2.766562439573205,
HOXA6,HOXA6,7,0,0,-2.2062897006972726,
HOXA7,HOXA7,7,0,0,-1.6677333374373582,
HOXA9,HOXA9,7,0,0,-1.6796075352005104,
HOXA10,HOXA10,7,0,0,-2.5087030109030124,
HOXA11,HOXA11,7,0,0,-1.9815296650665992,
HOXA13,HOXA13,7,0,0,-1.5924744097706256,
EVX1,EVX1,7,0,0,-2.703194622838902,
HIBADH,HIBADH,7,0,0,0.7556078565297248,0.284569432382869
TAX1BP1,TAX1BP1,7,0,0,0.5340235894700136,1.90008872889028
JAZF1,JAZF1,7,0,0,-1.7588215357175585,-1.556130583442
CREB5,CREB5,7,0,0,-2.4944641726924104,-3.43284337726197
TRIL,TRIL,7,0,0,-2.9757053347248217,-2.58387931133704
CPVL,CPVL,7,0,0,0.8329000692728918,2.72034323096861
CHN2,CHN2,7,0,0,-0.459814446634784,-1.0089301537677
PRR15,PRR15,7,0,0,-3.9342976589455017,
WIPF3,WIPF3,7,0,0,-2.8321459065636674,-3.18783722986552
SCRN1,SCRN1,7,0,0,-0.8101376193376542,-0.924310011764834
FKBP14,FKBP14,7,0,0,0.7091579729428261,0.861476754727294
PLEKHA8,PLEKHA8,7,0,0,0.33498983204391486,-0.567319596354298
MTURN,MTURN,7,0,0,-1.4447417894106334,-2.56285134649215
ZNRF2,ZNRF2,7,0,0,-2.0944322223690612,-2.00314437101262
NOD1,NOD1,7,0,0,-1.8472242334202011,-2.97685941128962
GGCT,GGCT,7,0,0,0.34383900468131223,0.34408931133801
GARS1,GARS1,7,0,0,0.2693876777925439,0.230205061997732
CRHR2,CRHR2,7,0,0,-1.0492163911028332,
INMT,INMT,7,0,0,-1.3404695188911155,-1.1045531715792
MINDY4,MINDY4,7,0,0,-1.4486377862051292,-1.87467072436984
AQP1,AQP1,7,0,0,-1.9370581635871673,-0.113931025392384
GHRHR,GHRHR,7,0,0,-1.2754925375806128,
ADCYAP1R1,ADCYAP1R1,7,0,0,-0.4683112213201337,
NEUROD6,NEUROD6,7,0,0,-0.9884577210430887,
ITPRID1,ITPRID1,7,0,0,-1.5052806311074622,
PPP1R17,PPP1R17,7,0,0,-0.5669467813956963,
PDE1C,PDE1C,7,0,0,-0.5252101616020486,
LSM5,LSM5,7,0,0,1.5175918163705315,3.04163598400232
AVL9,AVL9,7,0,0,-0.13840320023487784,-0.479873765863295
KBTBD2,KBTBD2,7,0,0,0.9547355320270619,1.23409044300538
FKBP9,FKBP9,7,0,0,-0.5009441655178701,-1.3867205308638
NT5C3A,NT5C3A,7,0,0,1.4461770147437907,
RP9,RP9,7,0,0,-1.5194873373438984,-0.233327023008335
BBS9,BBS9,7,0,0,0.7149480514401336,0.189319802460151
BMPER,BMPER,7,0,0,-0.9086783829864622,0.0863071194669834
NPSR1,NPSR1,7,0,0,-0.13265117856314745,
DPY19L1,DPY19L1,7,0,0,1.087611262006556,
TBX20,TBX20,7,0,0,-1.626938864868368,
HERPUD2,HERPUD2,7,0,0,0.1174605784048044,0.265605100315962
SEPTIN7,SEPTIN7,7,0,0,0.754863584082683,0.591189396378737
EEPD1,EEPD1,7,0,0,-2.4850807543490294,-2.5292357254697
MATCAP2,MATCAP2,7,0,0,0.08238895061386131,0.181900461550815
ANLN,ANLN,7,0,0,0.0055547043439325705,
AOAH,AOAH,7,0,0,-0.27687443463588934,-0.0454663803940563
ELMO1,ELMO1,7,0,0,-0.8348595838476953,-0.586984944866353
GPR141,GPR141,7,0,0,0.904614564875553,
NME8,NME8,7,0,0,0.7353601121970108,
SFRP4,SFRP4,7,0,0,-1.29497541472983,
EPDR1,EPDR1,7,0,0,-1.2258294955706628,-1.15964743358294
STARD3NL,STARD3NL,7,0,0,0.09538745784147018,0.235933584772391
TARP,TARP,7,0,0,-0.13184064629328418,
AMPH,AMPH,7,0,0,-1.2366503626939274,
VPS41,VPS41,7,0,0,0.5057710246330966,-0.225884182762066
POU6F2,POU6F2,7,0,0,-2.37664227859071,
YAE1,YAE1,7,0,0,0.13382912759858456,-0.804990261620903
RALA,RALA,7,0,0,0.7897097941053737,1.51509539496452
CDK13,CDK13,7,0,0,-1.4225849787349922,-2.82381625297108
MPLKIP,MPLKIP,7,0,0,-2.3503144614748734,-0.382879523320819
SUGCT,SUGCT,7,0,0,0.6067930995054098,0.285876105680924
INHBA,INHBA,7,0,0,-1.8404003453171907,-1.51789543997585
GLI3,GLI3,7,0,0,-2.675020973128099,
C7orf25,C7orf25,7,0,0,-0.3406079657437644,-0.594706696395558
PSMA2,PSMA2,7,0,0,1.283464761232807,1.99767249235934
MRPL32,MRPL32,7,0,0,-0.6592101868503981,0.613681529238652
HECW1,HECW1,7,0,0,-2.175449141506318,
STK17A,STK17A,7,0,0,0.09796010409090883,-0.290762207788076
COA1,COA1,7,0,0,-0.7583926781469668,-0.741555198042998
BLVRA,BLVRA,7,0,0,-0.7556028068784961,0.079700678824153
MRPS24,MRPS24,7,0,0,-1.4808949312575503,
URGCP,URGCP,7,0,0,-1.9391486045258102,-2.04331123308209
UBE2D4,UBE2D4,7,0,0,-0.35044007308411906,-2.9856402361312
SPDYE1,SPDYE1,7,0,0,-2.0082719146400247,
DBNL,DBNL,7,0,0,-2.795830957350118,-1.93455154659409
PGAM2,PGAM2,7,0,0,-2.1737019014947396,-4.22404318025972
POLM,POLM,7,0,0,-2.6383154529516375,-3.08309080517704
AEBP1,AEBP1,7,0,0,-2.534917474169122,-2.07687614875907
POLD2,POLD2,7,0,0,-2.1606898140476645,-3.00272451582046
MYL7,MYL7,7,0,0,-1.6787932257544984,
GCK,GCK,7,0,0,-1.8648965862085056,-1.86055139108057
YKT6,YKT6,7,0,0,-0.5142085012637381,0.571162651218686
CAMK2B,CAMK2B,7,0,0,-2.2647159409251554,-0.693595537428901
NUDCD3,NUDCD3,7,0,0,-1.4078584687682394,-0.902731334535741
NPC1L1,NPC1L1,7,0,0,-1.423060840333667,-1.06877079226755
DDX56,DDX56,7,0,0,-1.5445920489768845,-0.587835421390893
TMED4,TMED4,7,0,0,-1.6180564263237454,-0.228617323774307
OGDH,OGDH,7,0,0,-1.3481112126037953,-0.462067615508779
ZMIZ2,ZMIZ2,7,0,0,-2.610676841236762,-3.07557794219496
PPIA,PPIA,7,0,0,0.14506119096671988,1.16437506169409
H2AZ2,H2AZ2,7,0,0,-0.09967195106755788,0.555367498289137
PURB,PURB,7,0,0,-2.077414361856281,-2.13834801017857
MYO1G,MYO1G,7,0,0,-2.293834864236656,-3.32007739314434
CCM2,CCM2,7,0,0,-2.2692003168342705,-3.80763878225784
NACAD,NACAD,7,0,0,-3.02346751222205,
TBRG4,TBRG4,7,0,0,-2.0907731454478604,-1.51549276009429
RAMP3,RAMP3,7,0,0,-1.188483508885282,-0.781683453115023
ADCY1,ADCY1,7,0,0,-1.5189633675102403,-1.26656104943145
CCDC201,CCDC201,7,0,0,-3.2995332345569697,
IGFBP1,IGFBP1,7,0,0,-1.6872135366297538,-0.703897891886839
IGFBP3,IGFBP3,7,0,0,-2.1185313846572615,-1.29438808498557
TNS3,TNS3,7,0,0,-2.369709945230756,-1.65230665052341
PKD1L1,PKD1L1,7,0,0,-1.0086520139685309,
HUS1,HUS1,7,0,0,0.026883564671292604,0.535399550415549
SUN3,SUN3,7,0,0,0.7133258471129178,
C7orf57,C7orf57,7,0,0,-1.5915042602548155,
UPP1,UPP1,7,0,0,-0.6485916196450283,-2.51261988642479
ABCA13,ABCA13,7,0,0,0.378224945098415,
CDC14C,CDC14C,7,0,0,0.7717153038851823,
VWC2,VWC2,7,0,0,-2.6418533868082807,
ZPBP,ZPBP,7,0,0,0.5053815858339021,
SPMIP7,SPMIP7,7,0,0,0.13369082917933106,
IKZF1,IKZF1,7,0,0,-2.2472839276541148,
FIGNL1,FIGNL1,7,0,0,0.5105734561970454,0.0002624231503568
DDC,DDC,7,0,0,-0.8734129754884901,-0.572854102078207
GRB10,GRB10,7,0,0,-2.013461663405465,-2.6190682606011
COBL,COBL,7,0,0,-2.1835122913506737,-2.34530937603893
POM121L12,POM121L12,7,0,0,-3.245474782850202,
VSTM2A,VSTM2A,7,0,0,-1.6973354258810094,
SEC61G,SEC61G,7,0,0,2.0951741136399704,
EGFR,EGFR,7,0,0,-1.4145442941797146,-0.609451990686454
LANCL2,LANCL2,7,0,0,-0.35982520215526215,-0.209970968086172
VOPP1,VOPP1,7,0,0,-1.077652424856213,-1.07834284702908
SEPTIN14,SEPTIN14,7,0,0,0.6919957058239596,
ZNF713,ZNF713,7,0,0,-0.4507601637228653,
MRPS17,MRPS17,7,0,0,0.4784659926337369,2.07749192404854
NIPSNAP2,NIPSNAP2,7,0,0,-0.37437209657026393,-0.321761112222547
PSPH,PSPH,7,0,0,0.09145380051678842,-0.87726936608476
CCT6A,CCT6A,7,0,0,0.6944042444502898,0.649542338204397
SUMF2,SUMF2,7,0,0,-1.2601257456386836,-0.896617312581663
PHKG1,PHKG1,7,0,0,-1.918149788811899,
CHCHD2,CHCHD2,7,0,0,-1.7442015517741787,-1.27501197782819
NUPR2,NUPR2,7,0,0,-2.058032114926629,
ZNF479,ZNF479,7,0,0,-0.3198417520562522,
ZNF716,ZNF716,7,0,0,0.2194044805002875,
ZNF722,ZNF722,7,0,0,0.04533613002870496,
ZNF727,ZNF727,7,0,0,0.10022105842071838,
ZNF735,ZNF735,7,0,0,0.06755795906532391,
ZNF679,ZNF679,7,0,0,0.12349615935269931,
ZNF736,ZNF736,7,0,0,0.23982734084913915,
ZNF680,ZNF680,7,0,0,0.5203697379439713,-1.50935188137987
ZNF107,ZNF107,7,0,0,0.5387825628412823,-0.529512281420117
ZNF138,ZNF138,7,0,0,0.7284687737798237,
ZNF273,ZNF273,7,0,0,0.5775433125671707,
ZNF117,ZNF117,7,0,0,0.6602076600632873,-0.740106992274392
ERV3-1,ERV3-1,7,0,0,0.15498255229556257,
ZNF92,ZNF92,7,0,0,0.8308641067670539,-0.345433410373277
VKORC1L1,VKORC1L1,7,0,0,-0.6792758821059319,-0.903248092323334
GUSB,GUSB,7,0,0,-0.995030515170269,-0.232755994956604
ASL,ASL,7,0,0,-2.153197175871128,
CRCP,CRCP,7,0,0,-1.535862817477943,
TPST1,TPST1,7,0,0,0.17066323510303327,-2.07050419645511
KCTD7,KCTD7,7,0,0,-2.003803756652454,
RABGEF1,RABGEF1,7,0,0,-0.007022925506980471,
TMEM248,TMEM248,7,0,0,-0.6458862856347451,-0.938432891122432
SBDS,SBDS,7,0,0,0.4228125864405552,1.53792445971472
TYW1,TYW1,7,0,0,-0.08247513097151149,-0.49386135275544
SPDYE21,SPDYE21,7,0,0,-2.0587726079948077,
AUTS2,AUTS2,7,0,0,-3.4789453986654184,-3.73164523779498
GALNT17,GALNT17,7,0,0,-1.0076689131649434,
CALN1,CALN1,7,0,0,-1.5304567089120678,-1.9600627122327
TYW1B,TYW1B,7,0,0,-0.21389365398000137,
POM121,POM121,7,0,0,-2.572854598678447,-3.41597974539567
TRIM74,TRIM74,7,0,0,-2.677806086882633,
SPDYE8,SPDYE8,7,0,0,-1.4629910424019261,
SPDYE11,SPDYE11,7,0,0,-1.4629910424019261,
SPDYE9,SPDYE9,7,0,0,-1.4629910424019261,
SPDYE10,SPDYE10,7,0,0,-1.4203644492553575,
NSUN5,NSUN5,7,0,0,-2.1653501760345772,-1.69557647059323
TRIM50,TRIM50,7,0,0,-3.1420800548331016,
FKBP6,FKBP6,7,0,0,-0.6045476375178289,
FZD9,FZD9,7,0,0,-1.5805885651272966,
BAZ1B,BAZ1B,7,0,0,-0.6162081414863785,-1.70147101549727
BCL7B,BCL7B,7,0,0,-2.661110821271391,-2.10704886998175
TBL2,TBL2,7,0,0,-1.556561897115344,-0.585352762669214
MLXIPL,MLXIPL,7,0,0,-2.9519010679811437,-2.88861780770092
VPS37D,VPS37D,7,0,0,-3.7866170918300615,-3.58409889447624
DNAJC30,DNAJC30,7,0,0,-2.1293156636827337,-0.643853634407985
BUD23,BUD23,7,0,0,-1.082476270462033,-0.867985394894266
STX1A,STX1A,7,0,0,-2.1092043185270537,-3.96002172512953
ABHD11,ABHD11,7,0,0,-2.4934661131973677,-1.31351311879213
CLDN3,CLDN3,7,0,0,-1.4283154943195822,-0.947020939767181
CLDN4,CLDN4,7,0,0,-1.0402698055393742,-0.868749831599708
METTL27,METTL27,7,0,0,-2.4796069329073127,-1.51891126872244
TMEM270,TMEM270,7,0,0,-1.8061650125014683,
ELN,ELN,7,0,0,0.08902351330042357,-1.31093032698698
LIMK1,LIMK1,7,0,0,-2.3978729177652642,-3.24509963143013
EIF4H,EIF4H,7,0,0,-0.6680588899187896,-0.293972431306011
LAT2,LAT2,7,0,0,-2.1354864453500895,-1.96637457999419
RFC2,RFC2,7,0,0,-0.5925232152836646,-0.706538337092837
CLIP2,CLIP2,7,0,0,-3.1203154039878083,-4.20223670404132
GTF2IRD1,GTF2IRD1,7,0,0,-2.33704901734019,-3.09613473558311
GTF2I,GTF2I,7,0,0,0.1984924534458674,0.714186105055682
NCF1,NCF1,7,0,0,-2.3684447262299138,-2.30933328813083
GTF2IRD2,GTF2IRD2,7,0,0,-0.42029593590355496,
SPDYE12,SPDYE12,7,0,0,-1.3603450561919264,
CASTOR2,CASTOR2,7,0,0,-1.7558937568747126,-2.27005345891556
RCC1L,RCC1L,7,0,0,-1.3147709202610915,-1.65493058264554
GTF2IRD2B,GTF2IRD2B,7,0,0,-0.42414224403042944,
SPDYE13,SPDYE13,7,0,0,-1.4416395118495675,
SPDYE14,SPDYE14,7,0,0,-1.4416395118495675,
SPDYE15,SPDYE15,7,0,0,-1.4416395118495675,
TRIM73,TRIM73,7,0,0,-2.7666810750633157,
POM121C,POM121C,7,0,0,-2.6552926627837046,-2.56706217207938
SPDYE5,SPDYE5,7,0,0,-1.9446085977578242,
HIP1,HIP1,7,0,0,-1.8291404656693189,-2.22062093533595
CCL26,CCL26,7,0,0,-0.9595347548811706,
CCL24,CCL24,7,0,0,-1.250883180136217,
RHBDD2,RHBDD2,7,0,0,-2.018937391024643,-1.66963980411025
POR,POR,7,0,0,-1.8187761951668726,-0.890931800854812
TMEM120A,TMEM120A,7,0,0,-1.3007020118020556,-1.20501241357509
STYXL1,STYXL1,7,0,0,-0.5062253956129581,0.348858089895995
MDH2,MDH2,7,0,0,-0.8528351883246454,-0.416792252134904
SRRM3,SRRM3,7,0,0,-4.670807439083736,
HSPB1,HSPB1,7,0,0,-3.3848189764041656,-1.10636868177669
YWHAG,YWHAG,7,0,0,-1.7551378968936984,-0.641356284336712
SSC4D,SSC4D,7,0,0,-2.4287856088316797,-3.09124262790036
ZP3,ZP3,7,0,0,-1.880620877073662,
DTX2,DTX2,7,0,0,-2.6554673906334916,-2.55158506596859
UPK3B,UPK3B,7,0,0,-2.6747535682029735,
SPDYE16,SPDYE16,7,0,0,-2.018383145016264,
POMZP3,POMZP3,7,0,0,-1.6405286661263343,-3.46016127925969
SPDYE17,SPDYE17,7,0,0,-1.4629910424019261,
SPDYE18,SPDYE18,7,0,0,-2.030779002269176,
CCDC146,CCDC146,7,0,0,0.27988144351373556,-1.20771995530153
FGL2,FGL2,7,0,0,0.4597380800170132,1.05149330932936
GSAP,GSAP,7,0,0,0.3127873184082244,-1.28367660463202
PTPN12,PTPN12,7,0,0,0.0034219615731228004,-0.287153741585775
RSBN1L,RSBN1L,7,0,0,-0.2130780205924374,-0.922636577506453
TMEM60,TMEM60,7,0,0,1.669494673566648,1.58426446415258
PHTF2,PHTF2,7,0,0,0.5662092423020741,1.20375827636891
MAGI2,MAGI2,7,0,0,-1.5522318846224223,-1.73712022728169
GNAI1,GNAI1,7,0,0,1.0925733265312871,0.376597987346903
GNAT3,GNAT3,7,0,0,0.9571276398768003,
CD36,CD36,7,0,0,1.3520255163155444,2.97075804900656
SEMA3C,SEMA3C,7,0,0,0.2673972462777119,
HGF,HGF,7,0,0,0.5649145239796187,1.34607360454214
CACNA2D1,CACNA2D1,7,0,0,1.2907849318315456,
PCLO,PCLO,7,0,0,-0.7961384386592112,
SEMA3E,SEMA3E,7,0,0,0.20128445871324452,
SEMA3A,SEMA3A,7,0,0,0.23286169314660832,
SEMA3D,SEMA3D,7,0,0,0.540230333390598,
GRM3,GRM3,7,0,0,-0.4831027688162344,
ELAPOR2,ELAPOR2,7,0,0,0.23559105329427688,
DMTF1,DMTF1,7,0,0,0.09027162989734094,
TMEM243,TMEM243,7,0,0,0.4519084236386295,-1.83111549477549
CROT,CROT,7,0,0,0.8849841110299064,3.12987553205053
ABCB4,ABCB4,7,0,0,0.45379049661051063,0.289273376049878
ABCB1,ABCB1,7,0,0,0.787954021998452,1.30330344261255
RUNDC3B,RUNDC3B,7,0,0,-0.08749730286806923,2.11418359452725
SLC25A40,SLC25A40,7,0,0,1.6439326586868663,0.0011174771312486
DBF4,DBF4,7,0,0,0.5404598727280874,
ADAM22,ADAM22,7,0,0,0.15889805286088965,
SRI,SRI,7,0,0,0.6463910453284996,1.06949883819251
STEAP4,STEAP4,7,0,0,0.9256227922549289,1.32881455959698
ZNF804B,ZNF804B,7,0,0,-0.4165734538903987,
TEX47,TEX47,7,0,0,0.6525501577529713,
STEAP1,STEAP1,7,0,0,0.9594368838024039,2.88862746904554
STEAP2,STEAP2,7,0,0,1.021652872509664,
CFAP69,CFAP69,7,0,0,1.0706112143520823,-1.23125947929819
FAM237B,FAM237B,7,0,0,1.6692945620790098,
GTPBP10,GTPBP10,7,0,0,1.3650095118705412,1.96559912698811
CLDN12,CLDN12,7,0,0,-0.05439463576471226,1.10598355028048
PTTG1IP2,PTTG1IP2,7,0,0,1.2401654997113134,
CDK14,CDK14,7,0,0,-0.43129874835641324,-0.872358579871701
FZD1,FZD1,7,0,0,-1.8209732665423104,-2.59238838335357
MTERF1,MTERF1,7,0,0,0.661719595146872,
AKAP9,AKAP9,7,0,0,0.0922572522566778,-1.27406030408158
CYP51A1,CYP51A1,7,0,0,0.6725165858028728,0.612951920267035
LRRD1,LRRD1,7,0,0,0.8568996542738425,
KRIT1,KRIT1,7,0,0,0.9041452824560299,2.96875432807417
ANKIB1,ANKIB1,7,0,0,-0.1393720172013282,-2.21390108265923
GATAD1,GATAD1,7,0,0,-0.7443793486998729,-0.852944301767604
ERVW-1,ERVW-1,7,0,0,0.21056188175814228,
PEX1,PEX1,7,0,0,0.16154478390321003,0.9375089999524
RBM48,RBM48,7,0,0,0.41936103991233153,0.019265459945715
FAM133B,FAM133B,7,0,0,-0.5144268425903125,1.27127013557669
CDK6,CDK6,7,0,0,-0.6911510269602292,-0.654585171898209
SAMD9,SAMD9,7,0,0,1.163652382651497,2.70026895416528
SAMD9L,SAMD9L,7,0,0,0.8847931173783561,1.37582574595094
HEPACAM2,HEPACAM2,7,0,0,0.093440670061824,
VPS50,VPS50,7,0,0,0.9464809942113828,1.93921039167819
CALCR,CALCR,7,0,0,0.7814777332526255,
TFPI2,TFPI2,7,0,0,0.01140082315360047,0.312923185485425
GNGT1,GNGT1,7,0,0,0.5633812763641366,
GNG11,GNG11,7,0,0,0.31704311277542097,2.69862021557587
BET1,BET1,7,0,0,1.2067674277476854,1.67597270110192
COL1A2,COL1A2,7,0,0,-0.5632055429095981,-1.69836241980906
CASD1,CASD1,7,0,0,1.656927376646749,-1.02309907645098
SGCE,SGCE,7,0,0,0.12887601085162537,0.416994107531303
PPP1R9A,PPP1R9A,7,0,0,-0.4151851066077743,
PON1,PON1,7,0,0,0.7399891023733449,2.94833227408618
PON3,PON3,7,0,0,0.33581962118060105,2.39352087216751
PON2,PON2,7,0,0,0.6219418328847848,0.999522144037114
ASB4,ASB4,7,0,0,-0.38542967702581166,
PDK4,PDK4,7,0,0,0.3705998067054477,1.74872616688501
DYNC1I1,DYNC1I1,7,0,0,-0.7773242342565059,
SLC25A13,SLC25A13,7,0,0,0.6182243033207833,0.649333104142176
SEM1,SEM1,7,0,0,0.25960911956694055,1.7876035127641
DLX6,DLX6,7,0,0,-2.496259329117116,
DLX5,DLX5,7,0,0,-2.2539313050592806,
SDHAF3,SDHAF3,7,0,0,-0.41899095702476075,1.33023632323392
TAC1,TAC1,7,0,0,0.2922304231325814,
ASNS,ASNS,7,0,0,0.9455459149812171,0.122696494343752
OCM2,OCM2,7,0,0,-0.31168557677008124,
LMTK2,LMTK2,7,0,0,-1.786112739163178,-3.29563667669803
BHLHA15,BHLHA15,7,0,0,-4.410299100405004,-1.25607972789296
TECPR1,TECPR1,7,0,0,-2.69428291137112,-3.24405560096659
BRI3,BRI3,7,0,0,-2.0443505763144767,-2.6844565602366
BAIAP2L1,BAIAP2L1,7,0,0,-0.7787112086455661,-0.626946937055717
NPTX2,NPTX2,7,0,0,-2.513123696147302,-1.54498181110037
TMEM130,TMEM130,7,0,0,-1.4066805030779506,
TRRAP,TRRAP,7,0,0,-1.0291179762996503,-2.79383958986724
SMURF1,SMURF1,7,0,0,-1.3411693377312748,-2.15583643704554
KPNA7,KPNA7,7,0,0,-1.1271039943722005,
ARPC1A,ARPC1A,7,0,0,-0.7540599857586479,-1.23575141059698
ARPC1B,ARPC1B,7,0,0,-1.9003532663336067,-1.9686259611636
PDAP1,PDAP1,7,0,0,-1.754680008492489,-1.53242594846235
BUD31,BUD31,7,0,0,-0.8191892558794152,-0.116882029369847
PTCD1,PTCD1,7,0,0,-2.3867661418652677,
CPSF4,CPSF4,7,0,0,-1.95438704741097,-2.22488670725529
ATP5MF,ATP5MF,7,0,0,-0.574317981663464,
ZNF789,ZNF789,7,0,0,-0.6029811372595724,-1.88321612271473
ZNF394,ZNF394,7,0,0,-2.136648243746473,-2.74805168174627
ZKSCAN5,ZKSCAN5,7,0,0,-1.6501605970938371,-2.89298924659
FAM200A,FAM200A,7,0,0,0.6979330968144204,-0.304342142320341
ZNF655,ZNF655,7,0,0,-0.695619917190152,-1.63425287413021
TMEM225B,TMEM225B,7,0,0,-0.5531239163981478,
ZSCAN25,ZSCAN25,7,0,0,-3.0108775750726107,-2.86036874153555
CYP3A5,CYP3A5,7,0,0,0.41353136868931095,-0.103287602918605
CYP3A7,CYP3A7,7,0,0,0.5182562699055051,
CYP3A4,CYP3A4,7,0,0,0.4246643690692693,3.59432559604639
CYP3A43,CYP3A43,7,0,0,0.6817197354456042,-0.0009788126207265
OR2AE1,OR2AE1,7,0,0,0.5613550543090398,
TRIM4,TRIM4,7,0,0,-1.144771033044357,-0.683600467982227
GJC3,GJC3,7,0,0,-1.1283435675252402,-0.929921859380169
AZGP1,AZGP1,7,0,0,-1.1527073982618994,-0.249366289407765
ZKSCAN1,ZKSCAN1,7,0,0,-1.8503293870639226,-1.98184320759626
ZSCAN21,ZSCAN21,7,0,0,-2.019638051332919,-0.961362384803827
ZNF3,ZNF3,7,0,0,-1.3477543093334585,-0.191027207161399
COPS6,COPS6,7,0,0,-0.8440486005152898,0.0153370906477397
MCM7,MCM7,7,0,0,-1.1016110604473486,-1.1553074697696
AP4M1,AP4M1,7,0,0,-2.2989199584560254,-1.49730422744698
TAF6,TAF6,7,0,0,-2.2372165869292573,-2.57917047981951
CNPY4,CNPY4,7,0,0,-1.6364006371983013,-1.27211494144593
MBLAC1,MBLAC1,7,0,0,-3.4711497183704836,-2.24702727930218
LAMTOR4,LAMTOR4,7,0,0,-1.8232136603964797,-1.10818972765828
TRAPPC14,TRAPPC14,7,0,0,-2.2602761552709065,-4.35693548958948
GAL3ST4,GAL3ST4,7,0,0,-1.7567558333727504,-1.1202291895278
GPC2,GPC2,7,0,0,-2.4644624019939005,
STAG3,STAG3,7,0,0,-1.4544267091600656,-1.41574022470942
PVRIG,PVRIG,7,0,0,-2.8312794576503197,-2.43597423279583
SPDYE3,SPDYE3,7,0,0,-2.1976008163819714,
PILRB,PILRB,7,0,0,-2.173131116992634,-6.90222163331917
PILRA,PILRA,7,0,0,-2.219721798290916,-0.326249447641659
ZCWPW1,ZCWPW1,7,0,0,-1.1768276732636327,-1.53899844178524
MEPCE,MEPCE,7,0,0,-2.5588693459142995,-2.65171778068731
PPP1R35,PPP1R35,7,0,0,-3.6370166244528708,-2.52052756797535
SPACDR,SPACDR,7,0,0,-2.1078239297916923,
TSC22D4,TSC22D4,7,0,0,-3.2666592172402176,-4.03189468703324
NYAP1,NYAP1,7,0,0,-3.668633791042234,
AGFG2,AGFG2,7,0,0,-2.184204553472238,-1.49671981936149
SAP25,SAP25,7,0,0,-3.404176930630225,
LRCH4,LRCH4,7,0,0,-3.1571812281684313,-2.90871016609447
FBXO24,FBXO24,7,0,0,-1.7960364653429135,
PCOLCE,PCOLCE,7,0,0,-2.1352241626772894,-0.860529946922361
MOSPD3,MOSPD3,7,0,0,-2.0228608999056803,-4.70661165927458
TFR2,TFR2,7,0,0,-2.4176593959975676,-1.73875550060032
ACTL6B,ACTL6B,7,0,0,-1.7131036578859717,
GNB2,GNB2,7,0,0,-1.9308425974216998,-1.37279889840059
GIGYF1,GIGYF1,7,0,0,-3.3405148467959265,-3.16836140969013
POP7,POP7,7,0,0,-1.9835318416459113,-1.10006578341408
EPO,EPO,7,0,0,-1.9031821054243405,-1.41830128686328
ZAN,ZAN,7,0,0,-2.0450719610768413,
EPHB4,EPHB4,7,0,0,-2.1817429846972587,-2.89086538372801
SLC12A9,SLC12A9,7,0,0,-1.9691266095935962,-2.13510790423414
TRIP6,TRIP6,7,0,0,-2.98556561634855,-2.16013847574435
SRRT,SRRT,7,0,0,-2.0320663326715636,-1.91942317332662
ACHE,ACHE,7,0,0,-2.3607269235853146,-1.97321265909095
MUC3A,MUC3A,7,0,0,-1.5928693661974531,-1.70247703323732
MUC12,MUC12,7,0,0,-3.1715873321744947,
MUC17,MUC17,7,0,0,-1.6130589105585695,
TRIM56,TRIM56,7,0,0,-2.9595794826404695,-3.06480118310413
SERPINE1,SERPINE1,7,0,0,-1.3268168243241387,-1.02584424992292
AP1S1,AP1S1,7,0,0,-0.9020102519093314,-0.200184540336489
VGF,VGF,7,0,0,-3.763455930762005,
NAT16,NAT16,7,0,0,-2.7110945158726754,
MOGAT3,MOGAT3,7,0,0,-1.189299512938092,-0.739276666023012
PLOD3,PLOD3,7,0,0,-1.9241077829656046,-1.29498764389035
ZNHIT1,ZNHIT1,7,0,0,-1.8927037396573319,-0.631277981438825
CLDN15,CLDN15,7,0,0,-1.5958359154622634,-0.959036946375562
FIS1,FIS1,7,0,0,-1.2508888803621367,-1.48842550794837
IFT22,IFT22,7,0,0,-0.8044834882365333,-0.0377872519350914
COL26A1,COL26A1,7,0,0,-3.273123136944191,-3.44628016107508
MYL10,MYL10,7,0,0,-1.2448058721985102,
CUX1,CUX1,7,0,0,-2.7716032973647096,-2.71808737872811
SH2B2,SH2B2,7,0,0,-2.8697968837818717,-4.76091923702468
SPDYE6,SPDYE6,7,0,0,-2.0344294148187902,
PRKRIP1,PRKRIP1,7,0,0,-1.5042129743088868,-2.71467035366393
ORAI2,ORAI2,7,0,0,-2.8262067679664025,
ALKBH4,ALKBH4,7,0,0,-2.8769494535733475,-2.26689160792809
LRWD1,LRWD1,7,0,0,-2.6398413188990766,-2.17219311890691
POLR2J,POLR2J,7,0,0,-1.6645766732746203,-0.571767847652186
RASA4B,RASA4B,7,0,0,-2.796166058116647,
UPK3BL2,UPK3BL2,7,0,0,-2.5688589007872302,
SPDYE2,SPDYE2,7,0,0,-2.067202305504093,
POLR2J3,POLR2J3,7,0,0,-1.7500251775833373,
RASA4,RASA4,7,0,0,-2.7650091491144035,
UPK3BL1,UPK3BL1,7,0,0,-2.569802544903869,
SPDYE2B,SPDYE2B,7,0,0,-2.0595353698897796,
POLR2J2,POLR2J2,7,0,0,-1.8033739129612432,
FAM185A,FAM185A,7,0,0,-0.30020954381455844,-0.497863679711715
FBXL13,FBXL13,7,0,0,0.7304045607701912,
LRRC17,LRRC17,7,0,0,-0.2716084219173496,-0.416663039236224
ARMC10,ARMC10,7,0,0,0.0385891616640901,-0.799713130742481
NAPEPLD,NAPEPLD,7,0,0,0.41062991914920666,1.82941500133396
PMPCB,PMPCB,7,0,0,0.9148142243800095,2.03086093769867
DNAJC2,DNAJC2,7,0,0,0.7867173134122165,-0.526205201987975
PSMC2,PSMC2,7,0,0,0.5712044945621528,0.961028360567316
SLC26A5,SLC26A5,7,0,0,0.8363669642382874,
RELN,RELN,7,0,0,-0.16030605045127722,-0.0937623976527183
ORC5,ORC5,7,0,0,1.048920009638385,2.13444807156417
LHFPL3,LHFPL3,7,0,0,-0.18278499684336147,
KMT2E,KMT2E,7,0,0,-0.6544244626341982,-1.85812185301768
SRPK2,SRPK2,7,0,0,-0.6615391005940108,-0.737108513562229
PUS7,PUS7,7,0,0,0.6277813211296266,-0.0403550560555771
RINT1,RINT1,7,0,0,0.66809928440364,1.13134266193737
EFCAB10,EFCAB10,7,0,0,0.5512588941240768,
ATXN7L1,ATXN7L1,7,0,0,-1.9306231497608675,-2.28064133465526
CDHR3,CDHR3,7,0,0,-0.30604820149734024,-4.04513712376186
SYPL1,SYPL1,7,0,0,1.3643906531515313,3.857667763413
NAMPT,NAMPT,7,0,0,1.1657013103414897,1.8781534029391
CCDC71L,CCDC71L,7,0,0,-3.3133351433480733,-2.13543407800319
PIK3CG,PIK3CG,7,0,0,-0.7096265973098141,
PRKAR2B,PRKAR2B,7,0,0,0.345804984996402,-2.12186068104221
HBP1,HBP1,7,0,0,0.3110839544016546,3.8954953655297
COG5,COG5,7,0,0,0.7828418275701932,0.489951965773529
GPR22,GPR22,7,0,0,1.4517960272951473,
DUS4L,DUS4L,7,0,0,1.3590270833928066,
BCAP29,BCAP29,7,0,0,1.4407564346732524,1.8245842232068
SLC26A4,SLC26A4,7,0,0,0.6563482701727335,
CBLL1,CBLL1,7,0,0,-1.0228375201782622,0.394112468510958
SLC26A3,SLC26A3,7,0,0,0.99725541318392,
DLD,DLD,7,0,0,1.7037533101141538,2.53919155435795
LAMB1,LAMB1,7,0,0,-0.6818466681684203,-0.624235000708991
LAMB4,LAMB4,7,0,0,-0.5964373302162862,
NRCAM,NRCAM,7,0,0,0.02941027031818244,
PNPLA8,PNPLA8,7,0,0,0.8077957660505337,0.942882480514348
THAP5,THAP5,7,0,0,0.6345325821210537,2.57305791456253
DNAJB9,DNAJB9,7,0,0,0.6227587033762703,4.59435489154953
IMMP2L,IMMP2L,7,0,0,-0.3980077620166611,1.71653523917323
LRRN3,LRRN3,7,0,0,0.8605759738811347,0.287233662259526
DOCK4,DOCK4,7,0,0,-0.566743128033858,-1.28175711772577
ZNF277,ZNF277,7,0,0,0.4867736265210354,0.573239026795256
LOC128031837,LOC128031837,7,0,0,-2.2661936940396394,
IFRD1,IFRD1,7,0,0,0.6920345485397963,-2.65512923148764
LSMEM1,LSMEM1,7,0,0,0.49725896316541984,-2.45053628914983
TMEM168,TMEM168,7,0,0,1.478625990747961,0.96618065003665
SAMTOR,SAMTOR,7,0,0,0.27304970648663307,-1.15046910554185
GPR85,GPR85,7,0,0,0.564381216085124,-1.86507324851768
SMIM30,SMIM30,7,0,0,0.8133342280549822,
PPP1R3A,PPP1R3A,7,0,0,0.3867582121842368,
FOXP2,FOXP2,7,0,0,-1.4680706950474196,-0.726105372614366
MDFIC,MDFIC,7,0,0,-0.5946028235070617,-1.92569332260169
TFEC,TFEC,7,0,0,-0.3412025285935769,-1.83631681771323
TES,TES,7,0,0,0.061009782850470984,-0.396863721857908
CAV2,CAV2,7,0,0,-1.1523157016882273,-0.589996646914895
CAV1,CAV1,7,0,0,-0.41642147299780774,-0.176344605919452
MET,MET,7,0,0,0.20760952678861422,1.3136297218774
CAPZA2,CAPZA2,7,0,0,1.2509549587613993,1.21491857585908
ST7,ST7,7,0,0,0.0310459443177713,-1.65933920174539
WNT2,WNT2,7,0,0,-0.987374367825371,-1.70454453058102
ASZ1,ASZ1,7,0,0,1.004713636919666,
CFTR,CFTR,7,0,0,0.5661002255371699,0.0428775610812938
CTTNBP2,CTTNBP2,7,0,0,-0.8032066485718108,-1.21336193534327
LSM8,LSM8,7,0,0,1.0248902483494469,2.79600417546013
ANKRD7,ANKRD7,7,0,0,1.618430007613414,
KCND2,KCND2,7,0,0,-0.9130380816255332,
TSPAN12,TSPAN12,7,0,0,0.956439252403678,1.25070546998344
ING3,ING3,7,0,0,0.2145437636233538,1.42720639385636
CPED1,CPED1,7,0,0,0.19134185076169175,-1.25628321457772
WNT16,WNT16,7,0,0,-0.6618164366746431,
FAM3C,FAM3C,7,0,0,1.592300931161951,1.10699145955731
PTPRZ1,PTPRZ1,7,0,0,0.2732802729510144,
AASS,AASS,7,0,0,0.5160003197739425,0.711461152173026
FEZF1,FEZF1,7,0,0,-1.7511754211294495,
CADPS2,CADPS2,7,0,0,0.09673149543646709,-1.43154203808271
RNF133,RNF133,7,0,0,0.752152522205721,
RNF148,RNF148,7,0,0,0.057191435617482966,-1.45899346388106
TAS2R16,TAS2R16,7,0,0,0.8707694535256003,
SLC13A1,SLC13A1,7,0,0,1.217304830477664,
IQUB,IQUB,7,0,0,0.8151934282023667,
NDUFA5,NDUFA5,7,0,0,0.8950305684580613,1.4489773682441
ASB15,ASB15,7,0,0,0.8304033333595484,
LMOD2,LMOD2,7,0,0,-1.7822635931939494,
WASL,WASL,7,0,0,-0.6798862947722579,-0.756320861642941
HYAL4,HYAL4,7,0,0,0.7756249062286606,
SPAM1,SPAM1,7,0,0,1.533957920033183,
TMEM229A,TMEM229A,7,0,0,-1.9546025633683275,
SSU72L6,SSU72L6,7,0,0,-0.9599037185868156,
GPR37,GPR37,7,0,0,-0.8577427323488394,-1.5611775803867
POT1,POT1,7,0,0,1.0893001815199774,1.44392424340393
GRM8,GRM8,7,0,0,0.07254152605793784,-2.0225375419209
ZNF800,ZNF800,7,0,0,0.47229464349043404,1.43937964375907
GCC1,GCC1,7,0,0,-2.1584865068982513,-2.31958234498511
ARF5,ARF5,7,0,0,-0.8342261130868245,-0.904225096161905
FSCN3,FSCN3,7,0,0,-1.4687893294585646,
PAX4,PAX4,7,0,0,-2.3013596529731792,
SND1,SND1,7,0,0,-1.0621314623975167,-0.737885591213815
LRRC4,LRRC4,7,0,0,-1.499097206722075,
LEP,LEP,7,0,0,-1.5429277498129714,
RBM28,RBM28,7,0,0,-0.6247608714128727,-0.88795463605889
PRRT4,PRRT4,7,0,0,-3.0248848669646993,
IMPDH1,IMPDH1,7,0,0,-1.6453452939234001,-3.8669869486996
HILPDA,HILPDA,7,0,0,-1.7718474735094443,-0.841740602262413
METTL2B,METTL2B,7,0,0,-0.04323178819955409,-0.90401441331091
GARIN1A,GARIN1A,7,0,0,-1.7941695416416916,
GARIN1B,GARIN1B,7,0,0,-1.7521484225531285,
CALU,CALU,7,0,0,0.36533887677992816,1.46208646636737
OPN1SW,OPN1SW,7,0,0,0.11797294015639537,
CCDC136,CCDC136,7,0,0,-2.2101204083446078,
FLNC,FLNC,7,0,0,-2.1314829335332224,
ATP6V1F,ATP6V1F,7,0,0,-1.8015146146189096,-0.196831897639506
SPMIP1,SPMIP1,7,0,0,-1.5036075600717353,
KCP,KCP,7,0,0,-3.3440319782823575,
IRF5,IRF5,7,0,0,-2.550996818050141,-1.96265616676856
TNPO3,TNPO3,7,0,0,0.006859164221042491,-0.526887856034894
TSPAN33,TSPAN33,7,0,0,-0.4285787831081098,-2.2129814948275
SMO,SMO,7,0,0,-1.8375459430178775,-4.40103460923505
AHCYL2,AHCYL2,7,0,0,-0.4542724646124725,0.312539109535573
STRIP2,STRIP2,7,0,0,-0.9955500430621491,
SMKR1,SMKR1,7,0,0,-0.943865390128563,
NRF1,NRF1,7,0,0,-0.9084361123689231,-1.41634682292063
UBE2H,UBE2H,7,0,0,0.20318681190220467,-0.619651826410283
ZC3HC1,ZC3HC1,7,0,0,-1.479902855405058,-0.853015592752117
KLHDC10,KLHDC10,7,0,0,-0.5863148540559884,-0.0352867816251389
TMEM209,TMEM209,7,0,0,0.22959498724651617,2.42933727668224
SSMEM1,SSMEM1,7,0,0,-0.9808178809170691,
CPA2,CPA2,7,0,0,-0.26533266630244867,
CPA4,CPA4,7,0,0,-0.6717299459517196,
CPA5,CPA5,7,0,0,-1.0805276490555222,
CPA1,CPA1,7,0,0,-1.7252809328749912,
CEP41,CEP41,7,0,0,-0.7732217049389067,0.307367608204546
MEST,MEST,7,0,0,-0.6358052267890901,-1.37312016230309
COPG2,COPG2,7,0,0,0.3041291993366677,1.7332215421678
TSGA13,TSGA13,7,0,0,-0.6251495926154149,
KLF14,KLF14,7,0,0,-2.8524981850722693,
MKLN1,MKLN1,7,0,0,0.726666997668735,1.50715512670507
PODXL,PODXL,7,0,0,-2.1339602227561585,
PLXNA4,PLXNA4,7,0,0,-1.6654807727918577,
CHCHD3,CHCHD3,7,0,0,-0.8350689717154847,-0.631199250376104
EXOC4,EXOC4,7,0,0,-0.6600255159230652,-0.447145804725565
LRGUK,LRGUK,7,0,0,-0.06163904441081236,-1.78126642348614
SLC35B4,SLC35B4,7,0,0,0.5215715293777432,-0.0480353232288654
AKR1B1,AKR1B1,7,0,0,-1.5664863213950504,-0.443887411751905
AKR1B10,AKR1B10,7,0,0,-0.5218991546150846,-0.353972530073534
AKR1B15,AKR1B15,7,0,0,-0.5787507630302855,
BPGM,BPGM,7,0,0,-0.23827713626156388,-1.53989488058343
CALD1,CALD1,7,0,0,-1.5237790373768352,-1.32802509570882
AGBL3,AGBL3,7,0,0,0.4064067544430898,0.135071782162144
TMEM140,TMEM140,7,0,0,-1.5890126570021899,-1.34508946532321
CYREN,CYREN,7,0,0,-2.4697169366557414,-3.70046846076082
WDR91,WDR91,7,0,0,-1.7878104970874134,-1.44566232639324
STRA8,STRA8,7,0,0,-2.116848861394212,
CNOT4,CNOT4,7,0,0,-1.166018788877846,0.121671169895256
NUP205,NUP205,7,0,0,0.27052147615366273,0.697012806892254
STMP1,STMP1,7,0,0,1.7417050220526171,1.07485609388952
SLC13A4,SLC13A4,7,0,0,-0.8670108063442097,
FAM180A,FAM180A,7,0,0,-2.6384104066520937,-1.49024779579966
MTPN,MTPN,7,0,0,0.8377464300290267,0.482365189846813
CHRM2,CHRM2,7,0,0,0.27657381045429474,
PTN,PTN,7,0,0,-0.3141046739085471,-1.47650822146611
DGKI,DGKI,7,0,0,-0.7763270691181177,
CREB3L2,CREB3L2,7,0,0,-2.2432452592506547,-0.937938430860072
AKR1D1,AKR1D1,7,0,0,0.02164859381411688,0.991983602872686
TRIM24,TRIM24,7,0,0,-0.7566094859138826,-0.690581129481331
SVOPL,SVOPL,7,0,0,-0.22192363469858734,
ATP6V0A4,ATP6V0A4,7,0,0,-0.1933709433172428,
TMEM213,TMEM213,7,0,0,-2.3801504570329044,
KIAA1549,KIAA1549,7,0,0,-1.9171172433029433,
ZC3HAV1L,ZC3HAV1L,7,0,0,-1.3720212403836367,
ZC3HAV1,ZC3HAV1,7,0,0,-0.7886604467266647,-0.26945587251714
IFT56,IFT56,7,0,0,1.0091875059643343,
UBN2,UBN2,7,0,0,-0.9206607627582031,-1.94118832631219
FMC1,FMC1,7,0,0,-1.6199458398916686,
LUC7L2,LUC7L2,7,0,0,-1.13087545978623,
KLRG2,KLRG2,7,0,0,-2.994437073329701,
CLEC2L,CLEC2L,7,0,0,-2.279064509215994,
HIPK2,HIPK2,7,0,0,-2.222792144055431,-4.47855659141786
TBXAS1,TBXAS1,7,0,0,-1.027263230751732,-0.0061325158346239
PARP12,PARP12,7,0,0,-1.424284116016631,-0.907872464723567
KDM7A,KDM7A,7,0,0,-0.06698772139065845,-0.0711559622910459
SLC37A3,SLC37A3,7,0,0,0.4793005160765098,-0.335221636321412
RAB19,RAB19,7,0,0,-0.9201885623877342,
MKRN1,MKRN1,7,0,0,-0.8128724924241109,-1.12889008554399
DENND2A,DENND2A,7,0,0,-2.0927668513478803,-3.90927119537588
ADCK2,ADCK2,7,0,0,-1.7081346399022745,-3.57555165031792
NDUFB2,NDUFB2,7,0,0,-0.26580731969360016,0.508709383236314
BRAF,BRAF,7,0,0,-0.2423279338902482,-1.18084659127867
MRPS33,MRPS33,7,0,0,0.4008911562454749,2.793008273837
TMEM178B,TMEM178B,7,0,0,-1.4644513949429925,
AGK,AGK,7,0,0,-0.4333140377413365,0.478530984820683
DENND11,DENND11,7,0,0,-1.4891098178298492,-1.51290269886341
WEE2,WEE2,7,0,0,-0.7280033336336675,
SSBP1,SSBP1,7,0,0,0.24300017171070998,1.9922954155803
TAS2R3,TAS2R3,7,0,0,0.44397484391368636,
TAS2R4,TAS2R4,7,0,0,0.9261601158602737,
TAS2R5,TAS2R5,7,0,0,0.02430201353953443,
PRSS37,PRSS37,7,0,0,-0.41148130111512415,
OR9A4,OR9A4,7,0,0,1.0372890785854718,
CLEC5A,CLEC5A,7,0,0,0.654354593481413,
TAS2R38,TAS2R38,7,0,0,0.06135921150234935,
MGAM,MGAM,7,0,0,-0.12404018490346225,
MGAM2,MGAM2,7,0,0,0.634567804320584,
PRSS58,PRSS58,7,0,0,0.8077486494669994,
PRSS1,PRSS1,7,0,0,-0.603169456655019,
PRSS2,PRSS2,7,0,0,-0.8075996288384903,
EPHB6,EPHB6,7,0,0,-2.4426547515550094,-4.24920013561707
TRPV6,TRPV6,7,0,0,-1.4314356847430165,-3.84115506637816
TRPV5,TRPV5,7,0,0,-1.045728086088074,
LLCFC1,LLCFC1,7,0,0,-2.0896138031444345,
KEL,KEL,7,0,0,-1.7974451348200517,
OR9A2,OR9A2,7,0,0,0.6488492746056469,
OR6V1,OR6V1,7,0,0,-0.13271919171596025,
PIP,PIP,7,0,0,0.7249684550452766,
TAS2R39,TAS2R39,7,0,0,0.5281586380948653,
TAS2R40,TAS2R40,7,0,0,0.23337116994935236,
GSTK1,GSTK1,7,0,0,-1.0105579415857378,-0.467850214083261
TMEM139,TMEM139,7,0,0,-1.806421919269452,-1.49111249471926
CASP2,CASP2,7,0,0,-0.9544921466131928,-1.26845783982943
CLCN1,CLCN1,7,0,0,-1.170353808688633,
FAM131B,FAM131B,7,0,0,-1.8580680335550817,
ZYX,ZYX,7,0,0,-2.6534602839451527,-2.49822443919288
EPHA1,EPHA1,7,0,0,-1.8600678795577377,-1.30236154683681
TAS2R60,TAS2R60,7,0,0,0.6859485339862221,
TAS2R41,TAS2R41,7,0,0,-0.26607525001435306,
CTAGE15,CTAGE15,7,0,0,0.008208154616202279,
TCAF2,TCAF2,7,0,0,-1.5621840264617877,
CTAGE6,CTAGE6,7,0,0,0.027469672123336508,
TCAF1,TCAF1,7,0,0,-0.9198074801690819,0.0816988626977522
OR2F2,OR2F2,7,0,0,-0.39614992446351494,
OR2F1,OR2F1,7,0,0,-0.1563831007655594,
OR6B1,OR6B1,7,0,0,0.5998744134360319,
OR2A5,OR2A5,7,0,0,-0.2081979767012765,
OR2A25,OR2A25,7,0,0,0.13422280917913731,
OR2A12,OR2A12,7,0,0,0.09227428030537688,
OR2A2,OR2A2,7,0,0,-0.02493769256232703,
OR2A14,OR2A14,7,0,0,-0.5054091103073706,
CTAGE4,CTAGE4,7,0,0,-0.14644716866308727,
ARHGEF35,ARHGEF35,7,0,0,-2.1705884904556445,
OR2A42,OR2A42,7,0,0,-1.3055017854094242,
OR2A7,OR2A7,7,0,0,-0.041741591687786794,
CTAGE8,CTAGE8,7,0,0,-0.12823327280443664,
OR2A1,OR2A1,7,0,0,-1.3280902004936248,
ARHGEF5,ARHGEF5,7,0,0,-2.64109637918979,-3.47398515554439
NOBOX,NOBOX,7,0,0,-2.444385365591394,
TPK1,TPK1,7,0,0,0.5139793133981954,
CNTNAP2,CNTNAP2,7,0,0,-0.6189180878920553,-0.135991084618035
C7orf33,C7orf33,7,0,0,-1.5673147028886696,
CUL1,CUL1,7,0,0,0.481701655829621,0.348200303116993
EZH2,EZH2,7,0,0,0.03586140771121116,-0.41914630405644
PDIA4,PDIA4,7,0,0,-0.7937859522900741,-0.483839782045191
ZNF786,ZNF786,7,0,0,-2.863773756563999,-3.27512096590537
ZNF425,ZNF425,7,0,0,-2.3721705079967723,-1.45368353842666
ZNF398,ZNF398,7,0,0,-2.202509164952401,-1.5449378420654
ZNF282,ZNF282,7,0,0,-3.1540603741329054,-2.42962031729248
ZNF212,ZNF212,7,0,0,-2.690459272535776,-2.50614601644934
ZNF783,ZNF783,7,0,0,-3.4871886447060003,-4.92312629026268
ZNF777,ZNF777,7,0,0,-3.1908529942797266,-3.17483027133508
ZNF746,ZNF746,7,0,0,-2.867580825357498,-2.89050324073005
KRBA1,KRBA1,7,0,0,-3.6741164242276394,-3.82838888585211
ZNF467,ZNF467,7,0,0,-3.5328686501650726,-3.51482182409831
ZNF862,ZNF862,7,0,0,-1.904795786609938,-4.91745219132211
ATP6V0E2,ATP6V0E2,7,0,0,-0.7933742638441981,-1.56068558147403
ACTR3C,ACTR3C,7,0,0,0.18308228523586934,2.95214454666009
LRRC61,LRRC61,7,0,0,-2.8280462008490836,-2.52437954593802
RARRES2,RARRES2,7,0,0,-3.011332042534262,-0.437723613597788
REPIN1,REPIN1,7,0,0,-3.6597660818454667,-3.84611412149505
ZNF775,ZNF775,7,0,0,-3.7048255425963728,-3.932634928247
LOC728743,LOC728743,7,0,0,-3.6768966553440894,
GIMAP8,GIMAP8,7,0,0,-0.7486818551890195,-0.631143680757092
GIMAP7,GIMAP7,7,0,0,-0.3113722544066331,-0.0967736159479613
GIMAP4,GIMAP4,7,0,0,-0.843190472373843,-0.535487605317005
GIMAP6,GIMAP6,7,0,0,-2.20296791223036,-1.90595606368272
GIMAP2,GIMAP2,7,0,0,-0.1529354982816571,0.350232031929998
GIMAP1,GIMAP1,7,0,0,-2.847801409043921,
GIMAP5,GIMAP5,7,0,0,-1.524404046326783,
TMEM176B,TMEM176B,7,0,0,-0.8746901097204702,0.246033765666036
TMEM176A,TMEM176A,7,0,0,-0.838697843595936,-0.196982763300635
AOC1,AOC1,7,0,0,-2.046411776634775,-1.74333823340856
KCNH2,KCNH2,7,0,0,-2.6886200112479344,
NOS3,NOS3,7,0,0,-2.7557840808491942,-2.1368889034133
ATG9B,ATG9B,7,0,0,-2.5156789340714543,
ABCB8,ABCB8,7,0,0,-2.08546777773112,-2.05345833320677
ASIC3,ASIC3,7,0,0,-2.3116037376400023,-6.4135574719064
CDK5,CDK5,7,0,0,-1.070324747462486,-0.756312220169431
LOC128092247,LOC128092247,7,0,0,-3.7895554981003254,
SLC4A2,SLC4A2,7,0,0,-2.4984439861651673,-2.46163148918158
FASTK,FASTK,7,0,0,-2.9646934065029367,-4.11131815611315
TMUB1,TMUB1,7,0,0,-3.0217044522215915,-3.41542471155297
AGAP3,AGAP3,7,0,0,-3.0059764647957987,-4.11513396976961
GBX1,GBX1,7,0,0,-2.6562302776969062,
ASB10,ASB10,7,0,0,-2.5816491072567462,
IQCA1L,IQCA1L,7,0,0,-1.4564093814784478,
H2BK1,H2BK1,7,0,0,-1.6169755248063211,
ABCF2,ABCF2,7,0,0,-0.8056095463945745,-0.855057268803331
CHPF2,CHPF2,7,0,0,-2.3310515029494088,-2.49083490307436
SMARCD3,SMARCD3,7,0,0,-2.2404723974857266,-2.92811043590837
NUB1,NUB1,7,0,0,-0.1258894020885002,0.0595855240976655
WDR86,WDR86,7,0,0,-3.318078553990926,
CRYGN,CRYGN,7,0,0,-1.9027687903530772,
RHEB,RHEB,7,0,0,0.9909438633522267,0.564902327294674
PRKAG2,PRKAG2,7,0,0,-0.6411031982863218,-2.12322226254393
GALNTL5,GALNTL5,7,0,0,0.5922812458541156,
GALNT11,GALNT11,7,0,0,-0.2027125700361676,-3.22614321134976
KMT2C,KMT2C,7,0,0,-0.6054979108786362,-2.66089303318057
XRCC2,XRCC2,7,0,0,-0.21728255387404616,
ACTR3B,ACTR3B,7,0,0,-0.0868695618028692,-2.24180917457275
DPP6,DPP6,7,0,0,-1.1173366395314197,
PAXIP1,PAXIP1,7,0,0,-1.0131183765890999,-0.676061298519549
HTR5A,HTR5A,7,0,0,-1.4907712436031275,
INSIG1,INSIG1,7,0,0,-1.2317093412474005,-1.31266292262755
EN2,EN2,7,0,0,-3.164238981079162,
CNPY1,CNPY1,7,0,0,0.09527237224693508,
RBM33,RBM33,7,0,0,-2.340926126802662,-3.38444049661072
SHH,SHH,7,0,0,-2.2486906159249482,-2.36107946277623
RNF32,RNF32,7,0,0,-0.4793513067935198,-1.00450619695119
LMBR1,LMBR1,7,0,0,1.0439274782214554,-0.679615399671846
NOM1,NOM1,7,0,0,-1.5197719555056448,-1.80318625618066
MNX1,MNX1,7,0,0,-2.8700400039532017,
UBE3C,UBE3C,7,0,0,-0.012913694427414413,-2.18410915717357
DNAJB6,DNAJB6,7,0,0,-0.710522536487467,-0.461300249137403
PTPRN2,PTPRN2,7,0,0,-2.537608266134038,-1.08072945153063
NCAPG2,NCAPG2,7,0,0,0.04356612096093215,-1.37762514323881
ESYT2,ESYT2,7,0,0,-1.2112269968765013,-2.0116436826475
DYNC2I1,DYNC2I1,7,0,0,-1.3103194269602412,-3.28239998648642
VIPR2,VIPR2,7,0,0,-1.5453629406856209,
OR4F21,OR4F21,8,0,0,0.6770183738810118,
ZNF596,ZNF596,8,0,0,-0.2652941690953643,-0.114200335753368
FBXO25,FBXO25,8,0,0,-0.01195352344434042,0.702731604885212
TDRP,TDRP,8,0,0,-2.0782275465331637,-1.48442451502003
ERICH1,ERICH1,8,0,0,-1.949556316244557,-2.57374035935172
DLGAP2,DLGAP2,8,0,0,-3.064513020275232,
CLN8,CLN8,8,0,0,-0.4496513918433589,-1.30557968790047
ARHGEF10,ARHGEF10,8,0,0,-1.3919013822163713,
KBTBD11,KBTBD11,8,0,0,-3.042691449894699,-3.29113327303958
MYOM2,MYOM2,8,0,0,-1.1456564529517,
CSMD1,CSMD1,8,0,0,-0.898807505777194,
MCPH1,MCPH1,8,0,0,-0.36545893654948003,-0.522728511120232
ANGPT2,ANGPT2,8,0,0,0.18722974489866573,
AGPAT5,AGPAT5,8,0,0,0.6203984601116073,1.01486305423706
XKR5,XKR5,8,0,0,-1.82528236931587,
DEFB1,DEFB1,8,0,0,0.027849546709026285,0.237130413061436
DEFA6,DEFA6,8,0,0,-0.4659994777793468,
DEFA4,DEFA4,8,0,0,-0.7815672028588416,
DEFA1,DEFA1,8,0,0,-0.28314103263787693,
DEFA1B,DEFA1B,8,0,0,-0.28314103263787693,
DEFA3,DEFA3,8,0,0,-0.27440017992567434,
DEFA5,DEFA5,8,0,0,-1.1399588517775765,
FAM90A15,FAM90A15,8,0,0,-2.7740106898043884,
FAM90A3,FAM90A3,8,0,0,-2.828087858048665,
FAM90A13,FAM90A13,8,0,0,-2.78953354447866,
FAM90A5,FAM90A5,8,0,0,-2.7848796663800233,
FAM90A20,FAM90A20,8,0,0,-2.748445759786037,
DEFB109B,DEFB109B,8,0,0,1.1512701195403938,
USP17L1,USP17L1,8,0,0,-1.307019053740385,
USP17L4,USP17L4,8,0,0,-1.1583348006499854,
ZNF705G,ZNF705G,8,0,0,-0.037614869483123314,
DEFB4B,DEFB4B,8,0,0,0.8950874468103098,
DEFB103B,DEFB103B,8,0,0,-0.25923995231143593,
SPAG11B,SPAG11B,8,0,0,-1.384222389402053,
DEFB104B,DEFB104B,8,0,0,0.31516506083270635,
DEFB106B,DEFB106B,8,0,0,0.4287109381895302,
DEFB105B,DEFB105B,8,0,0,0.020363691860806554,
DEFB107B,DEFB107B,8,0,0,1.2336786093595453,
PRR23D1,PRR23D1,8,0,0,-1.9436305603180024,
FAM90A7,FAM90A7,8,0,0,-2.916081020874909,
FAM90A22,FAM90A22,8,0,0,-2.725620291645063,
FAM90A23,FAM90A23,8,0,0,-2.7719046729586694,
FAM90A14,FAM90A14,8,0,0,-2.7739291843643166,
FAM90A18,FAM90A18,8,0,0,-2.7920013774791403,
FAM90A16,FAM90A16,8,0,0,-2.8401805997504344,
FAM90A8,FAM90A8,8,0,0,-2.8621315982616355,
FAM90A17,FAM90A17,8,0,0,-2.8401805997504344,
FAM90A19,FAM90A19,8,0,0,-2.7920013774791403,
FAM90A9,FAM90A9,8,0,0,-2.8249865600012765,
FAM90A10,FAM90A10,8,0,0,-2.8512499810432956,
PRR23D2,PRR23D2,8,0,0,-1.9436305603180024,
DEFB107A,DEFB107A,8,0,0,1.2336786093595453,
DEFB105A,DEFB105A,8,0,0,0.020363691860806554,
DEFB106A,DEFB106A,8,0,0,0.4287109381895302,
DEFB104A,DEFB104A,8,0,0,0.31516506083270635,
SPAG11A,SPAG11A,8,0,0,-1.4097814300244114,
DEFB103A,DEFB103A,8,0,0,-0.25923995231143593,
DEFB4A,DEFB4A,8,0,0,0.9230692747077924,
ZNF705B,ZNF705B,8,0,0,-0.088326286943607,
USP17L8,USP17L8,8,0,0,-1.104937906098316,
USP17L3,USP17L3,8,0,0,-1.3063414527142552,
FAM90A11,FAM90A11,8,0,0,-2.796238397219655,
FAM90A24,FAM90A24,8,0,0,-2.7560372783528866,
FAM90A12,FAM90A12,8,0,0,-2.7527912872741,
PRAG1,PRAG1,8,0,0,-3.207375124853675,-3.07354980595405
CLDN23,CLDN23,8,0,0,-2.87457406248617,-2.20297882730096
MFHAS1,MFHAS1,8,0,0,-2.4144097215494877,-4.94985483230436
ERI1,ERI1,8,0,0,0.42678416769259364,0.530724206175395
PPP1R3B,PPP1R3B,8,0,0,-0.7413915462157608,-0.412565356903088
TNKS,TNKS,8,0,0,-0.4957661638256958,-1.67164835860503
MSRA,MSRA,8,0,0,-0.8948600972303229,-0.934001156597922
PRSS55,PRSS55,8,0,0,-1.32638905899017,
RP1L1,RP1L1,8,0,0,-3.5741492626652143,
C8orf74,C8orf74,8,0,0,-2.339849762226768,
SOX7,SOX7,8,0,0,-3.2091587489233415,-2.26369832397353
PINX1,PINX1,8,0,0,-1.151760481878549,-0.608446446509967
XKR6,XKR6,8,0,0,-1.428937675654911,
MTMR9,MTMR9,8,0,0,-0.3851135589953856,-0.691220542928199
SLC35G5,SLC35G5,8,0,0,-1.4652162646278981,
FAM167A,FAM167A,8,0,0,-3.0640861837856566,
BLK,BLK,8,0,0,-1.328729517739248,
GATA4,GATA4,8,0,0,-2.6789901377198237,-1.80967501365235
NEIL2,NEIL2,8,0,0,-1.938475910805506,-1.90307216687927
FDFT1,FDFT1,8,0,0,-0.22681227309324292,0.61063625407219
CTSB,CTSB,8,0,0,-1.187119877371357,0.0705065325749312
DEFB136,DEFB136,8,0,0,1.0515663988800785,
DEFB135,DEFB135,8,0,0,0.31586827456575506,
DEFB134,DEFB134,8,0,0,1.427610289292172,
DEFB130B,DEFB130B,8,0,0,0.9700282049140707,
ZNF705D,ZNF705D,8,0,0,-0.14056277493804537,
USP17L7,USP17L7,8,0,0,-0.8931394915954645,
USP17L2,USP17L2,8,0,0,-1.300181911356109,
FAM86B1,FAM86B1,8,0,0,-1.7131192536963162,
DEFB130A,DEFB130A,8,0,0,0.9700282049140707,
FAM86B2,FAM86B2,8,0,0,-1.8018153371989758,
LONRF1,LONRF1,8,0,0,-0.6684831645735638,-2.2094002745535
TRMT9B,TRMT9B,8,0,0,-0.6218547119965976,
DLC1,DLC1,8,0,0,-1.323164011450178,-1.95317557814528
C8orf48,C8orf48,8,0,0,-0.5742194398845637,-0.852729644679227
SGCZ,SGCZ,8,0,0,-0.24788453702309887,
TUSC3,TUSC3,8,0,0,0.5390548430458626,-0.177286734007311
MSR1,MSR1,8,0,0,-0.2777916736533399,
FGF20,FGF20,8,0,0,-1.3986804506077526,
MICU3,MICU3,8,0,0,0.2929327207129404,-1.39208245332154
ZDHHC2,ZDHHC2,8,0,0,0.4834857333034783,-1.91216433549941
CNOT7,CNOT7,8,0,0,1.0384401037038664,-1.2200362285636
VPS37A,VPS37A,8,0,0,-0.32738033252621257,-0.390361560940014
MTMR7,MTMR7,8,0,0,-0.6053444512135737,-2.46011260210144
SLC7A2,SLC7A2,8,0,0,0.5899308949731594,0.826293706738309
PDGFRL,PDGFRL,8,0,0,-0.8838910933881738,-0.948853432990054
MTUS1,MTUS1,8,0,0,-0.38476747176671644,-1.2320674438095
FGL1,FGL1,8,0,0,1.0147597945043803,1.41707367860269
PCM1,PCM1,8,0,0,0.10596203420583095,0.728989332483911
ASAH1,ASAH1,8,0,0,1.0567570268392465,1.55678840396561
NAT1,NAT1,8,0,0,0.4962491336245023,0.787310441333544
NAT2,NAT2,8,0,0,0.33135736820177364,2.08510440893611
PSD3,PSD3,8,0,0,-0.6451872710228717,-2.72801304986108
SH2D4A,SH2D4A,8,0,0,-0.8469297778116491,0.0993208431852542
CSGALNACT1,CSGALNACT1,8,0,0,-1.0468921045180206,-3.83498938301887
INTS10,INTS10,8,0,0,0.14389230408539788,-1.32242925367573
LPL,LPL,8,0,0,-0.3860074764018755,
SLC18A1,SLC18A1,8,0,0,-0.18669299408341544,
ATP6V1B2,ATP6V1B2,8,0,0,0.3680408372980857,0.947911555122962
LZTS1,LZTS1,8,0,0,-3.5879938831885756,
GFRA2,GFRA2,8,0,0,-2.2854448345460163,
DOK2,DOK2,8,0,0,-2.5983287299353677,-2.44816523790706
XPO7,XPO7,8,0,0,-0.3407105318157502,-0.328291794033808
NPM2,NPM2,8,0,0,-2.1491808302103337,-3.02012507889935
FGF17,FGF17,8,0,0,-3.0614706951470048,
DMTN,DMTN,8,0,0,-2.6803649648622585,-3.47012228449918
FHIP2B,FHIP2B,8,0,0,-2.4234054054803202,-2.70059470013311
NUDT18,NUDT18,8,0,0,-2.4376840597179026,-3.01766217745719
HR,HR,8,0,0,-3.131183429889246,
HRURF,HRURF,8,0,0,-3.4402860175703367,
REEP4,REEP4,8,0,0,-1.5402589667990974,-1.12264018242044
LGI3,LGI3,8,0,0,-1.7047980544200687,
SFTPC,SFTPC,8,0,0,-1.686419827194653,
BMP1,BMP1,8,0,0,-2.0210167496959297,-1.50186866069431
PHYHIP,PHYHIP,8,0,0,-2.1890725690352433,-1.14355301525066
POLR3D,POLR3D,8,0,0,-1.8458030226302267,-2.35628965373425
PIWIL2,PIWIL2,8,0,0,-0.0713205785587192,
SLC39A14,SLC39A14,8,0,0,-1.0720170332009413,-0.381770919214617
PPP3CC,PPP3CC,8,0,0,-0.04774680098512718,-0.981824456252522
SORBS3,SORBS3,8,0,0,-2.8311421687885936,-2.6649729152268
PDLIM2,PDLIM2,8,0,0,-3.3845206056760357,
C8orf58,C8orf58,8,0,0,-3.501259093867654,-4.03331973942277
CCAR2,CCAR2,8,0,0,-2.2240403893908436,-1.51863563751753
BIN3,BIN3,8,0,0,-2.201692484246456,-0.848494684855412
EGR3,EGR3,8,0,0,-2.5493532532709935,-4.81380258729386
PEBP4,PEBP4,8,0,0,-0.8620541422726884,0.314669411454858
RHOBTB2,RHOBTB2,8,0,0,-1.912406429348854,-2.72136511148847
TNFRSF10B,TNFRSF10B,8,0,0,-1.7089983578002421,-1.75916519963779
TNFRSF10C,TNFRSF10C,8,0,0,-1.2656479433855292,-1.55606945912297
TNFRSF10D,TNFRSF10D,8,0,0,-1.2995127986129535,-0.654072058956849
TNFRSF10A,TNFRSF10A,8,0,0,-1.3320871822025957,-0.383851924923434
CHMP7,CHMP7,8,0,0,-1.7825818304784953,-1.45708495911623
R3HCC1,R3HCC1,8,0,0,-2.4322666257772845,-2.91851952864597
LOXL2,LOXL2,8,0,0,-1.81745544566229,-1.24515545980237
ENTPD4,ENTPD4,8,0,0,-0.1921906155122688,-1.36067165077522
SLC25A37,SLC25A37,8,0,0,-1.6627241687120815,-4.15851495722294
NKX3-1,NKX3-1,8,0,0,-3.0686726942602363,
NKX2-6,NKX2-6,8,0,0,-2.7409163398099015,
STC1,STC1,8,0,0,-1.5811430924436127,0.124246083642236
ADAM28,ADAM28,8,0,0,0.4355702166159361,-1.28054140761235
ADAMDEC1,ADAMDEC1,8,0,0,-0.1601025425750997,
ADAM7,ADAM7,8,0,0,0.6888459156589928,
NEFM,NEFM,8,0,0,-2.0742955470852475,
NEFL,NEFL,8,0,0,-2.089745190290193,
DOCK5,DOCK5,8,0,0,-0.5339322164576217,-3.20449895666226
GNRH1,GNRH1,8,0,0,-0.36322296414988564,
KCTD9,KCTD9,8,0,0,0.6107431418029101,2.04337120218205
CDCA2,CDCA2,8,0,0,-0.16276603387101396,
EBF2,EBF2,8,0,0,-1.0744657039791061,
PPP2R2A,PPP2R2A,8,0,0,0.6097565961939537,-0.105990079858191
BNIP3L,BNIP3L,8,0,0,-1.5967327395008546,0.0210616553544174
PNMA2,PNMA2,8,0,0,-1.5615010186365783,
DPYSL2,DPYSL2,8,0,0,-1.4080448270691512,-1.25851360451912
ADRA1A,ADRA1A,8,0,0,-1.49738493520484,-2.59688018471437
STMN4,STMN4,8,0,0,-1.7329346452616967,
TRIM35,TRIM35,8,0,0,-2.4106849802501085,-2.49784449510803
PTK2B,PTK2B,8,0,0,-1.839675443176679,-3.37658521459841
CHRNA2,CHRNA2,8,0,0,-1.6371034708967933,
EPHX2,EPHX2,8,0,0,-0.5262226227601392,-0.295367650974897
CLU,CLU,8,0,0,-1.682622926909925,0.286332564544239
SCARA3,SCARA3,8,0,0,-2.188170136973895,-3.56831818822126
CCDC25,CCDC25,8,0,0,0.8088314535929015,0.987934682064838
ESCO2,ESCO2,8,0,0,0.5593485305552726,
PBK,PBK,8,0,0,1.666987306819701,
SCARA5,SCARA5,8,0,0,-2.2935364301239414,-4.23629970433799
NUGGC,NUGGC,8,0,0,-1.1905644941129125,-1.10171159674344
ELP3,ELP3,8,0,0,0.1631619415444714,0.810065530395061
PNOC,PNOC,8,0,0,-2.6156178169283724,
ZNF395,ZNF395,8,0,0,-2.455256321889131,
FBXO16,FBXO16,8,0,0,-0.2995780263794696,
FZD3,FZD3,8,0,0,0.673128295641499,0.197639009303528
EXTL3,EXTL3,8,0,0,-1.147218923346884,-3.09656062775599
INTS9,INTS9,8,0,0,-1.0584070352599344,-0.980221798380133
HMBOX1,HMBOX1,8,0,0,-0.9399764973776161,-0.499706336350718
KIF13B,KIF13B,8,0,0,-1.1301094564861387,-1.64406266233583
DUSP4,DUSP4,8,0,0,-2.6334573276413913,
SARAF,SARAF,8,0,0,0.3180320834506212,0.641618099403033
LEPROTL1,LEPROTL1,8,0,0,1.4516573795204444,4.20928982409827
MBOAT4,MBOAT4,8,0,0,-0.43872136262188555,
DCTN6,DCTN6,8,0,0,0.7705894053109645,1.22492110420737
RBPMS,RBPMS,8,0,0,-0.8716457599820515,-1.96953363699672
GTF2E2,GTF2E2,8,0,0,0.4982987517202613,2.51900668744334
SMIM18,SMIM18,8,0,0,1.2298004007210714,
GSR,GSR,8,0,0,-0.44199633480796763,-0.534128595212737
UBXN8,UBXN8,8,0,0,-0.4353140296569382,0.826187402943733
PPP2CB,PPP2CB,8,0,0,0.8351323822818149,-1.20618844623573
TEX15,TEX15,8,0,0,0.6784563481467849,
PURG,PURG,8,0,0,-1.309143810065537,
WRN,WRN,8,0,0,0.6451361724924354,1.59252939136671
NRG1,NRG1,8,0,0,-1.5642810893625452,-0.513535565859678
LOC128092250,LOC128092250,8,0,0,-0.9710966703116419,
FUT10,FUT10,8,0,0,-0.4051567867419532,
MAK16,MAK16,8,0,0,-0.06679136838274147,0.592522155776413
TTI2,TTI2,8,0,0,-0.7825699466915932,-0.300566333244444
RNF122,RNF122,8,0,0,-0.524900581456615,0.555097937768225
DUSP26,DUSP26,8,0,0,-2.3462268536313733,
UNC5D,UNC5D,8,0,0,-1.1125502422262272,
KCNU1,KCNU1,8,0,0,0.2231789721598787,
ZNF703,ZNF703,8,0,0,-3.3968738293714242,-2.86738591155599
ERLIN2,ERLIN2,8,0,0,0.054628921955487186,0.544068707119078
PLPBP,PLPBP,8,0,0,-1.0276673326583072,-0.77002824896358
ADGRA2,ADGRA2,8,0,0,-2.785070819430514,-6.23024521372326
BRF2,BRF2,8,0,0,-1.5230746527836505,-0.830422796793739
RAB11FIP1,RAB11FIP1,8,0,0,-1.7149113350213288,-1.3072569999569
GOT1L1,GOT1L1,8,0,0,-0.27673726455957137,
ADRB3,ADRB3,8,0,0,-1.5943340715518861,
EIF4EBP1,EIF4EBP1,8,0,0,-3.4546539930131868,-0.207664494880998
ASH2L,ASH2L,8,0,0,-0.07091401833415922,-0.909387105511655
STAR,STAR,8,0,0,-1.9918802049382176,
LSM1,LSM1,8,0,0,-0.2694204457971576,-0.0430459708110708
BAG4,BAG4,8,0,0,-0.8513373428626672,-0.763789577299811
DDHD2,DDHD2,8,0,0,0.22176864765648396,-0.912535616491127
PLPP5,PLPP5,8,0,0,0.20580371693269406,-0.530870647465249
NSD3,NSD3,8,0,0,-0.2318565303077591,-1.39151325589036
LETM2,LETM2,8,0,0,-0.28563997191000823,
FGFR1,FGFR1,8,0,0,-1.5643476795027595,-2.80978300776852
TACC1,TACC1,8,0,0,-1.3977295480873728,-2.00893639176779
PLEKHA2,PLEKHA2,8,0,0,-1.5863421883704216,-2.10583794004259
HTRA4,HTRA4,8,0,0,-0.44099760440245284,
TM2D2,TM2D2,8,0,0,-0.15698890671319,0.691886375917298
ADAM9,ADAM9,8,0,0,0.5070705036559779,-0.0716856771190092
ADAM32,ADAM32,8,0,0,0.9080433227425004,
ADAM18,ADAM18,8,0,0,1.3349834263585834,
ADAM2,ADAM2,8,0,0,0.9183635571415234,
IDO1,IDO1,8,0,0,0.3942777189606428,
IDO2,IDO2,8,0,0,-1.0184106010144056,-2.45061478485346
TCIM,TCIM,8,0,0,-1.0241752774041881,-0.360814433333124
ZMAT4,ZMAT4,8,0,0,-0.6000495294533845,
SFRP1,SFRP1,8,0,0,-1.5712234772539588,-2.64287781121389
GOLGA7,GOLGA7,8,0,0,0.060084990630732804,-0.150928640582
GINS4,GINS4,8,0,0,-1.0834696774876669,
GPAT4,GPAT4,8,0,0,-0.2044285643788406,-2.39747264352837
NKX6-3,NKX6-3,8,0,0,-3.1786299005734406,
ANK1,ANK1,8,0,0,-2.1088063285637073,
KAT6A,KAT6A,8,0,0,-1.3611299475716958,-3.20324694717564
AP3M2,AP3M2,8,0,0,0.02969676223047024,0.110843395266022
PLAT,PLAT,8,0,0,-1.9507656995792093,-0.711978914137543
IKBKB,IKBKB,8,0,0,-1.8464160950266901,-2.39451948309625
POLB,POLB,8,0,0,0.6030993899248145,0.534350567200212
DKK4,DKK4,8,0,0,-1.4451822473253717,
VDAC3,VDAC3,8,0,0,1.2033549746614831,2.63437482431029
SLC20A2,SLC20A2,8,0,0,-0.7870702970281958,-2.12418090821334
SMIM19,SMIM19,8,0,0,0.7694145005217088,2.00466914388498
CHRNB3,CHRNB3,8,0,0,0.727347213360332,
CHRNA6,CHRNA6,8,0,0,0.4269196529350907,
THAP1,THAP1,8,0,0,-0.40025068698102295,0.196698864620346
RNF170,RNF170,8,0,0,1.1944719120075877,1.85786799866019
HOOK3,HOOK3,8,0,0,0.010095239865540506,0.0808636886528262
FNTA,FNTA,8,0,0,0.32905879121779513,-0.0193136894388617
POMK,POMK,8,0,0,-0.9213830104211258,
HGSNAT,HGSNAT,8,0,0,0.08026177583963623,-0.904952369985146
SPIDR,SPIDR,8,0,0,-1.0911977396555486,-2.82670291129852
CEBPD,CEBPD,8,0,0,-3.4881734191024183,-2.50600991528867
PRKDC,PRKDC,8,0,0,0.008872947742908366,-1.26958314679945
MCM4,MCM4,8,0,0,-0.7981941068448002,-0.401099481056185
UBE2V2,UBE2V2,8,0,0,1.298957661241202,0.933396322344082
CLXN,CLXN,8,0,0,1.6152343797510529,
SNAI2,SNAI2,8,0,0,-1.248671471979529,0.301616123453751
PPDPFL,PPDPFL,8,0,0,0.6158157794618884,
SNTG1,SNTG1,8,0,0,-0.0020855456751487367,-1.38956248949498
PXDNL,PXDNL,8,0,0,-0.9410123472536096,
PCMTD1,PCMTD1,8,0,0,0.8793644725173575,1.25218117107036
ST18,ST18,8,0,0,-0.9126156318676273,
ALKAL1,ALKAL1,8,0,0,-2.0841949479716444,-0.669409487028211
RB1CC1,RB1CC1,8,0,0,0.5318648748041621,-0.0606350784412638
NPBWR1,NPBWR1,8,0,0,-1.60478488584525,
OPRK1,OPRK1,8,0,0,-0.474998909130635,
ATP6V1H,ATP6V1H,8,0,0,0.585773757835689,0.937220340110181
RGS20,RGS20,8,0,0,-0.8997945942267371,
TCEA1,TCEA1,8,0,0,0.554909132928616,2.47935235134104
LYPLA1,LYPLA1,8,0,0,0.6537075470268761,-0.0125319510641745
MRPL15,MRPL15,8,0,0,0.35101096387343134,0.135496880516663
SOX17,SOX17,8,0,0,-2.9535624504022344,-2.45588683272099
RP1,RP1,8,0,0,0.27696359116454694,
XKR4,XKR4,8,0,0,-1.420272216019109,
TMEM68,TMEM68,8,0,0,1.600092131856659,0.250107565708921
TGS1,TGS1,8,0,0,0.48995582991456565,-0.0123488769936564
LYN,LYN,8,0,0,0.02728851779596475,-0.6319677011982
RPS20,RPS20,8,0,0,0.27891985923581153,0.336033650100893
MOS,MOS,8,0,0,-1.7937903409717428,
PLAG1,PLAG1,8,0,0,-0.7419408801267924,
CHCHD7,CHCHD7,8,0,0,0.60062326359186,1.97238283837391
SDR16C5,SDR16C5,8,0,0,1.2790934803368472,
PENK,PENK,8,0,0,-0.5754834189902223,
BPNT2,BPNT2,8,0,0,-0.17285342797290504,-1.6338314021968
FAM110B,FAM110B,8,0,0,-2.8657840006052826,-2.66017350041796
UBXN2B,UBXN2B,8,0,0,-0.12741658496225838,-1.16328884751546
CYP7A1,CYP7A1,8,0,0,0.31536535711061475,1.3976553129146
SDCBP,SDCBP,8,0,0,0.8801356121252386,2.11018605453271
NSMAF,NSMAF,8,0,0,-0.006550198201884072,-1.14253722621529
TOX,TOX,8,0,0,-1.114614520864146,-0.671972461775583
CA8,CA8,8,0,0,-0.5117531621108746,
RAB2A,RAB2A,8,0,0,1.1274381396877171,1.88024072326688
CHD7,CHD7,8,0,0,-0.6714567772375517,-3.30836683132114
CLVS1,CLVS1,8,0,0,-0.3650330275838698,
ASPH,ASPH,8,0,0,-0.21386758995940625,
NKAIN3,NKAIN3,8,0,0,0.6358409800714497,
GGH,GGH,8,0,0,1.315659487226748,
TTPA,TTPA,8,0,0,0.04901922843446371,-0.633934492786188
YTHDF3,YTHDF3,8,0,0,0.005908294911870726,0.438727433038508
BHLHE22,BHLHE22,8,0,0,-3.4024832423239033,-3.89634720663713
CYP7B1,CYP7B1,8,0,0,0.455820465765548,1.05282491614814
ARMC1,ARMC1,8,0,0,0.3307365322740239,1.30574463379331
MTFR1,MTFR1,8,0,0,-0.3484448065464534,-0.661112302837931
PDE7A,PDE7A,8,0,0,0.025100237125055713,-2.57182244831992
DNAJC5B,DNAJC5B,8,0,0,-0.26198511510248856,-1.39876627559415
TRIM55,TRIM55,8,0,0,-0.7876087614450782,-0.841867874226046
CRH,CRH,8,0,0,-2.908360375793663,
RRS1,RRS1,8,0,0,-2.7615364551717967,-1.43378336218257
ADHFE1,ADHFE1,8,0,0,0.14339648395006677,-0.697572947951698
VXN,VXN,8,0,0,-1.811544419593826,-4.40943573134405
MYBL1,MYBL1,8,0,0,0.531141153541606,-3.05936588977612
VCPIP1,VCPIP1,8,0,0,0.06643186263693934,-0.589953830157674
SGK3,SGK3,8,0,0,1.0625470193479227,
MCMDC2,MCMDC2,8,0,0,1.1020072974054216,
TCF24,TCF24,8,0,0,-2.6006211770332683,
PPP1R42,PPP1R42,8,0,0,0.9812759840078566,
COPS5,COPS5,8,0,0,0.8152002611550717,0.360562387044237
CSPP1,CSPP1,8,0,0,-0.1545037210349811,-1.17247858915601
ARFGEF1,ARFGEF1,8,0,0,0.6976864514930412,0.400156078442017
CPA6,CPA6,8,0,0,0.8460306096646164,
PREX2,PREX2,8,0,0,0.06220309210277364,
C8orf34,C8orf34,8,0,0,-1.127268578519704,
SULF1,SULF1,8,0,0,-0.38721442862822464,-0.741607715356558
SLCO5A1,SLCO5A1,8,0,0,-0.4489085021697701,
PRDM14,PRDM14,8,0,0,-1.7637248690017238,
NCOA2,NCOA2,8,0,0,-1.1906794949547095,-2.50177910319158
TRAM1,TRAM1,8,0,0,1.6765262881245935,1.56387070159246
LACTB2,LACTB2,8,0,0,0.8960764011005224,1.69290008451991
XKR9,XKR9,8,0,0,2.3644985624939583,-1.18858341899279
EYA1,EYA1,8,0,0,-0.5887809529166752,
MSC,MSC,8,0,0,-2.8294152992504653,-2.41160141183183
TRPA1,TRPA1,8,0,0,0.9947471674852366,
KCNB2,KCNB2,8,0,0,-1.3864551950042934,
TERF1,TERF1,8,0,0,-0.05443164914554721,-0.511729123852014
SBSPON,SBSPON,8,0,0,-1.4002662065578821,
C8orf89,C8orf89,8,0,0,-0.23374376270555075,
RPL7,RPL7,8,0,0,1.2945893142992961,0.0222762231116859
RDH10,RDH10,8,0,0,0.023929976476837922,-0.746255432388696
STAU2,STAU2,8,0,0,0.2607880591780436,0.551882849968059
UBE2W,UBE2W,8,0,0,0.819445403001982,2.17804330207669
ELOC,ELOC,8,0,0,0.8405017762421991,2.15542378977331
TMEM70,TMEM70,8,0,0,0.3319002955016135,0.560856998941384
LY96,LY96,8,0,0,1.5066394443579245,
JPH1,JPH1,8,0,0,-1.6924725803244005,
GDAP1,GDAP1,8,0,0,-0.024879572458408106,0.360221490478316
PI15,PI15,8,0,0,1.3045115485960554,
CRISPLD1,CRISPLD1,8,0,0,0.5110320885978155,
HNF4G,HNF4G,8,0,0,-0.02545010585375529,0.294889293097022
ZFHX4,ZFHX4,8,0,0,-1.0133793665989632,-2.21940615093117
PEX2,PEX2,8,0,0,0.7419225056511003,1.27725083010242
PKIA,PKIA,8,0,0,0.1030252376168832,
ZC2HC1A,ZC2HC1A,8,0,0,0.10605689792014772,
IL7,IL7,8,0,0,1.2559807252061397,-1.03550635107724
STMN2,STMN2,8,0,0,-0.5108418009220674,
HEY1,HEY1,8,0,0,-2.0237617240856167,
MRPS28,MRPS28,8,0,0,-0.39380603391322566,
TPD52,TPD52,8,0,0,-0.5977991627867532,-0.328226764919274
ZBTB10,ZBTB10,8,0,0,-0.419425985296801,-1.51614445678002
ZNF704,ZNF704,8,0,0,-2.075332813316093,
PAG1,PAG1,8,0,0,-1.8411936408190304,-2.66902048332468
FABP5,FABP5,8,0,0,0.6916060742993153,0.277133526914472
PMP2,PMP2,8,0,0,0.7632267729501869,
FABP9,FABP9,8,0,0,1.0516356689596709,
FABP4,FABP4,8,0,0,1.033086334429873,1.9623960209585
FABP12,FABP12,8,0,0,-0.2883927499381489,
IMPA1,IMPA1,8,0,0,1.9797153535107448,1.37028730137106
SLC10A5,SLC10A5,8,0,0,1.3819587738438965,1.988738165619
ZFAND1,ZFAND1,8,0,0,0.30030020077954234,1.03919457878326
CHMP4C,CHMP4C,8,0,0,-0.6298889978311308,0.195845261113433
SNX16,SNX16,8,0,0,0.4727345806358265,0.54632307598947
RALYL,RALYL,8,0,0,0.06029201489748459,
LRRCC1,LRRCC1,8,0,0,0.6812229593813388,-1.03702758761586
E2F5,E2F5,8,0,0,-0.31368029357374816,0.748697602108738
RBIS,RBIS,8,0,0,1.2497499099126088,
CA13,CA13,8,0,0,-0.5453308818220712,-1.75251455264192
CA1,CA1,8,0,0,-0.16952227535647957,
CA3,CA3,8,0,0,-0.7605292617526391,-2.57340424383935
CA2,CA2,8,0,0,-0.16797293414461656,0.613440591602118
PSKH2,PSKH2,8,0,0,-0.6278715506049188,
ATP6V0D2,ATP6V0D2,8,0,0,0.7674492413513434,
SLC7A13,SLC7A13,8,0,0,0.9688499976827973,
WWP1,WWP1,8,0,0,0.7427387316364076,
RMDN1,RMDN1,8,0,0,0.7074406424215152,1.05329723663841
CPNE3,CPNE3,8,0,0,0.8147575736310877,2.31330098293224
CNGB3,CNGB3,8,0,0,0.5749152731571492,
CNBD1,CNBD1,8,0,0,0.7993018106021363,
DCAF4L2,DCAF4L2,8,0,0,-0.9356325616105412,
MMP16,MMP16,8,0,0,0.499912122463531,
RIPK2,RIPK2,8,0,0,-0.2126537652739131,-0.467879118860978
OSGIN2,OSGIN2,8,0,0,0.9423294256482251,0.226030217960617
NBN,NBN,8,0,0,0.6903183976813629,0.698347496827846
DECR1,DECR1,8,0,0,1.1728684115178716,1.40954581655016
CALB1,CALB1,8,0,0,0.7730120616026266,
TMEM64,TMEM64,8,0,0,-0.8528145877431452,-3.0572950405897
NECAB1,NECAB1,8,0,0,-0.3758868642353015,
C8orf88,C8orf88,8,0,0,-0.09806971716896129,
PIP4P2,PIP4P2,8,0,0,-0.22699995673040085,0.0587115612956828
OTUD6B,OTUD6B,8,0,0,0.4819676455935724,0.867718277567217
LRRC69,LRRC69,8,0,0,0.6291153522492205,
SLC26A7,SLC26A7,8,0,0,1.1064525497185898,
RUNX1T1,RUNX1T1,8,0,0,-2.166664066451945,-2.46335933969152
TRIQK,TRIQK,8,0,0,2.633697998109522,2.33015067698194
CIBAR1,CIBAR1,8,0,0,0.5125976722623626,0.0692761799825662
RBM12B,RBM12B,8,0,0,-0.8895223742798706,-0.905555173908291
TMEM67,TMEM67,8,0,0,1.4230666021256067,
PDP1,PDP1,8,0,0,-0.1265381372317993,0.987649619047681
CDH17,CDH17,8,0,0,0.09649300479613565,
GEM,GEM,8,0,0,-1.6778798289329853,-2.25346862242187
RAD54B,RAD54B,8,0,0,0.8897696768739003,
FSBP,FSBP,8,0,0,0.14670904347523717,
VIRMA,VIRMA,8,0,0,0.18792459793688643,-0.552641625455026
ESRP1,ESRP1,8,0,0,0.06629397037978002,
DPY19L4,DPY19L4,8,0,0,1.8089103283452168,1.49262135838769
INTS8,INTS8,8,0,0,0.7333329358115712,0.348671411815191
CCNE2,CCNE2,8,0,0,0.577370462419573,
TP53INP1,TP53INP1,8,0,0,-0.8454490021063332,0.404117607996061
NDUFAF6,NDUFAF6,8,0,0,0.1952596859657998,-0.510476361318504
PLEKHF2,PLEKHF2,8,0,0,0.9195989516971892,2.82436048381136
CFAP418,CFAP418,8,0,0,-0.000880635727755319,
GDF6,GDF6,8,0,0,-2.5198787390612285,-3.09118151297433
UQCRB,UQCRB,8,0,0,1.426628116916783,3.74206013825691
MTERF3,MTERF3,8,0,0,0.44106459519928976,3.27275558654292
PTDSS1,PTDSS1,8,0,0,0.34759173486015804,-0.193690675488504
SDC2,SDC2,8,0,0,0.26169199510623997,1.13386083252235
CPQ,CPQ,8,0,0,0.14673560701146293,0.89871529883217
TSPYL5,TSPYL5,8,0,0,-2.2438721971421725,-1.44136940870102
MTDH,MTDH,8,0,0,-0.53542926907671,-1.08785099225248
LAPTM4B,LAPTM4B,8,0,0,1.2617353873308428,0.251895687352313
MATN2,MATN2,8,0,0,-1.1067944837191472,-0.386227250150418
RPL30,RPL30,8,0,0,0.47876132957989626,0.514487890689731
ERICH5,ERICH5,8,0,0,-1.112378728491457,-0.703866481067049
RIDA,RIDA,8,0,0,0.6363279464636982,1.72989432954255
POP1,POP1,8,0,0,-1.0820745056320433,-1.07628759391348
NIPAL2,NIPAL2,8,0,0,0.8936659771613442,-0.997085298018924
KCNS2,KCNS2,8,0,0,-1.60301538303154,
STK3,STK3,8,0,0,0.732948195108369,0.38274111242989
OSR2,OSR2,8,0,0,-2.0437941990831305,
VPS13B,VPS13B,8,0,0,0.13421963536486103,-2.21844107978044
COX6C,COX6C,8,0,0,1.7954070077214705,2.9650264827651
RGS22,RGS22,8,0,0,0.8067495498446569,
FBXO43,FBXO43,8,0,0,-0.47845900152974785,
POLR2K,POLR2K,8,0,0,0.6650814843751789,3.5046722850247
SPAG1,SPAG1,8,0,0,0.2942394856280437,-0.381724079774527
RNF19A,RNF19A,8,0,0,0.014405763210582734,-0.802049730013755
ANKRD46,ANKRD46,8,0,0,0.0902805471726289,1.20589458516828
SNX31,SNX31,8,0,0,-0.14158029476762835,
PABPC1,PABPC1,8,0,0,0.7044724873451678,-1.63792936126745
YWHAZ,YWHAZ,8,0,0,0.555342844765331,1.01400549075773
ZNF706,ZNF706,8,0,0,-0.11894848407362524,
GRHL2,GRHL2,8,0,0,-0.7056144252643737,
NCALD,NCALD,8,0,0,-0.283103423624647,-0.460724551864982
RRM2B,RRM2B,8,0,0,0.9688829493684956,1.63545080757083
UBR5,UBR5,8,0,0,0.029974602175427023,-0.940556699544227
ODF1,ODF1,8,0,0,-0.8424887183263987,-3.69152995155997
KLF10,KLF10,8,0,0,-1.1033366432657825,-0.0066912570986231
AZIN1,AZIN1,8,0,0,1.6438379102314897,3.01409412550028
ATP6V1C1,ATP6V1C1,8,0,0,1.491442497297827,3.55218137339519
BAALC,BAALC,8,0,0,-2.0151205275909536,-3.81314547728746
FZD6,FZD6,8,0,0,0.6817188024918188,0.373178615410733
CTHRC1,CTHRC1,8,0,0,-0.1851128131599662,
SLC25A32,SLC25A32,8,0,0,1.2041741513290702,1.34406532574417
DCAF13,DCAF13,8,0,0,1.1041398736432324,0.789024556608309
RIMS2,RIMS2,8,0,0,-0.6897064567313667,
DCSTAMP,DCSTAMP,8,0,0,0.17099408770673108,
DPYS,DPYS,8,0,0,-0.25672528973876396,-0.777645861950571
LRP12,LRP12,8,0,0,0.2621458416688629,
ZFPM2,ZFPM2,8,0,0,-0.8875933816224997,-1.18095188288769
OXR1,OXR1,8,0,0,0.37199027014960784,0.52827751382442
ABRA,ABRA,8,0,0,-1.796092149348489,
ANGPT1,ANGPT1,8,0,0,0.3885724250383298,
RSPO2,RSPO2,8,0,0,-0.10502857802890198,
EIF3E,EIF3E,8,0,0,1.3754486197587124,2.31449943610781
EMC2,EMC2,8,0,0,1.2951579701614637,2.0843528424945
TMEM74,TMEM74,8,0,0,-1.4826947663423926,-1.8469013134779
TRHR,TRHR,8,0,0,0.8074462913473059,
NUDCD1,NUDCD1,8,0,0,1.0912542776789422,2.41120511752446
ENY2,ENY2,8,0,0,0.787510110979234,2.91706716270129
PKHD1L1,PKHD1L1,8,0,0,0.8787974357922401,
EBAG9,EBAG9,8,0,0,0.43303385697271324,0.441157396427967
SYBU,SYBU,8,0,0,-2.1564916502002713,-1.13997614945794
KCNV1,KCNV1,8,0,0,-0.9383492346715983,
CSMD3,CSMD3,8,0,0,0.4742935606383565,
TRPS1,TRPS1,8,0,0,-0.8253906684304777,
EIF3H,EIF3H,8,0,0,0.19727428185188067,-1.03418177129074
UTP23,UTP23,8,0,0,-0.039237078351900934,0.64494258038048
RAD21,RAD21,8,0,0,0.030243411549426114,0.705392573636339
AARD,AARD,8,0,0,-1.8930114513569265,
SLC30A8,SLC30A8,8,0,0,-0.40229845013145926,
MED30,MED30,8,0,0,-0.17096772891411938,0.846158458924744
EXT1,EXT1,8,0,0,-0.582891543593087,-2.49583595946352
SAMD12,SAMD12,8,0,0,-0.5287248967202292,-1.68424512026216
TNFRSF11B,TNFRSF11B,8,0,0,-0.7634787258390503,-0.124557201312426
COLEC10,COLEC10,8,0,0,0.36415553274651025,0.0947994949582595
MAL2,MAL2,8,0,0,0.3109359959397917,-1.26617039132281
CCN3,CCN3,8,0,0,-1.6467987367229604,
ENPP2,ENPP2,8,0,0,0.13172923855532837,1.39577004442189
TAF2,TAF2,8,0,0,0.6402678026657362,-0.447867799600848
DSCC1,DSCC1,8,0,0,0.8128586963717446,-1.01408138755571
DEPTOR,DEPTOR,8,0,0,-1.7921279502535192,-0.772495859040821
COL14A1,COL14A1,8,0,0,-0.14549286332795752,0.250497748178774
MRPL13,MRPL13,8,0,0,0.7039340196985897,
MTBP,MTBP,8,0,0,0.46940813675665005,
SNTB1,SNTB1,8,0,0,-1.5902244478416936,-2.15230651571873
HAS2,HAS2,8,0,0,1.0065586232566197,
ZHX2,ZHX2,8,0,0,-1.9230711994977856,-2.85926141406644
DERL1,DERL1,8,0,0,1.0469162281493194,0.683848743605981
TBC1D31,TBC1D31,8,0,0,0.6046479950072641,-0.764121632415986
FAM83A,FAM83A,8,0,0,-2.992768445102417,
C8orf76,C8orf76,8,0,0,-0.3808749122885118,
ZHX1,ZHX1,8,0,0,0.17756514284446112,-1.15881055056872
ATAD2,ATAD2,8,0,0,0.3295479406387525,0.405781637129548
NTAQ1,NTAQ1,8,0,0,0.3250301974579006,-0.641211206239665
FBXO32,FBXO32,8,0,0,-0.8156988574447137,-0.395129490743843
KLHL38,KLHL38,8,0,0,-1.8921196122304895,
ANXA13,ANXA13,8,0,0,-0.40336811381130744,-0.483924178384785
FAM91A1,FAM91A1,8,0,0,0.4162955377025579,0.327778306616092
FER1L6,FER1L6,8,0,0,-0.6134696600141112,
TMEM65,TMEM65,8,0,0,-0.506675346889244,-1.2303306089447
TRMT12,TRMT12,8,0,0,-0.5201025726457793,-1.39422881739216
RNF139,RNF139,8,0,0,1.2246356019271172,0.641574972754944
TATDN1,TATDN1,8,0,0,1.364897819762012,2.14335918487246
NDUFB9,NDUFB9,8,0,0,-0.5994608392996419,-0.545689440781231
MTSS1,MTSS1,8,0,0,-2.07310226382506,-1.60372074328257
ZNF572,ZNF572,8,0,0,-1.083516997418375,
SQLE,SQLE,8,0,0,0.8531803329439711,0.641873741095105
WASHC5,WASHC5,8,0,0,0.6883945340301629,0.673436775496491
NSMCE2,NSMCE2,8,0,0,0.3145554114221625,2.09956687569523
TRIB1,TRIB1,8,0,0,-2.331864676677638,-2.03219434327425
LRATD2,LRATD2,8,0,0,-2.7053925616804726,
POU5F1B,POU5F1B,8,0,0,-1.9071488184494978,
MYC,MYC,8,0,0,-2.6613731953809747,-1.74029310010867
GSDMC,GSDMC,8,0,0,-0.40452218793875083,
CYRIB,CYRIB,8,0,0,0.8138199306508263,1.40030544652364
ASAP1,ASAP1,8,0,0,-0.962416521357337,-2.67096878521249
ADCY8,ADCY8,8,0,0,-1.1178055255065438,
EFR3A,EFR3A,8,0,0,0.9056304275987284,2.0390883596689
OC90,OC90,8,0,0,-1.6492037323467468,
HHLA1,HHLA1,8,0,0,-0.8965775341084381,
KCNQ3,KCNQ3,8,0,0,-1.212792033485817,
DNAAF11,DNAAF11,8,0,0,-0.17811479904110783,
TMEM71,TMEM71,8,0,0,-0.33831616047208257,-0.625884786574579
PHF20L1,PHF20L1,8,0,0,-0.012987739603039117,-0.520467584591951
TG,TG,8,0,0,-1.350420583350692,
SLA,SLA,8,0,0,-1.695190429251907,-1.71578396408766
CCN4,CCN4,8,0,0,-1.8242920774109308,-1.28226343678968
NDRG1,NDRG1,8,0,0,-1.6827864276680344,-0.742340143958982
ST3GAL1,ST3GAL1,8,0,0,-1.499633580473029,-3.19545232996235
ZFAT,ZFAT,8,0,0,-1.7789624166476958,-2.26710264441442
KHDRBS3,KHDRBS3,8,0,0,-0.08637425806773535,-1.18676658489277
FAM135B,FAM135B,8,0,0,-1.124196323387018,
COL22A1,COL22A1,8,0,0,-2.0768970901799655,
KCNK9,KCNK9,8,0,0,-1.6171315238671546,
TRAPPC9,TRAPPC9,8,0,0,-1.492476237271232,-1.45492920542726
CHRAC1,CHRAC1,8,0,0,-0.8757927694058658,-0.180544236149063
AGO2,AGO2,8,0,0,-1.573277377547397,-3.49359804384737
PTK2,PTK2,8,0,0,-0.37067172039846064,-1.94807151669598
DENND3,DENND3,8,0,0,-1.5224002052204249,-3.56404319712097
SLC45A4,SLC45A4,8,0,0,-2.153129148673365,
GPR20,GPR20,8,0,0,-2.34929823326031,
PTP4A3,PTP4A3,8,0,0,-1.481172566608823,-5.28410436604607
C8orf90,C8orf90,8,0,0,-2.86970467306614,
TSNARE1,TSNARE1,8,0,0,-2.5838397137089064,
ADGRB1,ADGRB1,8,0,0,-2.7987231910265713,
ARC,ARC,8,0,0,-3.6301876872249697,
JRK,JRK,8,0,0,-2.316248273437834,-2.03554124504243
PSCA,PSCA,8,0,0,-2.0602755883881922,
LY6K,LY6K,8,0,0,-0.9284944856496633,
THEM6,THEM6,8,0,0,-2.0362113628153207,-2.07146064759243
SLURP1,SLURP1,8,0,0,-2.2382233604735777,
LYPD2,LYPD2,8,0,0,-2.055115605414729,
SLURP2,SLURP2,8,0,0,-2.473337431091764,
LYNX1,LYNX1,8,0,0,-0.9955070230240217,-0.699430266881236
LY6D,LY6D,8,0,0,-3.0782978183418948,
GML,GML,8,0,0,0.5745736589204906,
CYP11B1,CYP11B1,8,0,0,-2.113338290005135,
CYP11B2,CYP11B2,8,0,0,-2.056291967052964,
LY6E,LY6E,8,0,0,-1.5824394413005916,0.291895895977674
LY6S,LY6S,8,0,0,-1.6828935155410552,
LY6L,LY6L,8,0,0,-2.2708406066165026,
LY6H,LY6H,8,0,0,-2.565599884580097,
GPIHBP1,GPIHBP1,8,0,0,-3.4382572251147554,-1.68497126963948
ZFP41,ZFP41,8,0,0,-2.8035164365368903,
GLI4,GLI4,8,0,0,-3.936637038714265,-2.12538141587702
ZNF696,ZNF696,8,0,0,-3.9457813056087065,-2.92176025674312
TOP1MT,TOP1MT,8,0,0,-2.04719075911024,-3.28931704664881
RHPN1,RHPN1,8,0,0,-3.1512818195087124,-3.99940548285756
MAFA,MAFA,8,0,0,-3.787076743749589,
ZC3H3,ZC3H3,8,0,0,-3.361982665762552,-2.65148472181715
GSDMD,GSDMD,8,0,0,-2.6577127267948377,-1.95160243878899
MROH6,MROH6,8,0,0,-3.09775349794854,-2.10599641980967
NAPRT,NAPRT,8,0,0,-2.7567554103516922,-1.72492315569388
EEF1D,EEF1D,8,0,0,-2.9694842010220484,-1.67351900218693
TIGD5,TIGD5,8,0,0,-3.156822579813859,-3.63640337734833
PYCR3,PYCR3,8,0,0,-2.687871037920404,-1.72271001347377
GFUS,GFUS,8,0,0,-1.3606223811545632,-0.824795136910603
ZNF623,ZNF623,8,0,0,-1.6191625775084209,-0.934513067597864
ZNF707,ZNF707,8,0,0,-3.2929601526371126,-3.68969938399295
CCDC166,CCDC166,8,0,0,-3.0321411752015788,
MAPK15,MAPK15,8,0,0,-3.1259669837003283,
FAM83H,FAM83H,8,0,0,-3.0224339378547267,-3.5954606651929
IQANK1,IQANK1,8,0,0,-3.336415057673104,
SCRIB,SCRIB,8,0,0,-3.351297507981144,-3.63359968247889
PUF60,PUF60,8,0,0,-1.739332048295891,-1.21164792671721
NRBP2,NRBP2,8,0,0,-2.5244882848148187,-3.02173200868666
EPPK1,EPPK1,8,0,0,-3.356625877815265,-2.09550579988099
PLEC,PLEC,8,0,0,-3.185756239670079,-3.52198147923677
PARP10,PARP10,8,0,0,-3.036986986554867,-2.71966180648232
GRINA,GRINA,8,0,0,-1.5287854291640812,-1.08246360098144
SPATC1,SPATC1,8,0,0,-2.907412886301131,
OPLAH,OPLAH,8,0,0,-2.78305829956682,-2.07132197857521
EXOSC4,EXOSC4,8,0,0,-1.952987554968967,-1.06950042250457
GPAA1,GPAA1,8,0,0,-1.4377291932093463,-1.74914566355504
CYC1,CYC1,8,0,0,-1.362521288764448,-1.15693239179695
SHARPIN,SHARPIN,8,0,0,-2.8657453333894853,-3.12607358709714
MAF1,MAF1,8,0,0,-2.451734631619182,-3.1543981034709
WDR97,WDR97,8,0,0,-2.5473512058507506,
HGH1,HGH1,8,0,0,-2.385065931608562,-2.19994674240479
MROH1,MROH1,8,0,0,-2.6119936747004218,-3.29009587716343
BOP1,BOP1,8,0,0,-2.7520258043121206,-2.26361084239787
SCX,SCX,8,0,0,-3.7949157217734157,
HSF1,HSF1,8,0,0,-3.255129708850907,-3.19644722826106
DGAT1,DGAT1,8,0,0,-1.2288025099805946,-1.82535737664614
SCRT1,SCRT1,8,0,0,-2.2600660990111,
TMEM249,TMEM249,8,0,0,-2.178421244586044,
FBXL6,FBXL6,8,0,0,-2.7329570561107666,-2.20484851224437
SLC52A2,SLC52A2,8,0,0,-1.8600137973041004,-1.8533588025913
ADCK5,ADCK5,8,0,0,-2.1030149787366437,-2.01631667759149
CPSF1,CPSF1,8,0,0,-2.279862446083575,-1.98822836689456
SLC39A4,SLC39A4,8,0,0,-3.045126243883816,-0.98014909641891
VPS28,VPS28,8,0,0,-1.8485394382538587,-0.873950450901738
TONSL,TONSL,8,0,0,-3.30521723327165,
ZFTRAF1,ZFTRAF1,8,0,0,-2.4118972283263336,-2.96675017962066
TMEM276,TMEM276,8,0,0,-1.5596957845796755,
KIFC2,KIFC2,8,0,0,-3.4647132222986077,-6.24642044759338
FOXH1,FOXH1,8,0,0,-3.2290908965358085,
PPP1R16A,PPP1R16A,8,0,0,-3.4304600027759573,-3.34772383223104
GPT,GPT,8,0,0,-2.192284262115292,-1.67560006109405
MFSD3,MFSD3,8,0,0,-1.8922608411779045,-3.45584106450123
RECQL4,RECQL4,8,0,0,-3.1282423976445095,-4.62163888083558
LRRC14,LRRC14,8,0,0,-2.354469427131656,-2.44371050131302
LRRC24,LRRC24,8,0,0,-2.8456462316911715,-4.8577565695896
C8orf82,C8orf82,8,0,0,-2.185076496724971,-1.82915374095156
ARHGAP39,ARHGAP39,8,0,0,-2.981091171464854,
ZNF251,ZNF251,8,0,0,-1.033620427470657,-1.18365008084303
ZNF34,ZNF34,8,0,0,-2.131288537989116,-2.56722825624672
RPL8,RPL8,8,0,0,-1.2708656008793628,-2.38716936847217
ZNF517,ZNF517,8,0,0,-3.315021260257174,-2.88716365633137
ZNF7,ZNF7,8,0,0,-1.472356991837259,-1.44235241911255
COMMD5,COMMD5,8,0,0,-2.5113561501771287,-1.20652809222003
ZNF250,ZNF250,8,0,0,-2.402756111574158,-1.83554566027061
ZNF16,ZNF16,8,0,0,-2.195251478457081,-1.69757551378633
C8orf33,C8orf33,8,0,0,-1.6049393353616015,-1.69959349144079
WASHC1,WASHC1,9,0,0,-2.6648912265653752,-3.91376343110243
FOXD4,FOXD4,9,0,0,-2.8493333273129497,
ZNG1A,ZNG1A,9,0,0,0.37432581421145805,-0.983478471475526
DOCK8,DOCK8,9,0,0,-0.8635572037983028,
KANK1,KANK1,9,0,0,-1.382414410583829,-1.91473022933719
DMRT1,DMRT1,9,0,0,-2.1670559415592585,
DMRT3,DMRT3,9,0,0,-2.5131949187914433,
DMRT2,DMRT2,9,0,0,-1.72528815397858,
SMARCA2,SMARCA2,9,0,0,-1.2534701573808196,-1.48132214368436
VLDLR,VLDLR,9,0,0,-0.14397145511436804,1.41342696920954
KCNV2,KCNV2,9,0,0,-2.1183881269935583,
PUM3,PUM3,9,0,0,0.40361551103649695,0.384192671656798
RFX3,RFX3,9,0,0,-0.37937320306160593,-0.6093607321843
GLIS3,GLIS3,9,0,0,-2.6246143960449917,-4.6141928651264
SLC1A1,SLC1A1,9,0,0,0.7565937870969073,0.745292796135904
SPATA6L,SPATA6L,9,0,0,-0.6865862987870077,-3.16316476255857
PLPP6,PLPP6,9,0,0,-2.5771445887733737,-1.06461137549611
CDC37L1,CDC37L1,9,0,0,0.2565592750919823,-0.487252446520177
AK3,AK3,9,0,0,-0.2778846522153078,0.119139788252103
RCL1,RCL1,9,0,0,-0.0977717694898832,-1.08949067470446
JAK2,JAK2,9,0,0,0.8807320722823455,0.343825040005183
INSL6,INSL6,9,0,0,-0.27845368693901484,
INSL4,INSL4,9,0,0,-0.6133132750758126,
RLN2,RLN2,9,0,0,0.02630078598857466,
RLN1,RLN1,9,0,0,0.12078650422194848,
PLGRKT,PLGRKT,9,0,0,1.0381650975523797,2.27371520803941
CD274,CD274,9,0,0,0.1664895340142749,0.439494559385854
PDCD1LG2,PDCD1LG2,9,0,0,-0.8206173195413662,0.590414711729831
RIC1,RIC1,9,0,0,-0.23288754670972267,-1.64716621668688
ERMP1,ERMP1,9,0,0,0.45304226707858675,1.06146242023825
MLANA,MLANA,9,0,0,-0.7719099870196704,
BRD10,BRD10,9,0,0,-0.08905081083387145,-4.15596017632871
RANBP6,RANBP6,9,0,0,1.2027986162697317,1.11484198909095
IL33,IL33,9,0,0,0.7438167871953851,3.06102277301751
TPD52L3,TPD52L3,9,0,0,-0.5398932480085552,
UHRF2,UHRF2,9,0,0,0.6584109979974233,-0.962071156180155
GLDC,GLDC,9,0,0,-0.8166473591197239,-0.526597548206519
KDM4C,KDM4C,9,0,0,-0.16144113552993744,-1.3039611556606
DMAC1,DMAC1,9,0,0,-0.7564656877415867,-0.989678347422575
PTPRD,PTPRD,9,0,0,0.019977981525208577,-0.690175413915276
TYRP1,TYRP1,9,0,0,-0.3238043402842745,
LURAP1L,LURAP1L,9,0,0,-3.078134353953889,-1.60297222050656
MPDZ,MPDZ,9,0,0,-0.2036795504506017,-0.928322598025677
NFIB,NFIB,9,0,0,-0.9161677355466011,0.0495237474171936
ZDHHC21,ZDHHC21,9,0,0,0.7451559067149542,-1.02711077734003
CER1,CER1,9,0,0,-1.5477136149970239,
FREM1,FREM1,9,0,0,-0.370407182995093,-1.62762788635593
TTC39B,TTC39B,9,0,0,0.1005758723551935,-0.0486391834625422
SNAPC3,SNAPC3,9,0,0,-0.35878978988781896,-0.17629000921826
PSIP1,PSIP1,9,0,0,0.25381175141951573,0.761254378026532
CCDC171,CCDC171,9,0,0,-0.08610218182030138,-1.87495623557401
BNC2,BNC2,9,0,0,-1.464745020098288,
CNTLN,CNTLN,9,0,0,0.01104128191281184,-1.29945002699075
SH3GL2,SH3GL2,9,0,0,-0.36765793256459567,
ADAMTSL1,ADAMTSL1,9,0,0,-1.8897133674043047,-1.44378312053528
SAXO1,SAXO1,9,0,0,-1.2615066097336953,
RRAGA,RRAGA,9,0,0,-0.6827236039884408,0.370209022352634
HAUS6,HAUS6,9,0,0,0.32623488150589175,
PLIN2,PLIN2,9,0,0,-0.6417195423734263,-0.0978733157781668
DENND4C,DENND4C,9,0,0,0.28015665702908343,1.62002422776799
RPS6,RPS6,9,0,0,0.6014413685809341,-2.52434202324833
ACER2,ACER2,9,0,0,0.09564420589962097,
SLC24A2,SLC24A2,9,0,0,0.0507648466550048,
MLLT3,MLLT3,9,0,0,-2.0042530878096834,
FOCAD,FOCAD,9,0,0,0.10230453800969563,-0.646526469186413
HACD4,HACD4,9,0,0,1.6089871272168796,
IFNB1,IFNB1,9,0,0,-0.060525101649904656,
IFNW1,IFNW1,9,0,0,-0.9917204271753892,
IFNA21,IFNA21,9,0,0,-0.6834636706093082,
IFNA4,IFNA4,9,0,0,-0.7933342539961483,
IFNA7,IFNA7,9,0,0,-0.5407171283227665,
IFNA10,IFNA10,9,0,0,-0.8126629441455488,
IFNA16,IFNA16,9,0,0,0.015669442560019675,
IFNA17,IFNA17,9,0,0,-0.6341586105468195,
IFNA14,IFNA14,9,0,0,-0.11328555530813134,
IFNA5,IFNA5,9,0,0,-0.15617592070300823,
KLHL9,KLHL9,9,0,0,1.5678380730295522,1.43506622976695
IFNA6,IFNA6,9,0,0,-0.787581506205953,
IFNA13,IFNA13,9,0,0,-0.9172978835308463,
IFNA2,IFNA2,9,0,0,-0.9079544635933097,
IFNA8,IFNA8,9,0,0,-0.5246240591117495,
IFNA1,IFNA1,9,0,0,-0.9562228062305831,
IFNE,IFNE,9,0,0,-0.36001730441607016,
MTAP,MTAP,9,0,0,-0.005514356543120158,-0.0825816541195099
CDKN2A,CDKN2A,9,0,0,-2.474950944747695,
CDKN2B,CDKN2B,9,0,0,-2.4978760645663893,
DMRTA1,DMRTA1,9,0,0,-1.395631583162416,-0.839651547381997
ELAVL2,ELAVL2,9,0,0,0.23952447137802046,
IZUMO3,IZUMO3,9,0,0,0.43767455486571016,
TUSC1,TUSC1,9,0,0,-4.227416516498463,-2.59564923198288
CAAP1,CAAP1,9,0,0,-1.0955438117225462,-0.639183275533481
PLAA,PLAA,9,0,0,0.4945882888196351,0.83783023294136
IFT74,IFT74,9,0,0,0.46137406842545303,4.19900476385199
LRRC19,LRRC19,9,0,0,0.9649132362450583,
TEK,TEK,9,0,0,-0.1771548388094093,-0.120136624053811
EQTN,EQTN,9,0,0,0.8275857724090976,
MOB3B,MOB3B,9,0,0,-0.36088574580067423,
IFNK,IFNK,9,0,0,0.041141523777728395,
C9orf72,C9orf72,9,0,0,0.6137320943187081,0.790148990658545
LINGO2,LINGO2,9,0,0,-0.26460246962113665,
ACO1,ACO1,9,0,0,0.2949147999941317,0.581931194992987
RIGI,RIGI,9,0,0,0.6382367497829922,0.981664562279632
TOPORS,TOPORS,9,0,0,-0.3509117572655498,-0.0015341889617705
SMIM27,SMIM27,9,0,0,0.3571236459921945,1.49546551737239
NDUFB6,NDUFB6,9,0,0,0.340391883183095,0.571109176979263
TAF1L,TAF1L,9,0,0,-0.10561687765462757,
TMEM215,TMEM215,9,0,0,-2.3545151567251548,
APTX,APTX,9,0,0,-0.6185450765220981,-0.621379720980246
DNAJA1,DNAJA1,9,0,0,0.6193446283530033,0.305983732472087
SMU1,SMU1,9,0,0,-0.02761635694816711,1.9236077336428
B4GALT1,B4GALT1,9,0,0,-0.9741428471186442,-0.759393162690763
SPINK4,SPINK4,9,0,0,-0.4595178953053871,
BAG1,BAG1,9,0,0,-2.2558359785408157,-2.9075597644789
CHMP5,CHMP5,9,0,0,0.6269155821528063,1.53623219138394
NFX1,NFX1,9,0,0,-1.287352670489545,-1.35919864538044
AQP7,AQP7,9,0,0,-0.5451361295102455,0.0508937570991619
AQP3,AQP3,9,0,0,-1.0750756725480546,0.106105890547355
NOL6,NOL6,9,0,0,-1.7147665437453572,-1.94408366581223
ANKRD18B,ANKRD18B,9,0,0,0.47850400588985664,
PRSS3,PRSS3,9,0,0,-0.6703584602772512,-2.0963146995092
UBE2R2,UBE2R2,9,0,0,0.01461899773301134,-0.845501501063956
UBAP2,UBAP2,9,0,0,-1.6537200890122676,-2.29851438632983
DCAF12,DCAF12,9,0,0,-0.7125239664357643,-1.56555368028306
UBAP1,UBAP1,9,0,0,-0.7704029621519553,-1.58943611433012
KIF24,KIF24,9,0,0,-1.2057770455175447,
NUDT2,NUDT2,9,0,0,-1.1641151434054304,-1.54117556498195
MYORG,MYORG,9,0,0,-1.6039165522854155,-1.78532270433811
SPMIP6,SPMIP6,9,0,0,-1.612162632250561,
FAM219A,FAM219A,9,0,0,-2.2436238070579737,-2.21261533805171
DNAI1,DNAI1,9,0,0,-0.8511587447056534,
ENHO,ENHO,9,0,0,-3.1833960211634214,-5.82694769126282
CNTFR,CNTFR,9,0,0,-2.2640837545861157,-2.24241909288133
RPP25L,RPP25L,9,0,0,-2.435131416058452,-0.5575002401
DCTN3,DCTN3,9,0,0,-1.367171308606821,0.120313702051153
ARID3C,ARID3C,9,0,0,-2.764053408425971,-3.07182411042503
SIGMAR1,SIGMAR1,9,0,0,-1.554586292912731,-1.64895742037928
GALT,GALT,9,0,0,-1.5968771795766532,
IL11RA,IL11RA,9,0,0,-2.5963900998232177,
CCL27,CCL27,9,0,0,-2.460919553458357,
LOC730098,LOC730098,9,0,0,-2.233214434740553,
CCL19,CCL19,9,0,0,-1.6394457725665141,-1.8041120425945
CCL21,CCL21,9,0,0,-2.3938376332646705,-0.227546973206608
SPATA31F1,SPATA31F1,9,0,0,-2.0520435100191783,
SPATA31F3,SPATA31F3,9,0,0,-0.5620427474773901,
PHF24,PHF24,9,0,0,-2.625265513085603,
DNAJB5,DNAJB5,9,0,0,-1.4585762524773145,-1.49017020414289
SPATA31G1,SPATA31G1,9,0,0,-2.1242988440607444,
VCP,VCP,9,0,0,-0.1292345825781389,0.486153455981852
FANCG,FANCG,9,0,0,-1.849462748036018,-1.55016866141045
PIGO,PIGO,9,0,0,-1.0478575639465042,-0.294304925782927
STOML2,STOML2,9,0,0,-1.0368411922762277,-1.04505124369956
ATOSB,ATOSB,9,0,0,-2.836863032058055,-4.54529134075327
UNC13B,UNC13B,9,0,0,-0.4183165604904655,-2.02860780836488
RUSC2,RUSC2,9,0,0,-2.985551513862527,-3.74461935367585
CIMIP2B,CIMIP2B,9,0,0,-2.2513072657557274,-3.41289762064974
TESK1,TESK1,9,0,0,-2.8966438965411694,-5.70977233961314
CD72,CD72,9,0,0,-1.4304078187424274,-1.62470148353243
SIT1,SIT1,9,0,0,-2.468244493934293,-3.25133948460113
CCDC107,CCDC107,9,0,0,-2.223474965154434,-1.79246427361995
ARHGEF39,ARHGEF39,9,0,0,-2.4160448624927113,
CA9,CA9,9,0,0,-2.1248828029894113,-1.02969602024051
TPM2,TPM2,9,0,0,-1.57985926730057,-2.84353832134822
TLN1,TLN1,9,0,0,-1.2553819581907266,-1.31581048567931
CREB3,CREB3,9,0,0,-1.8148626069896991,-1.96106728868584
GBA2,GBA2,9,0,0,-0.6789678589881198,-2.45709612668275
RGP1,RGP1,9,0,0,-1.920822402436567,-1.58095985643372
MSMP,MSMP,9,0,0,-1.6120024727553677,
NPR2,NPR2,9,0,0,-0.7259970045917186,-1.62335608125255
SPAG8,SPAG8,9,0,0,-1.780665996524343,
HINT2,HINT2,9,0,0,-1.101268014331433,-0.856629323759785
FAM221B,FAM221B,9,0,0,-2.2584804768816547,
TMEM8B,TMEM8B,9,0,0,-2.168189746032125,-4.18605352870166
OR13J1,OR13J1,9,0,0,-1.5758086199422046,
HRCT1,HRCT1,9,0,0,-3.9872083892180914,-2.61535951379849
SPAAR,SPAAR,9,0,0,-1.8663075466185663,-2.44184406102983
OR2S2,OR2S2,9,0,0,-0.12225335138678517,
RECK,RECK,9,0,0,-0.23035217543427677,0.0678756078916434
GLIPR2,GLIPR2,9,0,0,-1.2211525464413704,-1.26993469061845
CCIN,CCIN,9,0,0,-0.780102027856362,
CLTA,CLTA,9,0,0,-1.3541531930499602,-0.446587134299246
GNE,GNE,9,0,0,0.21830383219171345,0.229407918888292
RNF38,RNF38,9,0,0,-1.449000653775263,-1.57431720498537
MELK,MELK,9,0,0,0.5822669912669749,-1.44175736942877
PAX5,PAX5,9,0,0,-2.3829125939090243,
ZCCHC7,ZCCHC7,9,0,0,-0.22390809695564684,-1.12713727410042
GRHPR,GRHPR,9,0,0,-1.5160129468041124,-0.464892103304324
ZBTB5,ZBTB5,9,0,0,-1.1988541268161157,-1.46811786334267
POLR1E,POLR1E,9,0,0,-0.26438360804751326,-0.201500123914815
FBXO10,FBXO10,9,0,0,-1.723212859939034,-2.22690482283797
TOMM5,TOMM5,9,0,0,-0.9320857626987245,0.0058863561159636
FRMPD1,FRMPD1,9,0,0,-1.9644816505374028,
TRMT10B,TRMT10B,9,0,0,-0.32063966369929453,-1.63573893405248
EXOSC3,EXOSC3,9,0,0,0.08369591050892566,-0.341025714504005
DCAF10,DCAF10,9,0,0,-1.309709416911259,-0.800250089510539
SLC25A51,SLC25A51,9,0,0,0.6158380333431666,-1.03631473713662
SHB,SHB,9,0,0,-2.9216569024782704,-3.54233604191317
ALDH1B1,ALDH1B1,9,0,0,-1.2573090548286725,-0.541972088767625
IGFBPL1,IGFBPL1,9,0,0,-2.497073724878737,
ANKRD18A,ANKRD18A,9,0,0,0.45746424934207397,
FAM240B,FAM240B,9,0,0,-1.238853266904437,
CNTNAP3,CNTNAP3,9,0,0,-0.7432091783899857,
SPATA31A1,SPATA31A1,9,0,0,-2.003682918661543,
FOXD4L6,FOXD4L6,9,0,0,-2.725999718584916,
ZNG1F,ZNG1F,9,0,0,0.27066378693564985,-2.49752268291238
CNTNAP3B,CNTNAP3B,9,0,0,-0.7149248701157642,
SPATA31A6,SPATA31A6,9,0,0,-2.044490795337163,
SPATA31A5,SPATA31A5,9,0,0,-2.000348036660691,
SPATA31A7,SPATA31A7,9,0,0,-1.9843846521218715,
FOXD4L5,FOXD4L5,9,0,0,-2.6804228459923714,
ZNG1E,ZNG1E,9,0,0,0.34735524257269645,-0.835556934660901
FOXD4L4,FOXD4L4,9,0,0,-2.659183882379411,
ZNF658,ZNF658,9,0,0,-0.3785328807861319,
SPATA31A3,SPATA31A3,9,0,0,-2.014920964862739,
ANKRD20A1,ANKRD20A1,9,0,0,0.35171242364868505,
ZNG1C,ZNG1C,9,0,0,0.3730842874169866,
FOXD4L3,FOXD4L3,9,0,0,-2.703440696027892,
PGM5,PGM5,9,0,0,-0.932360314327374,-0.265513096800608
TMEM252,TMEM252,9,0,0,-1.472272911739573,-0.213660920269632
PABIR1,PABIR1,9,0,0,-2.484799891774891,-1.26206678966528
PIP5K1B,PIP5K1B,9,0,0,0.15272071719698666,
PRKACG,PRKACG,9,0,0,-1.7617521502910911,
FXN,FXN,9,0,0,-1.004297079626733,-0.485683595777942
TJP2,TJP2,9,0,0,-1.7449024312180352,
ENTREP1,ENTREP1,9,0,0,-1.7031932163212442,
APBA1,APBA1,9,0,0,-2.345859997795248,-1.62900284048268
PTAR1,PTAR1,9,0,0,-0.7076820362718195,-0.397748382018727
CFAP95,CFAP95,9,0,0,-0.0033472118557664743,
MAMDC2,MAMDC2,9,0,0,-0.2045673247862112,0.428515717884016
SMC5,SMC5,9,0,0,0.669229697112053,0.190993878752008
KLF9,KLF9,9,0,0,-2.4299669987245984,-2.33395434854771
TRPM3,TRPM3,9,0,0,-0.7508323036387541,
CEMIP2,CEMIP2,9,0,0,0.1058322120340982,-0.0010397182956071
ABHD17B,ABHD17B,9,0,0,1.1159502749854777,1.95570923285665
C9orf85,C9orf85,9,0,0,0.838812150245225,0.594640230961156
C9orf57,C9orf57,9,0,0,0.4825914803965343,
GDA,GDA,9,0,0,0.22054666271689882,-0.0263902868778112
ZFAND5,ZFAND5,9,0,0,-0.14382168711582466,1.29979027813001
TMC1,TMC1,9,0,0,0.8513837642738995,
ALDH1A1,ALDH1A1,9,0,0,0.5546767126601981,1.05317186568162
ANXA1,ANXA1,9,0,0,0.9513566838586716,1.41756104914305
RORB,RORB,9,0,0,-0.6839762766407969,
TRPM6,TRPM6,9,0,0,-0.23573952049634173,
C9orf40,C9orf40,9,0,0,-2.6352409021066503,-1.71535278998962
CARNMT1,CARNMT1,9,0,0,0.7508696057739837,-0.745110652838126
NMRK1,NMRK1,9,0,0,0.7539186803640661,1.9404557716805
OSTF1,OSTF1,9,0,0,0.3568609663982798,1.08156270252838
PCSK5,PCSK5,9,0,0,-1.1053096948044363,
RFK,RFK,9,0,0,0.5596690890257374,1.30374654201181
GCNT1,GCNT1,9,0,0,0.3380482469983068,0.481825927812593
PRUNE2,PRUNE2,9,0,0,-0.9037598045828901,
FOXB2,FOXB2,9,0,0,-2.702601509056059,
VPS13A,VPS13A,9,0,0,1.402165270322552,-0.913269082043814
GNA14,GNA14,9,0,0,-0.32160891301959715,-1.37055924482968
GNAQ,GNAQ,9,0,0,-0.2555097226912668,-1.62780359726441
CEP78,CEP78,9,0,0,0.12322717601170652,0.684324787287174
PSAT1,PSAT1,9,0,0,0.33952831686847773,0.938534370269796
TLE4,TLE4,9,0,0,-1.443585352207279,-1.67788869270641
TLE1,TLE1,9,0,0,-1.7657018694127107,-2.15916498975282
SPATA31D4,SPATA31D4,9,0,0,-1.3063211428061567,
SPATA31D3,SPATA31D3,9,0,0,-1.3076239948154882,
SPATA31D1,SPATA31D1,9,0,0,-1.3679735278292107,
RASEF,RASEF,9,0,0,-0.6253974596573322,
FRMD3,FRMD3,9,0,0,-0.9519883163736704,
IDNK,IDNK,9,0,0,-0.20058495184180813,-0.567450803338356
UBQLN1,UBQLN1,9,0,0,-0.44209340446129275,-0.186411144029715
GKAP1,GKAP1,9,0,0,0.5001222106790877,0.573933480947872
KIF27,KIF27,9,0,0,0.2039947611110673,
QNG1,QNG1,9,0,0,-0.2736854157613031,0.29636924906837
HNRNPK,HNRNPK,9,0,0,0.3109100598491672,0.667169487155007
RMI1,RMI1,9,0,0,1.059141055027487,
SLC28A3,SLC28A3,9,0,0,0.2510752651916004,
NTRK2,NTRK2,9,0,0,-0.5506020534600324,-0.0486310641777443
AGTPBP1,AGTPBP1,9,0,0,0.9803476535736166,
NAA35,NAA35,9,0,0,1.053655154782982,1.89588520721193
GOLM1,GOLM1,9,0,0,-2.0700457902249347,-1.56262553195621
C9orf153,C9orf153,9,0,0,0.7591888818172965,
ISCA1,ISCA1,9,0,0,0.6706806883445502,-1.83293373408431
TUT7,TUT7,9,0,0,0.13605498325530263,-0.891631920329829
GAS1,GAS1,9,0,0,-2.728399697974238,-3.87647784485499
DAPK1,DAPK1,9,0,0,-1.2812090322005698,-2.68967494350785
CTSL,CTSL,9,0,0,0.4794443889021167,1.03131023306524
SPATA31E1,SPATA31E1,9,0,0,-2.9407853796696326,
SPATA31C1,SPATA31C1,9,0,0,-2.2835234136978944,
LOC122394732,LOC122394732,9,0,0,-0.374324370743798,
CDK20,CDK20,9,0,0,-1.8584637098105468,-0.640117453926331
SPATA31C2,SPATA31C2,9,0,0,-2.185843694041896,
SPIN1,SPIN1,9,0,0,0.6528235196998722,-1.15649057873723
NXNL2,NXNL2,9,0,0,-1.4888759709154513,
S1PR3,S1PR3,9,0,0,-1.562447720195042,-3.47731827749636
SHC3,SHC3,9,0,0,-2.349201099352099,
CKS2,CKS2,9,0,0,-0.48254195033280034,2.22746048474839
SECISBP2,SECISBP2,9,0,0,-0.5765404663230296,-2.12429085688936
SEMA4D,SEMA4D,9,0,0,-1.5691899135179632,-2.06482201346194
GADD45G,GADD45G,9,0,0,-2.038370651549698,-1.52387949427557
DIRAS2,DIRAS2,9,0,0,-2.653769510014927,
SYK,SYK,9,0,0,-0.7014717957352925,-1.82593338757467
AUH,AUH,9,0,0,-0.1677962877484891,-0.745114434376283
NFIL3,NFIL3,9,0,0,-0.6617130404689338,0.0850479442279716
ROR2,ROR2,9,0,0,-2.1280416679538323,
SPTLC1,SPTLC1,9,0,0,0.46679671250516463,0.897080118481611
IARS1,IARS1,9,0,0,0.5732604130461993,0.893372603026589
NOL8,NOL8,9,0,0,-0.05268069531669717,-0.412045149788764
CENPP,CENPP,9,0,0,-0.6369387683008867,-1.87906786388333
OGN,OGN,9,0,0,0.653156760201183,
OMD,OMD,9,0,0,1.3002134082039856,
ECM2,ECM2,9,0,0,-0.1996506533923732,0.822647090621928
IPPK,IPPK,9,0,0,-1.2159206722881137,-1.37434680880489
BICD2,BICD2,9,0,0,-2.873855527194271,-3.18815966396342
ZNF484,ZNF484,9,0,0,-0.18684237416132987,1.09654533287985
FGD3,FGD3,9,0,0,-2.9369537202084963,-3.04362108619108
SUSD3,SUSD3,9,0,0,-2.701619430006593,-1.78448245165552
CARD19,CARD19,9,0,0,-2.553397352578596,-1.25172395223723
NINJ1,NINJ1,9,0,0,-1.8926406997939065,-1.2623477611228
WNK2,WNK2,9,0,0,-3.1591336134708516,-3.652755781104
FAM120AOS,FAM120AOS,9,0,0,-2.5227924868927563,-3.32748756267488
FAM120A,FAM120A,9,0,0,-1.4415124653649354,-2.63973419426607
PHF2,PHF2,9,0,0,-2.0594594603170204,-2.97130155238127
BARX1,BARX1,9,0,0,-2.527205695819365,
PTPDC1,PTPDC1,9,0,0,-0.861476148128471,-2.85597293541409
ZNF169,ZNF169,9,0,0,-2.6243827138124143,-3.60786745672143
NUTM2F,NUTM2F,9,0,0,-3.054291699531399,
MFSD14B,MFSD14B,9,0,0,-0.03669421149379026,-0.949715975489659
FBP2,FBP2,9,0,0,-0.4330303907712043,
FBP1,FBP1,9,0,0,-0.32519540579272466,0.460264884727932
AOPEP,AOPEP,9,0,0,-1.007731941954038,-2.94445599636919
FANCC,FANCC,9,0,0,-0.22132748692270177,-1.74340608737945
PTCH1,PTCH1,9,0,0,-1.286408038850336,-2.82707202191227
ERCC6L2,ERCC6L2,9,0,0,0.46565885894019843,-1.24507606514412
HSD17B3,HSD17B3,9,0,0,0.24900509966337658,-3.94824877446249
SLC35D2,SLC35D2,9,0,0,0.626329542687257,-0.879050814879008
ZNF367,ZNF367,9,0,0,-2.6320149375465434,-2.4140632863108
HABP4,HABP4,9,0,0,-1.5782803797734637,-2.65430515712369
CDC14B,CDC14B,9,0,0,0.48099182563525034,-1.00817974371577
PRXL2C,PRXL2C,9,0,0,-1.1286991126909118,
ZNF510,ZNF510,9,0,0,-0.0742516601150669,-0.329387082437034
ZNF782,ZNF782,9,0,0,-0.6024088338018831,-1.87721748829009
NUTM2G,NUTM2G,9,0,0,-3.0005482558261356,
CTSV,CTSV,9,0,0,0.653315453184458,
CCDC180,CCDC180,9,0,0,-1.572003272038641,
TDRD7,TDRD7,9,0,0,0.42301874704400433,1.3341043098375
TMOD1,TMOD1,9,0,0,-0.9555595790786544,-0.275443587316104
TSTD2,TSTD2,9,0,0,-0.5221241887230299,-0.0378477760644241
NCBP1,NCBP1,9,0,0,0.25414358837639206,1.09401891670422
XPA,XPA,9,0,0,0.530456611231708,0.139230319899828
FOXE1,FOXE1,9,0,0,-2.167059468199044,
TRMO,TRMO,9,0,0,-0.8953721701404138,-0.855949673902168
HEMGN,HEMGN,9,0,0,-0.251154062644412,-1.41965249021847
ANP32B,ANP32B,9,0,0,-0.4759028933783451,-1.20844729689891
NANS,NANS,9,0,0,-0.7621992693194173,-0.566178659347322
TRIM14,TRIM14,9,0,0,-2.282616402007008,-2.56355272989142
CORO2A,CORO2A,9,0,0,-1.9953794725418401,-1.92105204270676
TBC1D2,TBC1D2,9,0,0,-2.5004148466058407,-2.56140410797799
GABBR2,GABBR2,9,0,0,-1.319060000051632,
ANKS6,ANKS6,9,0,0,-2.4018346159483794,-3.50310415581678
GALNT12,GALNT12,9,0,0,-1.1999594166548242,
COL15A1,COL15A1,9,0,0,-1.70930048560699,
TGFBR1,TGFBR1,9,0,0,0.8377492789780199,0.84120612162753
ALG2,ALG2,9,0,0,-0.7008931898717563,-0.316865933146912
SEC61B,SEC61B,9,0,0,-0.7873396972549056,-0.0209003090250931
NR4A3,NR4A3,9,0,0,-2.0442825556298843,
STX17,STX17,9,0,0,0.3289966894514329,0.492233508776175
ERP44,ERP44,9,0,0,0.599401814286745,2.15606698993517
INVS,INVS,9,0,0,-0.7185084612470938,-1.9131153946528
TEX10,TEX10,9,0,0,0.04561851307182074,0.784735275913149
MSANTD3,MSANTD3,9,0,0,-0.9750850267324385,-3.50111107481635
TMEFF1,TMEFF1,9,0,0,0.3605066246113857,
CAVIN4,CAVIN4,9,0,0,-0.8595575134382987,
PLPPR1,PLPPR1,9,0,0,-0.14194168913294902,-0.627609008066323
BAAT,BAAT,9,0,0,-0.3278650007082735,0.965627657531584
MRPL50,MRPL50,9,0,0,0.23508860084129957,2.47013743020185
ZNF189,ZNF189,9,0,0,-0.6828989864929849,-0.197826109889106
ALDOB,ALDOB,9,0,0,-0.4745261257533304,-0.755655851561284
PGAP4,PGAP4,9,0,0,-1.4423101372118303,-2.01578472723776
RNF20,RNF20,9,0,0,-0.5775817645008523,-0.0545293127116341
GRIN3A,GRIN3A,9,0,0,-1.037885567184551,
PPP3R2,PPP3R2,9,0,0,-1.002720587988085,
CYLC2,CYLC2,9,0,0,0.7709706450213556,
SMC2,SMC2,9,0,0,1.1545996445965976,
OR13F1,OR13F1,9,0,0,0.6056407884524475,
OR13C4,OR13C4,9,0,0,1.5720536196078676,
OR13C3,OR13C3,9,0,0,1.6577073498549169,
OR13C8,OR13C8,9,0,0,1.2801284468148904,
OR13C5,OR13C5,9,0,0,0.610601254473357,
OR13C2,OR13C2,9,0,0,0.6577623869759446,
OR13C9,OR13C9,9,0,0,0.8351503926558372,
OR13D1,OR13D1,9,0,0,1.179079704320257,
NIPSNAP3A,NIPSNAP3A,9,0,0,0.7965188384612993,1.91909548902118
NIPSNAP3B,NIPSNAP3B,9,0,0,1.063838509631747,
ABCA1,ABCA1,9,0,0,-0.4452030086401013,-1.06815243652045
SLC44A1,SLC44A1,9,0,0,0.9565980966969736,0.0237749148459471
FSD1L,FSD1L,9,0,0,0.8631545512525136,
FKTN,FKTN,9,0,0,0.8837456017026035,-0.149565235034858
TAL2,TAL2,9,0,0,-2.1949422887880843,
TMEM38B,TMEM38B,9,0,0,1.23466751432594,1.17540039236835
ZNF462,ZNF462,9,0,0,-1.2481179154111253,-2.53343691192865
RAD23B,RAD23B,9,0,0,-0.15517540649994466,-0.0266428480816701
KLF4,KLF4,9,0,0,-2.7687437203616216,-2.79863238461976
ACTL7B,ACTL7B,9,0,0,-2.4665743998433225,
ACTL7A,ACTL7A,9,0,0,-1.584550223719873,
ELP1,ELP1,9,0,0,-0.08222585612880984,-0.700101165603627
ABITRAM,ABITRAM,9,0,0,-0.06774135251502678,0.523253121743511
CTNNAL1,CTNNAL1,9,0,0,0.6881346909124346,1.70187060216632
TMEM245,TMEM245,9,0,0,-0.11995088181526015,0.235611383900072
FRRS1L,FRRS1L,9,0,0,-0.002476778043568828,
EPB41L4B,EPB41L4B,9,0,0,-1.4423719155145402,-1.8227765008779
PTPN3,PTPN3,9,0,0,-0.6135419661379249,-1.25201243947771
PALM2AKAP2,PALM2AKAP2,9,0,0,-1.9172492334759,
C9orf152,C9orf152,9,0,0,-2.2868135455120058,
TXN,TXN,9,0,0,1.117866453971052,4.69869460050106
TXNDC8,TXNDC8,9,0,0,1.5475008218110933,
SVEP1,SVEP1,9,0,0,-0.36095601716616166,-0.35638264580498
MUSK,MUSK,9,0,0,-0.5003752271105153,
LPAR1,LPAR1,9,0,0,0.33071155267791674,-1.05793457805573
OR2K2,OR2K2,9,0,0,0.6709704343040741,
ECPAS,ECPAS,9,0,0,0.23355792881685034,-0.696695550454194
ZNF483,ZNF483,9,0,0,-0.5043707269546811,
PTGR1,PTGR1,9,0,0,1.1409511826918717,0.836411544706166
DNAJC25,DNAJC25,9,0,0,-0.44427016450872436,-0.414600630373012
GNG10,GNG10,9,0,0,-1.4301998716564448,-0.827705758509373
SHOC1,SHOC1,9,0,0,0.6420821186746881,
UGCG,UGCG,9,0,0,1.6677795383550755,1.04294374727421
SUSD1,SUSD1,9,0,0,-0.3813167311056631,-0.345688120107762
PTBP3,PTBP3,9,0,0,0.7878212312273352,0.260594657258097
HSDL2,HSDL2,9,0,0,1.5717135853510324,2.28036069920327
KIAA1958,KIAA1958,9,0,0,-1.43703954112752,-2.62755987303919
INIP,INIP,9,0,0,-0.13954653546578122,1.76187617557613
SNX30,SNX30,9,0,0,-0.5321545527157028,-1.22649535933364
SLC46A2,SLC46A2,9,0,0,-0.9858696766997515,
ZNF883,ZNF883,9,0,0,-0.3667177067962193,
ZFP37,ZFP37,9,0,0,-0.533220627093387,
SLC31A2,SLC31A2,9,0,0,0.1777999993167665,0.30993639336647
FKBP15,FKBP15,9,0,0,-1.1470392503341156,-1.26511750272141
SLC31A1,SLC31A1,9,0,0,0.1543873599201362,2.11827724782265
CDC26,CDC26,9,0,0,-0.11758290580247355,-0.761659608310389
PRPF4,PRPF4,9,0,0,-0.3147198816694434,0.0910751855263266
RNF183,RNF183,9,0,0,-2.5068670979987786,
WDR31,WDR31,9,0,0,-0.5026640869038843,1.10170263331598
BSPRY,BSPRY,9,0,0,-2.365797966130023,-2.55102093053415
HDHD3,HDHD3,9,0,0,-2.1410956887346995,-2.08348490280486
ALAD,ALAD,9,0,0,-1.2193392991994205,-1.20670044048664
POLE3,POLE3,9,0,0,-1.6869834392003185,-0.731694357559364
C9orf43,C9orf43,9,0,0,-0.8209507283424546,-2.69792710543046
RGS3,RGS3,9,0,0,-2.4530480334940794,-1.52740762924991
ZNF618,ZNF618,9,0,0,-2.1207032531465018,-2.91039134780044
AMBP,AMBP,9,0,0,-0.9755613749637906,-0.0716501443642319
KIF12,KIF12,9,0,0,-3.166390737302354,-3.04320980200834
COL27A1,COL27A1,9,0,0,-2.5576662869587494,-6.76959860072609
ORM1,ORM1,9,0,0,-0.8933285570514755,1.29208624110433
ORM2,ORM2,9,0,0,-0.9271773811986765,0.698579724221577
AKNA,AKNA,9,0,0,-3.222601492501008,-5.02503790529661
WHRN,WHRN,9,0,0,-2.924831745293808,-3.8799684350975
ATP6V1G1,ATP6V1G1,9,0,0,-1.4863223566205477,-1.04176284177388
TMEM268,TMEM268,9,0,0,-1.6660917465604648,-2.72321674917833
TEX53,TEX53,9,0,0,-0.9897944280262152,
TEX48,TEX48,9,0,0,-1.636037601713289,
TNFSF15,TNFSF15,9,0,0,-0.9754143862029707,
TNFSF8,TNFSF8,9,0,0,-0.20816598649535045,
TNC,TNC,9,0,0,-1.3554397766241113,-0.501806067305257
PAPPA,PAPPA,9,0,0,-1.6997993078499078,
ASTN2,ASTN2,9,0,0,-2.0727298347802012,-2.69675957456677
TRIM32,TRIM32,9,0,0,-1.048936105696308,
TLR4,TLR4,9,0,0,0.14137142552307935,-0.63386341713916
BRINP1,BRINP1,9,0,0,-1.7303590048521453,
CDK5RAP2,CDK5RAP2,9,0,0,-1.2501340799891398,-2.03319082998639
MEGF9,MEGF9,9,0,0,-1.1932328487409993,-3.08756086506865
FBXW2,FBXW2,9,0,0,-0.4632504233510204,-2.17268102669206
B3GALT9,B3GALT9,9,0,0,1.0565512751207233,
PSMD5,PSMD5,9,0,0,0.42038100590109195,0.687099989187707
PHF19,PHF19,9,0,0,-1.8011962022656327,-2.92790266205645
TRAF1,TRAF1,9,0,0,-2.2052024926290343,-3.48869512548651
C5,C5,9,0,0,1.0223690869404383,2.91387959766225
CNTRL,CNTRL,9,0,0,-0.5205259271859664,-2.48751085751118
RAB14,RAB14,9,0,0,0.8506063907892827,0.894289655134554
GSN,GSN,9,0,0,-1.5241384656719372,
STOM,STOM,9,0,0,0.19940178681938647,1.31573475068421
GGTA1,GGTA1,9,0,0,0.32141122883854045,
DAB2IP,DAB2IP,9,0,0,-2.909779557713895,-2.60356040607663
TTLL11,TTLL11,9,0,0,-1.6747584914126783,-3.45252761184689
NDUFA8,NDUFA8,9,0,0,-0.6305018078660627,0.0945772782833386
MORN5,MORN5,9,0,0,0.17453927911521028,
LHX6,LHX6,9,0,0,-2.526141229870033,
RBM18,RBM18,9,0,0,-0.00850506184696087,1.16797189023484
MRRF,MRRF,9,0,0,0.049731564939150985,1.03145137785114
PTGS1,PTGS1,9,0,0,-1.1169366648511243,-0.41557489844192
OR1J1,OR1J1,9,0,0,-0.23868605241280072,
OR1J2,OR1J2,9,0,0,-0.17582563725834,
OR1J4,OR1J4,9,0,0,-0.1887401194837075,
OR1N1,OR1N1,9,0,0,-0.014203616086987836,
OR1N2,OR1N2,9,0,0,0.29831512717932895,
OR1L8,OR1L8,9,0,0,-0.15080419137780332,
OR1Q1,OR1Q1,9,0,0,0.3023378160767507,
OR1B1,OR1B1,9,0,0,0.3265586669688929,
OR1L1,OR1L1,9,0,0,0.5898891765517025,
OR1L3,OR1L3,9,0,0,0.7773423538104183,
OR1L4,OR1L4,9,0,0,0.10234926220277529,
OR1L6,OR1L6,9,0,0,-0.08275784191105018,
OR5C1,OR5C1,9,0,0,-0.9007462433296816,
OR1K1,OR1K1,9,0,0,-1.3039530107607096,
PDCL,PDCL,9,0,0,-1.0554959037386542,-0.90179175115088
RC3H2,RC3H2,9,0,0,-0.19280076276267444,-1.72738478375397
ZBTB6,ZBTB6,9,0,0,0.09224719571828643,1.67184086722507
ZBTB26,ZBTB26,9,0,0,-0.010321603794926304,-0.304353671825128
RABGAP1,RABGAP1,9,0,0,-0.08918050469327277,-1.02880962940429
GPR21,GPR21,9,0,0,0.4741349685746936,
STRBP,STRBP,9,0,0,0.7220854944759836,-0.10237306748739
CRB2,CRB2,9,0,0,-2.5708383629449774,
DENND1A,DENND1A,9,0,0,-2.0978152693649896,-2.76568479308704
LHX2,LHX2,9,0,0,-2.309867900327488,-6.13742866028275
NEK6,NEK6,9,0,0,-1.8333740252649502,-1.91511950433786
PSMB7,PSMB7,9,0,0,0.21621368400087881,0.221019107961382
ADGRD2,ADGRD2,9,0,0,-2.42537045959458,
NR5A1,NR5A1,9,0,0,-2.366284405035417,
NR6A1,NR6A1,9,0,0,-1.1840651341875095,-3.16310850976253
OLFML2A,OLFML2A,9,0,0,-2.410325278523027,
WDR38,WDR38,9,0,0,-2.1019324625259816,
RPL35,RPL35,9,0,0,-1.0639842798632415,-1.97139330801826
ARPC5L,ARPC5L,9,0,0,-1.2651683036062078,-0.805934709055911
GOLGA1,GOLGA1,9,0,0,-1.3182347319995191,-1.75120069304319
SCAI,SCAI,9,0,0,0.9695733015762684,-0.206386203134834
PPP6C,PPP6C,9,0,0,1.2497427159876668,1.71774557631938
RABEPK,RABEPK,9,0,0,-0.7240184590036876,-1.16006280182594
HSPA5,HSPA5,9,0,0,0.5105854374720273,0.83329147919762
GAPVD1,GAPVD1,9,0,0,-0.11427844489177374,0.990843876370708
MAPKAP1,MAPKAP1,9,0,0,-0.721559144806081,-3.01657547137385
PBX3,PBX3,9,0,0,-0.9746357299112276,-2.17254406224575
MVB12B,MVB12B,9,0,0,-1.515415607560465,-0.776048559916035
LMX1B,LMX1B,9,0,0,-2.757309608857705,
ZBTB43,ZBTB43,9,0,0,-1.2690568775641058,-1.83113643112939
ZBTB34,ZBTB34,9,0,0,-1.70209236559241,-2.89297693543045
RALGPS1,RALGPS1,9,0,0,-0.9931853484045821,-2.61027394160495
ANGPTL2,ANGPTL2,9,0,0,-2.0521989426785243,-2.01716663503453
GARNL3,GARNL3,9,0,0,-0.7540014494020966,-3.35743111857642
SLC2A8,SLC2A8,9,0,0,-1.633071663748865,-1.53704207349136
ZNF79,ZNF79,9,0,0,-2.287322728903842,-2.38955189939607
RPL12,RPL12,9,0,0,-1.0919409472951322,-1.61342534964179
LRSAM1,LRSAM1,9,0,0,-2.4691675412938032,-1.13461143043935
NIBAN2,NIBAN2,9,0,0,-2.796297058143532,-2.64235664406395
STXBP1,STXBP1,9,0,0,-0.9372554230603516,-1.63785242427444
CFAP157,CFAP157,9,0,0,-2.3514473462439636,
PTRH1,PTRH1,9,0,0,-2.923311565146401,-1.39168875323539
TTC16,TTC16,9,0,0,-2.721350658548859,
TOR2A,TOR2A,9,0,0,-2.318531297867354,-1.65681599788185
SH2D3C,SH2D3C,9,0,0,-2.735473424682821,-1.96490675134316
CDK9,CDK9,9,0,0,-1.5075825449482085,-1.49549796170844
FPGS,FPGS,9,0,0,-2.735007164602562,-2.11543847902962
ENG,ENG,9,0,0,-2.664406164917187,-0.964083764002695
AK1,AK1,9,0,0,-1.4869512501258395,-1.3623659038053
ST6GALNAC6,ST6GALNAC6,9,0,0,-2.328152206528827,-2.18987821398852
ST6GALNAC4,ST6GALNAC4,9,0,0,-2.1694084013852493,-3.90099110224458
PIP5KL1,PIP5KL1,9,0,0,-2.8217341540882295,
DPM2,DPM2,9,0,0,-0.2984178434497,-0.359523354869709
EEIG1,EEIG1,9,0,0,-2.5661009191590214,-4.12893546971865
NAIF1,NAIF1,9,0,0,-2.7780158467309626,-1.66322199582503
SLC25A25,SLC25A25,9,0,0,-1.7139488872720765,-1.58842448111262
PTGES2,PTGES2,9,0,0,-1.8148571273354914,-2.50027193886616
LCN2,LCN2,9,0,0,-0.9867141357707734,0.7557655108718
BBLN,BBLN,9,0,0,-3.1672915544580107,-2.60540031868165
CIZ1,CIZ1,9,0,0,-2.8564835257650802,-3.41248491028629
DNM1,DNM1,9,0,0,-1.8596865548884143,-3.0720134913733
GOLGA2,GOLGA2,9,0,0,-2.2706623228469702,-2.336907266521
SWI5,SWI5,9,0,0,-1.9331564482930261,-0.710681683958187
TRUB2,TRUB2,9,0,0,-1.2613433316469287,-0.398998924366146
COQ4,COQ4,9,0,0,-1.963664838996273,-0.964655850427664
SLC27A4,SLC27A4,9,0,0,-1.3420741756978227,-2.41311193233464
URM1,URM1,9,0,0,-1.3473009819267592,-1.10944773584313
CERCAM,CERCAM,9,0,0,-2.116227365273362,-2.59017748969472
ODF2,ODF2,9,0,0,-1.7080082693217982,-2.37934414291004
GLE1,GLE1,9,0,0,-1.2958128088056018,-1.37190022333023
SPTAN1,SPTAN1,9,0,0,-1.0876747748966977,-1.01737798879587
DYNC2I2,DYNC2I2,9,0,0,-2.5889082989891,-2.42843428243046
SET,SET,9,0,0,-0.011369133129443654,-0.819916582436275
PKN3,PKN3,9,0,0,-2.7417857270689048,-4.09998699186399
ZDHHC12,ZDHHC12,9,0,0,-2.3620631861739625,-3.15550623589618
ZER1,ZER1,9,0,0,-1.8985291043887322,-2.04652463921421
TBC1D13,TBC1D13,9,0,0,-1.4530925708050493,-0.948667521564938
ENDOG,ENDOG,9,0,0,-2.391537150622881,-1.74334416751111
SPOUT1,SPOUT1,9,0,0,-1.881912614765037,-1.85909120933687
KYAT1,KYAT1,9,0,0,-1.5924209838274432,-1.24872265421198
LRRC8A,LRRC8A,9,0,0,-2.036727185493975,-3.219261230324
PHYHD1,PHYHD1,9,0,0,-1.8397773082108237,
DOLK,DOLK,9,0,0,-0.3954122744344968,-0.900284367114022
NUP188,NUP188,9,0,0,-0.8219988206835929,
SH3GLB2,SH3GLB2,9,0,0,-2.0636292005106807,-2.04962076880752
MIGA2,MIGA2,9,0,0,-2.5844480238920227,-3.08606234224731
DOLPP1,DOLPP1,9,0,0,-1.361134437870838,-0.892431396323567
CRAT,CRAT,9,0,0,-1.819586219723318,-1.97829065101317
PTPA,PTPA,9,0,0,-1.0108755957068727,-0.320215393121241
IER5L,IER5L,9,0,0,-3.3558920303675723,-2.2355120642626
C9orf50,C9orf50,9,0,0,-3.2731508964378655,
NTMT1,NTMT1,9,0,0,-2.3679481301918788,-1.25846554848523
ASB6,ASB6,9,0,0,-2.5947426887760834,-2.50537563233932
PRRX2,PRRX2,9,0,0,-3.560659410853985,
PTGES,PTGES,9,0,0,-2.0494035152110808,
TOR1B,TOR1B,9,0,0,-0.4784689305600214,0.717294297197115
TOR1A,TOR1A,9,0,0,-0.3144350576579171,-0.438673719627127
C9orf78,C9orf78,9,0,0,-0.9971809818854407,-1.02804149478789
USP20,USP20,9,0,0,-2.410543294772646,-2.4666226674668
FNBP1,FNBP1,9,0,0,-0.6229796493724784,-0.805577546384301
GPR107,GPR107,9,0,0,0.13563714243785618,0.956810867506128
NCS1,NCS1,9,0,0,-0.578092094497551,-2.02693194737111
HMCN2,HMCN2,9,0,0,-2.774143679519433,
ASS1,ASS1,9,0,0,-1.3858116384344683,-0.469192715626622
FUBP3,FUBP3,9,0,0,-1.5629472912377143,-1.01948513236913
PRDM12,PRDM12,9,0,0,-2.5044599828860132,
EXOSC2,EXOSC2,9,0,0,-0.4736181103539483,0.28119240237626
LOC128092248,LOC128092248,9,0,0,-1.5522614340015046,
ABL1,ABL1,9,0,0,-2.35893650151389,-3.61186568128632
QRFP,QRFP,9,0,0,-2.178495427141371,
FIBCD1,FIBCD1,9,0,0,-2.936035893142348,
LAMC3,LAMC3,9,0,0,-2.9542268699784984,-2.21115813340086
AIF1L,AIF1L,9,0,0,-1.3222834143356739,-0.925313283219811
NUP214,NUP214,9,0,0,-1.2079109062117865,-2.19352729581968
FAM78A,FAM78A,9,0,0,-2.340630399573101,-3.62297115369554
PLPP7,PLPP7,9,0,0,-2.6287035832051053,
PRRC2B,PRRC2B,9,0,0,-2.6545055719907946,
POMT1,POMT1,9,0,0,-1.41926389671789,-0.653595851741395
UCK1,UCK1,9,0,0,-2.059832347579798,-2.47953464424783
PRRT1B,PRRT1B,9,0,0,-2.8194529515689037,-2.47553136195803
RAPGEF1,RAPGEF1,9,0,0,-2.184589192133364,-3.70702862959618
MED27,MED27,9,0,0,-0.6376495548293573,-0.49387510907659
NTNG2,NTNG2,9,0,0,-2.2100495549973065,
SETX,SETX,9,0,0,0.36421512499602393,-2.87921531388696
TTF1,TTF1,9,0,0,-0.2156730851617077,-0.367225746453516
CFAP77,CFAP77,9,0,0,-2.28439460613855,
BARHL1,BARHL1,9,0,0,-3.1926321201423793,
DDX31,DDX31,9,0,0,-1.155465770962138,-0.885368977091171
GTF3C4,GTF3C4,9,0,0,-0.8068236009468652,-1.2346492941068
AK8,AK8,9,0,0,-1.748464361360213,
SPACA9,SPACA9,9,0,0,-3.004327488801996,-1.23600895159629
TSC1,TSC1,9,0,0,-1.4908395519861344,-2.42330961728813
GFI1B,GFI1B,9,0,0,-2.926650911340589,
GTF3C5,GTF3C5,9,0,0,-1.9920887849019966,-1.85633715788319
CEL,CEL,9,0,0,-2.2749264050708256,-2.01722706944524
RALGDS,RALGDS,9,0,0,-2.48874209423154,-4.50936760481056
GBGT1,GBGT1,9,0,0,-1.8509686362985658,
OBP2B,OBP2B,9,0,0,-1.8581674729301856,
SURF6,SURF6,9,0,0,-3.0546211109789407,-2.20377025780441
MED22,MED22,9,0,0,-2.619951599188205,-1.36393340136815
RPL7A,RPL7A,9,0,0,-0.4005180719347834,-2.45726901119743
SURF1,SURF1,9,0,0,-1.416659216470375,-0.998494501104474
SURF2,SURF2,9,0,0,-2.709874492442239,-2.14316799446017
SURF4,SURF4,9,0,0,-0.16541264189406135,-0.214661859074204
STKLD1,STKLD1,9,0,0,-2.146507060125767,
REXO4,REXO4,9,0,0,-1.4996026912119262,-2.54461880759649
ADAMTS13,ADAMTS13,9,0,0,-2.5716565274966516,-1.90740221840429
CACFD1,CACFD1,9,0,0,-1.0911597810379465,-1.89644958956653
SLC2A6,SLC2A6,9,0,0,-1.8613075494624916,0.0020463855587948
MYMK,MYMK,9,0,0,-0.6947498862076156,
ADAMTSL2,ADAMTSL2,9,0,0,-2.798586102830882,-2.05753074147787
FAM163B,FAM163B,9,0,0,-3.0906026692659445,-4.04305684694952
DBH,DBH,9,0,0,-2.1650867401870215,-1.76613531688686
SARDH,SARDH,9,0,0,-2.383891239058382,-1.36895365150083
VAV2,VAV2,9,0,0,-1.6816578697001994,-2.43441422010583
BRD3OS,BRD3OS,9,0,0,-2.2223347180141886,
BRD3,BRD3,9,0,0,-2.3919399830575365,-2.60231964883615
WDR5,WDR5,9,0,0,-0.2960091719630462,-0.928704363924589
RXRA,RXRA,9,0,0,-2.5647285399577324,-3.05936904628079
COL5A1,COL5A1,9,0,0,-2.312409275815659,-2.96409060201228
FCN2,FCN2,9,0,0,-1.4063530435062361,-0.28031193957584
FCN1,FCN1,9,0,0,-1.2435326653575505,-1.26020750798955
OLFM1,OLFM1,9,0,0,-1.5652833360195793,-1.28243051525486
PPP1R26,PPP1R26,9,0,0,-3.385256884327978,-4.9254034735176
PIERCE1,PIERCE1,9,0,0,-1.3313925778141318,-0.670409583145623
MRPS2,MRPS2,9,0,0,-2.1975369706531804,-0.947245106703717
LCN1,LCN1,9,0,0,-2.708833238498354,
OBP2A,OBP2A,9,0,0,-1.4908016399384891,
PAEP,PAEP,9,0,0,-1.080584641143929,
LOC102723971,LOC102723971,9,0,0,-1.466381310271057,
GLT6D1,GLT6D1,9,0,0,-0.05297524886590388,
LCN9,LCN9,9,0,0,-0.7231693857932004,
SOHLH1,SOHLH1,9,0,0,-3.068680068867165,
KCNT1,KCNT1,9,0,0,-2.313926582688037,
CAMSAP1,CAMSAP1,9,0,0,-2.083658984152713,-3.63216754417966
UBAC1,UBAC1,9,0,0,-1.755790816179097,-2.91477378695725
NACC2,NACC2,9,0,0,-3.012879549031929,-2.83947091623276
TMEM250,TMEM250,9,0,0,-0.6192085925593194,-4.44461323739703
LHX3,LHX3,9,0,0,-3.1293802162838453,
QSOX2,QSOX2,9,0,0,-1.5392032180136024,-1.17504984549065
CCDC187,CCDC187,9,0,0,-3.6851253219590223,
GPSM1,GPSM1,9,0,0,-3.2613421062738226,-3.94319477740996
DNLZ,DNLZ,9,0,0,-2.7235417284604537,-2.70953474400786
CARD9,CARD9,9,0,0,-3.272494409940533,
SNAPC4,SNAPC4,9,0,0,-3.215364009000405,-2.83026368460282
ENTR1,ENTR1,9,0,0,-1.7163135638797478,-2.82963427586514
PMPCA,PMPCA,9,0,0,-1.0893846354152341,-0.619155340817593
INPP5E,INPP5E,9,0,0,-3.1653407999257244,-4.60362164909535
SEC16A,SEC16A,9,0,0,-2.2228271861668425,-2.25075871163052
NOTCH1,NOTCH1,9,0,0,-2.946955215692771,-2.80960828490136
EGFL7,EGFL7,9,0,0,-3.116966026739524,-2.84976836804907
AGPAT2,AGPAT2,9,0,0,-1.5736478808683856,-2.11347941513742
DIPK1B,DIPK1B,9,0,0,-2.2592511195228635,-4.01232524121425
LCN10,LCN10,9,0,0,-1.4780257704854733,
LCN6,LCN6,9,0,0,-1.7927721541040285,
LCN8,LCN8,9,0,0,-2.1043067346554327,
LCN15,LCN15,9,0,0,-1.4843309981067172,
TMEM141,TMEM141,9,0,0,-1.4749434529972163,-1.49622339666325
CCDC183,CCDC183,9,0,0,-2.0614115931125063,
RABL6,RABL6,9,0,0,-2.8019028981322958,-3.61527716960111
AJM1,AJM1,9,0,0,-3.05547893217374,-4.25867086753141
PHPT1,PHPT1,9,0,0,-1.0178399253886248,-0.4900667371875
MAMDC4,MAMDC4,9,0,0,-3.17122206183047,-3.30560888416748
EDF1,EDF1,9,0,0,-2.4050903111849458,-1.51753895720439
TRAF2,TRAF2,9,0,0,-2.247377288117015,-2.09826562581878
FBXW5,FBXW5,9,0,0,-2.7050158136376297,-4.24975421302129
C8G,C8G,9,0,0,-2.0965476978999806,-0.612268840070746
LCN12,LCN12,9,0,0,-2.1426743306696263,-1.59739008116253
PTGDS,PTGDS,9,0,0,-1.8272013654949237,-0.824206575924063
LCNL1,LCNL1,9,0,0,-1.9628090349102045,
PAXX,PAXX,9,0,0,-2.804834500251591,
CLIC3,CLIC3,9,0,0,-2.8072520875360354,
ABCA2,ABCA2,9,0,0,-2.109534299151493,-3.31665149185695
FUT7,FUT7,9,0,0,-2.7816126724009305,
NPDC1,NPDC1,9,0,0,-3.515468502007481,-3.02761262943977
ENTPD2,ENTPD2,9,0,0,-2.000867450620051,-2.10213910604586
SAPCD2,SAPCD2,9,0,0,-3.6719611096333633,
UAP1L1,UAP1L1,9,0,0,-2.302525683501189,-2.02540081280027
MAN1B1,MAN1B1,9,0,0,-2.154862994251996,-1.37196399228183
DPP7,DPP7,9,0,0,-2.1552602585146357,-1.89350610080121
GRIN1,GRIN1,9,0,0,-1.9295712223986445,
LRRC26,LRRC26,9,0,0,-2.7804233152921665,
TMEM210,TMEM210,9,0,0,-1.9006348732548233,
ANAPC2,ANAPC2,9,0,0,-2.393513654345327,-1.78175110383064
SSNA1,SSNA1,9,0,0,-3.0713200583470286,-2.14362882713543
TPRN,TPRN,9,0,0,-3.748691304014981,-3.55575101384531
TMEM203,TMEM203,9,0,0,-0.5827746099532778,-2.55771780478254
NDOR1,NDOR1,9,0,0,-2.4650696015254727,-1.7620039037432
LOC122513141,LOC122513141,9,0,0,-3.346031833235747,
RNF208,RNF208,9,0,0,-2.4669320842883877,-5.19297936459196
CYSRT1,CYSRT1,9,0,0,-3.701784362217536,
RNF224,RNF224,9,0,0,-2.9635865967147534,
SLC34A3,SLC34A3,9,0,0,-2.422592910894574,
TUBB4B,TUBB4B,9,0,0,-1.8100200729724385,-0.667827136069912
CIMIP2A,CIMIP2A,9,0,0,-2.345295293003618,-6.54033151472347
STPG3,STPG3,9,0,0,-2.875210159117552,
NELFB,NELFB,9,0,0,-2.3845711944734767,-2.89911684266842
TOR4A,TOR4A,9,0,0,-2.5322234818022604,-2.27432563386214
NRARP,NRARP,9,0,0,-2.2769265359150097,-4.61810996327326
EXD3,EXD3,9,0,0,-3.1067694238140504,-4.37145768783533
NOXA1,NOXA1,9,0,0,-2.992541554815908,-2.8167631564356
ENTPD8,ENTPD8,9,0,0,-2.216359920853158,-0.360000810403073
NSMF,NSMF,9,0,0,-2.6592592899078973,-5.5457294927772
PNPLA7,PNPLA7,9,0,0,-2.391065967627016,-2.95784032979234
MRPL41,MRPL41,9,0,0,-1.9082187623266336,-1.36516466233069
DPH7,DPH7,9,0,0,-2.0136655271130106,-2.48482848394145
ZMYND19,ZMYND19,9,0,0,-1.8872576567775834,-3.15596504929445
ARRDC1,ARRDC1,9,0,0,-2.6434730120891636,-1.82788348183971
EHMT1,EHMT1,9,0,0,-2.1838032227000195,-2.70492885002299
CACNA1B,CACNA1B,9,0,0,-1.9361308541883364,
PLCXD1,PLCXD1,X,1,0,-2.642560251931851,-2.5547712809797
GTPBP6,GTPBP6,X,1,0,-2.7353552906045095,-2.99170701080092
PPP2R3B,PPP2R3B,X,1,0,-2.4464006354013534,-3.16891516718286
SHOX,SHOX,X,1,0,-2.324672847239814,
CRLF2,CRLF2,X,1,0,-1.152823787030318,
CSF2RA,CSF2RA,X,1,0,-0.8279904096469384,-2.2849716014874
IL3RA,IL3RA,X,1,0,-0.9110354516490968,0.990352145421481
SLC25A6,SLC25A6,X,1,0,-1.2562617932665,-3.10617088611951
ASMTL,ASMTL,X,1,0,-2.0120694175731657,-1.18043660998158
P2RY8,P2RY8,X,1,0,-1.4649996007091364,-1.75571618719749
AKAP17A,AKAP17A,X,1,0,-3.64294236378292,-3.72127482273386
ASMT,ASMT,X,1,0,-1.3471848319110808,
DHRSX,DHRSX,X,1,0,-0.5972037454852668,-0.940889826310988
ZBED1,ZBED1,X,1,0,-2.428752802223647,-3.42606744627537
CD99,CD99,X,1,0,-0.8874561075303191,-0.495652426095883
XG,XG,X,1,0,-0.6775159746514721,
GYG2,GYG2,X,1,0,-1.6498160091246756,-0.86005146535795
ARSD,ARSD,X,1,0,-1.4144376304830608,-2.41284462340899
ARSL,ARSL,X,1,0,-1.1323977525076465,0.349801936556664
ARSH,ARSH,X,1,0,-0.694667695468068,
ARSF,ARSF,X,1,0,-1.0566298761180093,-2.07814488995714
MXRA5,MXRA5,X,1,0,-1.0888760440578036,-1.2035439986851
PRKX,PRKX,X,1,0,-1.2779244421278744,-3.5903835870102
NLGN4X,NLGN4X,X,1,0,-0.999471453403606,0.431132023117975
VCX3A,VCX3A,X,1,0,-4.5225193624172295,
PUDP,PUDP,X,1,0,-0.5920357344936349,-0.0717752212504255
STS,STS,X,1,0,-0.6225065961368017,-2.20804050795407
VCX,VCX,X,1,0,-4.524360118075601,
PNPLA4,PNPLA4,X,1,0,-0.2575787639438474,-0.502034719054567
VCX2,VCX2,X,1,0,-3.5179740702079254,
VCX3B,VCX3B,X,1,0,-4.764064422270289,
ANOS1,ANOS1,X,1,0,-1.1020331026296635,
FAM9A,FAM9A,X,1,0,-0.6289206522308302,
FAM9B,FAM9B,X,1,0,0.20927244720223115,
TBL1X,TBL1X,X,1,0,-1.5448488425777818,-3.11481737580745
GPR143,GPR143,X,1,0,-0.887188870967611,-0.323390286170736
SHROOM2,SHROOM2,X,1,0,-3.469524474668262,-3.46714933271298
CLDN34,CLDN34,X,1,0,0.45783103620956034,
CLCN4,CLCN4,X,1,0,-0.8885966287993305,-1.98613412432337
MID1,MID1,X,1,0,-1.041745531821526,-1.0988551226119
HCCS,HCCS,X,1,0,0.2798813305439225,1.29081220427914
ARHGAP6,ARHGAP6,X,1,0,-2.547883440888649,-2.59806147747761
AMELX,AMELX,X,1,0,-2.5059552754306615,
MSL3,MSL3,X,1,0,-0.8133152678900561,-1.45536320714653
FRMPD4,FRMPD4,X,1,0,-1.305297113109841,
PRPS2,PRPS2,X,1,0,-0.5150033806685226,-0.035374043314996
TLR7,TLR7,X,1,0,0.3171443831427254,
TLR8,TLR8,X,1,0,0.5392622817391395,
TMSB4X,TMSB4X,X,1,0,-0.7056016854259024,2.61282703215955
FAM9C,FAM9C,X,1,0,0.49748875963959094,
ATXN3L,ATXN3L,X,1,0,0.07015308097961004,
EGFL6,EGFL6,X,1,0,-0.2209760458757266,
TCEANC,TCEANC,X,1,0,0.1438897655204343,-1.29269197810448
RAB9A,RAB9A,X,1,0,0.3974905484652762,0.396941593595378
TRAPPC2,TRAPPC2,X,1,0,1.2644447464782935,
OFD1,OFD1,X,1,0,-0.2000021767143796,-1.09529238058423
GPM6B,GPM6B,X,1,0,-0.24115875895719263,
GEMIN8,GEMIN8,X,1,0,-1.2060767372407248,-0.400345278702222
GLRA2,GLRA2,X,1,0,0.15227669478509753,
FANCB,FANCB,X,1,0,0.9769799550122098,
MOSPD2,MOSPD2,X,1,0,0.667190769043744,1.22438282918273
ASB9,ASB9,X,1,0,-1.356071845314256,-0.206508873556051
ASB11,ASB11,X,1,0,-0.30419076173603266,
PIGA,PIGA,X,1,0,0.49900875074344775,0.747233463208446
VEGFD,VEGFD,X,1,0,-1.1880571975910215,-2.35176645027237
PIR,PIR,X,1,0,-0.625419628249162,0.542335035902078
BMX,BMX,X,1,0,-0.16016273633827005,
ACE2,ACE2,X,1,0,0.7815117298447127,1.46713836196333
CLTRN,CLTRN,X,1,0,0.902167046800816,2.63300934887968
CA5B,CA5B,X,1,0,-0.6047994483513239,
ZRSR2,ZRSR2,X,1,0,-1.8710674418817757,-1.62263199110734
AP1S2,AP1S2,X,1,0,1.5820244320387218,0.865837896134963
GRPR,GRPR,X,1,0,-0.7597000012702768,
MAGEB17,MAGEB17,X,1,0,-1.816845928170567,
CTPS2,CTPS2,X,1,0,0.2608642106472203,0.49594044335814
S100G,S100G,X,1,0,0.6910154136025213,
SYAP1,SYAP1,X,1,0,-0.4407475020906002,-0.463809291844285
TXLNG,TXLNG,X,1,0,-0.7715760601410331,-0.552913262439175
RBBP7,RBBP7,X,1,0,0.46029646989158657,1.9056205950305
REPS2,REPS2,X,1,0,-1.4854566022125208,-1.97853423899796
NHS,NHS,X,1,0,-1.9208116166654605,
SCML1,SCML1,X,1,0,0.07516688585737263,-0.860689270917927
RAI2,RAI2,X,1,0,-2.1754523262055923,-3.58530565926688
BEND2,BEND2,X,1,0,-0.25436036786647165,
SCML2,SCML2,X,1,0,-0.09791706341967021,
CDKL5,CDKL5,X,1,0,-1.2281613917883103,-1.12977455208693
RS1,RS1,X,1,0,-1.1515125215591357,
PPEF1,PPEF1,X,1,0,0.4115208553096803,
PHKA2,PHKA2,X,1,0,-0.7642217895100263,-2.33226592761054
ADGRG2,ADGRG2,X,1,0,-0.07111488560419943,
PDHA1,PDHA1,X,1,0,0.01140993680434299,0.114907010986904
MAP3K15,MAP3K15,X,1,0,-1.0028918988773832,
SH3KBP1,SH3KBP1,X,1,0,-1.4432286622601218,-2.23891682406876
BCLAF3,BCLAF3,X,1,0,-0.26250423603110384,-0.981799313921488
MAP7D2,MAP7D2,X,1,0,-1.2589439835473577,
EIF1AX,EIF1AX,X,1,0,1.8938674620751055,2.64690746937552
RPS6KA3,RPS6KA3,X,1,0,1.1321336497087877,1.68758436146199
CNKSR2,CNKSR2,X,1,0,-0.36942840960037593,
KLHL34,KLHL34,X,1,0,-2.5528962051642594,
SMPX,SMPX,X,1,0,0.1888259646400403,
MBTPS2,MBTPS2,X,1,0,0.789581292698136,2.08060386301954
YY2,YY2,X,1,0,-1.5992179594250047,-2.39492688497159
SMS,SMS,X,1,0,0.4408461697536161,-0.199269507296636
PHEX,PHEX,X,1,0,0.4353258198021397,
CBLL2,CBLL2,X,1,0,-0.1826166427085809,
DDX53,DDX53,X,1,0,0.646656955265513,
PTCHD1,PTCHD1,X,1,0,-0.03062656716312162,
PRDX4,PRDX4,X,1,0,0.25247576288886187,0.386021009056513
ACOT9,ACOT9,X,1,0,-0.1189064164874889,0.769454649909166
LOC127933115,LOC127933115,X,1,0,-0.6608546186496902,
SAT1,SAT1,X,1,0,0.704256773042216,-1.06031046851994
APOO,APOO,X,1,0,-0.03540516608104305,1.85432288561665
CXorf58,CXorf58,X,1,0,1.2922535076918678,
KLHL15,KLHL15,X,1,0,0.614138628068801,0.53418228586968
EIF2S3,EIF2S3,X,1,0,0.9576792572995707,0.786604717733938
ZFX,ZFX,X,1,0,0.006992272630261809,0.651497944385158
SUPT20HL2,SUPT20HL2,X,1,0,-1.4233764985895583,
SUPT20HL1,SUPT20HL1,X,1,0,-1.2956873520839682,
PDK3,PDK3,X,1,0,0.9673756556147133,1.83103324260556
PCYT1B,PCYT1B,X,1,0,-0.7494950503142928,
POLA1,POLA1,X,1,0,0.8177208741613722,0.404351728476979
ARX,ARX,X,1,0,-3.1688186210162517,
MAGEB18,MAGEB18,X,1,0,-0.29410937446291996,
MAGEB6B,MAGEB6B,X,1,0,-0.42214262400722724,
MAGEB6,MAGEB6,X,1,0,-0.6305090957601376,
MAGEB5,MAGEB5,X,1,0,0.009786411115300098,
PPP4R3C,PPP4R3C,X,1,0,0.9444125530267513,
DCAF8L2,DCAF8L2,X,1,0,-1.2863409848416065,
MAGEB10,MAGEB10,X,1,0,-0.28298330119766923,
DCAF8L1,DCAF8L1,X,1,0,-0.7410894657536069,
IL1RAPL1,IL1RAPL1,X,1,0,0.3580252068417824,
MAGEB2,MAGEB2,X,1,0,-0.6702666046282317,
MAGEB3,MAGEB3,X,1,0,0.3931500497443281,
MAGEB4,MAGEB4,X,1,0,-0.9522372271405395,
MAGEB1,MAGEB1,X,1,0,-0.3921537331896694,
NR0B1,NR0B1,X,1,0,-2.013296038581254,
TASL,TASL,X,1,0,-0.5593861043587278,-0.0689499862416269
GK,GK,X,1,0,0.8278776511962622,0.258861253613953
TAB3,TAB3,X,1,0,-1.2273710277187657,-1.9465031544308
FTHL17,FTHL17,X,1,0,-2.0155303184639397,
DMD,DMD,X,1,0,-0.30499300932637574,0.273437384733893
FAM47A,FAM47A,X,1,0,-1.7516397530652537,
TMEM47,TMEM47,X,1,0,-0.06503175179667942,-0.178227146230776
FAM47B,FAM47B,X,1,0,-1.3836312622898994,
MAGEB16,MAGEB16,X,1,0,-0.6426682940039612,
CFAP47,CFAP47,X,1,0,0.9125837226167324,
FAM47C,FAM47C,X,1,0,-2.446174432409414,
PRRG1,PRRG1,X,1,0,-0.5670748995391826,0.619925372935452
LANCL3,LANCL3,X,1,0,-0.9952343936492198,
XK,XK,X,1,0,-0.1946945571300258,
CYBB,CYBB,X,1,0,0.19008211664003305,1.81325301853565
DYNLT3,DYNLT3,X,1,0,0.6387159486034548,0.607291250344779
H2AP,H2AP,X,1,0,-1.3495010563854013,
H2AL3,H2AL3,X,1,0,-2.542474253328791,
SYTL5,SYTL5,X,1,0,-0.581612840712376,-2.68044643966457
SRPX,SRPX,X,1,0,-0.6631263553407472,0.0515461857583392
RPGR,RPGR,X,1,0,-1.2027091086504118,-0.97109997693584
OTC,OTC,X,1,0,0.5193767413808654,2.87163551814388
TSPAN7,TSPAN7,X,1,0,0.24901726444038808,1.25485640049424
MID1IP1,MID1IP1,X,1,0,-2.3188107643719373,-1.85268544208146
BCOR,BCOR,X,1,0,-1.6385142063035314,-2.15921132312518
ATP6AP2,ATP6AP2,X,1,0,0.6732668970626747,1.61951417587634
MPC1L,MPC1L,X,1,0,-0.35510253163064753,
CXorf38,CXorf38,X,1,0,-0.8743738169988706,0.509615478072971
MED14,MED14,X,1,0,-0.0319349526518522,-1.14790659444505
USP9X,USP9X,X,1,0,0.6940522774544267,0.461038283574835
DDX3X,DDX3X,X,1,0,0.03560751479917279,0.639654611236559
NYX,NYX,X,1,0,-2.733344981482025,
CASK,CASK,X,1,0,0.16910435416270708,-0.319103409592778
GPR34,GPR34,X,1,0,1.5520239926050134,
GPR82,GPR82,X,1,0,1.3824621349821626,
PPP1R2C,PPP1R2C,X,1,0,-1.2646050270326175,
MAOA,MAOA,X,1,0,0.2625085386912396,0.668567529264569
MAOB,MAOB,X,1,0,-0.15245779510265578,0.390824111862871
NDP,NDP,X,1,0,-1.812891894852747,
EFHC2,EFHC2,X,1,0,0.8599113761343204,
FUNDC1,FUNDC1,X,1,0,1.2058820847593594,1.36559123107327
DUSP21,DUSP21,X,1,0,-0.25058755087902007,
KDM6A,KDM6A,X,1,0,-0.2498012874439386,-0.0967161693975351
DIPK2B,DIPK2B,X,1,0,-1.4821304785226754,
KRBOX4,KRBOX4,X,1,0,-0.0972898017079995,-1.11078054663949
ZNF674,ZNF674,X,1,0,-0.4396591232750229,
CHST7,CHST7,X,1,0,-2.2054385558335117,-2.4651737117784
SLC9A7,SLC9A7,X,1,0,-0.4407649427721285,
RP2,RP2,X,1,0,0.6007064444455104,0.946748740482663
JADE3,JADE3,X,1,0,-1.2628964607595172,-1.13013326558533
RGN,RGN,X,1,0,0.41529228537064355,0.673539887729689
NDUFB11,NDUFB11,X,1,0,-1.1560121872217017,-0.755332622976583
RBM10,RBM10,X,1,0,-2.502996439629289,-2.45715565634701
UBA1,UBA1,X,1,0,-1.2144266627143718,-0.714085748915081
CDK16,CDK16,X,1,0,-1.9408392087595878,-4.05384291140943
USP11,USP11,X,1,0,-1.351878846533209,-0.343752191493625
ZNF157,ZNF157,X,1,0,-0.6864057969220045,
ZNF41,ZNF41,X,1,0,-0.5570746470326746,-1.03227867381674
ARAF,ARAF,X,1,0,-2.0437567894012947,-3.30119325983898
SYN1,SYN1,X,1,0,-2.4013498614474535,
TIMP1,TIMP1,X,1,0,-1.919399474762173,0.238224173719601
CFP,CFP,X,1,0,-2.9102157649123406,-1.33756343563057
ELK1,ELK1,X,1,0,-2.622112412300794,-3.85257769592362
UXT,UXT,X,1,0,-0.9201908497562012,-0.609576472613459
ZNF81,ZNF81,X,1,0,-0.4224370992066717,-1.40984088766778
ZNF182,ZNF182,X,1,0,-0.05741042161773535,
SPACA5,SPACA5,X,1,0,-0.03251595296904064,
ZNF630,ZNF630,X,1,0,-0.32502596552765084,
SPACA5B,SPACA5B,X,1,0,-0.03251595296904064,
SSX5,SSX5,X,1,0,-0.0492781719241524,
SSX1,SSX1,X,1,0,0.07682251350227354,
SSX3,SSX3,X,1,0,0.2452763605492425,
SSX4,SSX4,X,1,0,-0.2575091467617785,
SSX4B,SSX4B,X,1,0,-0.2575091467617785,
SLC38A5,SLC38A5,X,1,0,-0.8147959321591021,-1.38449206550414
FTSJ1,FTSJ1,X,1,0,-1.9996284439434593,-1.79227951349904
PORCN,PORCN,X,1,0,-1.1289909671569411,-1.1748591275179
EBP,EBP,X,1,0,-0.5039494299932734,0.0677362257607347
TBC1D25,TBC1D25,X,1,0,-1.9484908645462031,-2.30700952258717
RBM3,RBM3,X,1,0,-0.37758024660082157,-0.710602109495701
WDR13,WDR13,X,1,0,-2.2776732439923304,-2.55189701356776
WAS,WAS,X,1,0,-2.6938090125206475,-2.15855147142951
SUV39H1,SUV39H1,X,1,0,-1.5329436134850205,-0.906368765259531
GLOD5,GLOD5,X,1,0,-1.4241685034026084,1.23977366973517
GATA1,GATA1,X,1,0,-2.1564701116295613,
HDAC6,HDAC6,X,1,0,-1.4339776448940977,-1.2682449410776
ERAS,ERAS,X,1,0,-2.3528638946742326,
PCSK1N,PCSK1N,X,1,0,-2.347286731710316,
TIMM17B,TIMM17B,X,1,0,-1.317610552517987,-0.917236647051924
PQBP1,PQBP1,X,1,0,-2.5889840295485413,-0.91908123762368
SLC35A2,SLC35A2,X,1,0,-1.198537142728732,-0.989850008365667
PIM2,PIM2,X,1,0,-1.870484604694239,-0.152351707192247
OTUD5,OTUD5,X,1,0,-1.8447378857462038,-1.6132369649656
KCND1,KCND1,X,1,0,-1.947843634204098,
GRIPAP1,GRIPAP1,X,1,0,-2.468699265253438,-2.31500195532568
TFE3,TFE3,X,1,0,-2.945036851343149,-3.30840772682152
CCDC120,CCDC120,X,1,0,-3.460748029626936,-3.59877683534624
PRAF2,PRAF2,X,1,0,-1.5047599363408821,-0.61094513146449
WDR45,WDR45,X,1,0,-1.0386540140672018,-0.940071137913761
GPKOW,GPKOW,X,1,0,-1.9154083121557655,-0.883698194720841
MAGIX,MAGIX,X,1,0,-2.975698839240538,-1.75049968158818
PLP2,PLP2,X,1,0,0.055657888923716925,-0.500249368273908
PRICKLE3,PRICKLE3,X,1,0,-2.8907677856376743,-2.62661314228098
SYP,SYP,X,1,0,-1.383151634036432,
CACNA1F,CACNA1F,X,1,0,-1.2480965249120661,
CCDC22,CCDC22,X,1,0,-2.5865484486790944,-1.64789971101127
FOXP3,FOXP3,X,1,0,-2.8636523352375587,-3.97612402643587
PPP1R3F,PPP1R3F,X,1,0,-2.5642022932649535,
GAGE10,GAGE10,X,1,0,-1.5880087833824348,
GAGE12J,GAGE12J,X,1,0,-1.5559582886920147,
GAGE13,GAGE13,X,1,0,-1.596053098218297,
GAGE12C,GAGE12C,X,1,0,-1.7081700741868993,
GAGE12D,GAGE12D,X,1,0,-1.7081700741868993,
GAGE12E,GAGE12E,X,1,0,-1.7081700741868993,
GAGE12F,GAGE12F,X,1,0,-1.7087592130384266,
GAGE12G,GAGE12G,X,1,0,-1.7087592130384266,
GAGE12H,GAGE12H,X,1,0,-1.6095899983588122,
GAGE2A,GAGE2A,X,1,0,-1.963611099577843,
GAGE1,GAGE1,X,1,0,-1.6951737200258865,
PAGE1,PAGE1,X,1,0,-1.616687996566922,
PAGE4,PAGE4,X,1,0,-0.31087391373244166,
USP27X,USP27X,X,1,0,-1.3652357081024409,-0.216323857651917
CLCN5,CLCN5,X,1,0,0.28879159781400254,-0.278544784108491
AKAP4,AKAP4,X,1,0,-0.09097074950290995,
CCNB3,CCNB3,X,1,0,-0.6723600426651988,
DGKK,DGKK,X,1,0,-0.7256162622723075,
SHROOM4,SHROOM4,X,1,0,-2.435956416397852,
BMP15,BMP15,X,1,0,-0.7390196919739793,
NUDT10,NUDT10,X,1,0,-1.9464460725411286,-0.565174271604743
EZHIP,EZHIP,X,1,0,-3.125516849639478,
NUDT11,NUDT11,X,1,0,-1.8112050114883118,
CENPVL3,CENPVL3,X,1,0,-3.396472259142973,
CENPVL2,CENPVL2,X,1,0,-3.4994491872209803,
CENPVL1,CENPVL1,X,1,0,-3.4994491872209803,
GSPT2,GSPT2,X,1,0,0.026164192183584234,0.529810763983205
MAGED1,MAGED1,X,1,0,-0.719013210809889,-0.437076600146052
MAGED4B,MAGED4B,X,1,0,-1.6851562260955024,
MAGED4,MAGED4,X,1,0,-1.6851562260955024,
XAGE2,XAGE2,X,1,0,-0.8955274675510001,
XAGE1A,XAGE1A,X,1,0,-1.5451343611848625,
XAGE1B,XAGE1B,X,1,0,-1.5451343611848625,
SSX7,SSX7,X,1,0,-0.42715198884832084,
SSX2,SSX2,X,1,0,-0.293545971408923,
SSX2B,SSX2B,X,1,0,-0.293545971408923,
SPANXN5,SPANXN5,X,1,0,-1.3588802117864276,
XAGE5,XAGE5,X,1,0,-1.336208326215159,
XAGE3,XAGE3,X,1,0,-1.7963820271180353,1.00521736913946
FAM156B,FAM156B,X,1,0,-3.2582804269007823,
FAM156A,FAM156A,X,1,0,-3.2582804269007823,
GPR173,GPR173,X,1,0,-0.5185594755860095,
TSPYL2,TSPYL2,X,1,0,-1.7320552722527847,-1.9079118970486
KANTR,KANTR,X,1,0,1.9715421908969315,
KDM5C,KDM5C,X,1,0,-1.913803369965807,-2.80505276351869
IQSEC2,IQSEC2,X,1,0,-3.2618427717022342,
SMC1A,SMC1A,X,1,0,-0.8680203220577312,-0.80111604784465
RIBC1,RIBC1,X,1,0,-1.254499492739603,-2.86500174018064
HSD17B10,HSD17B10,X,1,0,-0.7217491855439171,-0.82647931786301
HUWE1,HUWE1,X,1,0,-0.9891725584581046,-1.70469465163558
PHF8,PHF8,X,1,0,-1.1011928613398592,-1.43649817620746
FAM120C,FAM120C,X,1,0,-1.0619783644297502,-1.84995492033215
WNK3,WNK3,X,1,0,-0.13623726052809282,-0.692512918165532
TSR2,TSR2,X,1,0,-0.5145676578087723,-0.538357226943919
FGD1,FGD1,X,1,0,-2.698232680392268,-3.54872710901064
GNL3L,GNL3L,X,1,0,-0.6440068113816118,-0.94241010806712
ITIH6,ITIH6,X,1,0,-1.8107885127747547,
MAGED2,MAGED2,X,1,0,-1.0435628887329784,0.0337374578794873
TRO,TRO,X,1,0,-1.3871864987847538,
PFKFB1,PFKFB1,X,1,0,-0.8415231608606089,-0.563620610730471
APEX2,APEX2,X,1,0,-1.6662650525693916,-0.96198052730008
ALAS2,ALAS2,X,1,0,-0.9419176886341791,
PAGE2B,PAGE2B,X,1,0,-0.9318894360999419,
PAGE2,PAGE2,X,1,0,-0.5182867694367754,
VCF2,VCF2,X,1,0,-1.6138760210415004,0.196185653848025
PAGE5,PAGE5,X,1,0,-0.8484510477270284,
PAGE3,PAGE3,X,1,0,-0.8820247621363695,
MAGEH1,MAGEH1,X,1,0,-1.3585483045814524,-0.639496116321233
USP51,USP51,X,1,0,-1.449231759464153,-0.938318141572569
FOXR2,FOXR2,X,1,0,-1.6462224897624544,
RRAGB,RRAGB,X,1,0,0.619928064417202,-0.0426211652140223
KLF8,KLF8,X,1,0,-0.9969724615123852,-1.16480516746676
UBQLN2,UBQLN2,X,1,0,-1.4170152196852772,0.55429375117696
NBDY,NBDY,X,1,0,-1.9742586289215271,-0.132764413282358
SPIN3,SPIN3,X,1,0,0.5448216416463758,-1.7633125068666
SPIN2B,SPIN2B,X,1,0,0.37893179229295804,
SPIN2A,SPIN2A,X,1,0,0.37455004482243304,
FAAH2,FAAH2,X,1,0,0.5358249993382831,1.31315965200757
ZXDB,ZXDB,X,1,0,-2.2125010763964728,-1.99914558723853
NLRP2B,NLRP2B,X,1,0,-0.8359801334407546,
ZXDA,ZXDA,X,1,0,-2.2052718865694594,-2.2487544778089
SPIN4,SPIN4,X,1,0,0.3838815095928414,-0.849082272204874
ARHGEF9,ARHGEF9,X,1,0,-0.5834016683639156,-3.14913418549509
LOC128031833,LOC128031833,X,1,0,0.2340208068780285,
AMER1,AMER1,X,1,0,-2.1542092293640867,
ASB12,ASB12,X,1,0,-0.8560311913757523,
MTMR8,MTMR8,X,1,0,-0.15402801407302213,
ZC4H2,ZC4H2,X,1,0,-1.6058206091268286,-0.703690802730749
ZC3H12B,ZC3H12B,X,1,0,-1.1190893080780313,
LAS1L,LAS1L,X,1,0,-1.4668780208320609,-0.641722410971375
MSN,MSN,X,1,0,-0.8654782284732505,-0.92801151502104
VSIG4,VSIG4,X,1,0,-0.869944582855684,1.15169531422871
HEPH,HEPH,X,1,0,-0.26511572406150385,-1.82129576794269
EDA2R,EDA2R,X,1,0,-1.7395008293457472,
AR,AR,X,1,0,-1.5082259775858926,-1.23874173115798
OPHN1,OPHN1,X,1,0,-0.7442882512944387,
YIPF6,YIPF6,X,1,0,0.7804637670227397,1.34302811291282
STARD8,STARD8,X,1,0,-2.2490553995427423,-2.04582453537483
EFNB1,EFNB1,X,1,0,-1.7398987610734356,-1.57693297701096
PJA1,PJA1,X,1,0,-1.7251505249462653,-0.948413257784911
NALF2,NALF2,X,1,0,-2.517742891878342,
EDA,EDA,X,1,0,-1.7065195777605418,0.21935510148551
AWAT2,AWAT2,X,1,0,-0.24018169178987137,
OTUD6A,OTUD6A,X,1,0,-2.454034469947297,
IGBP1,IGBP1,X,1,0,-0.7030339355087705,-1.20375443977549
DGAT2L6,DGAT2L6,X,1,0,0.1416730389106604,
AWAT1,AWAT1,X,1,0,-0.8162559764258592,
P2RY4,P2RY4,X,1,0,-0.9075602833978369,
ARR3,ARR3,X,1,0,-0.9823975874487658,
RAB41,RAB41,X,1,0,-0.09634517665415032,
PDZD11,PDZD11,X,1,0,-0.36952374862849524,0.864117009502616
KIF4A,KIF4A,X,1,0,-0.35462993775870544,
GDPD2,GDPD2,X,1,0,-0.6552371493188556,
DLG3,DLG3,X,1,0,-1.3983401504290818,-1.67863639045435
TEX11,TEX11,X,1,0,0.9887879821168237,
SLC7A3,SLC7A3,X,1,0,0.22576421977690053,
SNX12,SNX12,X,1,0,-1.1464016236316805,-0.369329776877416
FOXO4,FOXO4,X,1,0,-2.351404175114677,-3.70743155425021
CXorf65,CXorf65,X,1,0,0.4635810798823634,
IL2RG,IL2RG,X,1,0,-1.2874111241835138,-0.465608590338688
MED12,MED12,X,1,0,-1.504498930749742,-1.95944523680243
NLGN3,NLGN3,X,1,0,-1.4419819450771119,
GJB1,GJB1,X,1,0,-1.291431976867699,-0.292744702639929
ZMYM3,ZMYM3,X,1,0,-1.529533673498161,-0.880848740668036
NONO,NONO,X,1,0,-0.74977471243227,-1.09812942514538
ITGB1BP2,ITGB1BP2,X,1,0,-1.1645611743341888,
TAF1,TAF1,X,1,0,-0.26045016352903794,-1.8469055913138
OGT,OGT,X,1,0,0.7197619677127527,0.325093254081383
GCNA,GCNA,X,1,0,-0.8177244461719884,-2.70755837276135
CXCR3,CXCR3,X,1,0,-1.9183489521460917,
LOC101059915,LOC101059915,X,1,0,-2.7202977584929755,
CXorf49,CXorf49,X,1,0,-2.880787482579958,
CXorf49B,CXorf49B,X,1,0,-2.880787482579958,
NHSL2,NHSL2,X,1,0,-2.3925150197689096,
RTL5,RTL5,X,1,0,-1.678837250014638,-0.502100166527657
PIN4,PIN4,X,1,0,0.5344258180322026,-0.318531226605004
ERCC6L,ERCC6L,X,1,0,0.30752126589424655,
RPS4X,RPS4X,X,1,0,0.47518934319664474,-1.7146988951671
CITED1,CITED1,X,1,0,-1.66104455907902,
HDAC8,HDAC8,X,1,0,0.14094084115534855,-1.2297210289802
PHKA1,PHKA1,X,1,0,0.040308137700188595,-0.247200924984737
FAM236B,FAM236B,X,1,0,-1.543139710970216,
FAM236D,FAM236D,X,1,0,-1.304265562432386,
DMRTC1B,DMRTC1B,X,1,0,-2.805227880399814,
DMRTC1,DMRTC1,X,1,0,-2.805227880399814,
FAM236C,FAM236C,X,1,0,-1.304265562432386,
FAM236A,FAM236A,X,1,0,-1.543139710970216,
PABPC1L2B,PABPC1L2B,X,1,0,-1.2890918696914841,
PABPC1L2A,PABPC1L2A,X,1,0,-1.2890918696914841,
NAP1L2,NAP1L2,X,1,0,0.9588162775282889,-0.0384693079921593
CDX4,CDX4,X,1,0,-1.2988053362702523,
CHIC1,CHIC1,X,1,0,-1.1688015352760601,0.219348315850276
ZCCHC13,ZCCHC13,X,1,0,-0.9665483140477882,
SLC16A2,SLC16A2,X,1,0,-1.1028981926637407,-0.282638200769093
RLIM,RLIM,X,1,0,-1.2579394207617653,-0.322348721947377
NEXMIF,NEXMIF,X,1,0,-0.38059947037981523,
ABCB7,ABCB7,X,1,0,0.9108047672765718,0.655922795601332
UPRT,UPRT,X,1,0,-0.9486719575759679,-0.197260527178566
ZDHHC15,ZDHHC15,X,1,0,0.33272625794419675,
MAGEE2,MAGEE2,X,1,0,-0.5541455303873999,
PBDC1,PBDC1,X,1,0,0.3857185715867377,1.25542826742217
MAGEE1,MAGEE1,X,1,0,-1.9174900567112285,-0.793114377069662
FGF16,FGF16,X,1,0,-1.7574315422112274,
ATRX,ATRX,X,1,0,0.6437004669087631,0.112167686569973
MAGT1,MAGT1,X,1,0,1.4295189741809171,1.92767332086593
COX7B,COX7B,X,1,0,0.442930337395504,4.0176621106329
PGAM4,PGAM4,X,1,0,-0.9360236080101458,
ATP7A,ATP7A,X,1,0,0.976228340596462,-1.69116814988418
PGK1,PGK1,X,1,0,0.2154031024648564,0.999638226372983
TAF9B,TAF9B,X,1,0,0.7086001210456612,1.51293114565518
CYSLTR1,CYSLTR1,X,1,0,1.6207024300233357,
RTL3,RTL3,X,1,0,-1.6981012840852436,
LPAR4,LPAR4,X,1,0,1.4629764987440517,
P2RY10,P2RY10,X,1,0,0.6421600006500832,
GPR174,GPR174,X,1,0,1.0620347077994037,
ITM2A,ITM2A,X,1,0,0.5441369811001753,1.25418446254999
TBX22,TBX22,X,1,0,-0.7559777248389157,
TENT5D,TENT5D,X,1,0,1.1788185668042193,
BRWD3,BRWD3,X,1,0,0.23299947858007286,-2.99511536723639
HMGN5,HMGN5,X,1,0,0.8660776591097665,2.21417331494608
SH3BGRL,SH3BGRL,X,1,0,0.7993758744563024,1.53274623250883
POU3F4,POU3F4,X,1,0,-2.4643070422945126,
CYLC1,CYLC1,X,1,0,1.0032822689144432,
RPS6KA6,RPS6KA6,X,1,0,1.1331478915672637,
HDX,HDX,X,1,0,0.13390438588647768,
APOOL,APOOL,X,1,0,0.8678569724002863,
SATL1,SATL1,X,1,0,-2.2102664543446426,
ZNF711,ZNF711,X,1,0,0.49086471284815936,
POF1B,POF1B,X,1,0,-0.7430508261275239,
CHM,CHM,X,1,0,0.42356453075904454,1.70147297186961
DACH2,DACH2,X,1,0,-0.550061564972582,
KLHL4,KLHL4,X,1,0,0.5674061323980144,
CPXCR1,CPXCR1,X,1,0,0.20143372351875222,
TGIF2LX,TGIF2LX,X,1,0,-1.5423762897414317,
PABPC5,PABPC5,X,1,0,0.17612006249843049,
PCDH11X,PCDH11X,X,1,0,0.1336799394927386,
NAP1L3,NAP1L3,X,1,0,-0.33307713270886374,-0.638809741604413
FAM133A,FAM133A,X,1,0,-0.3994213425839668,
DIAPH2,DIAPH2,X,1,0,0.3507922785429809,-0.0519130597535286
RPA4,RPA4,X,1,0,-0.21139573006625767,
PCDH19,PCDH19,X,1,0,-1.668635725368123,
TNMD,TNMD,X,1,0,0.7250329174175576,
TSPAN6,TSPAN6,X,1,0,1.9175595402581997,3.71051779585754
SRPX2,SRPX2,X,1,0,-0.9129396276914026,-1.04517985889903
SYTL4,SYTL4,X,1,0,-1.0539112938566362,-0.160086342066294
CSTF2,CSTF2,X,1,0,-0.8567022828277828,-0.406455956847122
NOX1,NOX1,X,1,0,0.10234768248587756,
XKRX,XKRX,X,1,0,0.2884670166592542,
ARL13A,ARL13A,X,1,0,-0.32345989616657,
TRMT2B,TRMT2B,X,1,0,-0.4570230060552447,-1.37911854301405
TMEM35A,TMEM35A,X,1,0,-0.3468109586479695,
CENPI,CENPI,X,1,0,0.7670094877136702,
DRP2,DRP2,X,1,0,-1.7716484193389608,
TAF7L,TAF7L,X,1,0,0.09644585493909119,
TIMM8A,TIMM8A,X,1,0,-0.8066585584242922,0.986530359006648
BTK,BTK,X,1,0,-0.04702315883841557,
RPL36A,RPL36A,X,1,0,0.4317116523341884,
GLA,GLA,X,1,0,0.33835233505564943,1.20086834832572
HNRNPH2,HNRNPH2,X,1,0,0.30322562028186795,
ARMCX4,ARMCX4,X,1,0,-0.565369753407067,-3.75220681903622
ARMCX1,ARMCX1,X,1,0,-0.12525452762067601,-0.522146410998344
ARMCX6,ARMCX6,X,1,0,-0.47718470719794404,-1.21975831537216
ARMCX3,ARMCX3,X,1,0,1.1399336453158906,0.42475800449553
ARMCX2,ARMCX2,X,1,0,0.021239496266012736,-0.715668921781268
ZMAT1,ZMAT1,X,1,0,-0.03950473711227076,
TCEAL2,TCEAL2,X,1,0,-0.9723723913827076,
BEX5,BEX5,X,1,0,0.11375681735628795,0.59911814609281
TCP11X1,TCP11X1,X,1,0,-0.4694321358083524,
NXF2,NXF2,X,1,0,-0.5691755509502663,
NXF2B,NXF2B,X,1,0,-0.5691755509502663,
TCP11X2,TCP11X2,X,1,0,-0.4694537674009336,
TMSB15A,TMSB15A,X,1,0,-0.31468284280596137,
ARMCX5,ARMCX5,X,1,0,0.18555140872545905,0.0494681702409111
GPRASP1,GPRASP1,X,1,0,-0.5206022860902273,-2.28900989332672
GPRASP2,GPRASP2,X,1,0,-0.5716695127706224,
GPRASP3,GPRASP3,X,1,0,0.5081839276930236,-1.12853008171495
RAB40AL,RAB40AL,X,1,0,-2.122362757347112,
BEX1,BEX1,X,1,0,-1.2317752796624717,0.648689547569895
NXF3,NXF3,X,1,0,-0.7656338899299975,0.10776408440067
BEX4,BEX4,X,1,0,-1.0520884473566579,-0.929382195079229
TCEAL8,TCEAL8,X,1,0,-1.0182451397509915,0.216303275258542
TCEAL5,TCEAL5,X,1,0,-1.8713429978986955,
BEX2,BEX2,X,1,0,-1.2748223932945546,0.830609402939478
TCEAL7,TCEAL7,X,1,0,-1.0933502714674521,-0.11949722701835
TCEAL9,TCEAL9,X,1,0,-0.6646667961201764,0.356945411795895
BEX3,BEX3,X,1,0,-0.2935344646035034,-0.59112803644685
RAB40A,RAB40A,X,1,0,-1.948100158914901,
TCEAL4,TCEAL4,X,1,0,-0.6679542272098438,-0.12690072513443
TCEAL3,TCEAL3,X,1,0,-2.0532679857618383,-3.04331756416564
TCEAL1,TCEAL1,X,1,0,-2.042064697153606,-1.08755963796469
MORF4L2,MORF4L2,X,1,0,0.24173679756367505,-0.0996976289121792
TMEM31,TMEM31,X,1,0,-0.1529734837998653,
PLP1,PLP1,X,1,0,0.32553078106228917,
RAB9B,RAB9B,X,1,0,0.107535848287311,
TMSB15B,TMSB15B,X,1,0,-0.3258851968492138,
H2BW1,H2BW1,X,1,0,-2.489755775385845,
H2BW2,H2BW2,X,1,0,-2.6069354329563232,
TMSB15C,TMSB15C,X,1,0,-0.3258851968492138,
SLC25A53,SLC25A53,X,1,0,-1.0161731620509489,
ZCCHC18,ZCCHC18,X,1,0,-0.9619615682337468,
FAM199X,FAM199X,X,1,0,-1.8578064950240858,-0.63115616213432
ESX1,ESX1,X,1,0,-2.0048114868585873,
IL1RAPL2,IL1RAPL2,X,1,0,0.3192792978856378,
TEX13A,TEX13A,X,1,0,-2.284495417642452,
NRK,NRK,X,1,0,-0.19787576523118489,
SERPINA7,SERPINA7,X,1,0,0.43592427829992886,3.41207865764219
PWWP3B,PWWP3B,X,1,0,0.4026142744816763,1.36716033073271
RADX,RADX,X,1,0,0.17484438190388119,
RNF128,RNF128,X,1,0,-0.45616002977683223,0.18881377771107
TBC1D8B,TBC1D8B,X,1,0,0.7657605068248401,1.70056369145223
RIPPLY1,RIPPLY1,X,1,0,-1.3752029692033858,-1.01281786899938
CLDN2,CLDN2,X,1,0,-0.5101920626025471,-0.22510996358657
MORC4,MORC4,X,1,0,-0.1435563954647634,-0.161317105186486
RBM41,RBM41,X,1,0,-0.33348943424998545,0.134099161019774
NUP62CL,NUP62CL,X,1,0,0.226354251818341,-0.510539620291367
DNAAF6,DNAAF6,X,1,0,1.0038417841043241,
FRMPD3,FRMPD3,X,1,0,-2.3131649632308218,
PRPS1,PRPS1,X,1,0,0.30574508175744874,1.23438788874249
TSC22D3,TSC22D3,X,1,0,-2.60589778891522,-1.59148849302218
NCBP2L,NCBP2L,X,1,0,0.6446258132887195,
MID2,MID2,X,1,0,-0.5554994801540474,-1.88318199046598
TEX13B,TEX13B,X,1,0,-2.076766377862052,
VSIG1,VSIG1,X,1,0,-0.6451423882522835,
PSMD10,PSMD10,X,1,0,0.11245269620673604,0.609952208205604
ATG4A,ATG4A,X,1,0,0.5168789423081428,0.113028659162297
COL4A6,COL4A6,X,1,0,-1.3366067173975793,
COL4A5,COL4A5,X,1,0,-1.2212765584371343,-1.09546079129451
IRS4,IRS4,X,1,0,-1.3563860929471545,
GUCY2F,GUCY2F,X,1,0,0.05189063032976904,
NXT2,NXT2,X,1,0,1.2315984132057949,
KCNE5,KCNE5,X,1,0,-2.9034622465525253,
ACSL4,ACSL4,X,1,0,1.133164027291187,1.66858522578869
TMEM164,TMEM164,X,1,0,-0.9639597742472468,
AMMECR1,AMMECR1,X,1,0,-1.174586546496787,0.160823707616243
GNG5B,GNG5B,X,1,0,-0.7645261963574601,
RTL9,RTL9,X,1,0,-0.3252475793904246,
CRIPTO3,CRIPTO3,X,1,0,-0.8816192236688458,
CHRDL1,CHRDL1,X,1,0,-0.43567078682188587,
PAK3,PAK3,X,1,0,-0.006210312581842459,
CAPN6,CAPN6,X,1,0,0.36962815841781094,0.592441409751527
DCX,DCX,X,1,0,-0.7607729090506421,
SERTM2,SERTM2,X,1,0,-0.3014641954750843,
ALG13,ALG13,X,1,0,0.22303202118772703,-1.80876734798029
TRPC5,TRPC5,X,1,0,-0.3974565091821809,
TRPC5OS,TRPC5OS,X,1,0,1.125520815049006,
RTL4,RTL4,X,1,0,-1.040788530836915,0.0953665255859943
LHFPL1,LHFPL1,X,1,0,-0.15386632020480207,
AMOT,AMOT,X,1,0,-1.4325838387622216,
HTR2C,HTR2C,X,1,0,0.8023146423656016,
IL13RA2,IL13RA2,X,1,0,1.5263673801295088,2.23101958131648
LRCH2,LRCH2,X,1,0,-0.17775938994070373,
RBMXL3,RBMXL3,X,1,0,-3.307782072781599,
LUZP4,LUZP4,X,1,0,-1.5927120093325602,
PLS3,PLS3,X,1,0,0.9755568836264636,3.53792227792149
AGTR2,AGTR2,X,1,0,1.3339334813762012,
SLC6A14,SLC6A14,X,1,0,1.5339824908297022,
CT83,CT83,X,1,0,0.10931797035242496,
KLHL13,KLHL13,X,1,0,0.8907718927800286,1.2769307900389
WDR44,WDR44,X,1,0,0.5296500317735013,1.39151977568986
DOCK11,DOCK11,X,1,0,0.7125438707749652,0.920221469688292
IL13RA1,IL13RA1,X,1,0,0.08125681228431603,0.758836861708957
ZCCHC12,ZCCHC12,X,1,0,-1.2803402551023577,
LONRF3,LONRF3,X,1,0,-1.2097674315489435,-2.07455130602564
CT47C1,CT47C1,X,1,0,-3.0287597996813744,
KIAA1210,KIAA1210,X,1,0,-0.8440162119017316,
PGRMC1,PGRMC1,X,1,0,-1.5923085673469703,-0.005327083251658
SLC25A43,SLC25A43,X,1,0,-0.7738169699086566,-1.10209036633414
SLC25A5,SLC25A5,X,1,0,0.8660411811011244,0.75608966896217
STEEP1,STEEP1,X,1,0,-0.18721066077094228,0.762821787765999
UBE2A,UBE2A,X,1,0,-0.03383810680119659,-0.273381482427435
SEPTIN6,SEPTIN6,X,1,0,-1.013892606620292,-0.411582376495048
SOWAHD,SOWAHD,X,1,0,-3.335965947486203,-2.47679851819425
RPL39,RPL39,X,1,0,0.4491841003584369,2.31632402010116
UPF3B,UPF3B,X,1,0,-0.44100838737508496,-0.484645080091732
RNF113A,RNF113A,X,1,0,-0.6919694261687788,-0.84872751577632
NDUFA1,NDUFA1,X,1,0,0.7600768071637187,2.012347629637
AKAP14,AKAP14,X,1,0,1.1297764492917963,
NKAP,NKAP,X,1,0,-1.3561677857488537,-0.322691568481384
RHOXF2B,RHOXF2B,X,1,0,-1.5758593307772983,
RHOXF1,RHOXF1,X,1,0,-1.743525745586064,
RHOXF2,RHOXF2,X,1,0,-1.5934778640914011,
ZBTB33,ZBTB33,X,1,0,0.5288097831765182,2.65794769145426
TMEM255A,TMEM255A,X,1,0,-0.5276554869707866,
ATP1B4,ATP1B4,X,1,0,-0.3336268414346897,
LAMP2,LAMP2,X,1,0,1.414225727509164,2.67473406948827
CUL4B,CUL4B,X,1,0,0.723962983563073,1.24108400410334
MCTS1,MCTS1,X,1,0,1.5634861622988119,3.99789048864176
C1GALT1C1,C1GALT1C1,X,1,0,1.6925618975973133,3.44289849640775
CT47B1,CT47B1,X,1,0,-3.0001882899929413,
CT47A11,CT47A11,X,1,0,-3.2127156635469536,
CT47A10,CT47A10,X,1,0,-3.2127156635469536,
CT47A9,CT47A9,X,1,0,-3.2127156635469536,
CT47A8,CT47A8,X,1,0,-3.2127156635469536,
CT47A7,CT47A7,X,1,0,-3.2127156635469536,
CT47A6,CT47A6,X,1,0,-3.248249894048149,
CT47A5,CT47A5,X,1,0,-3.2127156635469536,
CT47A4,CT47A4,X,1,0,-3.2127156635469536,
CT47A3,CT47A3,X,1,0,-3.2127156635469536,
CT47A2,CT47A2,X,1,0,-3.2127156635469536,
CT47A1,CT47A1,X,1,0,-3.2304715038005565,
GLUD2,GLUD2,X,1,0,-0.3038173822401724,0.0523966543907478
GRIA3,GRIA3,X,1,0,0.44082487765740197,-0.15626796680289
THOC2,THOC2,X,1,0,0.5803878286771091,1.27292329075814
XIAP,XIAP,X,1,0,0.7195066723806054,1.7165931005543
STAG2,STAG2,X,1,0,1.0309339976929586,0.802508763403276
TEX13D,TEX13D,X,1,0,-3.0983194842937074,
SH2D1A,SH2D1A,X,1,0,-0.42105336020702566,-0.943398141939511
TENM1,TENM1,X,1,0,-0.20417892721859765,-3.50329485506687
TEX13C,TEX13C,X,1,0,-2.524866694373019,
DCAF12L2,DCAF12L2,X,1,0,-2.4286344772358675,
DCAF12L1,DCAF12L1,X,1,0,-2.076046135113737,
PRR32,PRR32,X,1,0,-1.3826655756397503,
ACTRT1,ACTRT1,X,1,0,-0.41598193579375753,
SMARCA1,SMARCA1,X,1,0,0.7771647686729324,1.15642215086243
OCRL,OCRL,X,1,0,0.013865296049676346,-0.859359301403283
APLN,APLN,X,1,0,-1.999846149351285,
XPNPEP2,XPNPEP2,X,1,0,-1.0080490525240382,0.260368051917624
SASH3,SASH3,X,1,0,-2.6306328935305476,-2.16482866852058
ZDHHC9,ZDHHC9,X,1,0,-0.8094024251643663,-1.1320306422186
UTP14A,UTP14A,X,1,0,-1.1726001915458504,-1.06680458707401
BCORL1,BCORL1,X,1,0,-2.2839940393701017,-3.36961636034784
ELF4,ELF4,X,1,0,-1.9986022701231008,-1.87070022806547
AIFM1,AIFM1,X,1,0,-0.13950256610204903,0.794074888213656
RAB33A,RAB33A,X,1,0,-1.006404382197374,
ZNF280C,ZNF280C,X,1,0,0.22770872969539724,
SLC25A14,SLC25A14,X,1,0,1.078547864120024,-1.38380348104893
GPR119,GPR119,X,1,0,-0.7357191223032533,
RBMX2,RBMX2,X,1,0,-1.9769845330654618,-1.06768648917059
ENOX2,ENOX2,X,1,0,-0.14230237818854619,-1.31810931822905
ARHGAP36,ARHGAP36,X,1,0,-0.6976365474134756,
IGSF1,IGSF1,X,1,0,-0.7441055486298076,
OR13H1,OR13H1,X,1,0,0.4139286501026298,
STK26,STK26,X,1,0,0.8127917489050276,
FRMD7,FRMD7,X,1,0,-0.42902029098439876,
RAP2C,RAP2C,X,1,0,0.5617849795166716,1.06944467691684
MBNL3,MBNL3,X,1,0,0.10238912456257232,1.66812046593976
HS6ST2,HS6ST2,X,1,0,-1.5578558380303953,
USP26,USP26,X,1,0,0.47198434167958503,
TFDP3,TFDP3,X,1,0,-1.4272623064842858,
GPC4,GPC4,X,1,0,0.03672733007132045,1.29528422619228
GPC3,GPC3,X,1,0,0.40514317759236285,1.30081619483849
CCDC160,CCDC160,X,1,0,0.733788851006949,
PHF6,PHF6,X,1,0,0.04085080870861013,2.49290939379958
HPRT1,HPRT1,X,1,0,1.485510061748121,2.00166442788426
PLAC1,PLAC1,X,1,0,-0.9248918588764052,
PABIR2,PABIR2,X,1,0,-1.6166979088136504,-1.46613412457552
PABIR3,PABIR3,X,1,0,-0.032063743301049996,
MOSPD1,MOSPD1,X,1,0,0.38864084785384456,1.14757563576418
SMIM10,SMIM10,X,1,0,-0.5875019222388698,-1.78069071064329
RTL8B,RTL8B,X,1,0,-1.9869618382181713,-1.40303094231668
RTL8C,RTL8C,X,1,0,-2.087961673505296,-0.512641090077967
RTL8A,RTL8A,X,1,0,-2.1723088640171238,-0.023049679659085
SMIM10L2B,SMIM10L2B,X,1,0,-0.042906708115904024,
ETDB,ETDB,X,1,0,-1.3330920436498666,
CT55,CT55,X,1,0,0.5553583048908219,
ETDA,ETDA,X,1,0,-1.3330920436498666,
ZNF75D,ZNF75D,X,1,0,-0.6696193436944782,-1.2723875905226
ETDC,ETDC,X,1,0,-0.8907032069487872,
ZNF449,ZNF449,X,1,0,-0.8040151874679395,-1.31812143219268
SMIM10L2A,SMIM10L2A,X,1,0,-0.14781180883219136,
INTS6L,INTS6L,X,1,0,0.32820210447699694,-1.24341958160264
CT45A1,CT45A1,X,1,0,0.4837800455827814,
CT45A3,CT45A3,X,1,0,0.46597196207176594,
CT45A5,CT45A5,X,1,0,0.4793016186108652,
CT45A6,CT45A6,X,1,0,0.4793016186108652,
CT45A2,CT45A2,X,1,0,0.5217624184793284,
CT45A7,CT45A7,X,1,0,0.4793016186108652,
CT45A8,CT45A8,X,1,0,0.5217624184793284,
CT45A9,CT45A9,X,1,0,0.5217624184793284,
CT45A10,CT45A10,X,1,0,0.6343285489100445,
SAGE1,SAGE1,X,1,0,0.3338856049710106,
MMGT1,MMGT1,X,1,0,0.4784369795946173,1.03287531456179
SLC9A6,SLC9A6,X,1,0,0.7618231735988896,0.554627801652836
FHL1,FHL1,X,1,0,-0.4548862391094648,0.113555764344549
MAP7D3,MAP7D3,X,1,0,-0.47137823270982615,-1.46116965651649
ADGRG4,ADGRG4,X,1,0,0.2661862660072085,
BRS3,BRS3,X,1,0,0.5248287939974166,
HTATSF1,HTATSF1,X,1,0,0.08994981394048907,-0.216122822618771
VGLL1,VGLL1,X,1,0,-1.8323921420467766,
CD40LG,CD40LG,X,1,0,-0.043974282580329316,-1.02344494366544
ARHGEF6,ARHGEF6,X,1,0,-0.22608697307437708,0.536643746802183
RBMX,RBMX,X,1,0,-0.47749258453545984,0.529601849207234
GPR101,GPR101,X,1,0,-1.5655246957951814,
ZIC3,ZIC3,X,1,0,-2.5916853387446572,
FGF13,FGF13,X,1,0,-0.8623734441801556,
F9,F9,X,1,0,1.0143571982070494,3.85178844890948
MCF2,MCF2,X,1,0,0.9474250204244044,
ATP11C,ATP11C,X,1,0,1.41958246001081,0.83703551636297
CXorf66,CXorf66,X,1,0,0.0006425431896666112,
HAPSTR2,HAPSTR2,X,1,0,-2.582110806266776,
SOX3,SOX3,X,1,0,-2.266874448209739,
SPANXB1,SPANXB1,X,1,0,-2.320690468241766,
LDOC1,LDOC1,X,1,0,-1.8674194972662548,-1.03613635356569
SPANXC,SPANXC,X,1,0,-1.6417108932133377,
SPANXA1,SPANXA1,X,1,0,-1.5389382502477602,
SPANXA2,SPANXA2,X,1,0,-1.5389382502477602,
SPANXD,SPANXD,X,1,0,-1.4520848906942856,
MAGEC3,MAGEC3,X,1,0,-1.194740716541137,
MAGEC1,MAGEC1,X,1,0,-2.746939897827687,
MAGEC2,MAGEC2,X,1,0,-1.1807021467636094,
SPANXN4,SPANXN4,X,1,0,-0.7068363236894761,
SPANXN3,SPANXN3,X,1,0,-1.401789607346144,
SLITRK4,SLITRK4,X,1,0,-0.010659127060838713,
SPANXN2,SPANXN2,X,1,0,-2.4169234957411536,
SPANXN1,SPANXN1,X,1,0,-1.2935722375814809,
SLITRK2,SLITRK2,X,1,0,-0.8397245237442394,
CXorf51B,CXorf51B,X,1,0,-1.7023559665351335,
CXorf51A,CXorf51A,X,1,0,-1.7023559665351335,
FMR1,FMR1,X,1,0,0.31476610231918656,-0.547592398997433
FMR1NB,FMR1NB,X,1,0,-0.6433390371369434,
AFF2,AFF2,X,1,0,-0.9938755049709549,
LOC122319696,LOC122319696,X,1,0,-0.8605120912749076,
IDS,IDS,X,1,0,-0.565636181616588,
EOLA1,EOLA1,X,1,0,-1.2148078699028666,-3.2510006960603
HSFX3,HSFX3,X,1,0,-1.1510723197131902,
MAGEA9B,MAGEA9B,X,1,0,-1.2686932221811613,
HSFX2,HSFX2,X,1,0,-1.7481741236734454,
TMEM185A,TMEM185A,X,1,0,0.2837741414898911,0.0909019284665812
MAGEA11,MAGEA11,X,1,0,-1.3107247723164264,
HSFX1,HSFX1,X,1,0,-1.7214695204019517,
MAGEA9,MAGEA9,X,1,0,-1.2686932221811613,
MAGEA8,MAGEA8,X,1,0,-1.3658373467694176,
HSFX4,HSFX4,X,1,0,-1.1422259481947297,
EOLA2,EOLA2,X,1,0,-1.2620903832737156,-4.03739947517252
MAMLD1,MAMLD1,X,1,0,-2.2677757614487213,-2.10614532833139
MTM1,MTM1,X,1,0,0.5771525620809363,1.1580617169103
MTMR1,MTMR1,X,1,0,-0.16106052292401607,-1.08200893953637
CD99L2,CD99L2,X,1,0,-0.5596723092870253,-0.671264352833613
HMGB3,HMGB3,X,1,0,0.5746403530843285,1.17813121802879
GPR50,GPR50,X,1,0,-0.7981326303740932,
VMA21,VMA21,X,1,0,0.5703900459232525,0.706748825023299
PASD1,PASD1,X,1,0,-0.9942551303625606,
PRRG3,PRRG3,X,1,0,-2.7326597830179633,
FATE1,FATE1,X,1,0,-0.7878154773329644,
CNGA2,CNGA2,X,1,0,-0.47527041786825386,
MAGEA4,MAGEA4,X,1,0,-1.5271911143225232,
GABRE,GABRE,X,1,0,-0.2345950561119352,
MAGEA10,MAGEA10,X,1,0,-1.155838717589008,
GABRA3,GABRA3,X,1,0,0.031092373671173235,
GABRQ,GABRQ,X,1,0,-0.7485121783693813,
MAGEA3,MAGEA3,X,1,0,-2.04214310818797,
CSAG2,CSAG2,X,1,0,-1.3551925046307645,
MAGEA2B,MAGEA2B,X,1,0,-1.9838408510066614,
CSAG1,CSAG1,X,1,0,-1.8615030585356909,
MAGEA12,MAGEA12,X,1,0,-2.174521522243058,
MAGEA2,MAGEA2,X,1,0,-1.9838408510066614,
CSAG3,CSAG3,X,1,0,-1.3480571357295386,
MAGEA6,MAGEA6,X,1,0,-1.8288098223846116,
CETN2,CETN2,X,1,0,0.9505217667933206,0.70941015855061
NSDHL,NSDHL,X,1,0,-0.6262155417009847,-0.109615358012922
ZNF185,ZNF185,X,1,0,-2.3537964499472963,
PNMA5,PNMA5,X,1,0,-1.7817674918407,
PNMA3,PNMA3,X,1,0,-1.9349645641818523,
PNMA6A,PNMA6A,X,1,0,-2.584334125260604,-1.78707032884543
MAGEA1,MAGEA1,X,1,0,-1.4594309058880288,
PWWP4,PWWP4,X,1,0,-2.334775827783856,
PNMA6F,PNMA6F,X,1,0,-2.1030581167948625,
ZNF275,ZNF275,X,1,0,-3.1094450704157435,-2.58501401642952
PNMA6E,PNMA6E,X,1,0,-1.6721543079721108,
ZFP92,ZFP92,X,1,0,-3.1670193657953014,
TREX2,TREX2,X,1,0,-3.237954706640611,
HAUS7,HAUS7,X,1,0,-2.2310000563112986,-1.8490414003761
BGN,BGN,X,1,0,-2.121174207721918,-1.96846255912376
ATP2B3,ATP2B3,X,1,0,-1.8891710892255507,
CCNQ,CCNQ,X,1,0,-1.319291804256956,-2.40720212980155
DUSP9,DUSP9,X,1,0,-2.6905410305389754,-0.810024936229957
PNCK,PNCK,X,1,0,-2.828002362528345,
SLC6A8,SLC6A8,X,1,0,-0.8106809876655543,-2.91755313101251
BCAP31,BCAP31,X,1,0,-0.1995570138504945,0.158538800594908
ABCD1,ABCD1,X,1,0,-2.1936482344801096,-2.53490102464218
PLXNB3,PLXNB3,X,1,0,-2.775330915632807,-3.80963040528324
SRPK3,SRPK3,X,1,0,-2.8073293521237463,
IDH3G,IDH3G,X,1,0,-1.695915145052206,-0.708157648109131
SSR4,SSR4,X,1,0,-1.2977350578515416,0.156179464424823
PDZD4,PDZD4,X,1,0,-3.0531064846991054,-5.58643831052864
L1CAM,L1CAM,X,1,0,-2.289664661547695,
AVPR2,AVPR2,X,1,0,-2.042033054225369,
ARHGAP4,ARHGAP4,X,1,0,-3.2107406526891324,-3.53626877263912
NAA10,NAA10,X,1,0,-2.014317029995741,-1.8164490106883
RENBP,RENBP,X,1,0,-1.5604670447967646,-1.80046708091524
HCFC1,HCFC1,X,1,0,-2.3582900432432368,-2.81567663817712
TMEM187,TMEM187,X,1,0,-1.4374787387713681,-0.957312293686134
IRAK1,IRAK1,X,1,0,-3.1832843198373215,-5.08232153193868
MECP2,MECP2,X,1,0,-2.9487140336261835,-3.05658057292881
OPN1LW,OPN1LW,X,1,0,-0.7092753110776808,
OPN1MW,OPN1MW,X,1,0,-0.7915434403258121,
OPN1MW2,OPN1MW2,X,1,0,-0.7924743804003676,
OPN1MW3,OPN1MW3,X,1,0,-0.7924743804003676,
TEX28,TEX28,X,1,0,-2.872387867965603,
TKTL1,TKTL1,X,1,0,-0.4764743153650599,
FLNA,FLNA,X,1,0,-2.1220972075032076,-2.54085779914673
EMD,EMD,X,1,0,-1.2266627883676655,-0.578203646781682
RPL10,RPL10,X,1,0,-0.71856780059424,-1.56057975513897
DNASE1L1,DNASE1L1,X,1,0,-2.2513736513531732,-3.22054558908638
TAFAZZIN,TAFAZZIN,X,1,0,-1.3815399620232611,-2.00109391670245
ATP6AP1,ATP6AP1,X,1,0,-1.1581727941614837,0.0191527473114681
GDI1,GDI1,X,1,0,-0.8475716710275929,-0.380506808287902
FAM50A,FAM50A,X,1,0,-1.9367209246395323,-1.50171754981982
PLXNA3,PLXNA3,X,1,0,-2.3688968629943403,-2.8825485992339
LAGE3,LAGE3,X,1,0,-2.2115251029840532,-1.12108789424139
UBL4A,UBL4A,X,1,0,-2.6384097324489826,-2.22026949684589
SLC10A3,SLC10A3,X,1,0,-2.1098942631807294,-3.24515772301774
FAM3A,FAM3A,X,1,0,-2.5817438882590853,-2.53073743393796
G6PD,G6PD,X,1,0,-1.5660587626273852,-1.49417938880827
IKBKG,IKBKG,X,1,0,-3.1803735174894037,-1.99395360147955
CTAG1A,CTAG1A,X,1,0,-2.4508720599058478,
CTAG1B,CTAG1B,X,1,0,-2.4508720599058478,
CTAG2,CTAG2,X,1,0,-2.538344855708182,
GAB3,GAB3,X,1,0,-1.798014812734655,-1.9022859057284
DKC1,DKC1,X,1,0,-0.2038248808003562,-0.177381800570095
MPP1,MPP1,X,1,0,-1.1007442548563127,-0.0234137814327229
SMIM9,SMIM9,X,1,0,0.036820807624312835,
F8,F8,X,1,0,0.2673343484507029,2.27976680435959
H2AB1,H2AB1,X,1,0,-2.7082626178320357,
F8A1,F8A1,X,1,0,-2.929235927934096,
FUNDC2,FUNDC2,X,1,0,0.2489611105715568,0.768306407475932
CMC4,CMC4,X,1,0,-0.43427975018436804,0.771776146157383
MTCP1,MTCP1,X,1,0,-1.3494529476860677,
BRCC3,BRCC3,X,1,0,-0.40207182171567446,0.419481320956649
VBP1,VBP1,X,1,0,1.362366216608649,1.13224982667233
RAB39B,RAB39B,X,1,0,-0.6931321091561493,
CLIC2,CLIC2,X,1,0,0.46516028876127713,2.47736772377624
H2AB2,H2AB2,X,1,0,-2.6864725281206834,
F8A2,F8A2,X,1,0,-2.929235927934096,
F8A3,F8A3,X,1,0,-2.929235927934096,
H2AB3,H2AB3,X,1,0,-2.6864725281206834,
TMLHE,TMLHE,X,1,0,0.10847905752652309,3.1320273074667
SPRY3,SPRY3,X,1,0,-1.7303234511028212,-1.72301020175084
VAMP7,VAMP7,X,1,0,1.007317926021889,1.58437583354684
IL9R,IL9R,X,1,0,-2.607405072190854,
SRY,SRY,Y,0,1,-0.8180133240558316,
RPS4Y1,RPS4Y1,Y,0,1,0.3191522430243481,0.4535778634098468
ZFY,ZFY,Y,0,1,0.152723178422546,
TGIF2LY,TGIF2LY,Y,0,1,-1.68652049260346,
PCDH11Y,PCDH11Y,Y,0,1,0.2484222200367494,
TSPY2,TSPY2,Y,0,1,-1.7722159478868509,
AMELY,AMELY,Y,0,1,-2.3215595492119103,
TBL1Y,TBL1Y,Y,0,1,-0.8181528688517581,
TSPY4,TSPY4,Y,0,1,-1.722466889669132,
TSPY8,TSPY8,Y,0,1,-1.6591735902640323,
TSPY3,TSPY3,Y,0,1,-1.6763683269481877,
TSPY1,TSPY1,Y,0,1,-1.7413166442176067,
TSPY9,TSPY9,Y,0,1,-1.7012040251822516,
TSPY10,TSPY10,Y,0,1,-1.7155719585636593,
USP9Y,USP9Y,Y,0,1,0.8958530833937388,-0.9676114132476266
DDX3Y,DDX3Y,Y,0,1,0.49046839253707475,-0.0619225590256387
UTY,UTY,Y,0,1,0.1940867405987028,-1.870015182610215
TMSB4Y,TMSB4Y,Y,0,1,-0.5604546541341175,
VCY,VCY,Y,0,1,-3.63118676923194,
VCY1B,VCY1B,Y,0,1,-3.63118676923194,
NLGN4Y,NLGN4Y,Y,0,1,-0.7761677735936523,-0.7446878792371158
CDY2B,CDY2B,Y,0,1,0.38627785393371816,
CDY2A,CDY2A,Y,0,1,0.38627785393371816,
HSFY1,HSFY1,Y,0,1,0.2949236072009711,
HSFY2,HSFY2,Y,0,1,0.2949236072009711,
KDM5D,KDM5D,Y,0,1,-1.1507833042380735,-2.53288049163763
EIF1AY,EIF1AY,Y,0,1,1.6344355346285475,
RPS4Y2,RPS4Y2,Y,0,1,0.3310241202411355,
RBMY1B,RBMY1B,Y,0,1,0.05239189942979117,
RBMY1A1,RBMY1A1,Y,0,1,0.01830108305922984,
RBMY1D,RBMY1D,Y,0,1,0.011786968701345657,
RBMY1E,RBMY1E,Y,0,1,0.02262530934937601,
RBMY1F,RBMY1F,Y,0,1,-0.012844658131683673,
RBMY1J,RBMY1J,Y,0,1,0.009929630545418178,
BPY2,BPY2,Y,0,1,-0.051657735201350974,
DAZ1,DAZ1,Y,0,1,0.42248094055820573,
DAZ2,DAZ2,Y,0,1,1.4269872316760424,
CDY1B,CDY1B,Y,0,1,0.35006078703198007,
BPY2B,BPY2B,Y,0,1,-0.051657735201350974,
DAZ3,DAZ3,Y,0,1,1.1923349462818873,
DAZ4,DAZ4,Y,0,1,0.9266377789224354,
BPY2C,BPY2C,Y,0,1,-0.051657735201350974,
CDY1,CDY1,Y,0,1,0.2797708624502082,
