human_gene_id,chicken_gene_id,gene_name,is_X,CO_Mega_human,CO_Mega_chicken,CO_Mega_normalized,CO_Mega_normalized_log
ENSG00000154646,ENSGALG00010007504,TMPRSS15,0,0.676509803724608,0.0214486418579176,31.54091565358856,3.451285612615977
ENSG00000154654,ENSGALG00010007068,NCAM2,0,0.3622203011731209,-0.1248806472820498,-2.9005319003113943,
ENSG00000156284,ENSGALG00010011654,CLDN8,0,0.5514843083949899,-0.152546880795717,-3.6151791863480285,
ENSG00000154645,ENSGALG00010007467,CHODL,0,-0.0406411462171636,-0.567850225213936,0.07157018596206802,-2.6370766889107364
ENSG00000159263,ENSGALG00010013099,SIM2,0,-2.150536296492332,-0.8702999288671338,2.471028923662762,0.904634632183925
ENSG00000183145,ENSGALG00010013109,RIPPLY3,0,-2.6216831310662325,-0.6832011679262717,3.8373516529894953,1.3447824549646723
ENSG00000160216,ENSGALG00010011961,AGPAT3,0,-0.9491145483809368,0.0553471388193576,-17.148394092758142,
ENSG00000183036,ENSGALG00010013549,PCP4,0,0.4349701805158226,-1.2018242836290547,-0.3619249389789139,
ENSG00000183421,ENSGALG00010010941,RIPK4,0,-2.7761686803284835,-1.340816290570653,2.0705063772360215,0.7277932040451176
ENSG00000160181,ENSGALG00010011115,TFF2,0,-2.166254197391938,-0.324393864544051,6.6778519391440945,1.8987963698387298
ENSG00000160185,ENSGALG00010011139,UBASH3A,0,-2.0613676864245853,-1.3369017774051608,1.5418991292131914,0.4330148574457994
ENSG00000177398,ENSGALG00010011004,UMODL1,0,-2.0273804759303875,-1.070923734706487,1.893113776665003,0.6382229743116707
ENSG00000183067,ENSGALG00010013504,IGSF5,0,-0.7626624347560842,-0.3256002792763605,2.3423273359933376,0.8511450231259811
ENSG00000160294,ENSGALG00010010646,MCM3AP,0,-1.4687207818415349,-1.2278501961706758,1.1961726165146755,0.17912697330365693
ENSG00000150361,ENSGALG00010000876,KLHL1,0,0.0777612645317553,-0.0314276208654967,-2.474296888859529,
ENSG00000182670,ENSGALG00010013135,TTC3,0,0.3673510277654159,-0.6084490200865023,-0.6037498880566693,
ENSG00000150893,ENSGALG00010002358,FREM2,0,-0.5859145416624916,-1.0817903965132358,0.5416155879650785,-0.613198776474246
ENSG00000152192,ENSGALG00010000726,POU4F1,0,-2.8501090974757144,-2.200995580321608,1.2949181374817929,0.2584474788536192
ENSG00000188811,ENSGALG00010002716,NHLRC3,0,1.059578684712884,-0.8231295662631142,-1.2872562572660509,
ENSG00000139734,ENSGALG00010002406,DIAPH3,0,0.0152905332011741,-0.6133623612035959,-0.02492903733311841,
ENSG00000160299,ENSGALG00010014876,PCNT,0,-2.4404270761307707,-1.404940270745627,1.7370326176468642,0.5521782652328415
ENSG00000159140,ENSGALG00010012102,SON,0,-0.6109043862773387,-1.6581429077277308,0.3684268608153345,-0.998513065165201
ENSG00000118946,ENSGALG00010002415,PCDH17,0,-1.9128283348897792,-1.9480570156977344,0.981915990895504,-0.01824952327344291
ENSG00000136141,ENSGALG00010003843,LRCH1,0,-1.1288373501196478,-1.116081249944068,1.0114293651794788,0.011364543431977701
ENSG00000184564,ENSGALG00010005934,SLITRK6,0,0.2076191115215699,-0.7184594564009684,-0.28897818752586474,
ENSG00000041515,ENSGALG00010013310,MYO16,0,-0.9612752002454564,-0.7597188334965529,1.2653038964708225,0.23531232769211594
ENSG00000180530,ENSGALG00010007819,NRIP1,0,-0.4501904895428463,-1.584328975203085,0.28415215311273295,-1.25824543388699
ENSG00000185950,ENSGALG00010013322,IRS2,0,-3.554396181953182,-2.759622183443176,1.2880010181387829,0.25309141816227093
ENSG00000204442,ENSGALG00010014998,NALF1,0,-1.9091998927884115,-1.0636494040874127,1.7949522516081906,0.584978420811054
ENSG00000171189,ENSGALG00010011636,GRIK1,0,0.3292625627868411,-0.3356300925580712,-0.981028132123974,
ENSG00000133111,ENSGALG00010006342,RFXAP,0,-1.944412564558851,-1.81093638036217,1.0737056175159434,0.07111585936746961
ENSG00000215475,ENSGALG00010003718,SIAH3,0,-2.688527988101958,-1.6507309522620943,1.6286893902472168,0.48777563632996196
ENSG00000159197,ENSGALG00010012775,KCNE2,0,0.4159233718482866,0.0559673202382781,7.431539871437714,2.0057330877862185
ENSG00000178235,ENSGALG00010005949,SLITRK1,0,-1.1581399493028908,-1.7691864073355044,0.6546172548584722,-0.4237045578697431
ENSG00000166265,ENSGALG00010010931,CYYR1,0,-0.2284641099420721,-0.6476488765200674,0.3527592160271325,-1.041969562361915
ENSG00000125249,ENSGALG00010005237,RAP2A,0,-1.051904351197436,-1.431236433585307,0.7349619717004909,-0.3079365202908236
ENSG00000073910,ENSGALG00010006835,FRY,0,-0.5378627506180624,-0.8880594115186715,0.605660774089723,-0.5014352283772597
ENSG00000125245,ENSGALG00010005760,GPR18,0,0.816733957972616,0.4708650604440719,1.7345393119683925,0.5507418518974867
ENSG00000132932,ENSGALG00010005935,ATP8A2,0,0.1934351096108546,-0.2915709233066315,-0.6634238675693597,
ENSG00000151835,ENSGALG00010006202,SACS,0,0.8576866722362997,-0.1795060141395627,-4.778038643147989,
ENSG00000253309,ENSGALG00010002897,SERPINE3,0,-1.2764219428375083,-0.707380375102394,1.8044350504532232,0.5902475513541434
ENSG00000139780,ENSGALG00010005165,METTL21C,0,-0.2216012421997444,-0.4436457961300869,0.4995003765002789,-0.6941469271395008
ENSG00000043355,ENSGALG00010005520,ZIC2,0,-2.7109827920742315,-2.2022592150897324,1.231000771162068,0.20782747365384086
ENSG00000139800,ENSGALG00010005525,ZIC5,0,-3.01349997114435,-1.7196293620257244,1.7524124893950668,0.5609934039551873
ENSG00000169840,ENSGALG00010004613,GSX1,0,-2.3698079951590856,-2.9367564743001733,0.8069473978852159,-0.21449679513501604
ENSG00000141428,ENSGALG00010008381,RMP24,0,-0.4240885090200468,-0.55275803116718,0.7672226998214025,-0.2649781679707953
ENSG00000141424,ENSGALG00010007699,SLC39A6,0,-0.1739039808173945,-0.7406797740813781,0.2347896984672998,-1.4490650656393103
ENSG00000280165,ENSGALG00010000715,PCDH20,0,-0.3160524856042332,-0.8757624348228397,0.3608883791278034,-1.0191865675531084
ENSG00000132972,ENSGALG00010005343,RNF17,0,0.9639987280605844,-0.3450857225397283,-2.7935051064003473,
ENSG00000186047,ENSGALG00010002820,DLEU7,0,-2.811942506049137,-2.80947756228049,1.0008773673090474,0.0008769826473265608
ENSG00000139737,ENSGALG00010000734,SLAIN1,0,-1.9416442279699064,-2.376233933012884,0.8171098817312357,-0.20198169900258411
ENSG00000119547,ENSGALG00010011008,ONECUT2,0,-2.9045578767852103,-2.7829316555251484,1.0437043507764874,0.042776260443484836
ENSG00000173482,ENSGALG00010001940,PTPRM,0,-0.4995306364113752,-0.4390251369587231,1.1378178476790517,0.12911225934168072
ENSG00000133116,ENSGALG00010006608,KL,0,-0.5105001418597261,-0.5339575619794845,0.9560687556651559,-0.04492544836502915
ENSG00000183098,ENSGALG00010005163,GPC6,0,-0.829912707069715,-1.041220887894248,0.7970572975616346,-0.2268287112306571
ENSG00000134760,ENSGALG00010004296,DSG1,0,0.5875676857541876,0.26213261121374,2.2414902252474476,0.8071409237952151
ENSG00000185352,ENSGALG00010005321,HS6ST3,0,-2.2162565668549004,-1.4553308103107003,1.522854151889871,0.4205863056306532
ENSG00000131196,ENSGALG00010007252,NFATC1,0,-3.139691040520111,-1.9246948725733417,1.6312669011905787,0.4893569529183063
ENSG00000179399,ENSGALG00010005433,GPC5,0,0.1382927150870134,-0.5720827702214729,-0.24173550102457297,
ENSG00000153487,ENSGALG00010014396,ING1,0,-2.613381383762432,-1.622832841356418,1.6103823617336217,0.47647164255968133
ENSG00000053747,ENSGALG00010004966,LAMA3,0,-0.8624879361475042,-0.6344075695715667,1.3595170951853026,0.3071295596235409
ENSG00000141404,ENSGALG00010001395,GNAL,0,-1.1917626714679148,-0.5849276633099925,2.0374530838975207,0.711700539559806
ENSG00000141434,ENSGALG00010004061,MEP1B,0,0.4312815336280273,-0.9392598366812512,-0.459171697527175,
ENSG00000167210,ENSGALG00010012046,LOXHD1,0,-1.154290690577401,-0.8373782148459272,1.3784579896072218,0.32096547557824406
ENSG00000206072,ENSGALG00010011758,SERPINB11,0,0.1763843744883608,-0.5751422067747763,-0.3066795870841597,
ENSG00000187773,ENSGALG00010001146,DIPK1C,0,-2.347415150031358,-1.598933369187118,1.468113177989875,0.3839780239438723
ENSG00000206043,ENSGALG00010001148,C18orf63,0,0.4050736689331184,-0.6984485952232442,-0.5799620354360442,
ENSG00000206418,ENSGALG00010001892,RAB12,0,-1.5852874298080746,-1.2851636746009771,1.2335295971544489,0.2098796511497152
ENSG00000141759,ENSGALG00010008160,TXNL4A,0,-0.1458544650916646,-1.5031896487792529,0.0970299823512713,-2.3327352518343476
ENSG00000091157,ENSGALG00010010252,WDR7,0,0.0284275623444756,-1.0484687187189068,-0.027113410096974953,
ENSG00000154864,ENSGALG00010001666,PIEZO2,0,-0.1445836897601129,-0.407486237521925,0.35481858390943455,-1.0361486513687181
ENSG00000166569,ENSGALG00010010415,CPLX4,0,0.8678463110128618,-0.911616519817612,-0.9519861610082413,
ENSG00000197046,ENSGALG00010012126,SIGLEC15,0,-2.7878507598918727,-1.8668934612355392,1.4933100456877864,0.4009951632316899
ENSG00000141431,ENSGALG00010005309,ASXL3,0,-0.933673045374496,-1.404174431265433,0.6649266818888562,-0.408078497203282
ENSG00000222018,ENSGALG00010013862,C21orf140,0,-0.0898503951693268,-0.4400746629776483,0.20417079811270655,-1.58879838978203
ENSG00000079101,ENSGALG00010003873,CLUL1,0,0.0859719567498267,-0.6851075004860074,-0.12548681292912306,
ENSG00000179981,ENSGALG00010001153,TSHZ1,0,-2.427294106549996,-1.5073669483332497,1.610287467981133,0.4764127145990188
ENSG00000130856,ENSGALG00010007795,ZNF236,0,-1.867206895462292,-1.0590520510341055,1.7630926578529056,0.5670694589563373
ENSG00000180011,ENSGALG00010001154,PTGR3,0,-0.2604571715109482,-0.5990744882036421,0.43476592083222143,-0.8329475057576058
ENSG00000170579,ENSGALG00010001274,DLGAP1,0,-2.368948294888032,-2.0216642057095027,1.171781291966165,0.15852506279045983
ENSG00000205726,ENSGALG00010012195,ITSN1,0,-0.8575143749683036,-0.6621877385238997,1.2949716901732609,0.2584888340424799
ENSG00000171873,ENSGALG00010016428,ADRA1D,0,-2.226455769936388,-2.0252959734950697,1.0993236539616356,0.09469513066549791
ENSG00000173404,ENSGALG00010018279,INSM1,0,-3.2182949958444933,-2.467144404626977,1.30446154258696,0.2657903445828219
ENSG00000132640,ENSGALG00010018198,BTBD3,0,0.1346065697130178,-0.548274203312566,-0.24550958060720546,
ENSG00000101230,ENSGALG00010018147,ISM1,0,-2.2431807198429183,-1.7246071591923438,1.3006908314664711,0.2628955321401888
ENSG00000158445,ENSGALG00010024476,KCNB1,0,-1.5586372460864233,-0.8754301572777794,1.7804244383505492,0.5768517843912103
ENSG00000124089,ENSGALG00010016481,MC3R,0,-1.053944959199253,-0.5790579407072605,1.8201027653846973,0.5988929639917306
ENSG00000054803,ENSGALG00010015112,CBLN4,0,-0.5570519395645999,-1.0230214570147949,0.5445163791481881,-0.6078572559813133
ENSG00000130701,ENSGALG00010022609,RBBP8NL,0,-4.398274651943863,-2.667830872836348,1.648633238608475,0.4999466044118547
ENSG00000184402,ENSGALG00010022825,SS18L1,0,-3.3048799871224457,-1.2437221919680856,2.6572493507515142,0.9772915091005483
ENSG00000130702,ENSGALG00010022979,LAMA5,0,-2.9259588663774085,-2.1594834771669253,1.3549345930703944,0.30375318236983495
ENSG00000124232,ENSGALG00010021729,RBPJL,0,-2.39775151532465,-2.5685923748141555,0.9334885281274471,-0.06882660517341059
ENSG00000197296,ENSGALG00010023342,FITM2,0,-1.3950537194442312,-1.1138881963621945,1.2524180828922369,0.22507614895757158
ENSG00000101074,ENSGALG00010024349,R3HDML,0,-1.550745992106643,-2.2158909073533435,0.6998295750754497,-0.3569184377588756
ENSG00000100365,ENSGALG00010014840,NCF4,0,-1.5690845083381753,-0.5201965790975778,3.0163299248529825,1.104040835692396
ENSG00000101197,ENSGALG00010024168,BIRC7,0,-3.0702365742830957,-1.221300872447326,2.513906805069865,0.9218380391029947
ENSG00000101198,ENSGALG00010024194,NKAIN4,0,-1.49103895530404,-0.6069037893715297,2.4567962524143465,0.8988581647502588
ENSG00000241945,ENSGALG00010014726,PWP2,0,-1.4195113363946188,-0.4542699703592203,3.124818784019821,1.1393762923932738
ENSG00000100346,ENSGALG00010012410,CACNA1I,0,-2.263368229308256,-1.7524765349936493,1.2915255549007727,0.25582412035046637
ENSG00000260903,ENSGALG00010015626,XKR7,0,-2.056809884221538,-2.0457134547291087,1.0054242344971518,0.005409576319582577
ENSG00000126003,ENSGALG00010013299,PLAGL2,0,-2.0834994950661283,-1.7671964045252595,1.1789858160252655,0.16465459096994517
ENSG00000125850,ENSGALG00010018668,OVOL2,0,-2.934468934614779,-2.7233264546792366,1.0775310942148548,0.0746724003193937
ENSG00000159267,ENSGALG00010013104,HLCS,0,-1.2546228644298445,-0.3922445365263273,3.198573205227129,1.1627048370080724
ENSG00000159261,ENSGALG00010013096,CLDN14,0,-2.132559571451365,-0.7855718903623169,2.714658706115106,0.9986662387125403
ENSG00000124104,ENSGALG00010015921,SNX21,0,-3.344932609643836,-3.723012343885772,0.8984478966708641,-0.10708656367662063
ENSG00000160179,ENSGALG00010011104,ABCG1,0,-1.1360881483758511,-0.3296108599290375,3.446755815692607,1.237433445365663
ENSG00000128342,ENSGALG00010000225,LIF,0,-2.066512864713749,-2.688878834365375,0.7685407160421508,-0.2632617362200164
ENSG00000130943,ENSGALG00010023075,PKDREJ,0,-0.0575807876792104,-0.6961446003630625,0.0827138322256326,-2.492368433071146
ENSG00000138944,ENSGALG00010013343,SHISAL1,0,-1.5050607571318508,-0.3142498730234498,4.789375864026335,1.5664001031473354
ENSG00000157617,ENSGALG00010010991,C2CD2,0,-2.230446000890451,-1.761320513726007,1.266348732958334,0.23613774626233192
ENSG00000133454,ENSGALG00010021212,MYO18B,0,-2.376264174195793,-2.672371053542639,0.8891969440567354,-0.11743653363131709
ENSG00000124201,ENSGALG00010024542,ZNFX1,0,-1.224803514279941,-1.1829396755726456,1.035389664893123,0.03477784368301887
ENSG00000124217,ENSGALG00010014186,MOCS3,0,-1.2707897033083988,-1.8958877703122876,0.6702874100501616,-0.40004868835442625
ENSG00000101336,ENSGALG00010015653,HCK,0,-1.752898455786159,-1.6728183975804805,1.0478713399622483,0.04676081115074438
ENSG00000185272,ENSGALG00010007724,RBM11,0,-0.1310438437541563,-0.5774662294247145,0.22692901693092124,-1.483118011146647
ENSG00000142185,ENSGALG00010025575,TRPM2,0,-2.248955581309753,-2.012388780569246,1.1175552174732304,0.11114345789402821
ENSG00000177732,ENSGALG00010016478,SOX12,0,-2.996516131316364,-2.1682442731910294,1.3820011741141867,0.32353257492122917
ENSG00000184226,ENSGALG00010000901,PCDH9,0,-0.1663614551890742,-0.824959763125024,0.201660084073533,-1.6011717511098205
ENSG00000124257,ENSGALG00010015986,NEURL2,0,-2.522485940323051,-2.836632346910861,0.8892537459322423,-0.11737265569998519
ENSG00000125878,ENSGALG00010013861,TCF15,0,-3.315623138537072,-2.9077219558661507,1.1402820451412163,0.13127563982469814
ENSG00000124203,ENSGALG00010016274,ZNF831,0,-3.1246541584725254,-1.5080987931206016,2.071916092451013,0.7284738276559288
ENSG00000243156,ENSGALG00010012509,MICAL3,0,-2.4245875362294456,-1.4719150944600567,1.6472332849598625,0.4990970835208869
ENSG00000149635,ENSGALG00010021447,OCSTAMP,0,-2.06755434796918,-2.047059779067307,1.01001171002012,0.00996192486528402
ENSG00000158296,ENSGALG00010021478,SLC13A3,0,-0.8442119141507121,-0.9748159199016538,0.8660218785059255,-0.14384510687517263
ENSG00000124140,ENSGALG00010013046,SLC12A5,0,-1.2639146742327867,-2.2352702690405826,0.5654415449167501,-0.5701483576163693
ENSG00000075275,ENSGALG00010008275,CELSR1,0,-2.4963153412742543,-1.8861074780062377,1.3235276199175319,0.28030061131315487
ENSG00000160218,ENSGALG00010011973,TRAPPC10,0,-1.230792393710022,-0.8207496667280993,1.499595362148058,0.4051953131488158
ENSG00000188677,ENSGALG00010013301,PARVB,0,-1.578759577429091,-0.8080360219302765,1.9538232635442068,0.6697881009854565
ENSG00000169084,ENSGALG00010002360,DHRSX,1,-0.5960171706968662,-0.884715961958999,0.6736819457593191,-0.3949971700100305
ENSG00000125780,ENSGALG00010024490,TGM3,0,-1.010844498169849,-0.7246811641879067,1.394881705394707,0.3328096126774804
ENSG00000166948,ENSGALG00010024526,TGM6,0,-2.258526279904641,-0.6991046572371166,3.230598246663679,1.1726673357696074
ENSG00000281106,ENSGALG00010002420,TMEM272,0,-0.212642142196362,-0.5652329460265185,0.3762026677517585,-0.9776272708278609
ENSG00000101438,ENSGALG00010023684,SLC32A1,0,-1.5586604658863976,-1.192320194090855,1.3072499095554424,0.2679256248992139
ENSG00000185915,ENSGALG00010001890,KLHL34,1,-2.54472849731024,-1.2704028363250712,2.003087858864866,0.6946899193586776
ENSG00000040608,ENSGALG00010000271,RTN4R,0,-2.565434580171832,-2.2006651726260578,1.1657541601889825,0.1533682253801592
ENSG00000157542,ENSGALG00010013205,KCNJ6,0,-0.8530490602512959,-0.7197607501479085,1.1851841880458154,0.16989819545870027
ENSG00000149970,ENSGALG00010001918,CNKSR2,1,-0.3687253832993367,-1.2417149347348413,0.2969484967804427,-1.2141965667306134
ENSG00000130699,ENSGALG00010022795,TAF4,0,-2.7717687916050213,-0.9125207462546114,3.037485780988088,1.1110301274995253
ENSG00000215251,ENSGALG00010017856,FASTKD5,0,0.1086334860779523,-1.5225698910015195,-0.07134876810580769,
ENSG00000124237,ENSGALG00010014923,CIMIP1,0,-1.2445807671486817,-1.652409531075775,0.7531914720550039,-0.28343580454814976
ENSG00000186191,ENSGALG00010015511,BPIFB4,0,-1.132906010715338,-1.901559560759058,0.5957772946449852,-0.5178883484506309
ENSG00000241837,ENSGALG00010012606,ATP5PO,0,0.3539185401989524,-1.2053772033418404,-0.29361642083302486,
ENSG00000186190,ENSGALG00010016680,BPIFB3,0,-1.5582705647965298,-1.13033310921474,1.3785941083147468,0.3210642177875322
ENSG00000101444,ENSGALG00010024732,AHCY,0,-0.9073017496841728,-0.167846684131712,5.405538717537002,1.687424116344037
ENSG00000102554,ENSGALG00010000820,KLF5,0,-1.3658804773507711,-2.124600100891512,0.6428882671979675,-0.44178433780975573
ENSG00000102445,ENSGALG00010003821,RUBCNL,0,-0.8006962451420971,-1.5845114991214118,0.5053268755613773,-0.6825497807616877
ENSG00000073150,ENSGALG00010001210,PANX2,0,-2.5494593209012546,-1.1602297553465577,2.1973745365112944,0.7872632552095356
ENSG00000100292,ENSGALG00010015155,HMOX1,0,-2.0230531009065817,-1.5035867968494372,1.3454847469701223,0.2967543547921553
ENSG00000054796,ENSGALG00010015026,SPO11,0,0.7530961459098098,0.0761899724384411,9.88445226854867,2.2909630447230467
ENSG00000166862,ENSGALG00010014910,CACNG2,0,-1.405556140114296,-1.3420331904591696,1.0473333670930987,0.04624728339934083
ENSG00000197183,ENSGALG00010013367,NOL4L,0,-2.6385768038691904,-2.490385823361029,1.059505229719049,0.05780203473956458
ENSG00000182957,ENSGALG00010006078,SPATA13,0,-2.355230577748399,-1.4593139588072774,1.6139300001442938,0.47867219848858006
ENSG00000124134,ENSGALG00010021503,KCNS1,0,-2.0509396093080188,-2.759766528737192,0.7431569257586739,-0.2968480509680016
ENSG00000125813,ENSGALG00010018083,PAX1,0,-2.9797030144897736,-2.330951487775794,1.2783204756153126,0.2455470879117222
ENSG00000088881,ENSGALG00010016322,EBF4,0,-2.654991681739133,-2.593530833447495,1.023697751150288,0.023421318155288678
ENSG00000008086,ENSGALG00010002161,CDKL5,1,-1.2299790276233669,-1.6171678001975756,0.7605760066908923,-0.2736792292249657
ENSG00000131044,ENSGALG00010015584,TTLL9,0,-1.2282732726713412,-0.9546161369781818,1.286667200660797,0.25205530982988855
ENSG00000100027,ENSGALG00010024371,YPEL1,0,-1.126409058380336,-0.6212946121372815,1.813003100904799,0.5949846421434516
ENSG00000132671,ENSGALG00010018057,SSTR4,0,-1.4960756037678973,-2.2426546088141923,0.6671003184743414,-0.40481484186558
ENSG00000183798,ENSGALG00010022392,EMILIN3,0,-3.1353456113053277,-2.894675268717595,1.0831424323096368,0.07986647581604879
ENSG00000130590,ENSGALG00010022560,SAMD10,0,-3.591912588006471,-2.7164066052468776,1.3223029943560396,0.27937490908389145
ENSG00000100285,ENSGALG00010000191,NEFH,0,-2.366025284571318,-2.6599525058257973,0.8894990716523234,-0.11709681555040236
ENSG00000169508,ENSGALG00010005742,GPR183,0,1.123719053448376,0.4489274316081896,2.503119600918316,0.9175377943357578
ENSG00000122025,ENSGALG00010004758,FLT3,0,0.3052719946689066,-0.3708913385238075,-0.8230766344771655,
ENSG00000172264,ENSGALG00010020009,MACROD2,0,0.1637500506765583,-1.466523877345865,-0.1116586325024011,
ENSG00000185808,ENSGALG00010013114,PIGP,0,1.1717541398449125,0.697676153494489,1.6795100907145573,0.5185021382180187
ENSG00000102221,ENSGALG00010002705,JADE3,1,-1.2639159814763712,-1.8014999167313164,0.7015909186216617,-0.3544047818197063
ENSG00000133115,ENSGALG00010002756,STOML3,0,0.0663320950295656,-0.4577835514076676,-0.1448983800872636,
ENSG00000132975,ENSGALG00010005843,GPR12,0,-0.672790144685175,-1.3100047249313451,0.51357841073469,-0.6663525626637785
ENSG00000134864,ENSGALG00010005491,GGACT,0,-3.0288334897687736,-0.923805678690123,3.2786478364837497,1.187431092425266
ENSG00000080618,ENSGALG00010003750,CPB2,0,0.777040942901019,-0.0241253869841198,-32.20843435226533,
ENSG00000063515,ENSGALG00010023998,GSC2,0,-2.9200524522948736,-3.1315703244557924,0.9324562918133807,-0.06993300061268914
ENSG00000100218,ENSGALG00010026565,RSPH14,0,-1.9238572046748013,-1.2313770536622204,1.56236239659744,0.44619903257272764
ENSG00000156299,ENSGALG00010011699,TIAM1,0,-1.650210882870903,-1.5795350535777872,1.0447447045464606,0.04377255370079581
ENSG00000165288,ENSGALG00010019059,BRWD3,1,0.2309836832391685,-0.9226095940027558,-0.2503590735893416,
ENSG00000158813,ENSGALG00010017553,EDA,1,-1.7023214442381338,-0.9707048669058038,1.7536962080600398,0.5617256794395546
ENSG00000118922,ENSGALG00010000818,KLF12,0,-1.0570921047860988,-1.1355293330613545,0.9309245248083631,-0.07157707394046152
ENSG00000182621,ENSGALG00010018443,PLCB1,0,-0.0153106336084576,-0.6561968611172844,0.023332378613315368,-3.7579132430101923
ENSG00000102760,ENSGALG00010003192,RGCC,0,-1.712049657475113,-2.32869894690206,0.7351957880827427,-0.3076184368978446
ENSG00000100207,ENSGALG00010010291,TCF20,0,-1.742518010549844,-1.7191937751266848,1.013566961305127,0.013475754096083313
ENSG00000047648,ENSGALG00010001966,ARHGAP6,1,-2.5445879473895854,-1.5920656863811868,1.5982933173903837,0.46893638331032933
ENSG00000100034,ENSGALG00010024346,PPM1F,0,-2.648784025384213,-0.9187347786707962,2.883077996912679,1.0588584723703236
ENSG00000136153,ENSGALG00010000800,LMO7,0,-0.5231148758146471,-1.4128751688800705,0.37024847441356007,-0.993580946265243
ENSG00000196767,ENSGALG00010019346,POU3F4,1,-2.449637538256699,-2.939931975181878,0.8332293260306313,-0.1824463733464589
ENSG00000147223,ENSGALG00010015135,RIPPLY1,1,-1.3775071169568722,-2.17763840709178,0.6325692605672413,-0.45796556150235496
ENSG00000182463,ENSGALG00010015734,TSHZ2,0,-1.7804376964687965,-1.2105158322462204,1.470809095627469,0.3858126545620216
ENSG00000171940,ENSGALG00010015668,ZNF217,0,-0.8430339991722864,-0.8177790777535129,1.030882327642999,0.030415064324122627
ENSG00000196090,ENSGALG00010023545,PTPRT,0,-1.494389942349052,-1.2603193443702585,1.1857232446874417,0.17035292147918735
ENSG00000100154,ENSGALG00010023746,TTC28,0,-1.5721169508375257,-1.6665162001733007,0.9433553365242063,-0.05831225234766435
ENSG00000125779,ENSGALG00010016464,PANK2,0,-0.0905993257337343,-0.9930234357434056,0.09123583842299661,-2.394307493928004
ENSG00000184675,ENSGALG00010013356,AMER1,1,-2.164858023265488,-2.447513888607248,0.8845130699125042,-0.12271798888038564
ENSG00000141956,ENSGALG00010010948,PRDM15,0,-2.402319636914516,-1.1117423524200822,2.1608600515083887,0.7705063144412653
ENSG00000128165,ENSGALG00010006410,ADM2,0,-4.369858368704607,-2.6420596717601272,1.6539589985087009,0.5031718070008305
ENSG00000182712,ENSGALG00010016908,CMC4,1,-0.4391091512420626,-1.2839327186571787,0.3420032411833167,-1.072935064820239
ENSG00000183307,ENSGALG00010014884,TMEM121B,0,-2.9319841944327525,-3.00530299322679,0.9756035251822263,-0.024698999298984562
ENSG00000188263,ENSGALG00010008043,IL17REL,0,-3.17118164170032,-0.1288179694883739,24.617540971149417,3.2034592364483534
ENSG00000132825,ENSGALG00010024564,PPP1R3D,0,-2.877524421844635,-2.2724920773630504,1.2662417838585607,0.23605328799785782
ENSG00000124249,ENSGALG00010024222,KCNK15,0,-2.2655036514795146,-2.0275964454978754,1.1173345941249275,0.11094602234452183
ENSG00000101098,ENSGALG00010024212,RIMS4,0,-2.19861506207892,-1.6309259348807867,1.3480778097011676,0.29867973315448876
ENSG00000101327,ENSGALG00010016476,PDYN,0,-1.540595401421431,-2.775897950844033,0.5549899271163773,-0.5888053147402645
ENSG00000155966,ENSGALG00010013206,AFF2,1,-0.99384591170743,-1.968143778139101,0.504966112103416,-0.6832639567041122
ENSG00000101144,ENSGALG00010015033,BMP7,0,-2.5350981809945807,-2.1510919084999145,1.1785169062173901,0.16425678882987982
ENSG00000100036,ENSGALG00010000298,SLC35E4,0,-2.1197035541215143,-2.874044857416461,0.7375332186105683,-0.3044441495987094
ENSG00000128285,ENSGALG00010029714,MCHR1,0,-1.404936492453075,-0.9809625383682412,1.43220198274858,0.3592131079973547
ENSG00000100201,ENSGALG00010012842,DDX17,0,-0.2265268517727126,-0.8880505577703734,0.255083283030026,-1.3661651870281708
ENSG00000155961,ENSGALG00010015832,RAB39B,1,-0.6988640624147138,-1.5944290475869485,0.4383161881504814,-0.824814738288967
ENSG00000156253,ENSGALG00010009914,RWDD2B,0,0.2943987936862093,-0.8756679253996399,-0.3361991288556683,
ENSG00000100079,ENSGALG00010014149,LGALS2,0,-1.587548536895623,-1.6091270538456357,0.9865899234628848,-0.013500803631286345
ENSG00000133101,ENSGALG00010006366,CCNA1,0,-0.0674978334248344,-0.5667111575394264,0.1191044724051309,-2.127754251645569
ENSG00000142149,ENSGALG00010010271,HUNK,0,-1.6931800692045993,-1.5296532150818198,1.1069045274513627,0.10156740560919154
ENSG00000196588,ENSGALG00010013053,MRTFA,0,-3.2007520477960387,-2.639223718773549,1.2127626866294732,0.19290096913112204
ENSG00000173276,ENSGALG00010010982,ZBTB21,0,-0.9519725350421524,-1.2229612698691752,0.7784159306565681,-0.250494282419755
ENSG00000215474,ENSGALG00010011268,SKOR2,0,-2.8509596087494966,-2.144012383654605,1.3297309430134239,0.2849766232824161
ENSG00000160188,ENSGALG00010011185,RSPH1,0,-0.7467559906862089,-0.1939641603737273,3.8499689285245813,1.3480650777540304
ENSG00000160191,ENSGALG00010011244,PDE9A,0,-1.2980501356021603,-0.9321790781001472,1.3924900977692898,0.3310935816768113
ENSG00000184058,ENSGALG00010024528,TBX1,0,-2.587857594862447,-1.7874348844832968,1.447805241649702,0.3700487832942362
ENSG00000046604,ENSGALG00010004308,DSG2,0,0.4494007839369693,-0.6764642939575128,-0.6643377750329497,
ENSG00000088387,ENSGALG00010005821,DOCK9,0,-0.2950478504609322,0.0307897078917321,-9.582677805792397,
ENSG00000169184,ENSGALG00010023677,MN1,0,-3.330012104389274,-2.6187118643432523,1.271622185598647,0.24029339689716014
ENSG00000118271,ENSGALG00010004315,TTR,0,-0.7250719459357757,0.0561931682346331,-12.90320458366499,
ENSG00000126231,ENSGALG00010014742,PROZ,0,-1.3622140486944776,-0.9356462243473154,1.455907172227116,0.375629192403517
ENSG00000128218,ENSGALG00010024160,VPREB3,0,-1.8612802557897865,-2.4118329767723323,0.7717285043015996,-0.2591224691765031
ENSG00000128408,ENSGALG00010012206,RIBC2,0,-1.5762771576977084,-1.2754592513366936,1.2358506601020414,0.21175952657539063
ENSG00000241360,ENSGALG00010014020,PDXP,0,-2.7297750900171085,-2.2878848274010384,1.1931435784370505,0.17659148661775548
ENSG00000100167,ENSGALG00010009995,SEPTIN3,0,-1.8439761836090227,-1.565812454683977,1.177648177527868,0.1635193797791463
ENSG00000139832,ENSGALG00010014355,RAB20,0,-1.9786440219268664,-0.8895195837908301,2.2243962448747427,0.7994855281778701
ENSG00000139842,ENSGALG00010014687,CUL4A,0,-0.4935369303731693,-0.4511531977351471,1.0939453224554199,0.08979072327675187
ENSG00000185666,ENSGALG00010015391,SYN3,0,-2.070926592394743,-1.4483796072166844,1.4298230809631407,0.3575507170117188
ENSG00000130054,ENSGALG00010017551,NALF2,1,-2.515139252437967,-2.8702558840413177,0.8762770129388788,-0.13207301321820292
ENSG00000130638,ENSGALG00010012329,ATXN10,0,0.0569518524895276,-0.885086976483714,-0.06434605186010839,
ENSG00000073146,ENSGALG00010001208,MOV10L1,0,-0.683200493919923,-0.2849713162011947,2.3974360052348973,0.8743998351292825
ENSG00000206075,ENSGALG00010011780,SERPINB5,0,0.5258404583502809,-0.6634134852222895,-0.792628534184963,
ENSG00000204165,ENSGALG00010018412,CXorf65,1,0.4689768427985115,-2.014016099121373,-0.23285655114827805,
ENSG00000133477,ENSGALG00010013164,FAM83F,0,-2.5194246953523773,-1.8211327025992508,1.3834382808877543,0.3245719083988315
ENSG00000101746,ENSGALG00010005319,NOL4,0,-0.7760456075843418,-1.8897007069159344,0.41067117387645935,-0.8899624482684892
ENSG00000050030,ENSGALG00010013427,NEXMIF,1,-0.3847534408469482,-2.0263366845873403,0.1898763634757481,-1.6613821371795503
ENSG00000189037,ENSGALG00010000294,DUSP21,1,-0.2444000647826367,-1.455720682017953,0.1678893951302827,-1.7844498787142633
ENSG00000152217,ENSGALG00010012148,SETBP1,0,-2.0405032062408424,-1.426566548158248,1.430359634378929,0.35792590522553774
ENSG00000141665,ENSGALG00010002346,FBXO15,0,0.2266128167469876,-0.1055951205826694,-2.146053865903535,
ENSG00000123191,ENSGALG00010002435,ATP7B,0,-0.9894899128410728,-0.250669053061458,3.947395582966015,1.373056015364253
ENSG00000134504,ENSGALG00010005542,KCTD1,0,-2.520879726790808,-2.2405981394674126,1.12509230565996,0.11786508176602933
ENSG00000206052,ENSGALG00010001168,DOK6,0,-0.7684847119639855,-1.1801199364436388,0.651192042632429,-0.42895068391326147
ENSG00000185133,ENSGALG00010022097,INPP5J,0,-2.8536394591665037,-2.388040546021144,1.194971108811834,0.17812200836471348
ENSG00000198795,ENSGALG00010005228,ZNF521,0,-1.2111461815725717,-1.644620622753961,0.7364289154689518,-0.3059425644123648
ENSG00000085224,ENSGALG00010013614,ATRX,1,0.6399592194377206,-0.7024925724197878,-0.9109836097388668,
ENSG00000166562,ENSGALG00010010382,SEC11C,0,1.0175015769097246,0.4235832292755909,2.402129042384064,0.8763554451057199
ENSG00000185053,ENSGALG00010014042,SGCZ,0,-0.2468954352744177,-0.9022660428606964,0.2736392854724076,-1.2959445162884526
ENSG00000159167,ENSGALG00010019097,STC1,0,-1.5882020034647493,-1.7130190404216323,0.9271362232341788,-0.07565477358228603
ENSG00000156687,ENSGALG00010019540,UNC5D,0,-1.1183588421412516,-1.4509403688566307,0.7707820846025121,-0.26034958531386576
ENSG00000188277,ENSGALG00010023067,C15orf62,0,-3.713184572902106,-1.9017747691943476,1.952483876140143,0.6691023446387805
ENSG00000182256,ENSGALG00010002907,GABRG3,0,0.2256912840842293,0.1229196175367162,1.8360884015671064,0.6076374400408647
ENSG00000171877,ENSGALG00010016374,FRMD5,0,-1.3454048379846508,-2.36243829642804,0.5694984034160284,-0.5629992995825378
ENSG00000102786,ENSGALG00010002925,INTS6,0,0.0738904196204153,-0.866992374134063,-0.08522614710909744,
ENSG00000147454,ENSGALG00010020244,SLC25A37,0,-1.656227484573881,-1.22138225461205,1.3560271391858003,0.3045592034667437
ENSG00000102230,ENSGALG00010002097,PCYT1B,1,-0.7537269074094723,-1.0794802908038152,0.6982312820628003,-0.35920488144376733
ENSG00000221890,ENSGALG00010012685,NPTXR,0,-2.675996839365004,-2.940885780673688,0.9099288578123548,-0.09438886075549985
ENSG00000147459,ENSGALG00010018915,DOCK5,0,-0.5323421181948742,-0.9375503935986292,0.5678010716326071,-0.5659841476033652
ENSG00000004848,ENSGALG00010002079,ARX,1,-3.148877661010322,-2.936205737180279,1.072430865840579,0.06992790898764636
ENSG00000168502,ENSGALG00010001880,MTCL1,0,-3.290135950741403,-2.3942127860356552,1.374203650540694,0.31787440009558754
ENSG00000103657,ENSGALG00010024437,HERC1,0,-0.2023660068720794,-0.8475809726629276,0.23875713754673658,-1.432308404584445
ENSG00000101577,ENSGALG00010001279,LPIN2,0,-0.7215243582648743,-0.5538675386559351,1.3027020143043413,0.26444057997361436
ENSG00000104660,ENSGALG00010003717,LEPROTL1,0,1.4480223058856936,0.3540429383365898,4.089962400292402,1.4085357769299114
ENSG00000120498,ENSGALG00010018523,TEX11,1,0.9890819897957196,-0.3927321719363983,-2.51846438991481,
ENSG00000188342,ENSGALG00010003517,GTF2F2,0,0.0861723262725124,-0.9650529462952152,-0.08929284823524261,
ENSG00000120907,ENSGALG00010018356,ADRA1A,0,-1.494006760382808,-0.9080169848375867,1.6453511171380069,0.49795380650987464
ENSG00000188779,ENSGALG00010017146,SKOR1,0,-2.45878753090574,-2.4224533566951405,1.0149989159172785,0.014887544431385727
ENSG00000167034,ENSGALG00010020201,NKX3-1,0,-3.0482421378495577,-2.841345957116541,1.0728162581592067,0.07028720775417274
ENSG00000136159,ENSGALG00010003861,NUDT15,0,-0.1735415593779734,-1.7328438164055724,0.1001484136856313,-2.301102056380364
ENSG00000152520,ENSGALG00010005296,PAN3,0,0.1097909627268443,-0.5637532771176119,-0.19475002130043384,
ENSG00000171956,ENSGALG00010024704,FOXB1,0,-2.701750707164967,-2.2371046357703466,1.2076997490260977,0.1887175164877092
ENSG00000134779,ENSGALG00010011458,TPGS2,0,-0.9320953993846804,-0.9784142990045822,0.9526592163799878,-0.04849802964589024
ENSG00000197892,ENSGALG00010011061,KIF13B,0,-1.1307458469867182,-1.2318091846388446,0.9179553628009705,-0.08560651394366536
ENSG00000085185,ENSGALG00010016615,BCORL1,1,-2.283989875481048,-2.6911852018005797,0.8486929379490155,-0.16405783306266994
ENSG00000133124,ENSGALG00010015557,IRS4,1,-1.3583105422344754,-1.4705465894257488,0.9236773265136049,-0.07939248205963156
ENSG00000186866,ENSGALG00010010689,POFUT2,0,-1.3735330206054623,-0.606413504923454,2.2650106065478206,0.8175794417266029
ENSG00000138622,ENSGALG00010021625,HCN4,0,-2.839448841286268,-2.29724068798342,1.2360258357511564,0.21190126152833202
ENSG00000102359,ENSGALG00010016757,SRPX2,1,-0.912163300078488,-2.3035121541428807,0.3959880560812135,-0.926371229593598
ENSG00000104679,ENSGALG00010020055,R3HCC1,0,-2.428266321915624,-2.877261955459705,0.843950380433003,-0.16966157707059357
ENSG00000005812,ENSGALG00010000784,FBXL3,0,0.3478602396621522,-1.290846883853967,-0.269482185697793,
ENSG00000183287,ENSGALG00010011099,CCBE1,0,-1.6758887440582413,-1.217644351916199,1.376336810843746,0.3194254848810501
ENSG00000152193,ENSGALG00010000724,OBI1,0,-0.2894903351001954,-1.5712848779819168,0.18423796929300493,-1.691527045604892
ENSG00000166342,ENSGALG00010001254,NETO1,0,-0.2056668157495043,-0.5914773374441846,0.34771715284681093,-1.0563659088675736
ENSG00000166173,ENSGALG00010024902,LARP6,0,-2.4990059180182573,-1.1412821319978868,2.189647807456329,0.783740712382634
ENSG00000101654,ENSGALG00010001418,RNMT,0,1.29209910838396,-0.0113373096243155,-113.96875900899386,
ENSG00000164749,ENSGALG00010003619,HNF4G,0,-0.0280253792765741,-0.8815984350182016,0.03178927974843273,-3.448626160861143
ENSG00000102780,ENSGALG00010003254,DGKH,0,-0.2009204746265407,-0.9973308412964456,0.2014581985305509,-1.602173370577716
ENSG00000176076,ENSGALG00010015920,KCNE5,1,-2.9174153228165967,-2.5954585474330134,1.1240462020485775,0.11693485565213577
ENSG00000185015,ENSGALG00010013262,CA13,0,-0.5499903195588445,-1.5324516740686858,0.3588957021389201,-1.024723455993841
ENSG00000265817,ENSGALG00010012229,FSBP,0,0.1456742820266789,-1.0261492924764917,-0.14196207422714388,
ENSG00000103995,ENSGALG00010020940,CEP152,0,-0.0552364180662134,-1.1785559580657785,0.0468678790244854,-3.060422720375996
ENSG00000164794,ENSGALG00010008063,KCNV1,0,-0.939059927725152,-0.9977394015999712,0.9411875748509871,-0.060612823606860156
ENSG00000156486,ENSGALG00010011874,KCNS2,0,-1.6027572003819677,-1.3666142084379271,1.1727941876251657,0.15938909615669838
ENSG00000100625,ENSGALG00010017918,SIX4,0,-1.332970715897444,-1.936676994270878,0.6882772500735375,-0.3735635424652804
ENSG00000156509,ENSGALG00010010872,FBXO43,0,-0.4810580610203576,-1.3600313489952067,0.35371100921737136,-1.0392750573931526
ENSG00000100731,ENSGALG00010021293,PCNX1,0,-0.4395347695432789,-1.2578827220310758,0.34942428403307085,-1.051468381599255
ENSG00000147234,ENSGALG00010016377,FRMPD3,1,-2.3176223502490103,-2.4111346362512407,0.9612164809893733,-0.03955562900238541
ENSG00000176890,ENSGALG00010003884,TYMS,0,-0.6340182404426571,-0.8195914347001103,0.7735784118762116,-0.25672824128696886
ENSG00000126950,ENSGALG00010014716,TMEM35A,1,-0.3547843517339224,-0.9722293144382542,0.36491838547258143,-1.0080815518471582
ENSG00000130052,ENSGALG00010015834,STARD8,1,-2.251366190801127,-2.517033548281619,0.8944521984373774,-0.11154381688290148
ENSG00000155087,ENSGALG00010012039,ODF1,0,-0.8337689834634467,-2.1104803502600618,0.3950612396655133,-0.9287144889701469
ENSG00000183778,ENSGALG00010013492,B3GALT5,0,-0.3712094581215748,-0.7102466543977275,0.5226486542711725,-0.6488458298251181
ENSG00000179600,ENSGALG00010017716,GPHB5,0,-1.1578160011720655,-1.681361244953917,0.6886182280261842,-0.3730682572892586
ENSG00000182674,ENSGALG00010002704,KCNB2,0,-1.3810721422712913,-1.0191970447638008,1.355059013727179,0.3038450059494625
ENSG00000140015,ENSGALG00010017743,KCNH5,0,-0.1226641770026226,-1.0278456447234583,0.11934104856340115,-2.125769930573515
ENSG00000168234,ENSGALG00010005148,TTC39C,0,0.5139847384906915,-0.3947507355720278,-1.3020488429131953,
ENSG00000126016,ENSGALG00010013897,AMOT,1,-1.4311844520504682,-2.325748789406224,0.6153650207492346,-0.485539657571139
ENSG00000155313,ENSGALG00010008058,USP25,0,0.2031375470595424,-0.7084846477575129,-0.2867211698976272,
ENSG00000165480,ENSGALG00010005463,SKA3,0,0.5146747190896175,-0.5042735496034043,-1.0206260461100793,
ENSG00000151812,ENSGALG00010017153,SLC35F4,0,0.3338203261457231,-0.604233137159605,-0.5524694122453371,
ENSG00000101574,ENSGALG00010001507,METTL4,0,0.6010815381150767,-0.6316729145461567,-0.9515708593377646,
ENSG00000176435,ENSGALG00010006219,CLEC14A,0,-2.1427666482394176,-2.5180777482123893,0.8509533312704863,-0.1613979917826924
ENSG00000042832,ENSGALG00010008164,TG,0,-1.3519042016205614,-1.160895280439659,1.164535875370742,0.1523226173994828
ENSG00000125816,ENSGALG00010018125,NKX2-4,0,-2.3322248016159026,-2.076732012342826,1.1230263643814336,0.11602715222288093
ENSG00000120158,ENSGALG00010011222,RCL1,0,-0.0952879846167729,-0.7612775638193531,0.12516851821917638,-2.0780943038589856
ENSG00000173548,ENSGALG00010021461,SNX33,0,-1.969208545638427,-2.365373050858356,0.8325150000858564,-0.18330403916871368
ENSG00000183354,ENSGALG00010012952,BRD10,0,-0.0850772229595016,-0.915288781030646,0.09295123541632595,-2.3756802737106932
ENSG00000153714,ENSGALG00010016139,LURAP1L,0,-3.0731506128168906,-1.3426989964406428,2.2887859609365147,0.8280215289253198
ENSG00000165694,ENSGALG00010017215,FRMD7,1,-0.4275366727277543,-2.386631696025276,0.1791381022215446,-1.7195982498198028
ENSG00000120685,ENSGALG00010002742,PROSER1,0,-0.6942452558378367,-1.1505483676155657,0.6034037989003569,-0.5051686564527376
ENSG00000101825,ENSGALG00010002235,MXRA5,1,-1.0892964656830042,-0.7721356019470272,1.4107579846547937,0.34412713771626907
ENSG00000164796,ENSGALG00010008473,CSMD3,0,0.4745175537553212,-0.2836908792696785,-1.6726570659476208,
ENSG00000101773,ENSGALG00010004142,RBBP8,0,0.0226283220044152,-0.9507739223144348,-0.02379989761323269,
ENSG00000132964,ENSGALG00010005875,CDK8,0,-0.0079885540208106,-0.7979205117586844,0.010011716584654717,-4.603999213378725
ENSG00000180509,ENSGALG00010012863,KCNE1,0,-1.568601610736991,-1.2355362056660808,1.2695715459761485,0.23867947817688864
ENSG00000188158,ENSGALG00010002379,NHS,1,-1.9164881739702369,-2.408285386417573,0.7957894794275585,-0.22842060119788346
ENSG00000157538,ENSGALG00010013168,VPS26C,0,-1.0467777691294238,-0.7098739030542638,1.474596776449474,0.38838458052021274
ENSG00000269556,ENSGALG00010013139,TMEM185A,1,0.285259421686165,0.0041517457080363,68.70830772077501,4.229870119439358
ENSG00000205476,ENSGALG00010016387,CCDC85C,0,-3.537962689671806,-2.370243727824651,1.4926577584149363,0.4005582614792131
ENSG00000141401,ENSGALG00010001373,IMPA2,0,-1.1560953977324324,-0.6350052437717053,1.820607639183634,0.5991703130506065
ENSG00000102606,ENSGALG00010013080,ARHGEF7,0,-1.2255483195258223,-1.1410888309929894,1.0740165763075038,0.07140543014587618
ENSG00000185515,ENSGALG00010016913,BRCC3,1,-0.4013036273882662,-2.0657190783047823,0.19426824857404773,-1.6385153503936767
ENSG00000183862,ENSGALG00010015104,CNGA2,1,-0.476896474816467,-1.4096116583847484,0.3383176295256632,-1.0837700924466618
ENSG00000140104,ENSGALG00010016783,CLBA1,0,-2.1097970493206013,-1.81583118491967,1.1618905253100034,0.15004844169370263
ENSG00000197506,ENSGALG00010015823,SLC28A3,0,0.2491333148061283,0.0240623915494192,10.353638967866504,2.3373380490159246
ENSG00000230707,ENSGALG00010018381,HAPSTR2,1,-2.586233970548568,-1.7140793485658574,1.508818114349507,0.4113266386239709
ENSG00000153339,ENSGALG00010004356,TRAPPC8,0,0.4958955295968206,-0.6261445026642898,-0.7919825655048468,
ENSG00000156049,ENSGALG00010015208,GNA14,0,-0.3216218174504845,-0.4025643077408989,0.7989327699103639,-0.22447847954659889
ENSG00000175894,ENSGALG00010025563,TSPEAR,0,-1.7790464519975178,-1.9115284245295348,0.9306931715835597,-0.07182562467828789
ENSG00000198785,ENSGALG00010005537,GRIN3A,0,-1.038340053826488,-1.217588068747059,0.852784353328114,-0.1592485731496209
ENSG00000154639,ENSGALG00010007849,CXADR,0,0.5944096571521182,-0.2958462766663006,-2.0091841744643006,
ENSG00000104419,ENSGALG00010009749,NDRG1,0,-1.6887784928925011,-1.161446943930378,1.4540298217821421,0.3743388890675322
ENSG00000102738,ENSGALG00010002627,MRPS31,0,-0.0132667753037729,-0.9031932450147034,0.014688745046534227,-4.220673721544724
ENSG00000171433,ENSGALG00010012140,GLOD5,1,-1.42482629189346,-0.963728581203076,1.4784518376686204,0.3909954846486811
ENSG00000133121,ENSGALG00010006592,STARD13,0,-1.6327909586830902,-1.4385085800651964,1.1350581993811177,0.12668392660651515
ENSG00000169933,ENSGALG00010001925,FRMPD4,1,-1.3043831122659455,-0.8852078725082033,1.4735331132675367,0.3876629954694317
ENSG00000179636,ENSGALG00010009349,TPPP2,0,-0.3853529126403234,-0.1795657025721556,2.1460273711538846,0.7636183986257171
ENSG00000075336,ENSGALG00010001157,TIMM21,0,-0.3291433624539319,-1.2403643630211496,0.2653602217756716,-1.3266670485897265
ENSG00000183654,ENSGALG00010000605,MARCHF11,0,-2.072452923416975,-1.545836682617181,1.3406674500104407,0.2931675869763923
ENSG00000185736,ENSGALG00010004275,ADARB2,0,-2.9871548444580025,-1.4139676015735336,2.112604872370306,0.7479217227425715
ENSG00000145555,ENSGALG00010000595,MYO10,0,-1.352323813942947,-0.9249362104164924,1.4620725177728795,0.37985496185729567
ENSG00000176244,ENSGALG00010002661,ACBD7,0,1.2621998868888331,0.7048145514970207,1.7908255217034472,0.5826766988485929
ENSG00000186912,ENSGALG00010017640,P2RY4,1,-0.90758606861149,-1.9903468869366163,0.4559939147132158,-0.7852758144839536
ENSG00000107611,ENSGALG00010004534,CUBN,0,-0.2545909861893882,-0.9080176218387784,0.2803811072232601,-1.2716055040401284
ENSG00000151849,ENSGALG00010005324,CPAP,0,-0.4152116956346017,-0.7511470412866624,0.5527701938669333,-0.5928129264574871
ENSG00000147127,ENSGALG00010017710,RAB41,1,-0.0955948440452942,-1.4600535701324238,0.06547351823304945,-2.726109519878438
ENSG00000072315,ENSGALG00010013917,TRPC5,1,-0.4009005596253576,-1.1164098134877836,0.3590980254579646,-1.024159876350668
ENSG00000101544,ENSGALG00010008011,ADNP2,0,-0.8808972893432685,-0.6068846479322673,1.4515069582738613,0.372602298321461
ENSG00000165309,ENSGALG00010004231,ARMC3,0,0.7212374660255882,-0.0995777672288174,-7.242956797457346,
ENSG00000101935,ENSGALG00010015507,AMMECR1,1,-1.1705136123954354,-0.5758345818059244,2.032725455154998,0.70937748133361
ENSG00000183918,ENSGALG00010013213,SH2D1A,1,-0.4207051663251118,-1.529229121412487,0.27510930862768523,-1.2905867743733108
ENSG00000198010,ENSGALG00010001621,DLGAP2,0,-3.0503703374500635,-1.8963473656039815,1.6085504126394738,0.4753334086043043
ENSG00000130589,ENSGALG00010016426,HELZ2,0,-2.982747411478977,-1.8551029001982764,1.6078608961045644,0.47490465961713496
ENSG00000092439,ENSGALG00010017300,TRPM7,0,1.242642820267763,-0.1569062888807131,-7.919649550901517,
ENSG00000214814,ENSGALG00010008945,FER1L6,0,-0.6167982552970361,-0.5622300975116763,1.0970566286416685,0.09263080132964271
ENSG00000183580,ENSGALG00010000714,FBXL7,0,-2.4774972272346325,-2.2428083486953634,1.1046406299832918,0.09952006033908134
ENSG00000261150,ENSGALG00010008468,EPPK1,0,-3.3551571433729226,-2.4314946962051027,1.3798743417410715,0.321992438313831
ENSG00000168267,ENSGALG00010004229,PTF1A,0,-2.876359984204265,-2.707813101117821,1.0622446516034898,0.06038426503045888
ENSG00000087460,ENSGALG00010016384,GNAS,0,-1.0421558516332787,-0.4438130676351941,2.348186494792242,0.8536433258952646
ENSG00000180447,ENSGALG00010010435,GAS1,0,-2.708245615639269,-2.2262054644786717,1.2165299469667237,0.19600250025592666
ENSG00000113100,ENSGALG00010000597,CDH9,0,0.6924073194872964,-0.398612728430106,-1.7370426735098734,
ENSG00000151023,ENSGALG00010005065,ENKUR,0,0.9341854194815352,0.0064671274941282,144.45136891606433,4.972942903614064
ENSG00000139835,ENSGALG00010014617,GRTP1,0,-1.508915555836424,-0.2971686086963854,5.077641149432678,1.624846813088022
ENSG00000151388,ENSGALG00010013174,ADAMTS12,0,-1.2681508686126808,-1.040643406254934,1.2186219227357624,0.19772064877035697
ENSG00000235173,ENSGALG00010009501,HGH1,0,-2.375303560148044,-3.016012678626496,0.7875641826644333,-0.2388104098073341
ENSG00000175073,ENSGALG00010002920,VCPIP1,0,0.0713897172553075,-1.2550212592499697,-0.05688327327456722,
ENSG00000165757,ENSGALG00010004965,JCAD,0,-2.7072641621581486,-1.9043662972353423,1.4216089447121651,0.3517892898420026
ENSG00000186184,ENSGALG00010012318,POLR1D,0,-0.0566712637967103,-1.5204668488453017,0.03727227847141063,-3.2895054331655817
ENSG00000156206,ENSGALG00010019273,CFAP161,0,-0.3760528952828306,-0.3794305127712212,0.9910981922257076,-0.008941665579101046
ENSG00000152932,ENSGALG00010015167,RAB3C,0,0.334954524445104,-0.4250904569158363,-0.7879605834374721,
ENSG00000132963,ENSGALG00010005060,POMP,0,0.6831345853516932,-1.3923276048935795,-0.4906421326063614,
ENSG00000101977,ENSGALG00010017477,MCF2,1,0.94859369969703,-1.5492579606868755,-0.6122890595162498,
ENSG00000171451,ENSGALG00010001463,DSEL,0,1.04843824766583,-0.1098420038918198,-9.544966502053317,
ENSG00000182771,ENSGALG00010010313,GRID1,0,-1.8197666306068268,-1.0223826821452504,1.7799270883466427,0.5765724018620347
ENSG00000065150,ENSGALG00010006010,IPO5,0,0.9033909561441592,-0.4732356071391697,-1.9089665750330764,
ENSG00000169427,ENSGALG00010008973,KCNK9,0,-1.6111607826574872,-1.7466631154437362,0.9224221708306786,-0.08075227428982736
ENSG00000186350,ENSGALG00010028422,RXRA,0,-2.560412072082377,-2.1706450190733584,1.1795627795351857,0.16514384399828227
ENSG00000187553,ENSGALG00010017781,CYP26C1,0,-2.567238042062842,-2.9229049884021325,0.8783173083796598,-0.12974735157026118
ENSG00000168806,ENSGALG00010001710,LCMT2,0,-1.4012524497761376,-1.3843731108893125,1.0121927670756201,0.012119034026034273
ENSG00000166821,ENSGALG00010019867,PEX11A,0,-0.2254899412484103,-1.581256357924008,0.14260176101011882,-1.9476994217786225
ENSG00000183665,ENSGALG00010016742,TYW2,0,-0.5142821827890103,-2.2269355906264248,0.2309371608921772,-1.4656096362372206
ENSG00000130559,ENSGALG00010027450,CAMSAP1,0,-2.0797952077413946,-1.1435437373847264,1.8187281690666826,0.5981374486033207
ENSG00000185942,ENSGALG00010004006,NKAIN3,0,0.6344056074819147,-0.8061755789131,-0.7869323061574643,
ENSG00000088756,ENSGALG00010002017,ARHGAP28,0,-0.0264801325823,-1.0589017052885266,0.02500716775697775,-3.688592784928364
ENSG00000182752,ENSGALG00010028901,PAPPA,0,-1.7013164699029275,-2.0492201463117583,0.8302263048530939,-0.18605695890599727
ENSG00000153391,ENSGALG00010008399,INO80C,0,-1.0851684856446937,-0.9732189424402028,1.115030172885655,0.10888146542993857
ENSG00000123200,ENSGALG00010003734,ZC3H13,0,-1.2617735926801057,-2.2474077478026007,0.5614350995780818,-0.5772590954945257
ENSG00000152223,ENSGALG00010012119,EPG5,0,-0.3871022544237288,-1.2585702063599329,0.3075730320546164,-1.1790427173182074
ENSG00000140379,ENSGALG00010019825,BCL2A1,0,1.4027258200058643,0.0792365901471446,17.703005863843494,2.873734447977538
ENSG00000103710,ENSGALG00010017679,RASL12,0,-2.680482687862387,-1.893809060368334,1.415392261002833,0.3474067089342935
ENSG00000120051,ENSGALG00010021455,CFAP58,0,-0.5988104116661219,-1.0732789952218524,0.5579261443967276,-0.5835286830728388
ENSG00000090470,ENSGALG00010017616,PDCD7,0,-2.407224688499232,-2.0147829112112814,1.1947811722564272,0.17796304916437175
ENSG00000156313,ENSGALG00010003719,RPGR,1,-1.1999152415704568,-1.0470864623488274,1.1459562172915534,0.13623941275605317
ENSG00000188620,ENSGALG00010001815,HMX3,0,-2.653785230156455,-2.113483174423301,1.2556453073635583,0.22764962956812176
ENSG00000165118,ENSGALG00010014592,QNG1,0,-0.2692675702143745,-0.5793144674068147,0.4648038075411734,-0.7661398816940522
ENSG00000234438,ENSGALG00010017654,KBTBD13,0,-2.4758234095319427,-2.3678874255815403,1.0455832413248674,0.04457485539230084
ENSG00000140479,ENSGALG00010019081,PCSK6,0,-1.6174961958818257,-2.0924286466275857,0.7730233470511794,-0.2574460276798264
ENSG00000215183,ENSGALG00010009657,MSMP,0,-1.6181386318124371,-2.519418888647998,0.6422666112028648,-0.44275177925052983
ENSG00000120008,ENSGALG00010001398,WDR11,0,0.0910112391282726,-0.7492444800852571,-0.12147068353165091,
ENSG00000125247,ENSGALG00010005236,TMTC4,0,-0.1629071564872397,-0.0247979102888542,6.569390508701889,1.8824210593502846
ENSG00000171843,ENSGALG00010013967,MLLT3,0,-2.010984344374256,-1.399365602888397,1.437068583237598,0.3626053326369192
ENSG00000134061,ENSGALG00010010411,CD180,0,-0.3163460914207157,-1.547074049376858,0.20448025196217073,-1.5872838755843623
ENSG00000186479,ENSGALG00010010062,RGS7BP,0,-1.597428425979464,-2.2003021938095384,0.726004105469587,-0.3201996092565434
ENSG00000152669,ENSGALG00010013928,CCNO,0,-2.508387179374504,-3.274801509243704,0.7659661730013679,-0.26661727078927927
ENSG00000126970,ENSGALG00010015040,ZC4H2,1,-1.606077407812359,-1.5325197811531526,1.0479978317825416,0.046881516986921654
ENSG00000170289,ENSGALG00010010863,CNGB3,0,0.5736682740696271,0.3851108947014939,1.4896183981351325,0.3985199785218117
ENSG00000154478,ENSGALG00010001842,GPR26,0,-1.9269962863555303,-1.1110806728742126,1.7343441690607906,0.5506293413972783
ENSG00000140090,ENSGALG00010015386,SLC24A4,0,-0.442242503114258,-0.1658260293496923,2.666906425056234,0.9809191583662066
ENSG00000164379,ENSGALG00010012139,FOXQ1,0,-2.6483629082586155,-2.1076029664026383,1.2565758117046937,0.22839041179992814
ENSG00000164199,ENSGALG00010013001,ADGRV1,0,0.6966161256401975,-0.0385759268168621,-18.05831209052627,
ENSG00000145990,ENSGALG00010009884,GFOD1,0,-1.9309796587721488,-1.955870871685378,0.9872735908727039,-0.012808083560022363
ENSG00000185737,ENSGALG00010010940,NRG3,0,-1.812195537873908,-1.5462505033470828,1.1719934990812606,0.15870614428044433
ENSG00000164830,ENSGALG00010013177,OXR1,0,0.3715591770579109,-1.0075100396002024,-0.36878955291140536,
ENSG00000124766,ENSGALG00010008146,SOX4,0,-3.253586362669884,-2.028025313178316,1.6043125011940171,0.47269531664897574
ENSG00000170370,ENSGALG00010001948,EMX2,0,-2.599030175929057,-2.001468408720277,1.2985616783183982,0.26125725066020766
ENSG00000137177,ENSGALG00010007777,KIF13A,0,-0.9284634960341888,-1.0773632128452284,0.8617924623416391,-0.1487408002512289
ENSG00000181778,ENSGALG00010011444,TMEM252,0,-1.4736210954980749,-1.4114508908547705,1.0440470193090843,0.04310452609866194
ENSG00000172766,ENSGALG00010003183,NAA16,0,1.2872568097114545,-0.2774825179447598,-4.639055531302757,
ENSG00000168152,ENSGALG00010003910,THAP9,0,0.551135317042565,-2.206868044258038,-0.24973641649148076,
ENSG00000203805,ENSGALG00010001287,PLPP4,0,-0.4669993587708436,-0.2261717882900435,2.0647993381560124,0.7250330488856079
ENSG00000058335,ENSGALG00010016415,RASGRF1,0,-1.6774458279637745,-2.5280947585593787,0.6635217379745916,-0.4101936631623945
ENSG00000074211,ENSGALG00010011465,PPP2R2C,0,-2.1473300820843555,-0.5794071359625684,3.706081525069584,1.3099751257511598
ENSG00000180592,ENSGALG00010006289,SKIDA1,0,-1.887792411172148,-2.4968582489485462,0.7560671143294249,-0.2796251311748993
ENSG00000214285,ENSGALG00010002611,NPS,0,0.8278574993578047,-0.822323314658351,-1.0067299377274168,
ENSG00000185532,ENSGALG00010022828,PRKG1,0,0.2258758053932279,-0.7356864516872869,-0.30702727347388936,
ENSG00000145794,ENSGALG00010011921,MEGF10,0,-1.2443838927877628,-1.2043130321669169,1.033272794988149,0.032731235611454086
ENSG00000198824,ENSGALG00010013398,CHAMP1,0,-0.8970339352412875,-1.5737189187781866,0.5700089924176117,-0.5621031421067351
ENSG00000154734,ENSGALG00010010659,ADAMTS1,0,-1.210103990730344,-2.021811658889078,0.5985245882869515,-0.5132876716417821
ENSG00000153064,ENSGALG00010005443,BANK1,0,0.0086208797754796,-0.7803366194473846,-0.011047642210594573,
ENSG00000187713,ENSGALG00010028924,TMEM203,0,-0.5745860357544164,-2.590753767838117,0.22178334463405452,-1.5060542987066172
ENSG00000180190,ENSGALG00010003703,TDRP,0,-2.0787589552627352,-1.4546970341585983,1.4289978644694883,0.3569734045235824
ENSG00000147650,ENSGALG00010013041,LRP12,0,0.2631029280063846,-1.3004899374131504,-0.202310621895108,
ENSG00000005810,ENSGALG00010000777,MYCBP2,0,0.1803004706956628,-0.5175135804199889,-0.3483975638848737,
ENSG00000205922,ENSGALG00010028441,ONECUT3,0,-2.9300170613719363,-2.09027335593084,1.4017387022890802,0.33771339627029956
ENSG00000125910,ENSGALG00010027127,S1PR4,0,-2.603963147336076,-2.7677232929294764,0.9408321828949636,-0.06099049441375269
ENSG00000198435,ENSGALG00010028477,NRARP,0,-2.25627853081928,-2.1917522778730385,1.0294404863166655,0.02901543747735903
ENSG00000185437,ENSGALG00010013457,SH3BGR,0,-0.315137216254195,-1.344395330228166,0.23440814555694048,-1.4506914712135288
ENSG00000188710,ENSGALG00010028920,QRFP,0,-2.18134482257933,-2.765019898601336,0.788907459104633,-0.2371062538559061
ENSG00000130711,ENSGALG00010027588,PRDM12,0,-2.501324349518102,-2.820540706904881,0.886824410438284,-0.12010827518864549
ENSG00000179886,ENSGALG00010009582,TIGD5,0,-3.1557205427792585,-1.4682928350278577,2.1492446652982444,0.7651164619468488
ENSG00000188483,ENSGALG00010028005,IER5L,0,-3.3386313187631758,-2.259930401736084,1.4773159899961656,0.39022692108442897
ENSG00000164953,ENSGALG00010012130,TMEM67,0,1.4193474926553191,-0.3689344795587786,-3.8471532786872222,
ENSG00000120699,ENSGALG00010006263,EXOSC8,0,1.1497765521113532,-0.386656970571024,-2.9736346157508464,
ENSG00000164318,ENSGALG00010012913,EGFLAM,0,-0.89768733678196,-0.8291623101673816,1.0826436823940362,0.07940590409012344
ENSG00000236699,ENSGALG00010006243,ARHGEF38,0,-0.2714892910728768,-1.2625748389797478,0.2150282760998626,-1.5369857427584959
ENSG00000242259,ENSGALG00010024427,C22orf39,0,-4.230869897804526,-2.40288876378532,1.7607431361656334,0.5657359563910782
ENSG00000165300,ENSGALG00010005885,SLITRK5,0,-1.6902048796561928,-2.2259345432308426,0.7593237118297905,-0.27532709471138134
ENSG00000186051,ENSGALG00010012114,TAL2,0,-2.1778148456807536,-2.21720542617374,0.9822341312951938,-0.017925576138366338
ENSG00000129595,ENSGALG00010010011,EPB41L4A,0,-0.2019626296993202,-1.1089975978295237,0.1821127747206952,-1.703129142481257
ENSG00000070601,ENSGALG00010001158,FRMPD1,0,-1.968162134513145,-1.9275447248209296,1.021072097144718,0.02085315093502127
ENSG00000172403,ENSGALG00010005522,SYNPO2,0,-1.250238889122654,-0.9834930047681713,1.2712229604697187,0.23997939812076935
ENSG00000100228,ENSGALG00010026559,RAB36,0,-2.33497372449499,-0.0642050462588845,36.36744867498454,3.593674107376508
ENSG00000113369,ENSGALG00010012830,ARRDC3,0,-0.1738502387429843,-1.2070606642324655,0.14402775593182848,-1.937749248453353
ENSG00000215262,ENSGALG00010019743,KCNU1,0,0.2243399574592146,-1.0769028081479048,-0.20831959556781388,
ENSG00000138653,ENSGALG00010003898,NDST4,0,0.2668772142466054,-1.113418715435216,-0.2396916905984356,
ENSG00000167487,ENSGALG00010028191,KLHL26,0,-2.529755260259371,-1.646784984454612,1.536178240717433,0.4292976701268582
ENSG00000184838,ENSGALG00010009726,PRR16,0,-1.8716210933692012,-2.4917214171470943,0.7511357732407024,-0.2861688536241757
ENSG00000132549,ENSGALG00010011312,VPS13B,0,0.1319729879998021,-0.9024569996071216,-0.1462374252260835,
ENSG00000151012,ENSGALG00010008444,SLC7A11,0,0.7142749331424518,0.1268188635058774,5.632245183378014,1.7285081518886363
ENSG00000131711,ENSGALG00010011681,MAP1B,0,-0.9279422189683436,-1.0553491825964612,0.8792750629562626,-0.12865750310821525
ENSG00000100024,ENSGALG00010026443,UPB1,0,-1.105741472016211,-0.4275359569058927,2.5863122251015764,0.9502330097597893
ENSG00000103723,ENSGALG00010023384,AP3B2,0,-1.6658460147033818,-2.437496361518932,0.6834250261876517,-0.38063831985489366
ENSG00000187566,ENSGALG00010008456,NHLRC1,0,-1.552394290611142,-2.187454882583002,0.7096805986590387,-0.34294027120821985
ENSG00000165868,ENSGALG00010022749,HSPA12A,0,-1.207470092712045,-0.5581177869580538,2.1634682157205543,0.7717125894357852
ENSG00000170927,ENSGALG00010007934,PKHD1,0,-0.3008092309061805,-1.2575105972674765,0.23921009616923128,-1.4304130497310477
ENSG00000138639,ENSGALG00010003878,ARHGAP24,0,-0.9327094986187454,-1.6494190387725332,0.5654775873769775,-0.5700846174970091
ENSG00000164512,ENSGALG00010012961,ANKRD55,0,-1.2251594363339624,-1.4702325794587412,0.8333099493584877,-0.18234961795748017
ENSG00000164219,ENSGALG00010001147,PGGT1B,0,0.4531325753118143,-0.5582105721571403,-0.8117592140197842,
ENSG00000166317,ENSGALG00010021220,SYNPO2L,0,-2.8073486449076075,-2.1211372979658414,1.3235110464559927,0.2802880890468579
ENSG00000172586,ENSGALG00010021197,CHCHD1,0,-0.948683881459644,-0.3718205899775219,2.55145601677679,0.93666418319059
ENSG00000239642,ENSGALG00010016117,MEIKIN,0,-0.057833685413124,-1.6685786151115272,0.03466044985195883,-3.3621560157841306
ENSG00000146006,ENSGALG00010008396,LRRTM2,0,-0.3584588568112927,-1.859536166701111,0.19276788654625232,-1.646268474235724
ENSG00000186871,ENSGALG00010015153,ERCC6L,1,0.3065500052122463,-1.5567048362807427,-0.1969223696540002,
ENSG00000186367,ENSGALG00010009671,MINAR2,0,-0.0647203480978415,-1.1072448077699686,0.05845170611203013,-2.839554402233768
ENSG00000139514,ENSGALG00010007106,SLC7A1,0,-0.6253961688212772,-0.4083476764769421,1.5315286576795082,0.42626635927984596
ENSG00000170153,ENSGALG00010009323,RNF150,0,-1.095359615508773,-1.102899294612954,0.9931637646873036,-0.006859709413476063
ENSG00000154079,ENSGALG00010001677,SDHAF4,0,-0.438020189756255,-0.6766594050438353,0.6473274242421551,-0.434903047199824
ENSG00000184486,ENSGALG00010004399,POU3F2,0,-3.669851255188357,-1.996329049484317,1.838299781359359,0.6088411125703597
ENSG00000156127,ENSGALG00010004553,BATF,0,-3.6655551553892254,-2.397269799480636,1.5290540748410384,0.4246492924700459
ENSG00000151962,ENSGALG00010015021,RBM46,0,1.434432319816315,0.3786433253129803,3.788347037758125,1.3319297861638946
ENSG00000155858,ENSGALG00010012968,LSM11,0,-1.7507029183261995,-1.7878704475150315,0.979211285000828,-0.021007842575586567
ENSG00000182197,ENSGALG00010009091,EXT1,0,-0.5878161376335989,-1.3679302817965326,0.42971205876194735,-0.8446399253835318
ENSG00000156535,ENSGALG00010001508,CD109,0,0.9091298323495708,-0.2255755770295616,-4.030267125196934,
ENSG00000100351,ENSGALG00010013194,GRAP2,0,-2.016621674457109,-1.1241346614417351,1.7939324741314653,0.5844101230906746
ENSG00000188394,ENSGALG00010028426,GPR21,0,0.476108295616374,-1.2739559174756463,-0.373724309519113,
ENSG00000260230,ENSGALG00010008447,FRRS1L,0,0.0027988157739198,-0.5105075351673973,-0.005482418144919365,
ENSG00000136327,ENSGALG00010004785,NKX2-8,0,-2.975094142785233,-1.9151133932863145,1.5534819782550853,0.44049884904668546
ENSG00000145451,ENSGALG00010002656,GLRA3,0,0.9570128505970904,-0.0987136264428563,-9.694840368883513,
ENSG00000155875,ENSGALG00010016073,SAXO1,0,-1.2658601116081432,-0.6267155021549676,2.0198321363608693,0.7030144071485989
ENSG00000164756,ENSGALG00010009052,SLC30A8,0,-0.4083107092340778,-0.9021454603403046,0.45259963851068546,-0.7927473444779252
ENSG00000187871,ENSGALG00010001447,GFRAL,0,0.7961942039496606,-0.9502572836590016,-0.8378722453816767,
ENSG00000176635,ENSGALG00010000233,HORMAD2,0,0.200192431947686,-1.308832320130663,-0.15295498809786454,
ENSG00000172724,ENSGALG00010010893,CCL19,0,-1.6432360571113485,-2.4756434381573342,0.6637611991226162,-0.40983283406721077
ENSG00000101958,ENSGALG00010001656,GLRA2,1,0.1586513595240521,-0.3906856690559377,-0.4060844102815982,
ENSG00000166189,ENSGALG00010020949,HPS6,0,-2.550327469091448,-2.968638437416846,0.8590899575195858,-0.15188163894249196
ENSG00000082293,ENSGALG00010001758,COL19A1,0,-0.7082559896386265,-0.4488640383417923,1.5778853486572195,0.4560855636733387
ENSG00000168556,ENSGALG00010007353,ING2,0,-0.5789560039641728,-1.6897493440806215,0.34262833478368826,-1.071108991364048
ENSG00000100344,ENSGALG00010013267,PNPLA3,0,-1.268710920394275,-0.7011792753297759,1.8093959206047268,0.5929930440500525
ENSG00000182552,ENSGALG00010007326,RWDD4,0,0.4079214400211128,-1.379216746913687,-0.29576311405290745,
ENSG00000164935,ENSGALG00010013013,DCSTAMP,0,0.1749261260378762,0.0124862301227266,14.009522835838766,2.6397373009422602
ENSG00000183775,ENSGALG00010016505,KCTD16,0,-0.917937301664077,-2.117191092869686,0.43356374620860755,-0.8357164434948173
ENSG00000164123,ENSGALG00010008947,SPMIP2,0,0.2721720497244071,-1.603257210586904,-0.16976193709103804,
ENSG00000023516,ENSGALG00010003271,AKAP11,0,0.1446035798233911,-0.7680781907555199,-0.18826674362560902,
ENSG00000198870,ENSGALG00010028865,STKLD1,0,-2.142529606685597,-0.6205849082854817,3.4524358844059893,1.2390800353558051
ENSG00000111879,ENSGALG00010015017,FAM184A,0,-0.3339529105084668,-1.6755305718910252,0.1993117380911548,-1.6128851569038718
ENSG00000168263,ENSGALG00010010198,KCNV2,0,-2.114210575466892,-1.713998279440857,1.2334963230865044,0.20985267610444025
ENSG00000120616,ENSGALG00010005681,EPC1,0,-0.265062571851919,-1.0858107604109593,0.24411488770989684,-1.4101163132345416
ENSG00000121741,ENSGALG00010005755,ZMYM2,0,0.612368019183041,-0.7386482856411061,-0.8290387063601443,
ENSG00000253117,ENSGALG00010008131,OC90,0,-1.65101739501295,-1.5281106663568207,1.0804305155130893,0.0773595871811842
ENSG00000160360,ENSGALG00010028189,GPSM1,0,-3.251378425341274,-1.5942470106518951,2.039444580179435,0.7126775061674612
ENSG00000132297,ENSGALG00010008137,HHLA1,0,-0.8997525727119662,-0.8665979675088444,1.0382583463684196,0.03754464237762745
ENSG00000227051,ENSGALG00010015574,C14orf132,0,-0.5071222141186045,-2.282712804441504,0.2221576946218947,-1.5043678131444993
ENSG00000213563,ENSGALG00010008000,C8orf82,0,-2.1684390390612087,-1.4950976901879838,1.450366122088359,0.3718160225522018
ENSG00000183117,ENSGALG00010002399,CSMD1,0,-0.8927492785995046,-0.3951883052078876,2.2590478180518945,0.814943405058155
ENSG00000137094,ENSGALG00010011246,DNAJB5,0,-1.4691159850121345,-1.6480198630504284,0.8914431299953213,-0.11491363508181753
ENSG00000198108,ENSGALG00010009606,CHSY3,0,-0.8584178534200877,-0.6994079654655454,1.2273492665310166,0.2048567760229465
ENSG00000167104,ENSGALG00010015502,BPIFB6,0,-0.94284240420812,-2.1143303440285424,0.44592956198683403,-0.8075942721997115
ENSG00000198944,ENSGALG00010013667,SOWAHA,0,-3.0892523511677243,-2.561315762850445,1.2061192907077367,0.18740800776464897
ENSG00000099953,ENSGALG00010025992,MMP11,0,-2.228837511624171,-1.746942136196885,1.275850794048839,0.24361324552184718
ENSG00000107249,ENSGALG00010010147,GLIS3,0,-2.617269617340776,-1.4693680957286317,1.7812212099534677,0.5772992020710627
ENSG00000113742,ENSGALG00010009389,CPEB4,0,-0.6934342780656593,-1.16651089587278,0.5944516082268,-0.5201159652782654
ENSG00000101974,ENSGALG00010017534,ATP11C,1,1.4188962394771902,-0.7785534898423111,-1.822477527863339,
ENSG00000099995,ENSGALG00010000215,SF3A1,0,-1.8254101573527883,-1.3579162856097406,1.3442729693260365,0.29585332365561334
ENSG00000130957,ENSGALG00010010323,FBP2,0,-0.4341976300161789,-0.2268523305585223,1.914010003543546,0.6492005195288838
ENSG00000119616,ENSGALG00010005989,FCF1,0,0.6023083766260413,0.013308023457038,45.25904080124747,3.8124024469018813
ENSG00000112837,ENSGALG00010002774,TBX18,0,-1.3412809706416144,-1.4069121032322098,0.9533509361104963,-0.04777219955524485
ENSG00000165181,ENSGALG00010006106,SHOC1,0,0.6424459623692016,-0.6677748027015813,-0.9620697872547629,
ENSG00000104941,ENSGALG00010016971,RSPH6A,0,-3.055930736405495,-1.0399863850224746,2.938433406836816,1.0778765845156004
ENSG00000168143,ENSGALG00010001908,FAM83B,0,0.0309578276504627,-0.6564168596996236,-0.04716184112734247,
ENSG00000174145,ENSGALG00010014632,NWD2,0,-0.2600512078582682,-0.4597643422091773,0.565618478824862,-0.5698354937438228
ENSG00000126775,ENSGALG00010018501,ATG14,0,-1.1200553788144951,-1.9955603973971645,0.5612736052867144,-0.5775467823927949
ENSG00000250479,ENSGALG00010025985,CHCHD10,0,-3.559832095475654,-1.786482492999535,1.9926487437884903,0.6894647807345633
ENSG00000273540,ENSGALG00010020345,AGBL1,0,-1.0835462257226671,-1.2861665982325086,0.8424617986594514,-0.17142696062108423
ENSG00000072121,ENSGALG00010019931,ZFYVE26,0,-1.688218961415247,-1.3529700123679742,1.247787420255175,0.22137191910436063
ENSG00000127452,ENSGALG00010002658,FBXL12,0,-2.300976868982888,-3.007566258102316,0.7650627356202403,-0.2677974411713005
ENSG00000165338,ENSGALG00010020550,HECTD2,0,1.010223147888901,-0.3105019880609266,-3.2535158766541468,
ENSG00000167014,ENSGALG00010023307,TERB2,0,0.7000793421185971,-1.133483353191281,-0.6176353099033606,
ENSG00000198680,ENSGALG00010007437,TUSC1,0,-4.228246039237382,-3.383006386318875,1.249848671979077,0.2230224815688254
ENSG00000128045,ENSGALG00010013556,RASL11B,0,-1.394305912260462,-1.8917883229649155,0.7370306156003905,-0.30512584681381916
ENSG00000119138,ENSGALG00010014987,KLF9,0,-2.4302459327097417,-2.260609495340713,1.0750401330785624,0.07235799397910053
ENSG00000164113,ENSGALG00010004235,ADAD1,0,0.8039247413961412,-0.7185516398093565,-1.1188127572980497,
ENSG00000196570,ENSGALG00010019052,PFN3,0,-2.4696847395071746,-0.7249570434620938,3.4066635558335787,1.2257333829466341
ENSG00000185028,ENSGALG00010007929,LRRC14B,0,-2.834165862596434,-1.112611678228021,2.547309108879939,0.9350375505809198
ENSG00000140279,ENSGALG00010022419,DUOX2,0,-1.6620360597207604,-1.8222776350522571,0.9120652241737569,-0.09204377373069433
ENSG00000066230,ENSGALG00010007655,SLC9A3,0,-2.0480960609633865,-0.0882797690611281,23.20006138150646,3.144154924423353
ENSG00000100427,ENSGALG00010008055,MLC1,0,-1.6090354511773857,0.1794379264654725,-8.967086740645081,
ENSG00000173626,ENSGALG00010014830,TRAPPC3L,0,0.8083500184425443,-0.4753843817807044,-1.7004134957370927,
ENSG00000146378,ENSGALG00010006365,TAAR2,0,1.7483950231893015,0.5171983546872035,3.380511572289733,1.2180270507906976
ENSG00000156395,ENSGALG00010019237,SORCS3,0,-1.1918712744170197,-1.281537686154994,0.9300321693956569,-0.07253610268506337
ENSG00000179751,ENSGALG00010009121,SYCN,0,-2.5892749722902035,-1.712769119924812,1.511747813624681,0.41326647391558735
ENSG00000112038,ENSGALG00010005256,OPRM1,0,0.0718109625344638,-0.5056636099761473,-0.142013309080816,
ENSG00000164972,ENSGALG00010010927,SPMIP6,0,-1.6053361342710415,-1.2880045097917292,1.2463746221902785,0.22023903503992895
ENSG00000169594,ENSGALG00010016769,BNC1,0,-1.9413148250503784,-1.0195463548179542,1.904096675817169,0.6440077101942204
ENSG00000169856,ENSGALG00010021825,ONECUT1,0,-3.0843112642054127,-2.670038560567626,1.155156075180321,0.14423546487076916
ENSG00000165124,ENSGALG00010005772,SVEP1,0,-0.362304127267361,-1.1390184431411496,0.3180845134238652,-1.1454381660274977
ENSG00000168348,ENSGALG00010006860,INSM2,0,-2.880567930414239,-2.5632563308318965,1.1237923791567737,0.11670901835669567
ENSG00000166343,ENSGALG00010018166,MSS51,0,-0.7122006760658177,-1.8123731148056148,0.39296581385351464,-0.9340326585466109
ENSG00000132467,ENSGALG00010004086,UTP3,0,-0.3881775773122768,-2.1199557882155378,0.18310644942224166,-1.6976876044253273
ENSG00000170476,ENSGALG00010008277,MZB1,0,-2.617877721420569,-2.9635275250741837,0.8833654147872434,-0.12401633070241622
ENSG00000122026,ENSGALG00010005785,RPL21,0,1.0936675474947355,0.9106239366649348,1.2010090043318857,0.18316204043184445
ENSG00000105085,ENSGALG00010028391,MED26,0,-3.624241583543624,-1.4879624728628484,2.4357076536819924,0.890237331841998
ENSG00000107815,ENSGALG00010018482,TWNK,0,-1.4617742296449912,-2.4053922676997708,0.6077072123636853,-0.49806207161491606
ENSG00000069018,ENSGALG00010015802,TRPC7,0,-0.4438290329656738,-0.3812509319736274,1.164138880049676,0.15198165494949867
ENSG00000250298,ENSGALG00010006011,GIMD1,0,-0.2651318525994135,-1.5321101448783727,0.17305012533577416,-1.7541739846261304
ENSG00000170917,ENSGALG00010004131,NUDT6,0,0.2106746845174516,-1.5676797079327651,-0.1343863057303074,
ENSG00000070748,ENSGALG00010010839,CHAT,0,-2.072372055790732,-0.6130687716249629,3.3803255877767655,1.2179720326003134
ENSG00000178125,ENSGALG00010004145,PPP1R42,0,0.976935062139482,-0.9772663824940356,-0.9996609723198417,
ENSG00000120697,ENSGALG00010006310,ALG5,0,1.2455732056035362,0.103235003406519,12.065415455053705,2.4903431332171384
ENSG00000184716,ENSGALG00010000061,SERINC4,0,-0.9276497969619903,-2.0597348625483263,0.4503734018534269,-0.7976782583999383
ENSG00000172733,ENSGALG00010008026,PURG,0,-1.3099965496571002,-1.6854012792116586,0.7772609204793337,-0.25197917999165953
ENSG00000196711,ENSGALG00010004068,ALKAL1,0,-2.0833763177457083,-1.611088529773497,1.2931482530253073,0.2570797513958658
ENSG00000215218,ENSGALG00010000606,UBE2QL1,0,-1.5004061031431029,-2.836138761869287,0.529031274250556,-0.636707729305062
ENSG00000133466,ENSGALG00010014648,C1QTNF6,0,-2.190704959178488,-1.22561400164282,1.7874346704933644,0.5807814469423919
ENSG00000118579,ENSGALG00010010983,MED28,0,-1.40554650159895,-1.782255419941596,0.7886335964376022,-0.23745345581153166
ENSG00000168612,ENSGALG00010015967,ZSWIM1,0,-1.6604581472122977,-2.732775374493755,0.6076087199519268,-0.49822415689555
ENSG00000198768,ENSGALG00010014777,APCDD1L,0,-3.093284928446037,-2.3271856231450787,1.3291956162334881,0.2845739594440283
ENSG00000137766,ENSGALG00010021779,UNC13C,0,0.4314826270703857,-0.4116896951976092,-1.048077307019492,
ENSG00000107099,ENSGALG00010011311,DOCK8,0,-0.8630055921232334,-0.8864031800682644,0.973603898912875,-0.026750732681592664
ENSG00000101457,ENSGALG00010015875,DNTTIP1,0,-1.4553627231318238,-2.314692616384832,0.6287498879245834,-0.46402173581936357
ENSG00000177971,ENSGALG00010011463,IMP3,0,-1.9007900732903984,-2.8175710011113995,0.6746201151774439,-0.39360553886636696
ENSG00000188816,ENSGALG00010001821,HMX2,0,-2.7896454794142063,-2.5523147120860674,1.0929864825071525,0.0889138417868664
ENSG00000256453,ENSGALG00010010926,DND1,0,-2.1813645399755632,-2.969706258963075,0.7345388229532254,-0.30851242846385835
ENSG00000065809,ENSGALG00010005879,FAM107B,0,-1.5649741682177254,-2.008017845271968,0.7793626794216879,-0.24927877095290008
ENSG00000204131,ENSGALG00010015171,NHSL2,1,-2.3918188728550263,-3.288639665639392,0.7272973375117393,-0.31841989261242176
ENSG00000169306,ENSGALG00010002275,IL1RAPL1,1,0.3591103737601031,-0.3769248285406454,-0.952737380422735,
ENSG00000074803,ENSGALG00010018390,SLC12A1,0,0.7617887013863065,0.4861592547187395,1.5669529973815441,0.4491329676346377
ENSG00000196159,ENSGALG00010005029,FAT4,0,0.0780418607120534,-0.9158439187505698,-0.08521305772114661,
ENSG00000112029,ENSGALG00010005244,FBXO5,0,-0.1371778554906448,-0.8971890664965072,0.15289737761330469,-1.8779883171863214
ENSG00000118491,ENSGALG00010005602,ZC2HC1B,0,-0.2285078848337409,-0.679431457264992,0.3363222034987677,-1.0896856395227692
ENSG00000154719,ENSGALG00010010762,MRPL39,0,0.6867144889602628,-0.4092379259998148,-1.6780323751337103,
ENSG00000102763,ENSGALG00010003246,VWA8,0,0.2106380309741506,-0.7018641943674757,-0.3001122334841128,
ENSG00000099937,ENSGALG00010024208,SERPIND1,0,-0.4986088097271164,0.0852178344885258,-5.850991317952956,
ENSG00000171408,ENSGALG00010005437,PDE7B,0,-1.0429857058340506,-1.3118991275793388,0.7950197419206491,-0.22938833203153916
ENSG00000151615,ENSGALG00010006572,POU4F2,0,-3.055641840580476,-2.42083767256105,1.2622250038549072,0.2328760397126468
ENSG00000130540,ENSGALG00010013242,SULT4A1,0,-1.509705923548676,-0.7092313229037469,2.1286509419347306,0.7554884184697593
ENSG00000189108,ENSGALG00010012259,IL1RAPL2,1,0.3177486752432568,-0.2853848189242282,-1.1134042674064644,
ENSG00000154059,ENSGALG00010005181,IMPACT,0,0.6525914317926276,-0.4568789220824378,-1.4283684369113356,
ENSG00000130338,ENSGALG00010004477,TULP4,0,-2.401156840166797,-1.7823831145245683,1.3471608996965165,0.29799934070032397
ENSG00000181004,ENSGALG00010004181,BBS12,0,0.5182792498708473,-0.921914543888859,-0.5621771055749049,
ENSG00000102393,ENSGALG00010015927,GLA,1,0.3326337020441539,-1.4125703572637025,-0.23548115698003205,
ENSG00000185818,ENSGALG00010017631,NAT8L,0,-2.06501693292846,-1.2418856482083864,1.662807631207888,0.5085075177578903
ENSG00000235608,ENSGALG00010016036,NKX1-1,0,-2.903856643029352,-2.003984729957766,1.4490413023708772,0.3709021669839877
ENSG00000145337,ENSGALG00010008232,PYURF,0,-1.167116800496531,-2.0315134986274965,0.5745060524013464,-0.5542446466724992
ENSG00000137449,ENSGALG00010010661,CPEB2,0,-1.7322790069920373,-2.1481435631373653,0.8064074658315864,-0.21516612348419653
ENSG00000146416,ENSGALG00010005748,AIG1,0,0.0587305011576297,-0.0500658999162649,-1.173063926861523,
ENSG00000101342,ENSGALG00010024418,TLDC2,0,-2.3748878958081754,-3.244988086401647,0.731863363616129,-0.3121614441708935
ENSG00000081913,ENSGALG00010011899,PHLPP1,0,-1.9582716392293091,-2.020886097202679,0.9690163349334525,-0.03147380971699429
ENSG00000080511,ENSGALG00010002733,RDH8,0,-1.6170467775901276,-2.181924708934227,0.7411102550738257,-0.2996058724821531
ENSG00000205929,ENSGALG00010010633,EPCIP,0,-0.8558954035690309,-1.0922683734649703,0.7835944208966699,-0.243863712772894
ENSG00000177076,ENSGALG00010016314,ACER2,0,0.1043147476627481,0.1704362899508477,0.6120454023778126,-0.49094881232967175
ENSG00000164438,ENSGALG00010010429,TLX3,0,-2.9276243928490384,-2.353877446244195,1.24374546241577,0.21812736117508175
ENSG00000158856,ENSGALG00010020252,DMTN,0,-2.690398993710266,-2.9713862948477705,0.9054356205301473,-0.09933910244121477
ENSG00000142207,ENSGALG00010010305,URB1,0,-1.4061321127378097,-1.110796134147788,1.265877751561141,0.23576575631158828
ENSG00000168269,ENSGALG00010010760,FOXI1,0,-2.975001116980918,-1.4413914560244956,2.063978598281881,0.7246354785160811
ENSG00000177468,ENSGALG00010006374,OLIG3,0,-2.781198925985871,-3.103762435375116,0.8960733896019781,-0.10973296132356473
ENSG00000120215,ENSGALG00010012923,MLANA,0,-0.777933542098884,0.0920047418432193,-8.455363566200989,
ENSG00000164488,ENSGALG00010006621,DACT2,0,-3.567665365371605,-2.2920608651885264,1.5565316870754904,0.44246006859496656
ENSG00000185129,ENSGALG00010012412,PURA,0,-2.416106358601283,-2.4549832468654644,0.984164092234104,-0.015962635432341454
ENSG00000124205,ENSGALG00010016253,EDN3,0,-2.571962399748232,-1.7466450452793914,1.4725157848753545,0.38697235626567594
ENSG00000196376,ENSGALG00010015035,SLC35F1,0,-0.4226009858122097,-0.6329643750431766,0.667653666580181,-0.4039857030973329
ENSG00000060069,ENSGALG00010008210,CTDP1,0,-3.0252412385823977,-1.5627768062753935,1.935811452047675,0.6605265936403831
ENSG00000267534,ENSGALG00010002908,S1PR2,0,-2.16487283176418,-2.206888934598929,0.9809613876910462,-0.01922218034324377
ENSG00000168944,ENSGALG00010001306,CEP120,0,-0.110495091691007,-0.9706156727038516,0.1138402096714552,-2.172959483393951
ENSG00000119508,ENSGALG00010008346,NR4A3,0,-2.0291998373244304,-1.6429295243354984,1.2351107015044747,0.21116060290852698
ENSG00000205755,ENSGALG00010001869,CRLF2,1,-1.15424850026578,-0.1156261886693669,9.98258710720245,2.3008422859078967
ENSG00000135355,ENSGALG00010004392,GJA10,0,-0.6530436459339981,-2.00611912572862,0.32552585614616153,-1.12231338532346
ENSG00000106852,ENSGALG00010027906,LHX6,0,-2.514765123150003,-2.2793427342578094,1.1032852082110638,0.0982922818339803
ENSG00000189184,ENSGALG00010009234,PCDH18,0,-0.3541149114465067,-1.589637632317101,0.2227645497611545,-1.5016398959713362
ENSG00000256394,ENSGALG00010008140,ASIC5,0,0.4185874447603481,-0.3194409735894019,-1.3103749342386666,
ENSG00000100100,ENSGALG00010022695,PIK3IP1,0,-1.9016203684694235,-1.558263905845935,1.220345514861355,0.199134027551844
ENSG00000082516,ENSGALG00010015580,GEMIN5,0,-0.7958258297077165,-1.3281620266751817,0.5991933316298205,-0.5121709756297369
ENSG00000137270,ENSGALG00010002173,GCM1,0,-1.0897046405562063,-1.6475176882734246,0.6614221190536664,-0.4133630362151925
ENSG00000188981,ENSGALG00010016369,MSANTD1,0,-2.476562864964796,-0.7876062773373191,3.1444173773441424,1.1456286193641674
ENSG00000141655,ENSGALG00010011976,TNFRSF11A,0,-1.74831477538015,-1.726206539605757,1.0128074105080394,0.012726089233336188
ENSG00000120440,ENSGALG00010004846,TTLL2,0,-0.4002557585379787,-0.5314984860443844,0.7530703643519957,-0.2835966101934127
ENSG00000173085,ENSGALG00010002483,COQ2,0,0.7064138487383538,-0.6811012801704996,-1.037164177053841,
ENSG00000167077,ENSGALG00010010761,MEI1,0,-1.5668048642378647,-2.0621972967397486,0.759774472944427,-0.27473363586535804
ENSG00000120658,ENSGALG00010003372,ENOX1,0,-0.655103392567133,-0.6138100769877487,1.0672737661493434,0.06510751499486912
ENSG00000168994,ENSGALG00010011343,PXDC1,0,-1.7310651813643505,-1.941207976010752,0.8917463779031797,-0.11457351653643745
ENSG00000186105,ENSGALG00010011996,LRRC70,0,1.3827184369110022,-0.6340928710850399,-2.1806244794156693,
ENSG00000109511,ENSGALG00010008049,ANXA10,0,0.9833622914056708,0.3196116250108517,3.076741314938976,1.1238710222627093
ENSG00000101096,ENSGALG00010014143,NFATC2,0,-2.710449084115867,-1.8469326565843769,1.4675408301721369,0.38358809527830157
ENSG00000175854,ENSGALG00010028112,SWI5,0,-1.9308003101309392,-1.964500614815197,0.982845358036486,-0.01730348755180045
ENSG00000205301,ENSGALG00010009259,MGAT4D,0,1.3976340322563718,0.2695887355849332,5.1843191045200445,1.6456385128113746
ENSG00000099942,ENSGALG00010026221,CRKL,0,-1.0635175524768972,-1.5564675088717568,0.6832892729304794,-0.38083697623495255
ENSG00000140406,ENSGALG00010019280,TLNRD1,0,-2.76358604294745,-2.5518487080245205,1.0829740941369692,0.07971104726827566
ENSG00000259330,ENSGALG00010023835,INAFM2,0,-2.488726054087321,-1.749760345571172,1.42232395446985,0.35229212151778216
ENSG00000111837,ENSGALG00010010825,MAK,0,-0.1275913218992368,-0.5397565487425577,0.23638679733757664,-1.4422858438356156
ENSG00000169105,ENSGALG00010023600,CHST14,0,-2.218898121301697,-2.009221982832623,1.104356880554069,0.09926315698864316
ENSG00000186732,ENSGALG00010011998,MPPED1,0,-1.9166454398289967,-1.1867704864795063,1.6150093566234756,0.47934075023274464
ENSG00000105341,ENSGALG00010008295,DMAC2,0,-1.6471467377541806,-3.037054869277896,0.5423500096808636,-0.6118437116460654
ENSG00000100253,ENSGALG00010007888,MIOX,0,-1.715822508647113,-2.0764506116242787,0.8263247384944694,-0.19076743684566833
ENSG00000101280,ENSGALG00010013755,ANGPT4,0,-2.494482340097113,-3.2094932307041315,0.7772200035299179,-0.25203182386627165
ENSG00000124733,ENSGALG00010018440,MEA1,0,-2.020549890862356,-3.558868229965616,0.5677506893481913,-0.5660728838216162
ENSG00000206190,ENSGALG00010015992,ATP10A,0,-1.7938975091978708,-1.0971278102847952,1.6350852584187128,0.49169494881151327
ENSG00000100065,ENSGALG00010014193,CARD10,0,-3.2608363602433155,-2.843789950376083,1.1466516223577201,0.13684606259425686
ENSG00000183255,ENSGALG00010025508,PTTG1IP,0,-1.2018557021747365,-1.9500851696820645,0.6163093391303945,-0.48400626758276194
ENSG00000112297,ENSGALG00010013160,CRYBG1,0,-1.037940670547064,-0.8642372672469595,1.2009904107160747,0.18314655864971333
ENSG00000205758,ENSGALG00010012129,CRYZL1,0,1.2789973428491344,-0.5754886774185914,-2.222454399252818,
ENSG00000150401,ENSGALG00010014517,DCUN1D2,0,0.3473541948108192,-0.2000540849128915,-1.7363014354946353,
ENSG00000133250,ENSGALG00010028544,ZNF414,0,-3.356131753185404,-2.2885964339661995,1.4664585260098202,0.38285032810113584
ENSG00000074771,ENSGALG00010005345,NOX3,0,-0.4269842343340517,-0.3128790200540219,1.364694360971625,0.3109304921889294
ENSG00000174482,ENSGALG00010006701,LINGO2,0,-0.2674531054919722,-1.3388320680384118,0.1997659840071136,-1.6106086774765436
ENSG00000118804,ENSGALG00010004117,STBD1,0,-0.8067253689037699,-2.028622272126485,0.39767155275197064,-0.9221288587410478
ENSG00000148082,ENSGALG00010009132,SHC3,0,-2.341957235883351,-0.7340450850240219,3.190481461784748,1.1601718338673679
ENSG00000185933,ENSGALG00010021128,CALHM1,0,-1.755139188019685,-2.2980581248999328,0.7637488229746631,-0.2695163096108903
ENSG00000183128,ENSGALG00010021132,CALHM3,0,-2.349209535331809,-1.6432351993960015,1.429624643018419,0.3574119224162618
ENSG00000102683,ENSGALG00010006220,SGCG,0,-0.2732341608994399,-0.3319706327096974,0.8230672655264012,-0.19471734953511066
ENSG00000180801,ENSGALG00010003768,ARSJ,0,-0.1894606982745035,-0.4623234736182895,0.40980116538691885,-0.8920831993870454
ENSG00000078579,ENSGALG00010013326,FGF20,0,-1.3950875685187984,-1.5156053241210934,0.920482098021011,-0.08285772660131414
ENSG00000176381,ENSGALG00010005903,PRR18,0,-4.098703388773279,-3.134018124433372,1.307811003650249,0.2683547499728086
ENSG00000075073,ENSGALG00010023253,TACR2,0,-0.9370171135071031,-0.415368112518615,2.255871563720747,0.8135364010403368
ENSG00000112144,ENSGALG00010002186,CILK1,0,-1.0423864673562857,-0.8444806486622891,1.2343521062412643,0.2105462220928348
ENSG00000107282,ENSGALG00010014837,APBA1,0,-2.351463745838142,-1.2921623381293443,1.8197897249058832,0.598720958647935
ENSG00000221869,ENSGALG00010005405,CEBPD,0,-3.493603920039116,-3.091488382124425,1.1300718256745843,0.12228119324811622
ENSG00000183049,ENSGALG00010005360,CAMK1D,0,-1.137970020022104,-1.0580795437854746,1.075505170387102,0.07279047714050016
ENSG00000119608,ENSGALG00010005943,PROX2,0,-1.7260314540225163,-2.550132348327584,0.676839951132134,-0.39032044298174035
ENSG00000183779,ENSGALG00010019418,ZNF703,0,-3.3775462608849427,-2.7106978706930773,1.2460061659403465,0.21994336894077524
ENSG00000188778,ENSGALG00010017438,ADRB3,0,-1.5822235743641802,-2.480924088697201,0.6377557385059079,-0.4497999239514504
ENSG00000198796,ENSGALG00010010330,ALPK2,0,-1.0436966185306351,-1.1303273051756615,0.9233578749727157,-0.07973838942925547
ENSG00000197386,ENSGALG00010016385,HTT,0,-1.2832439171639385,-0.8286486032383352,1.5485984193409097,0.43735027626798256
ENSG00000273899,ENSGALG00010010890,NOL12,0,-3.342313506851477,-1.7983528851732302,1.8585415211928895,0.61979205174472
ENSG00000132970,ENSGALG00010005848,WASF3,0,-1.773315762225531,-1.011283017767466,1.7535306448044066,0.5616312668094615
ENSG00000158079,ENSGALG00010027667,PTPDC1,0,-0.8660849674363895,-0.9518730055693208,0.9098744920477907,-0.09444860980979677
ENSG00000203618,ENSGALG00010024525,GP1BB,0,-2.3320945873817696,-1.482642198438975,1.5729314799195349,0.4529410629999296
ENSG00000145888,ENSGALG00010014234,GLRA1,0,-0.2800516895846883,-0.5415732051739235,0.5171077278366294,-0.6595040551226312
ENSG00000099960,ENSGALG00010000441,SLC7A4,0,-1.5183659344952858,-2.0649132716341323,0.7353170495599946,-0.30745351283268496
ENSG00000138606,ENSGALG00010022236,SHF,0,-3.1335165480955727,-2.237045074146282,1.4007391197923933,0.33700004001734396
ENSG00000136848,ENSGALG00010027720,DAB2IP,0,-2.9071993209529143,-2.329602329140751,1.2479380212609952,0.2214926062628899
ENSG00000177692,ENSGALG00010012070,DNAJC28,0,0.7088852078559906,-0.8900052234798824,-0.7964955588510815,
ENSG00000197077,ENSGALG00010021167,KIAA1671,0,-2.7972549532473305,-1.5312015203915024,1.8268365829026343,0.6025858278029462
ENSG00000171320,ENSGALG00010010243,ESCO2,0,0.5638874439161903,-1.5195719017618303,-0.3710830946942391,
ENSG00000071246,ENSGALG00010005215,VASH1,0,-2.4184476214573536,-1.7370087150930331,1.3923059800697792,0.3309613510253507
ENSG00000138347,ENSGALG00010022890,MYPN,0,-1.3533905574669711,-0.9774874435095192,1.3845605551799511,0.32538280061386343
ENSG00000119669,ENSGALG00010006850,IRF2BPL,0,-2.4533977763846817,-2.5760543806705125,0.9523858637433326,-0.048785007252229735
ENSG00000169252,ENSGALG00010012314,ADRB2,0,-0.7417324106990382,-1.814272645417604,0.4088318327305808,-0.8944513744095253
ENSG00000188385,ENSGALG00010001480,JAKMIP3,0,-2.0678448976319554,-1.8359031591188528,1.1263365866337,0.11897040745913198
ENSG00000180776,ENSGALG00010005429,ZDHHC20,0,1.1147459680017224,-0.7147579898623705,-1.5596131611153745,
ENSG00000172568,ENSGALG00010015074,FNDC9,0,-1.4740260920646158,-2.5873130268829336,0.5697130871869993,-0.5626224006918873
ENSG00000172548,ENSGALG00010015020,NIPAL4,0,-0.9629684376103942,-1.431012814633092,0.6729278925830562,-0.3961170983420627
ENSG00000204410,ENSGALG00010006368,MSH5,0,-1.0454106176802735,-0.6966997866831339,1.5005180676992755,0.405810426944935
ENSG00000211448,ENSGALG00010004333,DIO2,0,-0.683216920097589,-1.5409835632141096,0.4433641840232014,-0.8133637608333226
ENSG00000087303,ENSGALG00010019673,NID2,0,-1.3486792576349238,-2.531312657564358,0.5327983698910707,-0.6296122192743943
ENSG00000179041,ENSGALG00010004591,RRS1,0,-2.7583344258943416,-2.889809767183768,0.9545038075577015,-0.046563646764362816
ENSG00000185963,ENSGALG00010027745,BICD2,0,-2.866059512509312,-1.9804561426196436,1.4471714120961237,0.36961090096251803
ENSG00000183876,ENSGALG00010013531,ARSI,0,-1.879018298214122,-1.9890552107995096,0.9446788042946491,-0.05691029889926024
ENSG00000248713,ENSGALG00010005241,C4orf54,0,-2.5628664735741093,-2.385811589198786,1.0742115954071556,0.07158699288930849
ENSG00000169085,ENSGALG00010002890,VXN,0,-1.8215981245032804,-2.144665007953266,0.8493625427505341,-0.16326916055598492
ENSG00000187720,ENSGALG00010022759,THSD4,0,-2.3742500241457893,-1.3757075125863452,1.7258392517477594,0.5457134549218264
ENSG00000165023,ENSGALG00010009307,DIRAS2,0,-2.65710393444607,-1.360549292571969,1.9529641071828472,0.6693482734270655
ENSG00000095383,ENSGALG00010008127,TBC1D2,0,-2.503360350398099,-1.5923577586551605,1.5721092429080343,0.4524181845365342
ENSG00000138688,ENSGALG00010004243,BLTP1,0,0.425031403443862,-0.6934530571589166,-0.6129202244564607,
ENSG00000204928,ENSGALG00010016621,GRXCR2,0,-1.2260668019997103,-2.3188411167172056,0.5287411859142204,-0.6372562184263668
ENSG00000219438,ENSGALG00010008515,TAFA5,0,-2.8569334761661107,-1.025998096790501,2.7845407170862124,1.0240829467046224
ENSG00000164684,ENSGALG00010004481,ZNF704,0,-2.0736813545053003,-1.969272255694785,1.0530191285174424,0.05166139872040704
ENSG00000015133,ENSGALG00010016912,CCDC88C,0,-3.1223323960696394,-1.966010511572477,1.5881565117229712,0.46257391698782624
ENSG00000100209,ENSGALG00010023851,HSCB,0,-0.4715854392255814,-2.4073209393195003,0.1958963724042914,-1.6301694717922146
ENSG00000113739,ENSGALG00010009346,STC2,0,-2.7829389806958904,-2.1641356088766663,1.285935580599048,0.2514865317139646
ENSG00000150594,ENSGALG00010019738,ADRA2A,0,-2.31560230712609,-2.0295195778272386,1.1409608128072979,0.131870725686554
ENSG00000172795,ENSGALG00010008272,DCP2,0,0.4455553911382672,-0.8156583756499517,-0.5462524562237585,
ENSG00000122877,ENSGALG00010009467,EGR2,0,-2.598581339984229,-2.169456692195534,1.197802818250505,0.18048889370111318
ENSG00000128283,ENSGALG00010014159,CDC42EP1,0,-3.310396942831497,-2.9830277091985544,1.1097439466027945,0.10412930997758955
ENSG00000170324,ENSGALG00010020498,FRMPD2,0,-1.413288625655353,-1.0349407774013244,1.3655743947050167,0.3115751421062963
ENSG00000087510,ENSGALG00010015041,TFAP2C,0,-2.1518559426964803,-1.957396827641186,1.0993457802267068,0.09471525762476513
ENSG00000039139,ENSGALG00010000590,DNAH5,0,0.3296175964714187,-0.2035804818453183,-1.6191021530338265,
ENSG00000132792,ENSGALG00010015811,CTNNBL1,0,-0.8551163397482178,-1.6941397842547588,0.5047495771574587,-0.6836928595162202
ENSG00000183496,ENSGALG00010016519,MEX3B,0,-2.785546493878458,-2.5430298022031903,1.0953652574048327,0.09108787605313196
ENSG00000125246,ENSGALG00010005561,CLYBL,0,0.1821190449492693,-0.2497811291268259,-0.72911450751269,
ENSG00000156042,ENSGALG00010018215,CFAP70,0,0.1906350393410143,-1.520001978565639,-0.1254176257855325,
ENSG00000154153,ENSGALG00010000599,RETREG1,0,-0.6366176477134449,-1.3538169957304953,0.470239071987671,-0.7545140498000563
ENSG00000188991,ENSGALG00010013023,SLC15A5,0,1.044301896730378,-0.0600808663721315,-17.381605156326064,
ENSG00000181619,ENSGALG00010017055,GPR135,0,-2.052075369348488,-2.0610265925736444,0.9956569103681585,-0.004352548241945732
ENSG00000156050,ENSGALG00010006531,FAM161B,0,-2.1744512968563345,-1.2599137374842375,1.7258731547750417,0.545733099100304
ENSG00000124659,ENSGALG00010018557,TBCC,0,-2.001831880611885,-3.591053629932935,0.5574497311668581,-0.5843829480238381
ENSG00000182747,ENSGALG00010005318,SLC35D3,0,-2.040604763605117,-1.3211021819585798,1.5446229606402206,0.43477984214691884
ENSG00000110975,ENSGALG00010011050,SYT10,0,-0.2359704212313538,-1.1535864915559348,0.2045537313054711,-1.5869245932406129
ENSG00000204033,ENSGALG00010010864,LRIT2,0,-1.1303968805933788,-1.4566657260783795,0.7760166662509604,-0.25358128190202217
ENSG00000120314,ENSGALG00010011726,WDR55,0,-1.5130289244644146,-2.6301481318283577,0.5752637679052042,-0.5529266165760963
ENSG00000171262,ENSGALG00010021677,FAM98B,0,0.3976412855119573,-0.2747492721339468,-1.4472878578477097,
ENSG00000100372,ENSGALG00010012962,SLC25A17,0,0.7967566125408574,-0.4044011086373518,-1.9702137198030085,
ENSG00000163982,ENSGALG00010010134,OTOP1,0,-1.060870650484544,-0.620360519490007,1.7100873075492884,0.5365444262575694
ENSG00000148602,ENSGALG00010010854,LRIT1,0,-2.174926075044274,-1.2322731359548351,1.7649707776507015,0.568134133676358
ENSG00000186222,ENSGALG00010007943,BLOC1S4,0,-2.9982710446501653,-1.4781814763082584,2.0283511143288804,0.7072232040413614
ENSG00000170871,ENSGALG00010011549,KIAA0232,0,-0.1861261046901958,-0.9677575235350452,0.19232721023992708,-1.648557137489852
ENSG00000213471,ENSGALG00010000052,TTLL13,0,-1.342743679618291,-1.4425642061126194,0.9308034082147915,-0.07170718596337756
ENSG00000043591,ENSGALG00010022411,ADRB1,0,-2.264194874616349,-2.24257352340706,1.0096413120834675,0.009595131226226742
ENSG00000107957,ENSGALG00010021215,SH3PXD2A,0,-2.6052374742459783,-1.4188509254184225,1.8361601120834365,0.6076764954131102
ENSG00000137812,ENSGALG00010023134,KNL1,0,0.698501780705012,-0.7600185134929122,-0.9190589022559726,
ENSG00000130368,ENSGALG00010006448,MAS1,0,-0.2185377566371436,-0.471444761423901,0.4635490189287408,-0.7688431413616715
ENSG00000129514,ENSGALG00010004888,FOXA1,0,-2.26505380641125,-1.9622172640435396,1.1543338487113581,0.1435234232245198
ENSG00000182521,ENSGALG00010018499,TBPL2,0,-0.27685713459298,-0.9604417185869396,0.28826021322804374,-1.2438916886200935
ENSG00000148735,ENSGALG00010019038,PLEKHS1,0,-0.8686243630553747,-1.1112579359320307,0.7816586365494388,-0.2463371598937158
ENSG00000165966,ENSGALG00010001827,PDZRN4,0,-1.539604538192684,-1.8398011861159935,0.8368320174001762,-0.17813192469194755
ENSG00000188517,ENSGALG00010005720,COL25A1,0,-1.373943625002303,-0.3829003588400079,3.588253688674121,1.2776656464557596
ENSG00000133958,ENSGALG00010015121,UNC79,0,-0.6461811180633816,-1.0066187348308453,0.6419323381379023,-0.44327237315489887
ENSG00000126882,ENSGALG00010028144,FAM78A,0,-2.356667873896173,-2.121718320444695,1.1107355067765237,0.10502241460697828
ENSG00000096006,ENSGALG00010008054,CRISP3,0,0.7036330043366288,-0.2751061287856791,-2.55767840375811,
ENSG00000100393,ENSGALG00010012865,EP300,0,-1.1006956962731422,-1.4733021548215182,0.747094336807296,-0.2915638142629545
ENSG00000157578,ENSGALG00010013449,LCA5L,0,-0.0207497779842356,-1.01079429073547,0.02052819072527382,-3.885956180170245
ENSG00000165312,ENSGALG00010004707,OTUD1,0,-2.9669706688719355,-3.1065615554384878,0.9550657908831138,-0.045975049897198646
ENSG00000153233,ENSGALG00010013268,PTPRR,0,-0.0388166846472994,-1.028533069459595,0.03773985086127974,-3.2770386907909366
ENSG00000109684,ENSGALG00010009517,CLNK,0,-1.0740211227422058,-0.6883440756868807,1.5602968931932304,0.4448761193031314
ENSG00000137075,ENSGALG00010012095,RNF38,0,-1.4504893240507997,-1.8381356496562424,0.7891089671875205,-0.2368508597033163
ENSG00000204977,ENSGALG00010002812,TRIM13,0,0.7158271154165181,-1.3239235548933168,-0.5406861391435854,
ENSG00000185305,ENSGALG00010014992,ARL15,0,0.1968712489958104,-0.9451410206357892,-0.20829828004224873,
ENSG00000131773,ENSGALG00010008852,KHDRBS3,0,-0.0837793166527198,-0.3700795044867747,0.22638194127746886,-1.485531700509971
ENSG00000184508,ENSGALG00010000053,HDDC3,0,-2.2197283234127383,-2.9442914646614007,0.7539091662815425,-0.2824833873537913
ENSG00000145734,ENSGALG00010009457,BDP1,0,0.0104660527747242,-1.3444856631053153,-0.007784428694130582,
ENSG00000183032,ENSGALG00010004866,SLC25A21,0,0.9288514140167514,-0.4852185290389831,-1.9142950205475897,
ENSG00000089101,ENSGALG00010018264,CFAP61,0,-0.410156163120849,-0.5748140116468015,0.7135458684206055,-0.33750855762753257
ENSG00000187821,ENSGALG00010006955,HELT,0,-2.1391070485186603,-2.474652219049619,0.8644071405476832,-0.14571139368514144
ENSG00000099949,ENSGALG00010026117,LZTR1,0,-1.9825638927853253,-1.0845633527142335,1.8279834809315207,0.6032134363015871
ENSG00000170743,ENSGALG00010021432,SYT9,0,-1.0506659607509992,-0.699684737420327,1.501627668233421,0.4065496319551321
ENSG00000165066,ENSGALG00010018078,NKX6-3,0,-3.156523267262616,-2.6538492798994064,1.189413163426622,0.17346004551230085
ENSG00000112782,ENSGALG00010008182,CLIC5,0,-0.5976349143963002,-1.2160589458771836,0.49145225765779504,-0.7103904801092701
ENSG00000255529,ENSGALG00010023071,POLR2M,0,-0.8165985134053102,-1.7304497685177251,0.4718995767815873,-0.7509890770893851
ENSG00000183161,ENSGALG00010023778,FANCF,0,-1.8402322602679693,-2.684026593839945,0.6856237059988336,-0.3774263352852039
ENSG00000172901,ENSGALG00010008956,LVRN,0,0.140105877618021,-0.909277196784507,-0.1540848908489951,
ENSG00000029534,ENSGALG00010018193,ANK1,0,-2.1048951966205323,-2.1113730837764653,0.9969319078633198,-0.003072808380410454
ENSG00000183578,ENSGALG00010022579,TNFAIP8L3,0,-1.3437696907826275,-0.6969037829163847,1.9281997367832548,0.6565867887390863
ENSG00000165661,ENSGALG00010028202,QSOX2,0,-1.5303358634078863,-0.9604655636637772,1.593327154354489,0.46582437980754016
ENSG00000250673,ENSGALG00010006530,REELD1,0,-1.8812144645365123,-1.9427806162730672,0.968310291331473,-0.032202694174231376
ENSG00000175920,ENSGALG00010016696,DOK7,0,-3.451987085747012,-1.565933785444229,2.2044272355792756,0.7904677180491841
ENSG00000288701,ENSGALG00010028157,PRRC2B,0,-2.6564423910928845,-2.002692983828763,1.3264351613267644,0.2824950138885871
ENSG00000078269,ENSGALG00010004372,SYNJ2,0,-1.484529433936867,-1.0833298764848505,1.3703392347618202,0.3150583258025668
ENSG00000141933,ENSGALG00010028471,TPGS1,0,-2.77402084006364,-2.4195022658830263,1.1465254152391662,0.13673599074492976
ENSG00000197540,ENSGALG00010028059,GZMM,0,-2.8738799147128926,-2.9042638651387307,0.9895381577443595,-0.010516952030828919
ENSG00000133106,ENSGALG00010003331,EPSTI1,0,-1.5892782706124464,-1.2715986944686617,1.2498269127875499,0.22300507195642597
ENSG00000156256,ENSGALG00010009985,USP16,0,0.834796447524889,-0.860638214796402,-0.9699737162175325,
ENSG00000227729,ENSGALG00010016115,RD3L,0,-0.629624818038522,-0.9758966554587424,0.6451757104778195,-0.4382325799403203
ENSG00000273238,ENSGALG00010014359,TMEM271,0,-3.440428993240795,-2.6653766757571917,1.2907852854469146,0.25525078156989056
ENSG00000133256,ENSGALG00010013455,PDE6B,0,-1.596910168598594,-0.507532415901051,3.1464200483894396,1.1462653139653531
ENSG00000145741,ENSGALG00010010447,BTF3,0,-0.4566516969395664,-0.5995653052639142,0.7616379615871192,-0.2722839522262761
ENSG00000152207,ENSGALG00010003958,CYSLTR2,0,0.4502615399462577,-0.4709951761762426,-0.9559790900656135,
ENSG00000010030,ENSGALG00010024643,ETV7,0,-1.8811551330329408,-2.2634870394428543,0.8310872120107113,-0.18502054136536905
ENSG00000136114,ENSGALG00010002544,THSD1,0,-1.8007229682858092,-1.5482650338706063,1.1630586035932537,0.1510532622869876
ENSG00000069020,ENSGALG00010010381,MAST4,0,-2.352673776757646,-1.3485119130404883,1.7446444143404525,0.5565507608727119
ENSG00000101343,ENSGALG00010018288,CRNKL1,0,0.263926778232765,-0.0365834610968514,-7.214374209538096,
ENSG00000127152,ENSGALG00010016287,BCL11B,0,-3.37023993410755,-2.174274675051505,1.5500525176414128,0.43828881270646003
ENSG00000185198,ENSGALG00010027371,PRSS57,0,-3.085357068154808,-2.226002614145621,1.3860527604721717,0.32645996676193095
ENSG00000151322,ENSGALG00010005829,NPAS3,0,-2.0950588458916237,-1.6639414527004783,1.25909408801101,0.23039248460587708
ENSG00000249581,ENSGALG00010011000,CLRN2,0,-0.7483328539278311,0.8071769524436444,-0.9270988866348712,
ENSG00000127870,ENSGALG00010005891,RNF6,0,-1.0337051497209373,-1.8150835874457532,0.5695082897948529,-0.5629819399324433
ENSG00000130997,ENSGALG00010017619,POLN,0,-0.2709147895361674,-0.4022618882792895,0.6734786402336775,-0.3952989982097252
ENSG00000198246,ENSGALG00010019956,SLC29A3,0,-1.698002678535369,-2.0199227181126944,0.8406275464448908,-0.17360658696839834
ENSG00000166211,ENSGALG00010011308,SPIC,0,0.5597408019220342,-0.4210474719757814,-1.3294006951174153,
ENSG00000159733,ENSGALG00010017586,ZFYVE28,0,-2.81979212493606,-1.2135477053339458,2.3235939654800015,0.8431151100765767
ENSG00000180318,ENSGALG00010011243,ALX1,0,-1.1226936604310858,-1.5346698872474216,0.7315538473519834,-0.31258444899336124
ENSG00000165383,ENSGALG00010020115,LRRC18,0,-1.533229288747071,-1.046016539240643,1.4657792025545988,0.3823869799484554
ENSG00000118434,ENSGALG00010003650,SPACA1,0,0.2076018885103963,-0.34561709248396,-0.6006702012865034,
ENSG00000171310,ENSGALG00010011770,CHST11,0,-1.5529677020142216,-1.2274269111725924,1.2652221389953326,0.23524771071179446
ENSG00000101160,ENSGALG00010016345,CTSZ,0,-1.518770623017268,-0.2809418863667938,5.405995676395446,1.6875086480750692
ENSG00000175471,ENSGALG00010013149,MCTP1,0,-0.7945215802771646,-0.6063348990841805,1.3103675567367552,0.27030767552015444
ENSG00000168282,ENSGALG00010020129,MGAT2,0,-0.4924003381119117,-2.5063347454891933,0.19646231972728911,-1.6272846231735996
ENSG00000165506,ENSGALG00010019025,DNAAF2,0,-1.6606692195560715,-2.715429027095777,0.6115678970008658,-0.4917292964931388
ENSG00000152208,ENSGALG00010009069,GRID2,0,0.3834518088173233,-0.8138722629870204,-0.471144952661249,
ENSG00000187676,ENSGALG00010006903,B3GLCT,0,-0.0737355263130812,-0.096424178711889,0.7646995525199084,-0.2682722641029038
ENSG00000176406,ENSGALG00010012954,RIMS2,0,-0.6880180793972119,-1.3643285409040675,0.5042906153244432,-0.6846025593836514
ENSG00000184436,ENSGALG00010005247,THAP7,0,-3.131918704472602,-3.040858868928836,1.0299454330071696,0.02950582317523628
ENSG00000172238,ENSGALG00010008510,ATOH1,0,-3.0197068524398123,-2.422800591699647,1.2463703627880587,0.220235617600724
ENSG00000109132,ENSGALG00010015474,PHOX2B,0,-1.78598250353388,-2.1845920734710207,0.8175359259159977,-0.20146043110171416
ENSG00000197119,ENSGALG00010016657,SLC25A29,0,-2.05672609225986,-0.6755888364736572,3.0443458820238463,1.1132860610160245
ENSG00000188848,ENSGALG00010015404,BEND4,0,-2.196572147064437,-1.6770559364366946,1.3097787016762115,0.2698581929246183
ENSG00000100302,ENSGALG00010015117,RASD2,0,-1.6327570250561134,-1.1686575767434433,1.3971218409467039,0.3344142926110913
ENSG00000198542,ENSGALG00010005204,ITGBL1,0,-0.7162455872967062,-1.5617296775789615,0.4586232800589733,-0.7795261465258281
ENSG00000215203,ENSGALG00010013884,GRXCR1,0,-0.2244991513637941,-1.620230659130537,0.13855999459007082,-1.976451873211959
ENSG00000184305,ENSGALG00010008488,CCSER1,0,-0.7403231659885066,-1.573833263660677,0.4703949160831324,-0.7541826901025251
ENSG00000054793,ENSGALG00010015362,ATP9A,0,-1.1071112062886304,-1.1194728213549558,0.9889576461075995,-0.011103773243477928
ENSG00000137266,ENSGALG00010011348,SLC22A23,0,-1.831497385772252,-1.289825459430058,1.4199575395120092,0.35062696941399685
ENSG00000140107,ENSGALG00010016619,SLC25A47,0,-2.232470676492204,-0.534790611076759,4.174476197323846,1.4289888887129996
ENSG00000130948,ENSGALG00010008777,HSD17B3,0,0.2521293707781407,0.3824088777435933,0.6593188219526495,-0.4165480648817116
ENSG00000100811,ENSGALG00010016569,YY1,0,-2.046911618916109,-1.9599783292435256,1.0443542096233975,0.04339871316604438
ENSG00000136040,ENSGALG00010010512,PLXNC1,0,-0.5325705524847368,-0.8202309022588397,0.6492934501956548,-0.4318705070040905
ENSG00000184160,ENSGALG00010016648,ADRA2C,0,-1.874812425717577,-1.9805456157857035,0.9466141101596485,-0.05486375547313602
ENSG00000164683,ENSGALG00010003330,HEY1,0,-2.006269180900011,-2.295676637447688,0.8739337013642142,-0.1347507627665401
ENSG00000139946,ENSGALG00010018415,PELI2,0,-1.7448995988740403,-1.100536432481046,1.5854991687465938,0.4608992907114185
ENSG00000168772,ENSGALG00010005768,CXXC4,0,-2.4107747520501803,-1.9981856492977703,1.2064818666360695,0.1877085762444068
ENSG00000077616,ENSGALG00010007392,NAALAD2,0,1.2725538513041244,0.1029575944149058,12.359980422385325,2.514463868078883
ENSG00000165244,ENSGALG00010008862,ZNF367,0,-2.6171782774007117,-2.0997665945707378,1.2464139034156556,0.22027055093064882
ENSG00000122711,ENSGALG00010009520,SPINK4,0,-0.4641162464428383,-2.4434255497341684,0.18994491012559464,-1.6610211955717211
ENSG00000081818,ENSGALG00010011200,PCDHB4,0,-1.2305470711183926,-2.4831431402817024,0.4955602643908768,-0.7020663092153353
ENSG00000007866,ENSGALG00010026874,TEAD3,0,-2.259857319609564,-1.844992055461296,1.2248601900047429,0.20282670687492368
ENSG00000171773,ENSGALG00010002913,NXNL1,0,-2.331383334884533,-2.5377775696571163,0.918671266843741,-0.08482692807958928
ENSG00000111785,ENSGALG00010010981,RIC8B,0,-0.0210795136897008,-0.7482701376081502,0.0281709941774258,-3.5694624056532125
ENSG00000167769,ENSGALG00010028570,ACER1,0,-0.7726231574651639,-1.008340239887394,0.7662325938231388,-0.2662695080443606
ENSG00000078795,ENSGALG00010015564,PKD2L2,0,1.9999524839215983,-0.538990447683716,-3.7105527426623097,
ENSG00000151474,ENSGALG00010005800,FRMD4A,0,-2.2763363444832674,-2.0351031540626106,1.1185360997250144,0.11202077655016209
ENSG00000112041,ENSGALG00010026885,TULP1,0,-2.860044936190013,-1.7515161385026068,1.6328967077831789,0.49035555894623845
ENSG00000180264,ENSGALG00010028915,ADGRD2,0,-2.429016730043678,-1.61406758861758,1.5049039750089321,0.4087290921845025
ENSG00000109689,ENSGALG00010010685,STIM2,0,-0.724129082740518,-1.2450043801184667,0.5816277390699738,-0.5419246594882479
ENSG00000137675,ENSGALG00010007575,MMP27,0,1.0100083130870487,0.2048588172868123,4.930265274708621,1.5953927948643132
ENSG00000165895,ENSGALG00010008218,ARHGAP42,0,-0.0410179874296154,-0.4409136557607219,0.09302952379382717,-2.374838376060013
ENSG00000168350,ENSGALG00010016561,DEGS2,0,-1.92832648415412,0.2115480378161428,-9.115312550570835,
ENSG00000164220,ENSGALG00010010783,F2RL2,0,1.1178203180390085,0.3035285037566989,3.6827523748314137,1.3036604005654389
ENSG00000188596,ENSGALG00010011960,CFAP54,0,0.9909320528587032,-0.2125269806045955,-4.66261765936591,
ENSG00000185019,ENSGALG00010017865,UBOX5,0,-2.0001686495743662,-2.177158786903547,0.9187059123138629,-0.08478921620364024
ENSG00000153015,ENSGALG00010012154,CWC27,0,0.3548729504844488,-0.9214459045930704,-0.3851261899537858,
ENSG00000181333,ENSGALG00010008641,HEPHL1,0,0.2976710127001549,-0.4074852981630744,-0.7305073680990274,
ENSG00000134874,ENSGALG00010005379,DZIP1,0,-0.8262335564490506,-1.5481379404466744,0.5336950505913334,-0.6279306694507757
ENSG00000146267,ENSGALG00010004345,FAXC,0,-0.2733694909606026,-0.755747015474177,0.3617209004644006,-1.0168823577167365
ENSG00000184156,ENSGALG00010008154,KCNQ3,0,-1.207284044747066,-0.6167633494254943,1.957451015647465,0.6716431246348334
ENSG00000049192,ENSGALG00010012188,ADAMTS6,0,0.0659855496230381,-0.7466832164877664,-0.08837154520951952,
ENSG00000124177,ENSGALG00010024457,CHD6,0,-1.0113485764189054,-2.0418621039697347,0.4953069918152984,-0.7025775231635366
ENSG00000100075,ENSGALG00010021452,SLC25A1,0,-1.627750402892277,-1.2750173084706409,1.2766496517954982,0.2442391868603042
ENSG00000105258,ENSGALG00010001929,POLR2I,0,-1.9522647843492589,-1.644582150106781,1.1870886378175152,0.17150378665383087
ENSG00000182240,ENSGALG00010013650,BACE2,0,-0.6818808133757841,-0.7052763965754486,0.9668277808342027,-0.03373489573506852
ENSG00000151136,ENSGALG00010015635,ABTB3,0,-1.8378424603367252,-1.32845748977741,1.383440926397024,0.3245738206682668
ENSG00000139915,ENSGALG00010018983,MDGA2,0,0.4796602928498856,-1.6444486021000173,-0.29168457575222656,
ENSG00000101236,ENSGALG00010016462,RNF24,0,0.153988993855707,-1.4469368835398435,-0.10642412644771501,
ENSG00000156011,ENSGALG00010014032,PSD3,0,-0.6438361252745661,-1.2993560331014329,0.49550401035026076,-0.7021798317024438
ENSG00000184481,ENSGALG00010018436,FOXO4,1,-2.355919068745406,-1.9469578368396852,1.2100514064390575,0.1906628433665802
ENSG00000268223,ENSGALG00010009084,ARL14EPL,0,-0.5234466734603416,-0.8767337196166887,0.5970417947300971,-0.5157681601168645
ENSG00000165995,ENSGALG00010006083,CACNB2,0,-1.3474243451208228,-1.087987581700249,1.2384556292592421,0.21386514311191648
ENSG00000182185,ENSGALG00010020659,RAD51B,0,-0.0424810024641111,-0.7271687733105339,0.05841972871127374,-2.840101625797896
ENSG00000215440,ENSGALG00010014710,NPEPL1,0,-2.298562901615835,-0.5962211301029288,3.855218786390583,1.349427759332368
ENSG00000173612,ENSGALG00010014624,GPRC6A,0,0.8243447619003543,0.077683746519117,10.61154744509514,2.3619427897852114
ENSG00000126216,ENSGALG00010013293,TUBGCP3,0,-0.7149741274671175,-0.7826967328645602,0.9134752931067088,-0.09049894993738002
ENSG00000077935,ENSGALG00010012104,SMC1B,0,0.1812100307806421,-0.1961112842513168,-0.9240163383378861,
ENSG00000156273,ENSGALG00010011622,BACH1,0,-0.6389311612874096,-1.420275273367557,0.4498643138188739,-0.7988092665324752
ENSG00000185002,ENSGALG00010012330,RFX6,0,-0.4191936294935878,-1.1530262644000964,0.36355948033125546,-1.0118123631218081
ENSG00000183530,ENSGALG00010021933,PRR14L,0,-0.7702523265919385,-1.1172745860896196,0.6894028882262203,-0.37192943543002155
ENSG00000104880,ENSGALG00010027244,ARHGEF18,0,-2.9861165746780944,-1.9035478535831567,1.568711061850721,0.4502543024588931
ENSG00000166111,ENSGALG00010022628,SVOP,0,-0.4810979822300236,-0.4981478697539763,0.9657734408612983,-0.034826005546724874
ENSG00000206579,ENSGALG00010004583,XKR4,0,-1.417199141035443,-1.3717954283421516,1.0330980201240085,0.03256207442965738
ENSG00000125870,ENSGALG00010019263,SNRPB2,0,1.2108977172231157,0.0305817435939171,39.59544404341847,3.6787140622331194
ENSG00000125743,ENSGALG00010010885,SNRPD2,0,-1.4691404625098894,-1.856624933223478,0.7912963120446536,-0.23408277700636831
ENSG00000129003,ENSGALG00010024618,VPS13C,0,0.9305748456263192,-0.2055893069439431,-4.526377657764341,
ENSG00000157551,ENSGALG00010013304,KCNJ15,0,-0.8254581342170617,-0.6725987450053778,1.2272668367980106,0.20478961298842946
ENSG00000135298,ENSGALG00010001818,ADGRB3,0,0.3159136350024827,-0.875808252608246,-0.3607109593471628,
ENSG00000139910,ENSGALG00010004436,NOVA1,0,-0.0990290145953931,0.3362936742433645,-0.2944718327461881,
ENSG00000147724,ENSGALG00010008884,FAM135B,0,-1.122093143626401,-1.2860025700239732,0.8725434690270357,-0.1363428049121664
ENSG00000135002,ENSGALG00010015064,RFK,0,0.5539368131472671,-0.6003973473561555,-0.9226170228541533,
ENSG00000154127,ENSGALG00010025703,UBASH3B,0,-1.0421062475748677,-1.4159369003275852,0.7359835366489639,-0.3065475291869165
ENSG00000205808,ENSGALG00010013486,PLPP6,0,-2.56021904154667,-1.8526032057724384,1.3819575792427679,0.3235010296810048
ENSG00000188312,ENSGALG00010027195,CENPP,0,-0.6349723896877091,-0.9669149562908592,0.6566993152360568,-0.42052902852055374
ENSG00000183844,ENSGALG00010013758,FAM3B,0,-0.1340420483801843,-0.7294548117326312,0.18375647980414592,-1.6941438772707098
ENSG00000204767,ENSGALG00010010806,INSYN2B,0,-2.01581781335134,-1.242742558493918,1.622071924368884,0.48370429772420726
ENSG00000149571,ENSGALG00010024078,KIRREL3,0,-2.2591787529376326,-2.458510848104282,0.9189216125198915,-0.08455445676071263
ENSG00000125492,ENSGALG00010028780,BARHL1,0,-3.180492798429528,-3.2741075955508707,0.9714075379659012,-0.029009189201587515
ENSG00000151062,ENSGALG00010013942,CACNA2D4,0,-1.4907575488002305,-1.033855533813299,1.4419399036359388,0.36598936229106865
ENSG00000152969,ENSGALG00010011399,JAKMIP1,0,-2.123726335953661,-1.3338492843203942,1.592178637360603,0.46510329052455146
ENSG00000056487,ENSGALG00010011895,PHF21B,0,-3.5522951660542343,-2.3505924269406915,1.5112339873729472,0.41292652727316137
ENSG00000129480,ENSGALG00010005617,DTD2,0,0.0890310103227864,0.3965806493774281,0.2244966073421678,-1.4938946839756297
ENSG00000174306,ENSGALG00010022377,ZHX3,0,-1.8745551957853213,-2.2917411056017767,0.8179611524195668,-0.20094043443674484
ENSG00000154143,ENSGALG00010024636,PANX3,0,-0.8429663949213033,-1.6838267115917702,0.5006253844995859,-0.6918971931206853
ENSG00000159212,ENSGALG00010012894,CLIC6,0,-2.584422891777491,-1.657619417455602,1.559117168007422,0.44411974312548597
ENSG00000253958,ENSGALG00010004484,CLDN23,0,-2.860572174779074,-3.4253795271574976,0.8351110153194847,-0.1801906104902542
ENSG00000147324,ENSGALG00010003025,MFHAS1,0,-2.4123494204511946,-2.974683176879509,0.8109601181063553,-0.20953640227029596
ENSG00000198911,ENSGALG00010010706,SREBF2,0,-2.057431018165099,-2.341257673261688,0.8787717138792417,-0.12923012620039578
ENSG00000173281,ENSGALG00010003108,PPP1R3B,0,-0.7392156809354713,-0.7957203060135242,0.9289893387776729,-0.07365801625387636
ENSG00000113302,ENSGALG00010009374,IL12B,0,-0.895336431258329,-0.6896014418394286,1.298338978048142,0.2610857383073912
ENSG00000183397,ENSGALG00010028135,TEKTIP1,0,-3.274569424633105,-3.562513657294965,0.9191738585837458,-0.08427999216471821
ENSG00000137709,ENSGALG00010025953,POU2F3,0,-2.2900222957669545,-2.5375826125253016,0.9024424601837948,-0.10265034683663929
ENSG00000171056,ENSGALG00010011166,SOX7,0,-3.190851763368725,-2.470772532122318,1.2914389009448317,0.25575702383601195
ENSG00000171044,ENSGALG00010011213,XKR6,0,-1.4210008801530858,-1.2547808021963351,1.132469414311889,0.1244005707802301
ENSG00000166963,ENSGALG00010000044,MAP1A,0,-2.237972685450579,-1.2813832216692744,1.7465287882692448,0.557630268535281
ENSG00000104221,ENSGALG00010017395,BRF2,0,-1.514553615226056,-2.590774234560132,0.5845949813080492,-0.5368360111724106
ENSG00000127533,ENSGALG00010027279,F2RL3,0,-2.332975182922532,-1.77515730671456,1.3142357435580594,0.27325531307103257
ENSG00000168229,ENSGALG00010017946,PTGDR,0,-0.9375450511510728,-2.3032618399116505,0.4070510069263491,-0.8988167772485925
ENSG00000178718,ENSGALG00010023749,RPP25,0,-2.8323569523179923,-2.4232153653938866,1.1688424366926218,0.1560138887115793
ENSG00000164418,ENSGALG00010013006,GRIK2,0,0.7542991988266596,-0.3642663693178984,-2.0707352156585617,
ENSG00000181588,ENSGALG00010027811,MEX3D,0,-3.4753853124708147,-2.665160652035856,1.3040059366837966,0.265441016165721
ENSG00000145248,ENSGALG00010016674,SLC10A4,0,-0.6460851528745568,-2.4403523718978573,0.26475076317445817,-1.3289664118817044
ENSG00000182223,ENSGALG00010016658,ZAR1,0,-2.696861714172956,-1.3536335515637927,1.9923129942054048,0.6892962724245943
ENSG00000214367,ENSGALG00010017613,HAUS3,0,1.0355038647290655,-1.2515703685317314,-0.8273636790745195,
ENSG00000124788,ENSGALG00010011126,ATXN1,0,-3.113121373764793,-2.482228278777714,1.2541640107725065,0.22646922374816897
ENSG00000122012,ENSGALG00010011403,SV2C,0,0.4593099173413915,0.3680362543811762,1.2480018255638556,0.22154373273771705
ENSG00000154723,ENSGALG00010010855,ATP5PF,0,0.213860116420907,-1.1346091414180075,-0.18848791942010065,
ENSG00000176907,ENSGALG00010020226,TCIM,0,-1.0200747183939267,-1.4921560583862,0.683624687016424,-0.3803462151446355
ENSG00000181790,ENSGALG00010008211,ADGRB1,0,-2.794386203295685,-1.7283503124167576,1.6167938775029271,0.48044510030082616
ENSG00000167360,ENSGALG00010003450,OR51Q1,0,0.1463047496024998,-1.3905641543408571,-0.10521251331395774,
ENSG00000166159,ENSGALG00010014178,LRTM2,0,-2.574598774820817,-2.301677369722181,1.1185750047720973,0.11205555805655086
ENSG00000110042,ENSGALG00010026091,DTX4,0,-2.120825656149512,-2.3128324345158533,0.916981976082269,-0.08666746222716207
ENSG00000174749,ENSGALG00010004082,FAM241A,0,-0.1619161812865694,0.045370363773045,-3.5687653309662344,
ENSG00000163625,ENSGALG00010003507,WDFY3,0,-0.1723950532091827,-1.0257454115778255,0.16806807153443717,-1.7833861939402655
ENSG00000175189,ENSGALG00010025533,INHBC,0,-1.7336686983564338,-2.4056445574040706,0.7206670216597728,-0.32757807686133544
ENSG00000134121,ENSGALG00010020396,CHL1,0,0.1788024847551987,-0.8997955232989074,-0.19871457472877582,
ENSG00000241058,ENSGALG00010006033,NSUN6,0,0.5809412238586713,-0.6305973208249649,-0.9212554583940634,
ENSG00000100403,ENSGALG00010012797,ZC3H7B,0,-2.1703758788281267,-2.111447487227285,1.0279090017427928,0.027526643409418503
ENSG00000165805,ENSGALG00010011375,C12orf50,0,-0.2327378130932018,-0.584173794554578,0.3984050898254691,-0.9202859776869639
ENSG00000135577,ENSGALG00010005824,NMBR,0,-0.3300355732907523,-1.0252342936331384,0.32191234271066,-1.1334759981050357
ENSG00000136100,ENSGALG00010002511,VPS36,0,-0.3403516847791881,-0.6915952854959424,0.4921255131678958,-0.7090214869595293
ENSG00000155085,ENSGALG00010014124,AK9,0,0.6628107778437062,-0.4054336125260506,-1.634819505255298,
ENSG00000176383,ENSGALG00010025445,B3GNT4,0,-1.7526763873023583,-0.8766158209483571,1.9993665930033577,0.6928304269004801
ENSG00000166130,ENSGALG00010010614,IKBIP,0,0.1183371916943638,-0.7648194238992838,-0.15472566202757315,
ENSG00000146950,ENSGALG00010002194,SHROOM2,1,-3.4681061924458394,-1.7653597064021227,1.9645323159176356,0.6752542098264263
ENSG00000149300,ENSGALG00010025164,C11orf52,0,-2.184480243725238,-1.3214514308504102,1.6530915875730916,0.5026472241842558
ENSG00000146399,ENSGALG00010004319,TAAR1,0,1.8559262106253804,0.5775861984103371,3.2132454268009822,1.1672814627754668
ENSG00000146360,ENSGALG00010015168,GPR6,0,-1.3148866796220524,-1.4519944087841512,0.9055728256716168,-0.0991875789714929
ENSG00000185760,ENSGALG00010002405,KCNQ5,0,-0.8318693233900252,-0.8733346461486797,0.9525206941674506,-0.04864344605723754
ENSG00000133858,ENSGALG00010011696,ZFC3H1,0,0.1792493345682881,-0.8524605743048862,-0.2102728735747711,
ENSG00000234469,ENSGALG00010002142,CLDN34,1,0.4572593975840178,-0.9067884458673104,-0.5042624877588352,
ENSG00000159055,ENSGALG00010010274,MIS18A,0,-0.8814392856278026,-1.6043194005978911,0.5494163352380527,-0.5988987728942967
ENSG00000184956,ENSGALG00010024227,MUC6,0,-2.943952597852805,-0.8841850719121583,3.329566050562409,1.2028419803541723
ENSG00000185608,ENSGALG00010024425,MRPL40,0,-1.0724673027776284,-0.8063062599470592,1.3300991894172383,0.28525351796202536
ENSG00000083067,ENSGALG00010016618,TRPM3,0,-0.75242059504704,-0.9339056145970468,0.8056709192948664,-0.21607990856408732
ENSG00000113231,ENSGALG00010010275,PDE8B,0,-0.9806933041508384,-0.9193750434934508,1.0666955896740353,0.06456563608936566
ENSG00000160298,ENSGALG00010014952,C21orf58,0,-3.469825112637269,-1.1137297843309255,3.115499972663271,1.1363896442277122
ENSG00000147231,ENSGALG00010012486,RADX,1,0.1772353284239507,-1.0075742714659186,-0.17590299141530405,
ENSG00000112541,ENSGALG00010005999,PDE10A,0,-0.7297633791428257,-0.5725202649051826,1.2746507396793803,0.24267221142157502
ENSG00000152402,ENSGALG00010005167,GUCY1A2,0,-0.4420008706048151,-1.0793978803467668,0.4094883625886111,-0.892846794679859
ENSG00000120662,ENSGALG00010003169,MTRF1,0,0.0027190643017735,-1.0613962977958704,-0.002561780465430298,
ENSG00000173011,ENSGALG00010011633,TADA2B,0,-2.0338519554344074,-1.34512751070862,1.5120142434399872,0.41344269797751265
ENSG00000196569,ENSGALG00010004721,LAMA2,0,0.1013931731921253,-0.6514771506628154,-0.15563580869868957,
ENSG00000163576,ENSGALG00010001750,EFHB,0,0.5138058201193321,0.3155520217068209,1.6282761154251408,0.48752185726870123
ENSG00000171456,ENSGALG00010013352,ASXL1,0,-1.5590425175725002,-1.7463608398826502,0.8927379050009291,-0.11346224062407693
ENSG00000077458,ENSGALG00010008339,FAM76B,0,-0.8217793217775515,-1.9397781789573616,0.4236460285470688,-0.8588570107541547
ENSG00000183977,ENSGALG00010001770,PP2D1,0,0.8795814412441505,-0.4384973107309309,-2.005899283117556,
ENSG00000128228,ENSGALG00010024330,SDF2L1,0,-2.7140792178666704,-1.3534305304294532,2.005333230517176,0.6958102467080726
ENSG00000139549,ENSGALG00010024674,DHH,0,-1.7559310325694124,-2.401092490229028,0.7313050370674906,-0.31292461890249196
ENSG00000157152,ENSGALG00010027905,SYN2,0,-1.9541880125613496,-1.321397069370278,1.4788802380897008,0.3912852055275697
ENSG00000284194,ENSGALG00010006463,SCO2,0,-2.3937364182463607,-2.78602870981321,0.8591930190148146,-0.15176168024330236
ENSG00000118972,ENSGALG00010021515,FGF23,0,-2.6209320606759654,-0.8696535150454008,3.013765845055129,1.1031904080871884
ENSG00000065923,ENSGALG00010002753,SLC9A7,1,-0.4327829154742613,-0.735015165566606,0.588808144034197,-0.5296548800833077
ENSG00000135414,ENSGALG00010022778,GDF11,0,-2.0147697650324403,-2.4739433064216363,0.8143960938000013,-0.20530842961191825
ENSG00000100221,ENSGALG00010012767,JOSD1,0,-0.9590319191014824,-1.6969064502757445,0.5651648733762792,-0.5706377791188783
ENSG00000111644,ENSGALG00010021614,ACRBP,0,-1.8595924287103127,-1.6974975257521092,1.0954905091165799,0.09120221649835669
ENSG00000171540,ENSGALG00010011364,OTP,0,-2.8808081077951986,-2.66535709542105,1.0808338262607597,0.07773280460263193
ENSG00000172348,ENSGALG00010008240,RCAN2,0,-1.278407626800865,-0.940564465330564,1.3591919256183733,0.30689035081819127
ENSG00000093009,ENSGALG00010024480,CDC45,0,-1.0213683832810077,-0.4942892715818737,2.0663373494074087,0.7257776436249131
ENSG00000131067,ENSGALG00010021597,GGT7,0,-2.1147422978875845,-1.852186395800398,1.141754578633392,0.1325661832640192
ENSG00000119121,ENSGALG00010015320,TRPM6,0,-0.2376349355886979,-0.8357820831771783,0.2843264295464939,-1.2576323010635673
ENSG00000129159,ENSGALG00010024401,KCNC1,0,-1.560987237632661,-1.4063966616515744,1.1099196124367547,0.10428759147355013
ENSG00000163376,ENSGALG00010019650,KBTBD8,0,0.7552547152364131,-0.3642874417817737,-2.0732384063045695,
ENSG00000121440,ENSGALG00010020350,PDZRN3,0,-2.343805131707533,-1.983613027507117,1.1815838569345771,0.1668557901025876
ENSG00000153347,ENSGALG00010013142,FAM81B,0,0.0591945279796171,-1.26812369458722,-0.04667882812400661,
ENSG00000061337,ENSGALG00010017691,LZTS1,0,-3.585557922780412,-3.5083642302065763,1.0220027589807261,0.021764191367620395
ENSG00000152137,ENSGALG00010023390,HSPB8,0,-1.9115355561859104,-3.2338448958829,0.591103042270067,-0.5257649243708319
ENSG00000173334,ENSGALG00010008910,TRIB1,0,-2.3344515464912963,-2.3407649809056523,0.9973028328491511,-0.0027008110597978537
ENSG00000183908,ENSGALG00010026523,LRRC55,0,-2.178738658234362,-2.6567592459641776,0.8200738029025529,-0.1983609392342151
ENSG00000149599,ENSGALG00010015571,DUSP15,0,-1.8571064919676448,-2.057939339512939,0.9024107058506272,-0.102685534555805
ENSG00000160183,ENSGALG00010011125,TMPRSS3,0,-1.2386704443273633,-1.0519817388513752,1.17746382715714,0.16336282640016667
ENSG00000171365,ENSGALG00010019227,CLCN5,1,0.2852167912975432,-0.505533356816779,-0.5641898550344614,
ENSG00000123066,ENSGALG00010000485,MED13L,0,-0.8082581349890425,-1.2596619521630488,0.6416468589855628,-0.4437171905182316
ENSG00000138472,ENSGALG00010005001,GUCA1C,0,1.6116034832672703,0.3611821576687707,4.462024075799512,1.4956024917374942
ENSG00000102543,ENSGALG00010004002,CDADC1,0,0.3354973446504612,-0.2471833945632532,-1.3572810796746657,
ENSG00000250821,ENSGALG00010015170,EXOC1L,0,1.6327411597669386,-0.4369246035447647,-3.7368945271576073,
ENSG00000138675,ENSGALG00010002801,FGF5,0,-1.4260726005673607,-2.5118160996788705,0.5677456246696088,-0.5660818044645457
ENSG00000249992,ENSGALG00010019682,TMEM158,0,-2.639341292261575,-3.353138655091888,0.7871256049175359,-0.23936744365831403
ENSG00000170837,ENSGALG00010022232,GPR27,0,-2.059094773326464,-1.958710438900424,1.0512502166897082,0.049980138430762364
ENSG00000110031,ENSGALG00010026137,LPXN,0,-1.016311727840396,-2.3934398439612354,0.4246238861630885,-0.8565514756120688
ENSG00000206530,ENSGALG00010004386,CFAP44,0,0.5070863547334472,-0.8745117488456349,-0.5798508200750954,
ENSG00000177098,ENSGALG00010023643,SCN4B,0,-1.4475373776311802,-1.6743711130497771,0.8645260100041792,-0.14557388755120523
ENSG00000174473,ENSGALG00010002926,GALNTL6,0,-0.3238486362131016,-0.9375275906275694,0.3454283793358245,-1.0629699529626306
ENSG00000130224,ENSGALG00010018721,LRCH2,1,-0.1774296801421506,-1.2455770621243485,0.14244777423850588,-1.9487798430216028
ENSG00000178919,ENSGALG00010009746,FOXE1,0,-2.1627935288142446,-1.7434268011122245,1.2405416318221585,0.2155480841042381
ENSG00000102452,ENSGALG00010005219,NALCN,0,0.396946490546112,-0.045061231401747,-8.8090466726731,
ENSG00000011083,ENSGALG00010013654,SLC6A7,0,-1.0800521200048705,-1.2317032529355276,0.8768768917600681,-0.13138867073920785
ENSG00000137720,ENSGALG00010025223,CFAP68,0,0.0715328464101219,-1.3234407440086569,-0.05405066054823985,
ENSG00000088356,ENSGALG00010015620,PDRG1,0,-0.6065215545960196,-2.190659153726773,0.2768671491245905,-1.2842174938909758
ENSG00000102271,ENSGALG00010018115,KLHL4,1,0.5661996229142545,-0.5520540232581512,-1.0256235785994599,
ENSG00000163519,ENSGALG00010004968,TRAT1,0,0.4601607369096285,-0.542492857211804,-0.848233724725281,
ENSG00000152229,ENSGALG00010012108,PSTPIP2,0,-0.5569883350002165,-1.4006536580269318,0.39766314235371575,-0.9221500080717809
ENSG00000205693,ENSGALG00010022669,MANSC4,0,-0.0003481503093407,-1.0058008489681347,0.0003461423896170622,-7.968660336876926
ENSG00000184445,ENSGALG00010025527,KNTC1,0,0.6093234352867576,-0.2028522336930397,-3.003779767142218,
ENSG00000175745,ENSGALG00010013574,NR2F1,0,-2.406925219452676,-2.8143138918218638,0.8552440530699075,-0.15636840858922094
ENSG00000163421,ENSGALG00010019225,PROK2,0,-1.6606888230254242,-2.5707292013281733,0.6459991282502355,-0.43695712465828546
ENSG00000141449,ENSGALG00010005081,GREB1L,0,-1.0290595489501957,-1.4492800110507753,0.7100488112052922,-0.3424215631333557
ENSG00000123728,ENSGALG00010017228,RAP2C,1,0.5610262950114429,-1.998222413085298,-0.28076268754548017,
ENSG00000163590,ENSGALG00010001142,PPM1L,0,-0.5168494173938427,-1.3939741326964756,0.37077403753114097,-0.9921624651874551
ENSG00000174358,ENSGALG00010009209,SLC6A19,0,-1.5084517966346738,-0.1292423996200237,11.67149326435879,2.457149395641201
ENSG00000166793,ENSGALG00010026249,YPEL4,0,-1.6375610456591865,-2.3722233374450457,0.6903064394530778,-0.37061966483138775
ENSG00000164363,ENSGALG00010008090,SLC6A18,0,-1.3734679786408055,-0.2644660425579822,5.193362313574466,1.6473813320364197
ENSG00000132205,ENSGALG00010001313,EMILIN2,0,-1.663931780238029,-1.0367674874483053,1.6049228012862382,0.4730756565381116
ENSG00000175505,ENSGALG00010023466,CLCF1,0,-1.947530747855822,-2.706520378265142,0.7195699553920127,-0.3291015295950492
ENSG00000133135,ENSGALG00010012699,RNF128,1,-0.443702763333075,-1.1316978704203098,0.392068214432784,-0.9363194379206105
ENSG00000171388,ENSGALG00010014943,APLN,1,-2.006785293895719,-2.21529732432264,0.905876277582434,-0.09885254122396724
ENSG00000157625,ENSGALG00010001837,TAB3,1,-1.227026975484984,-1.089399790545418,1.1263330378195333,0.11896725669603007
ENSG00000185261,ENSGALG00010013410,KIAA0825,0,0.3244420401438947,-0.8617859121940953,-0.3764763795196764,
ENSG00000038382,ENSGALG00010000753,TRIO,0,-1.746763993057213,-1.3803203394280752,1.2654772542009856,0.2354493270769803
ENSG00000161835,ENSGALG00010025405,TAMALIN,0,-2.666364913280626,-2.307129651080616,1.1557065776653475,0.14471191248202153
ENSG00000032742,ENSGALG00010005539,IFT88,0,1.274242622469945,0.067664267914242,18.831839340742235,2.9355490192974942
ENSG00000175536,ENSGALG00010001825,LIPT2,0,-2.3884450458308706,-2.576798902624457,0.9269039362746744,-0.07590534740025696
ENSG00000136011,ENSGALG00010010356,STAB2,0,-0.6854897263211654,-0.94777300262404,0.7232636131471278,-0.3239815131155022
ENSG00000142188,ENSGALG00010012084,TMEM50B,0,2.392447748190838,0.9522752081182484,2.512349085427158,0.9212182060795611
ENSG00000018610,ENSGALG00010013008,STEEP1,1,-0.1877215269389633,-1.163633697945714,0.1613235567776767,-1.8243432612552524
ENSG00000156140,ENSGALG00010004385,ADAMTS3,0,-0.0348191969220899,-1.172300640667042,0.029701593357722378,-3.5165545862043466
ENSG00000135569,ENSGALG00010004322,TAAR5,0,-0.2895454972056956,-0.9273782706150396,0.31221941076284687,-1.1640490987052632
ENSG00000120279,ENSGALG00010005226,MYCT1,0,-0.558754116115292,-2.4454390023278965,0.22848826553571566,-1.4762704242960283
ENSG00000149575,ENSGALG00010023648,SCN2B,0,-1.5529073976133887,-2.381867455786883,0.6519705342295649,-0.42775591097615434
ENSG00000102385,ENSGALG00010016053,DRP2,1,-1.77625589087757,-2.890800763295991,0.6144511629547048,-0.4870258275774251
ENSG00000144962,ENSGALG00010018507,SPATA16,0,0.4269649152180523,-1.26124180247602,-0.3385274055933222,
ENSG00000133138,ENSGALG00010012706,TBC1D8B,1,0.7656868480550028,-1.0088389287342705,-0.7589782930122095,
ENSG00000120451,ENSGALG00010022804,SNX19,0,-1.257838719503395,-2.6326588911255038,0.47778264162648465,-0.7385993745400637
ENSG00000156194,ENSGALG00010004139,PPEF2,0,-1.1374060101909451,-1.676418070440199,0.6784739619826942,-0.3879091762981258
ENSG00000177694,ENSGALG00010018465,NAALADL2,0,0.3032790861110328,-0.8082797063755861,-0.3752155147763998,
ENSG00000163995,ENSGALG00010009653,ABLIM2,0,-2.2643078211049907,-1.1817708888485186,1.9160294457001417,0.6502550477500668
ENSG00000075043,ENSGALG00010023174,KCNQ2,0,-2.515189494592516,-1.898989450140156,1.3244883979776092,0.28102627014281834
ENSG00000103994,ENSGALG00010019509,ZNF106,0,-0.6985488830791127,-1.349036804886309,0.5178130652543489,-0.6581409797421064
ENSG00000175544,ENSGALG00010020334,CABP4,0,-2.78847378179888,-2.153304058512463,1.294974469943275,0.2584909806276538
ENSG00000130270,ENSGALG00010028435,ATP8B3,0,-1.7281542061148745,-2.25032591437951,0.7679572967951108,-0.2640211505117424
ENSG00000135119,ENSGALG00010000475,RNFT2,0,-2.0531481034762717,-1.842076678456526,1.1145834087626594,0.10848071066897699
ENSG00000085276,ENSGALG00010016901,MECOM,0,-0.7401570801492632,-1.4818422945299208,0.49948438027547354,-0.6941789521022407
ENSG00000171444,ENSGALG00010008259,MCC,0,-2.430119629813287,-1.840310036143104,1.320494689528672,0.27800643118594254
ENSG00000124429,ENSGALG00010018283,POF1B,1,-0.7425731510563409,-2.2395995482017206,0.3315651459443219,-1.10393096997775
ENSG00000197467,ENSGALG00010020379,COL13A1,0,-2.6083789573659075,-0.7514211130213573,3.4712612038248265,1.2445179872389431
ENSG00000178222,ENSGALG00010017689,RNF212,0,-0.884293931342043,-0.9821470956429617,0.9003681172249874,-0.10495158014447717
ENSG00000203877,ENSGALG00010004130,RIPPLY2,0,0.0947434698005142,-1.5992668148364753,-0.05924181563800015,
ENSG00000160190,ENSGALG00010011211,SLC37A1,0,-1.2568056743229654,-0.4066950155483679,3.090290331265431,1.1282650448341731
ENSG00000111404,ENSGALG00010013562,RERGL,0,0.670781287188781,-0.3485786952797491,-1.9243324284361405,
ENSG00000215193,ENSGALG00010012588,PEX26,0,-1.7450511666067765,-2.283841353769805,0.7640859833483273,-0.26907495249853486
ENSG00000099822,ENSGALG00010027479,HCN2,0,-2.397794128510053,-2.0875002491734134,1.148643756789733,0.1385819044822573
ENSG00000102243,ENSGALG00010014555,VGLL1,1,-1.8324940131136265,-1.8513548445520192,0.9898124168395408,-0.010239831746571927
ENSG00000070388,ENSGALG00010027553,FGF22,0,-2.67587173994597,-2.590196150398199,1.033076873168312,0.03254160476296465
ENSG00000159873,ENSGALG00010023914,CCDC117,0,-0.6236573870209288,-1.4279854970741903,0.4367393004331941,-0.8284188284175826
ENSG00000139220,ENSGALG00010012450,PPFIA2,0,-0.5082765620277616,-1.4431508835299334,0.3521991829326411,-1.0435584028186875
ENSG00000196611,ENSGALG00010007571,MMP1,0,0.6340308742794409,0.1803583199315072,3.5153957661627158,1.257152112427362
ENSG00000184985,ENSGALG00010011655,SORCS2,0,-2.302623760677534,-0.532886777603264,4.321037521392293,1.4634955404095011
ENSG00000133103,ENSGALG00010002689,COG6,0,0.4716435995868622,-0.4707455514355526,-1.001907714578653,
ENSG00000006118,ENSGALG00010020476,TMEM132A,0,-3.0744291740912058,-3.216989355467319,0.9556852181889163,-0.04532668982876422
ENSG00000134160,ENSGALG00010024748,TRPM1,0,-0.4769665286975151,-0.2324951956059991,2.0515113331882024,0.7185767572271319
ENSG00000150630,ENSGALG00010003259,VEGFC,0,-0.7200405080274912,-1.35562458011039,0.5311503779083568,-0.6327101002655331
ENSG00000175040,ENSGALG00010015858,CHST2,0,-1.729401430715713,-2.6712568999049053,0.6474111234966874,-0.43477375583857564
ENSG00000100092,ENSGALG00010014026,SH3BP1,0,-3.070943921235438,-2.4103816207589253,1.274048845538629,0.2421998967121982
ENSG00000121853,ENSGALG00010018549,GHSR,0,-1.2282008706115732,-1.8226019480185287,0.6738722472818773,-0.3947147301277518
ENSG00000109220,ENSGALG00010014091,CHIC2,0,-0.2483318950794473,-1.4061116331262942,0.17660894713410186,-1.7338173288221077
ENSG00000180613,ENSGALG00010014115,GSX2,0,-2.4866154536654133,-2.7604854072109264,0.9007892043804646,-0.1044840061484716
ENSG00000182103,ENSGALG00010007854,FAM181B,0,-2.7642903505329617,-2.2993773625649787,1.2021908171912103,0.18414557325671224
ENSG00000158258,ENSGALG00010025242,CLSTN2,0,-1.584396365386059,-0.7624985182115069,2.077900910682909,0.731358206594408
ENSG00000160305,ENSGALG00010010836,DIP2A,0,-1.4708029289330824,-0.620715801185926,2.369527126783302,0.8626904106753582
ENSG00000268480,ENSGALG00010028553,NFILZ,0,-2.278941084099161,-1.6935964907105685,1.3456222285528026,0.2968565295358948
ENSG00000138246,ENSGALG00010018715,DNAJC13,0,0.7867033747447536,-0.1600833031249511,-4.914337469228141,
ENSG00000100418,ENSGALG00010010831,DESI1,0,-2.003521714271804,-1.5231981910386825,1.315338821998984,0.2740942917560842
ENSG00000147027,ENSGALG00010002335,TMEM47,1,-0.0500898553312154,-0.8906315105722716,0.056240829946641306,-2.87811227435815
ENSG00000179071,ENSGALG00010008102,CCDC89,0,-2.4247164825113465,-2.240261233861297,1.0823364908797373,0.0791221217995023
ENSG00000176463,ENSGALG00010018504,SLCO3A1,0,-1.392071144754233,-1.272341026235317,1.094102222635374,0.08993413897224271
ENSG00000155890,ENSGALG00010025265,TRIM42,0,-1.4093659446016191,-0.900057747013001,1.5658616897402933,0.4484362729403241
ENSG00000122121,ENSGALG00010014882,XPNPEP2,1,-1.0164366215683869,-2.4217597112896643,0.41970993935938505,-0.8681914268658593
ENSG00000166897,ENSGALG00010014300,ELFN2,0,-2.726926709006003,-2.074907594707987,1.3142400731295112,0.27325860743000996
ENSG00000125304,ENSGALG00010005564,TM9SF2,0,1.269571396424249,0.5381903643059819,2.358963446068776,0.8582223047856744
ENSG00000163638,ENSGALG00010020246,ADAMTS9,0,-0.8839636302447911,-1.754560454260035,0.5038091609203583,-0.6855577315839332
ENSG00000099991,ENSGALG00010026167,CABIN1,0,-2.194412766711178,-1.3695935203370395,1.6022365279379833,0.47140048315214145
ENSG00000152377,ENSGALG00010015776,SPOCK1,0,-1.414964165595885,-1.3663583234138454,1.0355732763134913,0.034955163534761365
ENSG00000176029,ENSGALG00010020586,C11orf16,0,-1.5603786234613717,-1.899833393897488,0.8213239268630137,-0.19683769574543786
ENSG00000164236,ENSGALG00010000786,ANKRD33B,0,-3.125996251926617,-1.9620347709564905,1.593242025166912,0.4657709498125823
ENSG00000188112,ENSGALG00010027557,C6orf132,0,-3.246498376711239,-2.7776627748714624,1.1687878046540305,0.15596714732567926
ENSG00000101624,ENSGALG00010001197,CEP76,0,0.48016786933103,-0.5155488275085318,-0.9313722458676016,
ENSG00000112679,ENSGALG00010011449,DUSP22,0,-1.3089599201101247,-0.7883271192572883,1.6604273633810083,0.5070750170543331
ENSG00000178297,ENSGALG00010028362,TMPRSS9,0,-2.449029295140478,-1.8390570841645268,1.3316766054888711,0.2864387539682377
ENSG00000174013,ENSGALG00010024798,FBXO45,0,-0.7853137011818134,-2.1026818640373,0.37348193971386373,-0.9848856297581151
ENSG00000134265,ENSGALG00010001681,NAPG,0,0.8120689742630667,0.0084495031226597,96.10848856724806,4.565477642639828
ENSG00000182132,ENSGALG00010010678,KCNIP1,0,0.0828063448516207,-0.6579705004073677,-0.12585115107797842,
ENSG00000163961,ENSGALG00010024813,RNF168,0,-1.1208991811261555,-1.7557470366610324,0.638417242188721,-0.44876322477028047
ENSG00000158290,ENSGALG00010012295,CUL4B,1,0.7226177714549227,-0.6628118781589988,-1.0902305695879175,
ENSG00000180611,ENSGALG00010017587,MB21D2,0,-0.799787762349327,-1.6543681666196934,0.4834400095980464,-0.7268280470751887
ENSG00000125741,ENSGALG00010008921,OPA3,0,-1.4983804296449978,-2.1271486254621044,0.7044079627108745,-0.35039759817798977
ENSG00000205835,ENSGALG00010014326,GMNC,0,-0.5446619642119384,-1.8267712205428177,0.2981555424603713,-1.2101399740826309
ENSG00000128271,ENSGALG00010026448,ADORA2A,0,-1.82164211745666,-0.9233091519884492,1.9729492700614422,0.6795295146275259
ENSG00000182836,ENSGALG00010012497,PLCXD3,0,0.0591395565751842,-0.3004962804876767,-0.19680628485386364,
ENSG00000079841,ENSGALG00010002446,RIMS1,0,-1.4798427474518263,-1.2851815946535552,1.151465873467279,0.141035803250007
ENSG00000141384,ENSGALG00010005536,TAF4B,0,-0.2810437415109437,-0.7338466263346384,0.3829734053758341,-0.9597897298734047
ENSG00000165325,ENSGALG00010009012,DEUP1,0,0.1749012431080849,-1.456584830435346,-0.12007624921907925,
ENSG00000173210,ENSGALG00010012297,ABLIM3,0,-1.8796282214147373,-2.2653549184274144,0.8297279186254644,-0.18665744081755353
ENSG00000166979,ENSGALG00010010405,EVA1C,0,-1.3435479776086083,-1.0484117213662296,1.2815079707977455,0.24803748669944237
ENSG00000187848,ENSGALG00010022145,P2RX2,0,-2.4447612069606706,-2.212924783899565,1.104764709920492,0.09963238009778715
ENSG00000105641,ENSGALG00010027639,SLC5A5,0,-1.2184149081783993,-2.107632542260113,0.5780964583474479,-0.5480145412791085
ENSG00000019995,ENSGALG00010002401,ZRANB1,0,0.1883412521391108,-0.7379779508321558,-0.25521257366393424,
ENSG00000158470,ENSGALG00010013192,B4GALT5,0,0.0883004529845177,-0.6394974073231021,-0.13807789050175842,
ENSG00000119938,ENSGALG00010020572,PPP1R3C,0,-0.372715089095113,-1.4854318427887363,0.2509136254918173,-1.3826465206203042
ENSG00000101282,ENSGALG00010013742,RSPO4,0,-3.0933271547711545,-2.504260807046136,1.2352256386665426,0.21125365676543043
ENSG00000124159,ENSGALG00010021742,MATN4,0,-2.231408391944555,-2.146601133251361,1.0395076930592784,0.03874722901897181
ENSG00000127743,ENSGALG00010011754,IL17B,0,-2.691869931209796,-2.455820645177277,1.0961182920650459,0.0917751134180058
ENSG00000145860,ENSGALG00010014931,RNF145,0,0.9112139031414852,-0.940610582900031,-0.9687472368555414,
ENSG00000172367,ENSGALG00010024150,NHERF4,0,-2.3310166167844244,-2.41826594130211,0.9639207073847691,-0.0367462415048562
ENSG00000181744,ENSGALG00010015963,DIPK2A,0,-0.4777906833499816,-1.8405417294932933,0.2595924209126836,-1.3486424898299958
ENSG00000160200,ENSGALG00010011839,CBS,0,-2.3957232711871903,-0.8134915201088289,2.9449886224587694,1.080104953754413
ENSG00000113448,ENSGALG00010015196,PDE4D,0,-1.2194866027853166,-1.3020792935390997,0.936568616701297,-0.06553249048008583
ENSG00000172061,ENSGALG00010014767,LRRC15,0,-2.0452075868229898,-3.437457228210852,0.5949768829232797,-0.5192327264210568
ENSG00000141965,ENSGALG00010028538,FEM1A,0,-2.6034788862700378,-1.744091923751589,1.4927417820213764,0.40061455116863265
ENSG00000185112,ENSGALG00010018604,FAM43A,0,-2.6641232425588584,-3.1751390242376707,0.8390571947313382,-0.17547640471762344
ENSG00000188162,ENSGALG00010024347,OTOG,0,-2.3205793245463475,-0.6118120418798078,3.792961180391791,1.3331470281149187
ENSG00000166147,ENSGALG00010018446,FBN1,0,-0.2587309358482645,-1.0085589751043027,0.2565352569704783,-1.36048916974132
ENSG00000139304,ENSGALG00010012230,PTPRQ,0,1.037061670663585,0.045893295306888,22.597236997883112,3.117827642073441
ENSG00000166359,ENSGALG00010024895,WDR88,0,-1.2963815953233446,-0.2526865371651347,5.130394400379703,1.6351825373931068
ENSG00000130881,ENSGALG00010024977,LRP3,0,-3.1573103750313667,-1.687558915361005,1.8709334212227786,0.6264374620638185
ENSG00000149657,ENSGALG00010022801,LSM14B,0,-1.9184769231841816,-1.4080545573190468,1.362501838591386,0.30932259697922215
ENSG00000165899,ENSGALG00010013364,OTOGL,0,0.7667883353364626,-0.4238980837504882,-1.8088978571269125,
ENSG00000077713,ENSGALG00010013040,SLC25A43,1,-0.7722098198608531,-1.0954893449203236,0.7048994346147812,-0.34970013228124813
ENSG00000183087,ENSGALG00010014399,GAS6,0,-2.3623887890988997,-1.2159185768389964,1.9428840336006405,0.6641734844147688
ENSG00000172987,ENSGALG00010018365,HPSE2,0,-0.4709315815501735,-2.171189448011443,0.21690027186779673,-1.5283176077254894
ENSG00000156504,ENSGALG00010014691,PABIR2,1,-1.614547922549498,-2.3020790803289914,0.7013433797064704,-0.3547576692187172
ENSG00000101104,ENSGALG00010022065,PABPC1L,0,-1.7482796600678083,-1.625016847629844,1.0758532519941244,0.07311406953350975
ENSG00000187068,ENSGALG00010024515,C3orf70,0,-1.653064488944514,-2.083587440683364,0.7933741856316577,-0.23146030781683608
ENSG00000167332,ENSGALG00010003320,OR51E2,0,0.1820260313879043,-1.241079619853957,-0.14666748891527526,
ENSG00000174963,ENSGALG00010016996,ZIC4,0,-2.383430267148773,-1.6812868564178745,1.4176226133277907,0.3489812525810317
ENSG00000171657,ENSGALG00010002439,GPR82,1,1.3789441713478163,1.067802152924985,1.2913854571003938,0.25571563980284756
ENSG00000124743,ENSGALG00010002024,KLHL31,0,-0.1414478109616208,-0.4916855222819036,0.2876794303504485,-1.2459085078508403
ENSG00000107593,ENSGALG00010019964,PKD2L1,0,-1.024888263807174,-1.1210896108001769,0.914189422445598,-0.08971748343627074
ENSG00000164451,ENSGALG00010014851,CALHM4,0,0.0345024869492807,-0.7059707075698549,-0.048872405865177805,
ENSG00000088836,ENSGALG00010017983,SLC4A11,0,-1.5632087304582123,-0.8144441696262078,1.9193565240643233,0.6519899861499855
ENSG00000165655,ENSGALG00010022231,ZNF503,0,-2.809054940460891,-2.610699004778497,1.0759780944947437,0.07323010325609965
ENSG00000148655,ENSGALG00010022217,LRMDA,0,-1.5693703551277611,0.6169487513566357,-2.5437612956940163,
ENSG00000177595,ENSGALG00010023118,PIDD1,0,-2.756079751885532,-2.3261425653282863,1.1848283905576393,0.1695979460051226
ENSG00000181915,ENSGALG00010009472,ADO,0,-2.993369565733895,-2.340933396437894,1.2787077027859002,0.24584996073636958
ENSG00000105613,ENSGALG00010002518,MAST1,0,-2.827826948286772,-2.7931515388916366,1.0124144389992156,0.012338011735701725
ENSG00000151164,ENSGALG00010025564,RAD9B,0,0.6922220180909111,-0.7074775837332488,-0.9784366798424391,
ENSG00000151553,ENSGALG00010022494,FHIP2A,0,0.3245882516253626,-0.9811250691849672,-0.33083269587128383,
ENSG00000048649,ENSGALG00010002054,RSF1,0,-0.6130505320215764,-1.545160046929425,0.39675536087012053,-0.9244354077069281
ENSG00000083097,ENSGALG00010003081,DOP1A,0,0.2603217978622201,-0.8166981955640003,-0.3187490792512962,
ENSG00000184497,ENSGALG00010014414,TMEM255B,0,-1.9800667584531784,-0.3887232451966349,5.093769881066838,1.6280182010309454
ENSG00000108018,ENSGALG00010020170,SORCS1,0,-1.0290228279768048,-1.0792780629986334,0.9534362489660904,-0.04768271620197006
ENSG00000183378,ENSGALG00010021584,OVCH2,0,-0.4303123177347956,-0.4679185228482583,0.9196308688859961,-0.08378291892487606
ENSG00000164509,ENSGALG00010014218,IL31RA,0,-0.0737328784747504,0.0530159026821842,-1.3907690852074854,
ENSG00000148426,ENSGALG00010005724,PROSER2,0,-3.88654987783532,-1.5624628590989849,2.487451048965446,0.9112585110491196
ENSG00000139517,ENSGALG00010005132,LNX2,0,-0.7989704797463784,-2.173397417224174,0.3676136142495328,-1.000722853687129
ENSG00000100105,ENSGALG00010022649,PATZ1,0,-2.234311874249608,-1.927317725115804,1.1592856980108759,0.14780403787256352
ENSG00000188613,ENSGALG00010002766,NANOS1,0,-3.205515562356391,-2.423896951574964,1.3224636304251953,0.2794963837484975
ENSG00000125966,ENSGALG00010024648,MMP24,0,-1.8067619612728816,-0.6090591943467717,2.9664800696600113,1.0873760882244188
ENSG00000079393,ENSGALG00010022314,DUSP13B,0,-1.962848782557305,-1.313231696399614,1.4946705809330494,0.40190583536066465
ENSG00000080839,ENSGALG00010024438,RBL1,0,0.3860384389343885,-1.0482763975979803,-0.3682601647990517,
ENSG00000128789,ENSGALG00010001188,PSMG2,0,0.7611944580437697,0.0451156548893713,16.872069349548507,2.8256595535016267
ENSG00000293543,ENSGALG00010022303,DUSP13A,0,-2.785450626301005,-0.6549839425749518,4.252700631637633,1.4475542238663424
ENSG00000130749,ENSGALG00010008708,ZC3H4,0,-3.061742245423412,-1.7864548149400443,1.7138649238806345,0.5387510095325581
ENSG00000164061,ENSGALG00010027313,BSN,0,-3.112148375803235,-2.915680706918672,1.0673831220333425,0.0652099725698547
ENSG00000111711,ENSGALG00010014045,GOLT1B,0,2.713870634866426,-0.2406476593871008,-11.277361441114,
ENSG00000099341,ENSGALG00010008401,PSMD8,0,-1.6321297565277533,-2.029625463032886,0.8041531732110063,-0.21796551400460978
ENSG00000176020,ENSGALG00010028208,AMIGO3,0,-2.2833120349587634,-3.44657747138555,0.6624867869402207,-0.41175466556182516
ENSG00000119965,ENSGALG00010001759,C10orf88,0,-0.0790336480353168,-1.1243396759988666,0.07029339062067971,-2.6550775013609096
ENSG00000147113,ENSGALG00010009786,DIPK2B,1,-1.4806356913239078,-2.0341035639016565,0.7279057554394476,-0.3175836959796533
ENSG00000134548,ENSGALG00010013963,SPX,0,-0.8522969955444015,-0.7052732872566981,1.2084634579874443,0.18934968320936396
ENSG00000196132,ENSGALG00010023242,MYT1,0,-2.902689410883001,-2.456001536905931,1.1818760563724269,0.16710305424080574
ENSG00000179988,ENSGALG00010001798,PSTK,0,0.2186980672166694,-2.824237885333635,-0.07743613537385644,
ENSG00000172602,ENSGALG00010022739,RND1,0,-1.3771411985436703,-2.771312924861509,0.49692735388678283,-0.6993114328111587
ENSG00000179674,ENSGALG00010001163,ARL14,0,0.4689559364158882,-0.2715014365676672,-1.727268711151032,
ENSG00000171862,ENSGALG00010022667,PTEN,0,1.1338138900676498,-0.0080903388581402,-140.14417813004806,
ENSG00000111328,ENSGALG00010024850,CDK2AP1,0,-2.492839278913861,-1.2720090601018603,1.9597653484592623,0.6728247459015481
ENSG00000088812,ENSGALG00010018021,ATRN,0,-0.2554801488413201,-1.063757789790361,0.24016759387648628,-1.426418291524911
ENSG00000065060,ENSGALG00010026068,BLTP3A,0,-1.144522481540422,-1.9329303263388595,0.5921178150835102,-0.5240496519329967
ENSG00000101557,ENSGALG00010005033,USP14,0,1.272440789059548,-0.403442606861182,-3.153957384321022,
ENSG00000176087,ENSGALG00010008088,SLC35A4,0,-1.043361444607191,-2.0680530106832093,0.5045138781343436,-0.6841599308763576
ENSG00000074590,ENSGALG00010010651,NUAK1,0,-2.071874530710616,-1.4710977133895993,1.408386752187079,0.3424449019687208
ENSG00000113595,ENSGALG00010012247,TRIM23,0,0.5822677526801119,-1.0791765411007186,-0.5395481930011388,
ENSG00000178217,ENSGALG00010010946,SH2D4B,0,-2.137641307056505,-1.5064911637541538,1.4189537638770706,0.34991981405090394
ENSG00000111490,ENSGALG00010013179,TBC1D30,0,-0.70017767722271,-1.3469798827462531,0.5198130173964973,-0.654286114001561
ENSG00000022840,ENSGALG00010023102,RNF10,0,-1.4126778583605208,-1.3226036046128171,1.0681037413126304,0.06588487188111683
ENSG00000134278,ENSGALG00010001180,SPIRE1,0,-1.35274854574695,-2.1294175322417948,0.6352669334523661,-0.45371000077764795
ENSG00000177291,ENSGALG00010004368,GJD4,0,-3.210071152155992,-1.4620654638668498,2.1955727917038965,0.78644296542511
ENSG00000068650,ENSGALG00010013263,ATP11A,0,-0.7748467297919319,0.1224369566016917,-6.32853634472997,
ENSG00000178795,ENSGALG00010002113,GDPD4,0,0.6115324736126535,-0.8463763291539409,-0.7225302179988384,
ENSG00000177283,ENSGALG00010006285,FZD8,0,-1.834327040864121,-1.961338225706408,0.9352425893822868,-0.06694932946098985
ENSG00000118096,ENSGALG00010022742,IFT46,0,-0.5904567307111446,-1.87435917711386,0.31501792074896257,-1.1551257505082029
ENSG00000171126,ENSGALG00010020177,KCNG3,0,-0.8686749134967524,-0.9618589787914276,0.9031208655849315,-0.10189888559085641
ENSG00000125971,ENSGALG00010024672,DYNLRB1,0,-0.6591690937602408,-0.415028051103372,1.5882519073296568,0.46263398206393047
ENSG00000099968,ENSGALG00010012343,BCL2L13,0,-1.4439714081285029,-1.6996751861422208,0.8495572682954249,-0.16303992602180925
ENSG00000124181,ENSGALG00010022365,PLCG1,0,-1.7313050238515508,-2.2377498242615026,0.7736812243624742,-0.2565953450567487
ENSG00000113555,ENSGALG00010011635,PCDH12,0,-2.326059697989507,-2.8917895552621484,0.8043668647176656,-0.2176998144760026
ENSG00000086717,ENSGALG00010003030,PPEF1,1,0.4186641255830654,-0.6451326024641464,-0.6489582513485402,
ENSG00000177733,ENSGALG00010015709,HNRNPA0,0,-1.6776008246769951,-1.6949000197616435,0.9897933831595086,-0.010259061514470966
ENSG00000175161,ENSGALG00010007271,CADM2,0,0.5788115294431311,-0.0117082714932927,-49.43612127329931,
ENSG00000187783,ENSGALG00010021875,TMEM72,0,-2.012739277222982,-2.1725902326541595,0.9264237898943813,-0.07642349255532652
ENSG00000027075,ENSGALG00010017816,PRKCH,0,-0.5336284096735415,-1.4213207011515454,0.3754454636741722,-0.9796420548792667
ENSG00000075290,ENSGALG00010021079,WNT8B,0,-1.7673957620837637,-2.325866373112791,0.7598870608023771,-0.27458546095185804
ENSG00000136750,ENSGALG00010005413,GAD2,0,0.4351150355465094,-0.2206672369203677,-1.971815307151961,
ENSG00000163646,ENSGALG00010001125,CLRN1,0,0.6916214907535085,-1.6087205026843487,-0.4299202313885182,
ENSG00000174695,ENSGALG00010006851,TMEM167A,0,1.4831346826582852,-0.9220126487996676,-1.6085838785282616,
ENSG00000165985,ENSGALG00010004722,C1QL3,0,-1.6777345218754434,-1.5245162579041254,1.100502873076578,0.0957672326820873
ENSG00000122862,ENSGALG00010023204,SRGN,0,-0.7775434042949652,-2.714856651011785,0.2864031159822699,-1.25035496412847
ENSG00000072657,ENSGALG00010012849,TRHDE,0,-0.0365498234513843,-1.0907545568401114,0.03350875155384931,-3.3959486338550393
ENSG00000165923,ENSGALG00010021737,AGBL2,0,0.1082962500888129,-2.5509076935155384,-0.04245400582863279,
ENSG00000049860,ENSGALG00010010769,HEXB,0,0.7279811823658449,-0.870404526568165,-0.8363710897002482,
ENSG00000072133,ENSGALG00010015487,RPS6KA6,1,1.1320653284465614,0.0300898087150378,37.622882191364546,3.6276124342121485
ENSG00000156564,ENSGALG00010020095,LRFN2,0,-2.5175596488449195,-1.2070960502110275,2.0856332421970842,0.7350725224231948
ENSG00000075643,ENSGALG00010008542,MOCOS,0,-1.0172050166573268,-0.3500506345692551,2.9058796534079123,1.0667361511480493
ENSG00000205593,ENSGALG00010006327,DENND6B,0,-2.2510105517245886,-1.4259829791407626,1.578567615919899,0.4565178636511691
ENSG00000112159,ENSGALG00010003308,MDN1,0,-0.5517504295531435,-0.9297652714458352,0.5934298112631609,-0.5218363343300736
ENSG00000086570,ENSGALG00010014522,FAT2,0,-0.9788297985840426,-1.3214977653883977,0.7406972786642265,-0.3001632679750072
ENSG00000145491,ENSGALG00010000789,ROPN1L,0,-0.3832267834853766,-0.9327820406593796,0.41084279797505024,-0.8895446243312994
ENSG00000110171,ENSGALG00010001617,TRIM3,0,-1.907176366412065,-3.012415393410378,0.633105371385364,-0.4571184072074818
ENSG00000124772,ENSGALG00010024851,CPNE5,0,-1.3770605039008483,-2.0680681939629744,0.6658680346812116,-0.4066637741995917
ENSG00000150636,ENSGALG00010001235,CCDC102B,0,0.049599721357481,-1.210867665705007,-0.04096213216545213,
ENSG00000198597,ENSGALG00010024544,ZNF536,0,-2.530842449460483,-1.425243178252063,1.7757267588288628,0.5742097807227682
ENSG00000178199,ENSGALG00010005459,ZC3H12D,0,-2.8831376756742646,-1.855508985756551,1.5538257684581982,0.44072012755048307
ENSG00000173064,ENSGALG00010025980,HECTD4,0,-1.1715637608703222,-0.9673629517437908,1.2110901691639464,0.19152092023337108
ENSG00000174132,ENSGALG00010012532,FAM174A,0,-1.9727029193275136,-1.760555213275302,1.1205004560223568,0.1137754212398924
ENSG00000168461,ENSGALG00010002357,RAB31,0,0.0262313188528722,-0.2647080773636876,-0.09909527172014655,
ENSG00000088766,ENSGALG00010017471,CRLS1,0,0.611007452461239,-0.1917670166115243,-3.1861967884654483,
ENSG00000112167,ENSGALG00010020654,SAYSD1,0,-1.0432465594916387,-2.361737429895112,0.44172842682938324,-0.8170600046751538
ENSG00000184530,ENSGALG00010004832,C6orf58,0,1.1478401956702609,-0.6202499927316469,-1.8506089627104234,
ENSG00000214338,ENSGALG00010004851,MTCL3,0,-2.451560117827576,-1.560744831655582,1.5707629255623092,0.45156144117828867
ENSG00000111241,ENSGALG00010022459,FGF6,0,-1.671390787455179,-0.074930173284893,22.305977874899103,3.1048547086817386
ENSG00000198646,ENSGALG00010021627,NCOA6,0,-1.475655840452383,-1.3370224637337949,1.1036881432279289,0.09865742898999771
ENSG00000184731,ENSGALG00010003754,FAM110C,0,-3.3372227674768222,-3.0872035751891245,1.0809856513179186,0.07787326504253739
ENSG00000181234,ENSGALG00010020787,TMEM132C,0,-2.380669590464519,-1.0512154744746944,2.2646827869939505,0.8174346992347998
ENSG00000181704,ENSGALG00010014407,YIPF6,1,0.7740485573059335,-0.7035699606009613,-1.1001728337644947,
ENSG00000171094,ENSGALG00010017563,ALK,0,-1.7058505802442046,-1.2957727857782764,1.3164735353039725,0.2749565974384413
ENSG00000242120,ENSGALG00010022083,MDFIC2,0,-0.428084636059534,-1.992309406705932,0.21486855134982555,-1.5377288268995641
ENSG00000187855,ENSGALG00010015553,ASCL4,0,-3.4367905829819474,-1.863822449062368,1.843947412861612,0.6119086067568308
ENSG00000139364,ENSGALG00010020913,TMEM132B,0,-1.3386555693669528,-1.2479700370388926,1.0726664339980736,0.07014754299535247
ENSG00000114757,ENSGALG00010018055,PEX5L,0,-0.6912460981873956,-0.8818393311442526,0.7838685277174607,-0.24351396693191277
ENSG00000198774,ENSGALG00010011313,RASSF9,0,0.2216425386907001,-0.8300874018245987,-0.26701108606577095,
ENSG00000139132,ENSGALG00010011150,FGD4,0,-0.4662926603263404,-0.9931966125069556,0.4694867606821151,-0.7561151794915503
ENSG00000267673,ENSGALG00010002425,FDX2,0,-2.562386095240525,-2.9570206780366486,0.866543177825139,-0.1432433409177677
ENSG00000166833,ENSGALG00010020125,NAV2,0,-2.289690301461368,-1.7770783623868662,1.2884577010920284,0.2534459225481705
ENSG00000152818,ENSGALG00010005045,UTRN,0,-0.2434789915403907,-1.4965219667671137,0.16269657041277533,-1.8158683441878252
ENSG00000088451,ENSGALG00010005460,TGDS,0,1.4751242512755225,-0.3379752915665701,-4.364591992621955,
ENSG00000173557,ENSGALG00010010400,CIMIP2C,0,-1.9038023526515493,-2.3729568260279925,0.802291188684733,-0.22028365885203285
ENSG00000215421,ENSGALG00010001229,ZNF407,0,-0.9446115247996634,-0.9261092228023012,1.0199785311945995,0.01978157922623875
ENSG00000172985,ENSGALG00010013378,SH3RF3,0,-2.772686515803757,-1.5416574354973278,1.7985101306953497,0.5869586169958088
ENSG00000151914,ENSGALG00010002374,DST,0,0.1514583818485846,-0.9279834329908762,-0.16321237692836454,
ENSG00000170417,ENSGALG00010013012,TMEM182,0,1.1833347176283269,0.1985834914901524,5.9588775922343356,1.784882139891556
ENSG00000141458,ENSGALG00010004859,NPC1,0,0.035255684651636,-0.1411504146887541,-0.24977386520172176,
ENSG00000173418,ENSGALG00010010994,NAA20,0,0.4037401532582194,-0.1063538375980203,-3.796197319970847,
ENSG00000144227,ENSGALG00010009212,NXPH2,0,-0.4483256834503049,-1.2146757888005806,0.36909082043447955,-0.9967125393869071
ENSG00000255154,ENSGALG00010020806,HTD2,0,0.5792734163286184,-1.683468437558043,-0.3440952045224466,
ENSG00000100281,ENSGALG00010015203,HMGXB4,0,-0.917449383222861,-1.0340365754899874,0.8872504174120914,-0.11962801699963575
ENSG00000139055,ENSGALG00010012069,ERP27,0,-0.156553383050694,-1.311968196212392,0.11932711745807432,-2.1258866709463504
ENSG00000119715,ENSGALG00010005211,ESRRB,0,-2.2316379613598123,-1.79824089900826,1.2410116812439165,0.21592691894522634
ENSG00000167548,ENSGALG00010024660,KMT2D,0,-2.671300334671704,-2.898581641366244,0.9215887855456742,-0.08165615757627158
ENSG00000198142,ENSGALG00010013388,SOWAHC,0,-3.4598121353333315,-2.702259474708784,1.280340458684556,0.24712602591153587
ENSG00000054654,ENSGALG00010017621,SYNE2,0,-0.2287112225011025,-1.3054320399495958,0.17519963927799206,-1.741829159397536
ENSG00000205177,ENSGALG00010022351,C11orf91,0,-2.896176553713841,-2.178215203463492,1.3296099251849622,0.28488560988131933
ENSG00000141452,ENSGALG00010004803,RMC1,0,-0.2650306050863538,-0.4620542657199108,0.5735919452521854,-0.5558370322426981
ENSG00000188486,ENSGALG00010024361,H2AX,0,-2.417944378553932,-1.8061608313547228,1.3387204154683927,0.291714243912594
ENSG00000134817,ENSGALG00010026507,APLNR,0,-1.581925097434242,-2.467297241518837,0.6411570810416134,-0.44448079585567374
ENSG00000090372,ENSGALG00010010862,STRN4,0,-2.636509854094287,-2.792047080362123,0.9442927637711385,-0.05731902980385538
ENSG00000101180,ENSGALG00010022833,HRH3,0,-2.1168225204207136,-1.0911556322896758,1.9399822149831947,0.6626788054987789
ENSG00000178694,ENSGALG00010006346,NSUN3,0,0.187484828849568,-0.9660259496104324,-0.1940784602371962,
ENSG00000159086,ENSGALG00010010575,PAXBP1,0,0.2986795522060355,-0.4185808422977627,-0.7135528481582204,
ENSG00000169379,ENSGALG00010006273,ARL13B,0,0.1315720555985375,-0.6829249183111404,-0.19265962050983954,
ENSG00000136535,ENSGALG00010021076,TBR1,0,-1.9563532285034704,-2.0032256976144933,0.9766015036813674,-0.023676587645167144
ENSG00000089250,ENSGALG00010000576,NOS1,0,-1.643596102501263,-2.046499908539669,0.8031254219180942,-0.21924438555320347
ENSG00000102309,ENSGALG00010015158,PIN4,1,0.5321568184443883,-1.082824949710622,-0.4914523059212884,
ENSG00000152214,ENSGALG00010012204,RIT2,0,0.246292995246403,-0.3092421601068108,-0.7964405473087321,
ENSG00000151117,ENSGALG00010024532,TMEM86A,0,-0.4108544019186411,-0.4536731266148648,0.9056176745232396,-0.09913805480313274
ENSG00000155957,ENSGALG00010012078,TMBIM4,0,1.0694048706487127,-0.2339375788317312,-4.571325718549581,
ENSG00000101473,ENSGALG00010015932,ACOT8,0,-2.0985593489984358,-1.9801718095598175,1.0597864987609005,0.05806747157369464
ENSG00000166337,ENSGALG00010001697,TAF10,0,-1.834452879677832,-1.001250893371108,1.8321610415761223,0.6054961671789986
ENSG00000173456,ENSGALG00010025983,RNF26,0,-2.01304252702789,-2.937871666338224,0.68520437774498,-0.37803812354940025
ENSG00000223953,ENSGALG00010026120,C1QTNF5,0,-2.816979538954333,-2.281772025475811,1.234557838163923,0.21071288019520998
ENSG00000235718,ENSGALG00010026113,MFRP,0,-2.5796026423010936,-2.9199264033051016,0.8834478291580257,-0.1239230391549089
ENSG00000185313,ENSGALG00010026794,SCN10A,0,-0.4396051222300574,-0.3370719573894236,1.304187763451873,0.2655804435160451
ENSG00000076555,ENSGALG00010021490,ACACB,0,-1.3001562241203182,-1.78278103587048,0.7292854242671982,-0.3156900951135162
ENSG00000181786,ENSGALG00010028469,ACTL9,0,-2.5049487506440915,-1.85180867987998,1.3527038607500441,0.3021054492155724
ENSG00000144331,ENSGALG00010026154,ZNF385B,0,-1.1082735965249526,-0.8494172516478534,1.304745805874466,0.2660082370311154
ENSG00000144597,ENSGALG00010016904,EAF1,0,-2.2715549095481684,-2.099775701722293,1.0818083606191735,0.07863404885865269
ENSG00000188042,ENSGALG00010012744,ARL4C,0,-2.2126295528621984,-2.351073396480705,0.9411146228672649,-0.060690337179173055
ENSG00000183762,ENSGALG00010023956,KREMEN1,0,-1.2848606664634534,-1.0579855187956095,1.2144406928424827,0.19428363569671017
ENSG00000008300,ENSGALG00010027145,CELSR3,0,-2.300429849757867,-2.3465885864297724,0.9803294293090662,-0.019866611447874376
ENSG00000138400,ENSGALG00010025874,MDH1B,0,0.2594797954246939,-0.2800248644058578,-0.9266312688883706,
ENSG00000174032,ENSGALG00010003589,SLC25A30,0,0.6688302730418254,0.1044171705667722,6.405366755404706,1.8571361945063483
ENSG00000184792,ENSGALG00010000281,OSBP2,0,-2.5109191265975728,-2.292899853126685,1.0950845163052316,0.09083154413033898
ENSG00000184271,ENSGALG00010023876,POU6F1,0,-2.1592990464993798,-1.746833833964555,1.2361216072845964,0.21197874196644884
ENSG00000074855,ENSGALG00010028601,ANO8,0,-2.897864531980576,-2.559280014697304,1.1322967847749623,0.12424812278155317
ENSG00000152749,ENSGALG00010005438,GPR180,0,0.0405170653570703,-0.8469483129002779,-0.04783888785175595,
ENSG00000138434,ENSGALG00010022406,ITPRID2,0,-0.6165706656138479,-1.8905923967560665,0.32612564541768907,-1.120472556477179
ENSG00000136111,ENSGALG00010000816,TBC1D4,0,-1.2354360663957458,-1.592121316863894,0.7759685479428574,-0.25364329062179397
ENSG00000165487,ENSGALG00010005396,MICU2,0,0.9517745807520904,-0.2375980025286271,-4.0058189489089475,
ENSG00000151320,ENSGALG00010005763,AKAP6,0,-0.4874864395585554,-1.2114241534887111,0.4024077266039901,-0.910289459078788
ENSG00000130055,ENSGALG00010018585,GDPD2,1,-0.6568830952790368,-2.094810667283867,0.31357635586740246,-1.1597123891792798
ENSG00000118997,ENSGALG00010010884,DNAH7,0,1.0511871957350127,-0.1172220469623613,-8.967487115052148,
ENSG00000231213,ENSGALG00010016979,PLSCR5,0,0.197383547322822,-0.563973864680634,-0.34998704671287556,
ENSG00000130032,ENSGALG00010015129,PRRG3,1,-2.739834806936697,-2.262750779795865,1.2108424981667105,0.19131639679517642
ENSG00000100603,ENSGALG00010004975,SNW1,0,-0.0167666093678402,-0.5222258534033543,0.032106050013747764,-3.4387107926566216
ENSG00000175497,ENSGALG00010021532,DPP10,0,0.5807148010143237,-0.4151189469119012,-1.3989118187312375,
ENSG00000114841,ENSGALG00010027473,DNAH1,0,-1.604806648342315,-1.3640004567549573,1.1765440696114213,0.16258138671699032
ENSG00000185100,ENSGALG00010017318,ADSS1,0,-1.492333488204055,-0.1095503745616466,13.62234948237702,2.6117117882217094
ENSG00000152822,ENSGALG00010005371,GRM1,0,-1.0912196410031587,-1.4335427795717597,0.7612047973407094,-0.27285284124065723
ENSG00000174453,ENSGALG00010011894,VWC2L,0,-0.2459273341754215,-1.462488620535229,0.16815675057042095,-1.7828586954796528
ENSG00000187860,ENSGALG00010000210,CCDC157,0,-3.593225187877165,-3.2484885145523488,1.1061221770618825,0.10086036450528031
ENSG00000198732,ENSGALG00010021485,SMOC1,0,-1.746978889587233,-2.0305106704327205,0.8603642990041198,-0.15039937593605168
ENSG00000102053,ENSGALG00010015044,ZC3H12B,1,-1.126194457590307,-1.21262416568273,0.9287250654090655,-0.07394253078398332
ENSG00000100364,ENSGALG00010012074,KIAA0930,0,-1.646365998333538,-0.8323721947621878,1.9779204647794746,0.6820460224727041
ENSG00000175063,ENSGALG00010015892,UBE2C,0,-0.9691349125869416,-1.8493273539745436,0.5240472491276857,-0.6461734286351698
ENSG00000144452,ENSGALG00010011949,ABCA12,0,0.5043398807757455,-0.934878251822193,-0.539471187604081,
ENSG00000112309,ENSGALG00010001633,B3GAT2,0,-1.5562291732288998,-1.9810391125345497,0.7855620635565613,-0.24135581287803065
ENSG00000114554,ENSGALG00010022196,PLXNA1,0,-2.401644899862431,-2.20590823025598,1.0887329159580392,0.08501455763371563
ENSG00000180182,ENSGALG00010002528,MED14,1,-0.0320661319830613,-0.7786921575318465,0.04117947210961846,-3.1898153965608596
ENSG00000160145,ENSGALG00010019932,KALRN,0,-1.5230553216200118,-1.653625562252507,0.9210400204175381,-0.08225179044881151
ENSG00000135916,ENSGALG00010024964,ITM2C,0,-1.6628490379368817,-1.365867233792582,1.2174309455536723,0.1967428561349981
ENSG00000185347,ENSGALG00010013144,TEDC1,0,-2.7412720689905914,-2.084544443988939,1.3150461132624989,0.2738717321346618
ENSG00000139505,ENSGALG00010006016,MTMR6,0,0.4629597015951603,-0.8429965069497012,-0.5491834162757493,
ENSG00000111262,ENSGALG00010024400,KCNA1,0,-1.360868284666397,-1.0267445435811076,1.3254205178631129,0.28172978105851504
ENSG00000175198,ENSGALG00010005515,PCCA,0,0.7563219315062728,-0.2456296718778187,-3.07911469214714,
ENSG00000188559,ENSGALG00010018241,RALGAPA2,0,-0.3734228582594188,-0.9549514489102684,0.3910385796948587,-0.9389490545679523
ENSG00000184898,ENSGALG00010009690,RBM43,0,0.6454346398337201,-0.6641648809761428,-0.9717988082795128,
ENSG00000053524,ENSGALG00010016355,MCF2L2,0,-0.9138786778723452,-0.8866610914586851,1.0306967190461502,0.03023499982681569
ENSG00000150676,ENSGALG00010008119,CCDC83,0,0.2794820920612704,-1.046752189054209,-0.26699929074310885,
ENSG00000100307,ENSGALG00010012653,CBX7,0,-3.001619481521116,-1.6491027164050058,1.82015313640654,0.5989206384317727
ENSG00000196218,ENSGALG00010009379,RYR1,0,-1.8300542604793133,-2.451553506277093,0.7464875866643503,-0.2923762908560195
ENSG00000033327,ENSGALG00010003818,GAB2,0,-2.202104747255732,-2.613237940587792,0.8426728821947287,-0.1711764363884759
ENSG00000196227,ENSGALG00010024565,FAM217B,0,-0.940261515554388,-0.8995130987355082,1.0453005263360389,0.04430442908269523
ENSG00000140057,ENSGALG00010015663,AK7,0,0.0897231525525086,-0.1467183247437214,-0.6115333766878235,
ENSG00000089818,ENSGALG00010024821,NECAP1,0,-0.7631050452493575,-0.9891186497628732,0.7715000070338385,-0.259418598061827
ENSG00000168918,ENSGALG00010022974,INPP5D,0,-2.350278350960899,-1.915009556985576,1.2272932750583663,0.2048111551460071
ENSG00000167037,ENSGALG00010021141,SGSM1,0,-1.9526169895446728,-2.2446004822177565,0.8699173884233544,-0.1393570276773232
ENSG00000124126,ENSGALG00010023974,PREX1,0,-2.08485591913964,-1.0567455242513484,1.9729025307362023,0.6795058242673189
ENSG00000170044,ENSGALG00010004577,ZPLD1,0,0.0323880604418853,-0.814400792675793,-0.03976919071440387,
ENSG00000165898,ENSGALG00010004380,ISCA2,0,-2.127407149637362,-1.5027977294290222,1.4156310646314696,0.3475754137464655
ENSG00000205704,ENSGALG00010009708,SMIM45,0,-0.7796353857162597,-1.1535712579977813,0.6758450163446766,-0.39179149498689814
ENSG00000100116,ENSGALG00010010776,GCAT,0,-1.867627728806278,-1.556709304509393,1.1997279925007405,0.18209485818371673
ENSG00000118492,ENSGALG00010005391,ADGB,0,0.3561899580127878,-0.8305430685342029,-0.4288639223025668,
ENSG00000162976,ENSGALG00010002673,SLC66A3,0,0.2686125235450785,-0.1371645061081878,-1.9583238489789165,
ENSG00000101311,ENSGALG00010018512,FERMT1,0,0.3168051077857559,-0.4222514191162488,-0.7502760048712522,
ENSG00000167767,ENSGALG00010024206,KRT80,0,-2.4381846620613707,-2.5104284343141865,0.9712225326699856,-0.029199658091440883
ENSG00000070985,ENSGALG00010024211,TRPM5,0,-2.340551578871757,-0.2390234358361039,9.792142643605253,2.281580293025515
ENSG00000164485,ENSGALG00010005297,IL22RA2,0,0.0054373233263067,-0.9043072145482144,-0.006012694844000719,
ENSG00000124194,ENSGALG00010023366,GDAP1L1,0,-2.067907576158293,-1.958884215546099,1.0556558472149413,0.05416222990780927
ENSG00000126001,ENSGALG00010021373,CEP250,0,-2.707709798379428,-2.1657177497564533,1.250259780474129,0.22335135410101814
ENSG00000241635,ENSGALG00010011085,UGT1A1,0,-0.1895776556649018,-0.3734874588836913,0.5075877413167404,-0.6780856937157564
ENSG00000153157,ENSGALG00010010747,SYCP2L,0,0.0157078607469731,-1.018424715534854,-0.015423683761173921,
ENSG00000124721,ENSGALG00010020768,DNAH8,0,0.9553752637355276,0.312455170993177,3.057639470963948,1.1176432035531854
ENSG00000186471,ENSGALG00010012929,AKAP14,1,1.133329731774232,-0.9308095753348228,-1.2175742083084613,
ENSG00000133107,ENSGALG00010002362,TRPC4,0,0.2044622958630775,-0.8152815046483354,-0.25078735957743886,
ENSG00000175352,ENSGALG00010022655,NRIP3,0,-0.912874389469314,-2.8347930642327954,0.3220250539579943,-1.1331259291415978
ENSG00000121297,ENSGALG00010024626,TSHZ3,0,-2.4532408807482504,-1.1932659991923191,2.055904452493212,0.7207158739902808
ENSG00000152254,ENSGALG00010025362,G6PC2,0,0.392486059143371,0.3064627511974082,1.2806974342227673,0.24740480003003823
ENSG00000101443,ENSGALG00010015822,WFDC2,0,-1.8303772306554291,-2.38358445356784,0.7679095355382314,-0.2640833450404468
ENSG00000160199,ENSGALG00010011340,PKNOX1,0,-1.08258063563661,-0.4993132075567313,2.1681393947777927,0.7738693779946911
ENSG00000156925,ENSGALG00010017413,ZIC3,1,-2.5833169535216403,-2.0848789554196205,1.2390728712601446,0.21436341549388394
ENSG00000081479,ENSGALG00010024034,LRP2,0,0.0995732007790444,-0.6498674437320215,-0.15322078639179265,
ENSG00000149639,ENSGALG00010023482,MTCL2,0,-2.951882955877688,-3.420782704656196,0.8629261811513881,-0.1474261290411555
ENSG00000100350,ENSGALG00010014936,FOXRED2,0,-1.8617879506462405,-1.4110845989508016,1.3194020769772097,0.2771786619885153
ENSG00000196371,ENSGALG00010009149,FUT4,0,-2.573833785462801,-2.240141490043392,1.148960365629827,0.13885750360658747
ENSG00000125995,ENSGALG00010022216,ROMO1,0,-0.1041461633021825,-0.0572115218036115,1.8203704432069177,0.5990400206007842
ENSG00000185345,ENSGALG00010006183,PRKN,0,-1.430693597254722,-0.8772812421225524,1.630826613587687,0.489087011174717
ENSG00000110400,ENSGALG00010026003,NECTIN1,0,-1.8998229615056168,-2.006763069014876,0.9467101477197524,-0.054762306859897594
ENSG00000112530,ENSGALG00010006068,PACRG,0,-0.3788451462880289,0.0714577386989991,-5.301667155797295,
ENSG00000182208,ENSGALG00010024662,MOB2,0,-2.502193090963395,-1.598858184580413,1.5649875111469274,0.4478778438624654
ENSG00000149212,ENSGALG00010008386,SESN3,0,0.6711142413006552,-0.2823000672469026,-2.377308117017527,
ENSG00000165349,ENSGALG00010018489,SLC7A3,1,0.2231617076131673,-1.3492214247318914,-0.16540035869761893,
ENSG00000132002,ENSGALG00010003909,DNAJB1,0,-1.280685766842419,-1.5077736377959186,0.8493886182507745,-0.1632384609445986
ENSG00000170396,ENSGALG00010013423,ZNF804A,0,0.0421659039536361,-1.4941474087063125,-0.02822071216530428,
ENSG00000105402,ENSGALG00010010781,NAPA,0,-0.7844670697962286,-2.040955316353662,0.38436268717423216,-0.9561686743022852
ENSG00000123364,ENSGALG00010025397,HOXC13,0,-2.654368013581262,-1.7909840810701807,1.4820723654870103,0.39344135529513563
ENSG00000213995,ENSGALG00010014362,NAXD,0,-1.4532990209380436,-1.1145091559366584,1.3039812308375867,0.2654220698714153
ENSG00000123407,ENSGALG00010025552,HOXC12,0,-2.273072654566814,-2.451297599638657,0.9272936321162658,-0.07548500832315701
ENSG00000173214,ENSGALG00010013679,SLC60A2,0,0.9766687514100932,-0.5381383990649908,-1.814902547573345,
ENSG00000123388,ENSGALG00010025719,HOXC11,0,-2.2900735825264658,-1.7885498651528755,1.2804080149762684,0.24717878883801853
ENSG00000132313,ENSGALG00010017807,MRPL35,0,0.4382044028014036,-1.6213050064938486,-0.27027881925131536,
ENSG00000009413,ENSGALG00010013664,REV3L,0,0.3710494216200093,-0.8884358899168264,-0.41764344037783774,
ENSG00000174527,ENSGALG00010021559,MYO1H,0,-0.3702783120714876,-0.9021714753829966,0.4104300813925582,-0.8905496900715738
ENSG00000159082,ENSGALG00010010534,SYNJ1,0,0.1953176709442754,-0.8301253592620338,-0.23528695848770267,
ENSG00000134901,ENSGALG00010006063,POGLUT2,0,0.5776771195306711,-0.4046200100346894,-1.4277027957197297,
ENSG00000125531,ENSGALG00010016437,FNDC11,0,-2.23773253885482,-1.6638395302082316,1.344920888239003,0.2963351921707305
ENSG00000141977,ENSGALG00010027952,CIB3,0,-0.778746572998207,-0.3621418015036768,2.150391282543781,0.7656498174618865
ENSG00000080561,ENSGALG00010015498,MID2,1,-0.5589787340807568,-2.4179071124584697,0.23118288175776971,-1.4645461857651694
ENSG00000237412,ENSGALG00010017861,PRSS56,0,-3.3486447969072994,-3.010589697490717,1.1122886654725306,0.10641975339268715
ENSG00000152213,ENSGALG00010004070,ARL11,0,-1.805326320519592,-2.815061802032212,0.6413096576481251,-0.44424285345509745
ENSG00000178882,ENSGALG00010024653,RFLNA,0,-3.4745523159519305,-2.67251024561187,1.300108136781505,0.262447443147668
ENSG00000168135,ENSGALG00010012887,KCNJ4,0,-1.999300153240705,-1.1430348148665603,1.7491157112953786,0.5591103523931842
ENSG00000083535,ENSGALG00010000823,PIBF1,0,0.3229669209024788,-1.2557195570516082,-0.25719669578197496,
ENSG00000185339,ENSGALG00010000286,TCN2,0,-1.5587028231445732,-2.2478699990461366,0.6934132417826631,-0.36612914902480176
ENSG00000196876,ENSGALG00010022264,SCN8A,0,-0.1967833579720039,-1.062142741439752,0.18527016218673284,-1.6859401830131782
ENSG00000114124,ENSGALG00010023921,GRK7,0,-0.8032198123617693,-0.4114894651222966,1.9519814732633523,0.6688449967897899
ENSG00000166405,ENSGALG00010020655,RIC3,0,-0.5252257292997644,-0.9926352749715356,0.5291225715455514,-0.6365351697182218
ENSG00000138271,ENSGALG00010001120,GPR87,0,0.3045213278964329,-0.7462942086418441,-0.4080446081051882,
ENSG00000171450,ENSGALG00010021205,CDK5R2,0,-2.753140038997918,-2.6752473335076394,1.0291160763024292,0.02870025544854059
ENSG00000163497,ENSGALG00010021226,FEV,0,-2.35651157128323,-1.958585737877677,1.2031699841931582,0.184959727254292
ENSG00000181631,ENSGALG00010001117,P2RY13,0,0.7308673045827216,-0.3398687791939115,-2.150439667674584,
ENSG00000124749,ENSGALG00010002389,COL21A1,0,-0.0164630893735751,-0.1178915549353212,0.13964604489784904,-1.968644308525497
ENSG00000171703,ENSGALG00010023328,TCEA2,0,-1.7136549257266471,-1.4125121838379635,1.2131965623619918,0.19325866329875904
ENSG00000173769,ENSGALG00010016241,TOPAZ1,0,0.4049731911947472,-0.7796188858274551,-0.5194502064491748,
ENSG00000119147,ENSGALG00010012967,ECRG4,0,-0.2329090700100131,-1.3176782847161514,0.1767571589450496,-1.732978471800514
ENSG00000083520,ENSGALG00010000843,DIS3,0,0.5764925909437064,-0.3294026596918582,-1.75011516750651,
ENSG00000189431,ENSGALG00010021758,RASSF10,0,-3.022641165333157,-3.6672132999493927,0.8242338031918867,-0.1933010475820127
ENSG00000232125,ENSGALG00010025894,DYTN,0,-1.0083576431480117,-0.8975620792099887,1.123440558045347,0.11639590340677057
ENSG00000120645,ENSGALG00010010154,IQSEC3,0,-3.1120205526693088,-2.02173899486662,1.5392790862574317,0.43131418101358243
ENSG00000178732,ENSGALG00010014668,GP5,0,-2.222588649899373,-1.4737884614765024,1.508078471229644,0.41083630485633854
ENSG00000168779,ENSGALG00010001216,SHOX2,0,-1.789382345553726,-2.3361036643887645,0.7659687251173048,-0.2666139389036488
ENSG00000142611,ENSGALG00010019648,PRDM16,0,-2.925834436073819,-1.9682391162261657,1.4865238740319895,0.39644042389346995
ENSG00000110066,ENSGALG00010025652,KMT5B,0,-0.2977108416038714,-0.6905594742951274,0.43111542551458415,-0.8413794161141914
ENSG00000187527,ENSGALG00010013786,ATP13A5,0,-0.0419348272648143,-1.149199954974358,0.036490453278646355,-3.3107046066145958
ENSG00000073614,ENSGALG00010012219,KDM5A,0,-0.1327155687397621,-1.2009755812838356,0.11050646724880947,-2.2026812325984286
ENSG00000204406,ENSGALG00010009515,MBD5,0,-1.0000453195677732,-1.433378700006665,0.6976839543960875,-0.35998906615708737
ENSG00000169855,ENSGALG00010007360,ROBO1,0,-0.6435491921480772,-1.0849810903970265,0.5931432334111773,-0.5223193688281889
ENSG00000111886,ENSGALG00010003405,GABRR2,0,-0.4109588875836216,-0.9523737414003562,0.43151009915430233,-0.8404643639717019
ENSG00000134900,ENSGALG00010005174,TPP2,0,0.8916180327589718,-0.0082476012447475,-108.1063458695703,
ENSG00000198171,ENSGALG00010017886,DDRGK1,0,-2.7359157623713504,-1.2040890271149505,2.2721872725031997,0.8207429237398627
ENSG00000146373,ENSGALG00010004977,RNF217,0,-1.96955190977798,-0.777286500995237,2.533881531785471,0.9297523293401877
ENSG00000149527,ENSGALG00010019834,PLCH2,0,-2.86864173413886,-1.1317691950864903,2.534652601071756,0.930056586654836
ENSG00000176915,ENSGALG00010021088,ANKLE2,0,-1.2810524661409737,-1.2293020939657202,1.0420973594930658,0.04123537418045212
ENSG00000136161,ENSGALG00010003929,RCBTB2,0,-0.0840419590863117,-0.5828929373005611,0.14418078125207504,-1.9366873414319883
ENSG00000169446,ENSGALG00010014856,MMGT1,1,0.4938885798713155,-1.2589069046371038,-0.3923154111333477,
ENSG00000071909,ENSGALG00010023254,MYO3B,0,-0.2061777239619946,-0.050396199326125,4.091136369784014,1.4088227724870275
ENSG00000142606,ENSGALG00010019692,MMEL1,0,-1.9441987181598608,-0.4269999441941031,4.553159185604199,1.5158213185361453
ENSG00000188130,ENSGALG00010001611,MAPK12,0,-1.602535467645307,-0.4148989744087669,3.8624715087062533,1.3513072658099277
ENSG00000135547,ENSGALG00010004892,HEY2,0,-2.009538778970466,-1.6728569107044553,1.2012616058860832,0.18337234276335865
ENSG00000101460,ENSGALG00010024665,MAP1LC3A,0,-2.158353025932204,-2.4919403079691245,0.8661335181384073,-0.1437162043149835
ENSG00000154134,ENSGALG00010024561,ROBO3,0,-2.7148387453735427,-2.744133268179468,0.989324671966329,-0.010732718152313888
ENSG00000183662,ENSGALG00010019871,TAFA1,0,-0.3398761257394884,-1.0328068295327566,0.3290800525527594,-1.111454236985421
ENSG00000184012,ENSGALG00010013833,TMPRSS2,0,-0.9578230365966184,-0.4493126429633262,2.131751802663603,0.7569440842658415
ENSG00000048707,ENSGALG00010021092,VPS13D,0,-0.3346491247381813,-0.8635317736500394,0.3875353923847664,-0.9479480991730456
ENSG00000180767,ENSGALG00010021154,CHST13,0,-2.431322406610784,-2.182260724417176,1.1141301217617459,0.10807394057407206
ENSG00000135406,ENSGALG00010023967,PRPH,0,-3.2538609913560723,-2.730852690772692,1.1915183130714369,0.1752283872005578
ENSG00000197980,ENSGALG00010001497,LEKR1,0,0.3882481995427991,-1.6782322184870442,-0.23134355023455078,
ENSG00000170890,ENSGALG00010026939,PLA2G1B,0,-1.031550004421753,-1.2446717725837415,0.8287727151395251,-0.18780932894121155
ENSG00000174844,ENSGALG00010027073,DNAH12,0,1.100677450131494,-0.1772028743903418,-6.211397269476149,
ENSG00000139154,ENSGALG00010013791,AEBP2,0,-2.502694553389203,-2.283472824522773,1.096003651329744,0.09167052002551519
ENSG00000139289,ENSGALG00010014238,PHLDA1,0,-3.6661228172543137,-2.5591386418926465,1.4325612365194023,0.3594639166996511
ENSG00000198176,ENSGALG00010016472,TFDP1,0,-1.5845089715368488,-0.5990831048191778,2.6448900975351384,0.9726295134205821
ENSG00000180251,ENSGALG00010013886,SLC9A4,0,-0.3536859334469131,-0.6909810365165125,0.5118605500810456,-0.6697030541631587
ENSG00000158411,ENSGALG00010015816,MITD1,0,0.7275481362482701,-0.5406243807020854,-1.3457553196240148,
ENSG00000187033,ENSGALG00010016821,SAMD7,0,-0.6034992167022057,-1.720719783987308,0.35072486660422864,-1.0477532187202956
ENSG00000189337,ENSGALG00010021003,KAZN,0,-2.7945136657630645,-2.8263690131781964,0.988729232712854,-0.011334763698243343
ENSG00000159147,ENSGALG00010012105,DONSON,0,-0.4610601605884739,-1.430888988067244,0.3222193786054957,-1.1325226654001588
ENSG00000147257,ENSGALG00010017409,GPC3,1,0.4073510128867887,-1.759693146136169,-0.23148979910572828,
ENSG00000164483,ENSGALG00010005257,SAMD3,0,0.5566710830395234,-0.1809401148144555,-3.0765487443752324,
ENSG00000125970,ENSGALG00010024769,RALY,0,-1.776919340466259,-1.1836061214866709,1.5012758959326402,0.40631534384372703
ENSG00000134317,ENSGALG00010002433,GRHL1,0,-0.6739228840461333,-1.006940423420287,0.669277812640604,-0.40155603952123103
ENSG00000128298,ENSGALG00010013032,BAIAP2L2,0,-2.7931349876054856,-2.3394692689976435,1.1939182209485562,0.17724052095687304
ENSG00000054938,ENSGALG00010001854,CHRDL2,0,-2.702962707638642,-2.102879395496762,1.2853626857664477,0.2510409242559937
ENSG00000100271,ENSGALG00010012193,TTLL1,0,-0.6748708757787476,0.1874419689050138,-3.6004256662537424,
ENSG00000163873,ENSGALG00010016578,GRIK3,0,-1.365206114657843,-1.6074802017060226,0.8492833150970982,-0.1633624438653073
ENSG00000147162,ENSGALG00010016932,OGT,1,0.723978760007487,-0.4184837953751767,-1.7300042869244905,
ENSG00000096696,ENSGALG00010010188,DSP,0,-0.9090386662884172,-1.1353905158349735,0.8006396509485587,-0.22234430710926964
ENSG00000166435,ENSGALG00010001862,XRRA1,0,-1.4482753969559017,-1.975937496856472,0.7329560774366445,-0.31066950053254444
ENSG00000117000,ENSGALG00010013981,RLF,0,0.0115189726839091,-1.2164807516424498,-0.009469095724167098,
ENSG00000111305,ENSGALG00010011038,GSG1,0,-1.1833389529743972,-1.7566707651984597,0.6736259158048375,-0.3950803432121059
ENSG00000116544,ENSGALG00010013936,DLGAP3,0,-3.320181326193387,-2.932118930333908,1.1323487911233145,0.12429405168885316
ENSG00000147119,ENSGALG00010002954,CHST7,1,-2.202533362112961,-2.9931857747801,0.7358492014331366,-0.30673007060310403
ENSG00000163877,ENSGALG00010016613,SNIP1,0,-2.4339381180006505,-1.9276981314274657,1.262613724794303,0.23318395715549678
ENSG00000217236,ENSGALG00010022605,SP9,0,-3.0164435774700085,-2.4397024381586503,1.2363981485162796,0.2122024337951491
ENSG00000174173,ENSGALG00010006013,TRMT10C,0,1.239956111629363,-0.3607146468641077,-3.437498649996579,
ENSG00000154027,ENSGALG00010022373,AK5,0,-0.1100148640204192,-0.6077042432822006,0.18103356235630466,-1.709072837522945
ENSG00000115474,ENSGALG00010022822,KCNJ13,0,0.342265153783547,-0.7274161906283394,-0.47052177033329384,
ENSG00000139546,ENSGALG00010024245,TARBP2,0,-2.0098033226987475,-2.800862615756253,0.7175658353939243,-0.33189057891116014
ENSG00000102098,ENSGALG00010002345,SCML2,1,-0.0998226886142834,-0.618958669034648,0.1612752088438647,-1.8246430016096882
ENSG00000134905,ENSGALG00010014379,CARS2,0,-1.167042432178221,-0.3689343012877003,3.163279825445519,1.1516094087776372
ENSG00000166436,ENSGALG00010020629,TRIM66,0,-2.0694954567814623,-1.6931383974585286,1.2222836951119067,0.2007209901980007
ENSG00000121552,ENSGALG00010021760,CSTA,0,1.531028410432695,-1.0012741360031407,-1.5290801543563415,
ENSG00000114023,ENSGALG00010021786,FAM162A,0,-0.1673182378856843,-0.8019408862500438,0.20864161031629302,-1.5671372821165543
ENSG00000100557,ENSGALG00010017169,CCDC198,0,-0.5263656642898926,-2.431237604068001,0.21650112000948238,-1.5301595582990135
ENSG00000131233,ENSGALG00010013541,GJA9,0,0.1871282489820824,-1.7897581562638325,-0.10455504746670219,
ENSG00000163840,ENSGALG00010020569,DTX3L,0,-0.1468507024002843,-0.582775759145905,0.2519849188914504,-1.3783860389303848
ENSG00000151276,ENSGALG00010020282,MAGI1,0,-2.011324450565869,-2.1150223833775974,0.9509707634175828,-0.05027195989819404
ENSG00000182183,ENSGALG00010024984,SHISAL2A,0,-2.0297158903769503,-1.5105347676587455,1.3437068340524925,0.29543208888204575
ENSG00000067334,ENSGALG00010024522,DNTTIP2,0,0.0772949522543431,-0.8008593717750527,-0.09651501247094589,
ENSG00000166428,ENSGALG00010019994,PLD4,0,-2.1730136515147347,-0.6003084520889683,3.61982851308028,1.2864266526383168
ENSG00000100599,ENSGALG00010015431,RIN3,0,-2.6702551790811064,-1.7186111693091284,1.5537285144926256,0.4406575355847447
ENSG00000115155,ENSGALG00010010417,OTOF,0,-1.843485448331414,-1.414175670077206,1.3035759894177577,0.2651112491385519
ENSG00000151067,ENSGALG00010014295,CACNA1C,0,-1.5543546766974965,-1.146617093951608,1.355600474558333,0.3042445108232363
ENSG00000140022,ENSGALG00010006843,STON2,0,-1.6613571109250458,-1.7171516635294224,0.9675074987321173,-0.03303210348072474
ENSG00000174016,ENSGALG00010019114,TENT5D,1,1.178823114833797,-0.5468274300589272,-2.1557497850953906,
ENSG00000150672,ENSGALG00010008069,DLG2,0,-0.2530068615993563,-0.649922769606122,0.3892875791268063,-0.9434369305340959
ENSG00000101901,ENSGALG00010015285,ALG13,1,0.2263363635731714,-0.5141443454377804,-0.4402194939641939,
ENSG00000114656,ENSGALG00010027954,CFAP92,0,-1.6638215990654732,-0.8068881866008836,2.0620225041024924,0.723687299260962
ENSG00000143032,ENSGALG00010022163,BARHL2,0,-2.966328590346846,-2.404301647255818,1.2337589144575536,0.210065537236961
ENSG00000169605,ENSGALG00010020264,GKN1,0,0.7790980905113063,0.0015259865424203,510.5537099138588,6.23549584247962
ENSG00000198162,ENSGALG00010023053,MAN1A2,0,0.6860511554444528,-0.2656351079416491,-2.582682540574248,
ENSG00000182447,ENSGALG00010001137,OTOL1,0,-0.4571852161090355,-1.1407528479484954,0.4007749942778817,-0.9143551206840327
ENSG00000183185,ENSGALG00010007865,GABRR3,0,0.7073427193669932,-0.1737511319048846,-4.0710107129213355,
ENSG00000134253,ENSGALG00010022550,TRIM45,0,-1.5725179265419786,-2.428320416655668,0.6475743134045227,-0.4345217222572721
ENSG00000179388,ENSGALG00010019322,EGR3,0,-2.5459262902169257,-2.291061183991143,1.1112432561848022,0.1054794391524692
ENSG00000112212,ENSGALG00010027621,TSPO2,0,-1.2772521884718504,-0.8681664135228465,1.4712066357059532,0.3860829047015227
ENSG00000133104,ENSGALG00010006381,SPART,0,0.4177106356950304,-0.7510088487096516,-0.5561993529273608,
ENSG00000186666,ENSGALG00010024225,BCDIN3D,0,-1.232502058837234,-2.4871740142461043,0.49554315531509835,-0.702100834524077
ENSG00000269964,ENSGALG00010003846,MEI4,0,0.377754650634083,-0.6184108301222102,-0.6108474047251585,
ENSG00000171435,ENSGALG00010000196,KSR2,0,-2.409677953414485,-2.7096594913122862,0.889291795201721,-0.11732986875008201
ENSG00000198765,ENSGALG00010025384,SYCP1,0,0.8538385399025064,-0.671286772513899,-1.2719430426209204,
ENSG00000180998,ENSGALG00010017976,GPR137C,0,-0.4454426283179682,-1.3400140779518666,0.3324163795344608,-1.1013669406370943
ENSG00000066455,ENSGALG00010015481,GOLGA5,0,-0.3814892932280322,-1.2735912739341675,0.2995382435760561,-1.2055131781726234
ENSG00000155761,ENSGALG00010022138,SPAG17,0,0.2341200766668087,-0.8236250772208717,-0.28425564391117325,
ENSG00000088367,ENSGALG00010024631,EPB41L1,0,-2.39830577318447,-1.9718904207053825,1.2162469820846082,0.19576987318682515
ENSG00000156466,ENSGALG00010011423,GDF6,0,-2.5037027977949986,-2.750539294126088,0.9102588729205865,-0.0940262441898833
ENSG00000188846,ENSGALG00010016800,RPL14,0,0.8044469989906453,0.1306845013476357,6.155641952144917,1.8173690518655294
ENSG00000124003,ENSGALG00010023597,MOGAT1,0,0.5608420071322353,-0.8955733617695493,-0.6262379287656306,
ENSG00000163155,ENSGALG00010028594,LYSMD1,0,-1.495083548832298,-1.9910937564549076,0.75088555924873,-0.2865020233187395
ENSG00000057294,ENSGALG00010011076,PKP2,0,-1.4424154704150889,-1.14116067102215,1.2639898193504178,0.23427324138085118
ENSG00000080224,ENSGALG00010004445,EPHA6,0,-0.0305892650195289,-0.3963915993705865,0.07716930698859488,-2.5617534788743836
ENSG00000173093,ENSGALG00010025631,CCDC63,0,-1.1713437065418812,-2.2337848636368385,0.5243762394534314,-0.6455458380858792
ENSG00000138395,ENSGALG00010025071,CDK15,0,-1.0214365526074118,-1.5131920936993906,0.675021074231392,-0.3930113675134314
ENSG00000047410,ENSGALG00010021514,TPR,0,0.0108754053914008,-1.4033370901395592,-0.007749674306918847,
ENSG00000273079,ENSGALG00010011090,GRIN2B,0,-1.1905587899054542,-1.4322355295560194,0.8312590808821207,-0.18481376270227506
ENSG00000157103,ENSGALG00010027240,SLC6A1,0,-0.3173755426267544,0.5844493592560221,-0.5430334341212372,
ENSG00000173349,ENSGALG00010024077,SFT2D3,0,-1.5200195342576297,-2.4495458489874298,0.6205311629035076,-0.4771794533527881
ENSG00000110723,ENSGALG00010005003,EXPH5,0,-0.7423047476708735,-1.4747106085668702,0.5033562133198786,-0.6864571819475005
ENSG00000178202,ENSGALG00010005023,POGLUT3,0,0.2846592888761634,-0.4575486646690023,-0.6221399183452765,
ENSG00000104361,ENSGALG00010011683,NIPAL2,0,0.9020175915475956,-0.1209561652719676,-7.457392432369416,
ENSG00000179104,ENSGALG00010011067,TMTC2,0,0.3218746553287293,-0.3689004322415941,-0.8725244732647333,
ENSG00000104228,ENSGALG00010010473,TRIM35,0,-2.412890863525739,-2.222864408222448,1.0854872004789753,0.08202891890692604
ENSG00000046889,ENSGALG00010004241,PREX2,0,0.0586202070752079,-0.7435262041350041,-0.07884080850036063,
ENSG00000102781,ENSGALG00010007028,KATNAL1,0,0.8379783155558904,-0.1934223106680198,-4.332376718392915,
ENSG00000176204,ENSGALG00010020736,LRRTM4,0,-0.5687470978055522,-1.4931978897260525,0.3808919780283755,-0.9652394662906986
ENSG00000136826,ENSGALG00010014323,KLF4,0,-2.745403442020409,-2.280294143578611,1.2039689922247805,0.18562359258886105
ENSG00000123104,ENSGALG00010014477,ITPR2,0,0.5132737938636573,-0.5673449924226921,-0.9046943230641052,
ENSG00000003137,ENSGALG00010018425,CYP26B1,0,-2.235323499032232,-2.513491236123377,0.889330134478539,-0.1172867575343883
ENSG00000147586,ENSGALG00010004309,MRPS28,0,-0.3883241718351193,-0.8762541107850118,0.4431638802666848,-0.8138156444633925
ENSG00000204612,ENSGALG00010015144,FOXB2,0,-2.6792734372955103,-2.063897901044472,1.298161811172741,0.26094927243269445
ENSG00000134326,ENSGALG00010002380,CMPK2,0,-2.386735652155785,-0.7948328701089931,3.0028144807706547,1.0995500091277062
ENSG00000150457,ENSGALG00010005466,LATS2,0,-2.328288414740488,-1.0562867123644375,2.2042201113452875,0.7903737553355255
ENSG00000136573,ENSGALG00010011317,BLK,0,-1.3254790023509295,-1.3085443347170662,1.0129416078497064,0.012858580811164708
ENSG00000185610,ENSGALG00010013775,DBX2,0,-1.7834012975860922,-1.8554499121176475,0.961169194565147,-0.0396048245668729
ENSG00000111405,ENSGALG00010023333,ENDOU,0,-1.3617854523236623,-2.309481437340043,0.5896498799713695,-0.5282263420052908
ENSG00000123131,ENSGALG00010003214,PRDX4,1,0.262447853827922,-0.5475501893221787,-0.4793128720360968,
ENSG00000116574,ENSGALG00010006885,RHOU,0,-1.574210372364801,-1.9179319669606605,0.8207853039018096,-0.19749370932897978
ENSG00000115232,ENSGALG00010026062,ITGA4,0,0.637621388979456,-0.1894498442012673,-3.3656474708000355,
ENSG00000151577,ENSGALG00010006537,DRD3,0,-1.0244136744821797,-1.5958438694562682,0.6419260017154531,-0.44328224406082756
ENSG00000170209,ENSGALG00010024932,ANKK1,0,-1.9661896488157389,-1.610491308142004,1.220863247678187,0.19955818859250474
ENSG00000144935,ENSGALG00010015788,TRPC1,0,1.0770375126467735,-0.1741727433252351,-6.183731691218797,
ENSG00000162849,ENSGALG00010006958,KIF26B,0,-3.0832706509925547,-2.0034048207864896,1.5390152898714375,0.4311427897465967
ENSG00000167136,ENSGALG00010028574,ENDOG,0,-2.3905423693142094,-2.12862365528649,1.1230460412188117,0.1160446733297959
ENSG00000099139,ENSGALG00010015038,PCSK5,0,-1.1062347246002346,-1.0987512136573057,1.0068109239379308,0.006787834377025362
ENSG00000125676,ENSGALG00010013305,THOC2,1,0.5790502438716665,-0.4786502149573898,-1.2097565733323956,
ENSG00000100078,ENSGALG00010022128,PLA2G3,0,-2.735712559524368,-1.9178148349749304,1.4264737708946387,0.35520550446742044
ENSG00000100652,ENSGALG00010021491,SLC10A1,0,0.0209795120322269,-0.2383338755673394,-0.08802572434273742,
ENSG00000152104,ENSGALG00010020640,PTPN14,0,-1.7926951211214242,-1.2235645778377529,1.4651414020904576,0.3819517580095206
ENSG00000151773,ENSGALG00010003461,CCDC122,0,0.7982721071728474,0.2465642764808565,3.2375821776226616,1.1748268097529828
ENSG00000144218,ENSGALG00010015886,AFF3,0,-2.3513927926810343,-2.219857131551136,1.059254111113893,0.05756499167243334
ENSG00000149289,ENSGALG00010004800,ZC3H12C,0,-0.9479761725026314,-1.0480328473385478,0.9045290659639078,-0.1003408398218533
ENSG00000162669,ENSGALG00010021683,HFM1,0,1.3398992526974478,-0.1236294161257178,-10.83802944871077,
ENSG00000153707,ENSGALG00010012063,PTPRD,0,0.0215368645383051,-0.2146607543063428,-0.10032977200652989,
ENSG00000011677,ENSGALG00010015087,GABRA3,1,0.0241711427479156,-0.6595025879257503,-0.03665056542679843,
ENSG00000077274,ENSGALG00010015416,CAPN6,1,0.372225724124771,-1.1066518025360663,-0.33635306360298456,
ENSG00000104369,ENSGALG00010002612,JPH1,0,-1.6920212301329904,-0.650814397220171,2.5998521811443247,0.9554545900051913
ENSG00000169583,ENSGALG00010027993,CLIC3,0,-2.78845230489676,-2.5772998349271496,1.081927786246717,0.07874443720506699
ENSG00000179630,ENSGALG00010003432,LACC1,0,1.02432164248264,-0.6815270942171396,-1.5029800739752885,
ENSG00000006071,ENSGALG00010023276,ABCC8,0,-1.6208841615408005,-0.2506988756480913,6.465462429181585,1.8664745377681413
ENSG00000116183,ENSGALG00010010449,PAPPA2,0,-1.4087952610485086,-2.537593242824581,0.5551698504210968,-0.5884811752606413
ENSG00000100429,ENSGALG00010001559,HDAC10,0,-2.548262402123264,-0.0746292085295468,34.14564420999279,3.530635029126063
ENSG00000134444,ENSGALG00010011993,RELCH,0,-0.1706619415873156,-1.12092048537863,0.15225160376087565,-1.8822208387144366
ENSG00000123454,ENSGALG00010028879,DBH,0,-2.168058172215055,-1.663175747090019,1.3035652882796092,0.26510304004130036
ENSG00000164823,ENSGALG00010012561,OSGIN2,0,0.9445161735877932,-0.3826732119350173,-2.4682056233091743,
ENSG00000095303,ENSGALG00010028372,PTGS1,0,-1.1164170732225998,-1.7057844174946326,0.6544889622466683,-0.4239005581797841
ENSG00000147488,ENSGALG00010004132,ST18,0,-0.9141734545860558,-1.4016164935924982,0.6522279516295703,-0.4273611590942296
ENSG00000136098,ENSGALG00010002467,NEK3,0,0.2626683674230339,-0.4356592387822295,-0.6029216048700219,
ENSG00000157833,ENSGALG00010009546,GAREM2,0,-2.9143462309689223,-2.7955230852219626,1.042504798609998,0.04162627766343729
ENSG00000176040,ENSGALG00010004545,TMPRSS7,0,-0.4342610478728641,-0.3499743860388629,1.2408366588994935,0.21578587701137228
ENSG00000151748,ENSGALG00010019350,SAV1,0,0.2819420155243843,-1.5096731536989192,-0.18675699096429269,
ENSG00000081052,ENSGALG00010023702,COL4A4,0,-1.633210169841412,-0.1743961161840216,9.364945765868203,2.236973544727997
ENSG00000253148,ENSGALG00010012806,RGS21,0,1.340103567871921,-0.7021793819995021,-1.9084917646768376,
ENSG00000042781,ENSGALG00010016328,USH2A,0,-0.0972777496971577,-0.5464075409742172,0.17803149188555553,-1.725794823633306
ENSG00000012174,ENSGALG00010003275,MBTPS2,1,0.7904434378746945,-0.3696671488887983,-2.138257186906463,
ENSG00000172458,ENSGALG00010005530,IL17D,0,-2.810073751248405,-2.0086601718725445,1.398979175570925,0.33574281034805853
ENSG00000144771,ENSGALG00010027871,LRTM1,0,-1.3304867785726753,-0.7244485482154376,1.836551100626974,0.6078894108983578
ENSG00000136152,ENSGALG00010003617,COG3,0,0.238483325172389,-1.0050793507667453,-0.23727810644050853,
ENSG00000025293,ENSGALG00010021881,PHF20,0,-1.0876052646427166,-0.9620210173921424,1.1305421035301384,0.12269725532422984
ENSG00000174579,ENSGALG00010022719,MSL2,0,-0.2171391597600038,-1.2167019831884,0.17846536190479845,-1.7233607475462758
ENSG00000214717,ENSGALG00010002349,ZBED1,1,-2.429868117296202,-0.9897738205497478,2.4549731128942023,0.8981158092085889
ENSG00000173706,ENSGALG00010020284,HEG1,0,-1.327943629134042,-2.225714628579838,0.596636968676152,-0.5164464432226317
ENSG00000070159,ENSGALG00010008505,PTPN3,0,-0.6114846192908097,-0.3846725824715638,1.5896236101932546,0.46349726505989647
ENSG00000198842,ENSGALG00010008222,STYXL2,0,-2.5739043933120413,-1.4911286714423753,1.7261450621979473,0.5458906344355064
ENSG00000136146,ENSGALG00010003870,MED4,0,-0.3900506789039433,-1.172390901654997,0.33269678087174775,-1.100523771773234
ENSG00000198756,ENSGALG00010011588,COLGALT2,0,-0.6890781643702297,-1.3924790781881802,0.4948571042566913,-0.7034862363583495
ENSG00000184261,ENSGALG00010017723,KCNK12,0,-2.137599767614597,-0.9799607446482124,2.181311628336659,0.7799263602481702
ENSG00000172071,ENSGALG00010016820,EIF2AK3,0,-0.0706170020341954,-0.938121407581749,0.07527490734512605,-2.586608435500171
ENSG00000119318,ENSGALG00010014317,RAD23B,0,-0.156428440559873,-0.4671319844115842,0.33486989925752086,-1.0940131830138218
ENSG00000183780,ENSGALG00010008022,SLC35F3,0,-0.8801404666112251,-1.0078273580061718,0.87330479731414,-0.13547064626007552
ENSG00000154080,ENSGALG00010005573,CHST9,0,0.6114946360421065,-0.6451829364197103,-0.9477848863075192,
ENSG00000143194,ENSGALG00010008235,MAEL,0,-0.0984482328693339,-0.7401838726739509,0.1330051038719403,-2.017367776519689
ENSG00000119403,ENSGALG00010027530,PHF19,0,-1.8018023396877751,-2.770453536641112,0.6503636736215667,-0.4302235746737026
ENSG00000152484,ENSGALG00010005830,USP12,0,0.91075912959594,-0.4375936421785395,-2.081289675649235,
ENSG00000109794,ENSGALG00010017143,FAM149A,0,-1.9639944928536952,-1.2543419602008448,1.5657568312067158,0.4483693053113392
ENSG00000128159,ENSGALG00010001552,TUBGCP6,0,-2.583935747186972,-0.8760307874146077,2.949594676704036,1.0816677631843508
ENSG00000101294,ENSGALG00010014047,HM13,0,-1.0100149450094396,-1.6460077755777434,0.6136149294039195,-0.4883876983842732
ENSG00000198718,ENSGALG00010018348,TOGARAM1,0,0.06564407046233,-1.8198039325791264,-0.03607205660298558,
ENSG00000203737,ENSGALG00010011175,GPR52,0,0.6017778339154898,-0.973326378027628,-0.6182693159256064,
ENSG00000185420,ENSGALG00010006922,SMYD3,0,-0.2429419821666467,-1.5807683000627015,0.15368601594364611,-1.8728436153767332
ENSG00000188452,ENSGALG00010026044,CERKL,0,0.1160765003351773,-0.5683067966151141,-0.2042497134057507,
ENSG00000137561,ENSGALG00010003074,TTPA,0,0.0611222318651076,-0.997925313874774,-0.0612493049482635,
ENSG00000184979,ENSGALG00010012633,USP18,0,-1.0431350315144563,-0.7289395842717152,1.4310308481280438,0.3583950573846223
ENSG00000256053,ENSGALG00010015916,COA8,0,0.0863098309118655,-1.5128914056061822,-0.057049587691512506,
ENSG00000143341,ENSGALG00010021099,HMCN1,0,0.250915958410248,-0.7511772413697733,-0.3340302988316076,
ENSG00000116703,ENSGALG00010021497,PDC,0,0.3736034173242561,-0.983732858086355,-0.3797813748450192,
ENSG00000139974,ENSGALG00010017818,SLC38A6,0,1.676448085631666,-0.6299869240546678,-2.661083939396479,
ENSG00000154736,ENSGALG00010010712,ADAMTS5,0,-1.2274169135776312,-1.2889192014046342,0.9522838299251192,-0.04889214794822566
ENSG00000134490,ENSGALG00010004244,SLC35D4,0,0.0934825463183024,-0.8246700049233966,-0.1133575196869031,
ENSG00000099999,ENSGALG00010000205,RNF215,0,-2.0763637669077983,-2.950194481402619,0.7038057253502241,-0.3512529192169361
ENSG00000147853,ENSGALG00010011143,AK3,0,-0.2740376626104712,-0.3444167407642926,0.7956572087708521,-0.22858682813842987
ENSG00000132541,ENSGALG00010011662,RIDA,0,0.6407886500230884,0.1322980964590545,4.843521314166518,1.5776420004458016
ENSG00000183114,ENSGALG00010021893,FAM43B,0,-3.0503168087071995,-2.2020343062266394,1.3852267424180869,0.32586383917704814
ENSG00000100379,ENSGALG00010014722,KCTD17,0,-2.9403978878778343,-1.762764846791119,1.6680602028287783,0.5116613961082334
ENSG00000101276,ENSGALG00010013779,SLC52A3,0,-1.4657443135872104,-2.1175580328376835,0.6921861365107455,-0.36790037613698456
ENSG00000106804,ENSGALG00010029141,C5,0,1.023533068566694,0.306600884524368,3.338323926085561,1.205468862498291
ENSG00000198730,ENSGALG00010021050,CTR9,0,0.3231874414778772,-0.4296533281802215,-0.7522051390750862,
ENSG00000243284,ENSGALG00010028695,VSIG8,0,-2.010250436758673,-2.5292464026991546,0.7948021333996479,-0.2296620841112384
ENSG00000180694,ENSGALG00010011006,TMEM64,0,-0.8474380030175617,-1.7893692379631796,0.4735959381878005,-0.7474007719106891
ENSG00000100354,ENSGALG00010013146,TNRC6B,0,-1.456908527976367,-1.7495486844521098,0.8327339164229166,-0.18304111590703068
ENSG00000213085,ENSGALG00010028689,CFAP45,0,-1.812065039080148,-2.7341002042350717,0.6627646771224011,-0.411335288268098
ENSG00000042317,ENSGALG00010017921,SPATA7,0,0.0997727306195042,-1.5744173816864795,-0.06337120752098784,
ENSG00000125872,ENSGALG00010018516,LRRN4,0,-2.9205583307663527,-2.136439399845223,1.3670213772400641,0.3126341956883498
ENSG00000160207,ENSGALG00010011917,HSF2BP,0,-0.3940095965814123,-0.9977710301643212,0.3948897940207019,-0.9291485554886835
ENSG00000124151,ENSGALG00010023925,NCOA3,0,-0.5461278430850083,-1.2730525762457112,0.4289907999680293,-0.8463198055800427
ENSG00000147130,ENSGALG00010017034,ZMYM3,1,-1.5336504382526537,-1.8812978982217683,0.8152087129328554,-0.20431110903842406
ENSG00000184897,ENSGALG00010027278,H1-10,0,-1.872230167691546,-1.6850097345645794,1.1111094074333914,0.10535898234670302
ENSG00000249242,ENSGALG00010003981,TMEM150C,0,1.010536319714218,-0.9525282579883112,-1.0608990455027727,
ENSG00000172046,ENSGALG00010022242,USP19,0,-1.943089477672096,-2.1859426123409413,0.8889023283146613,-0.11776791641668576
ENSG00000145284,ENSGALG00010003948,SCD5,0,-1.311480482283308,-1.228128335197972,1.0678692484298882,0.06566530647948451
ENSG00000134508,ENSGALG00010004191,CABLES1,0,-2.3175233848769565,-1.848690046427068,1.2536029981640215,0.2260218037000986
ENSG00000144426,ENSGALG00010022149,NBEAL1,0,0.6763854609562685,-0.8528482129416654,-0.7930900841349751,
ENSG00000196576,ENSGALG00010001220,PLXNB2,0,-2.461064557671749,-0.3718029151124521,6.619271817509548,1.889985366543711
ENSG00000176919,ENSGALG00010028454,C8G,0,-2.0986280943151563,-2.0841753397645197,1.0069345195074948,0.006910586306889658
ENSG00000141441,ENSGALG00010006139,GAREM1,0,-1.4173944042628204,-1.4919224420741646,0.9500456352759661,-0.05124525840870076
ENSG00000136155,ENSGALG00010000757,SCEL,0,0.2674917796468055,-0.8790790434503393,-0.30428637975137507,
ENSG00000165501,ENSGALG00010019021,LRR1,0,0.0182771091583866,-2.3100831964068576,-0.007911883514331919,
ENSG00000103599,ENSGALG00010018192,IQCH,0,-0.2968942372482903,-1.210887316465461,0.24518733759216713,-1.4057327173947738
ENSG00000148158,ENSGALG00010007001,SNX30,0,-0.5277665572655756,-0.5733171861870556,0.9205489909967252,-0.08278505756694245
ENSG00000235194,ENSGALG00010009779,PPP1R3E,0,-3.3922892517930148,-2.4196202961713045,1.4019923940796897,0.3378943635475327
ENSG00000165271,ENSGALG00010010870,NOL6,0,-1.7155208446453774,-1.7169838125407564,0.9991479431054076,-0.0008524201013981548
ENSG00000152049,ENSGALG00010025787,KCNE4,0,-2.6935299469294183,-1.982593519995792,1.3585891004703452,0.30644673512426485
ENSG00000130561,ENSGALG00010023056,SAG,0,-1.0281929370059242,-0.926809909425902,1.1093892356446882,0.10380962572973562
ENSG00000189227,ENSGALG00010016968,C15orf61,0,-1.5906520949434224,-1.5051569873499475,1.056801455470769,0.05524685146837699
ENSG00000188659,ENSGALG00010016899,SAXO2,0,0.2943562365024128,-0.7245687961458334,-0.40625022505546593,
ENSG00000105339,ENSGALG00010009237,DENND3,0,-1.5144993282335903,-0.3858769380667045,3.924824675507783,1.36732168157626
ENSG00000184384,ENSGALG00010008267,MAML2,0,-1.87857559446382,-1.7411558638839753,1.0789244279792989,0.07596464487904027
ENSG00000186326,ENSGALG00010025919,RGS9BP,0,-2.295135338442604,-1.7869166637381806,1.2844109549245815,0.2503002124124987
ENSG00000178031,ENSGALG00010016043,ADAMTSL1,0,-1.8893140698549689,-1.5622273652287386,1.209372023500778,0.19010123604499374
ENSG00000167995,ENSGALG00010025995,BEST1,0,-1.280229921081192,-2.156945440780167,0.5935383885362131,-0.521653385413037
ENSG00000254726,ENSGALG00010028070,MEX3A,0,-2.7086366975392995,-2.4171425250634924,1.1205945323675732,0.11385937693633458
ENSG00000162763,ENSGALG00010010619,LRRC52,0,-1.215029054836652,-2.207780422757247,0.5503396272167455,-0.5972196873023372
ENSG00000168275,ENSGALG00010008020,COA6,0,-1.341824513894002,-1.4979047836209445,0.8958009404645577,-0.11003705534952225
ENSG00000145414,ENSGALG00010007906,NAF1,0,-0.5362043469525322,-1.2723069882380298,0.4214425857198988,-0.8640717250058879
ENSG00000180549,ENSGALG00010027375,FUT7,0,-2.787302585656059,-2.150612105014789,1.2960508216040623,0.2593218113618916
ENSG00000205143,ENSGALG00010009181,ARID3C,0,-2.7641070264533827,-2.078636441586,1.329769348383197,0.28500550492600907
ENSG00000183337,ENSGALG00010002571,BCOR,1,-1.6377093471689932,-1.965711884657584,0.8331380401936538,-0.1825559360262366
ENSG00000122741,ENSGALG00010001170,DCAF10,0,-1.3040302592160329,-1.4439916122567091,0.9030732922181308,-0.10195156361177261
ENSG00000165970,ENSGALG00010020232,SLC6A5,0,-0.2518025332808893,-0.1781285962923133,1.4135997168454373,0.34613944171591393
ENSG00000164100,ENSGALG00010005567,NDST3,0,0.4379179275129239,-0.4757294895961543,-0.9205187760898982,
ENSG00000122735,ENSGALG00010010754,DNAI1,0,-0.859427247052702,-0.8724409827415354,0.9850835346501727,-0.015028834654493015
ENSG00000107736,ENSGALG00010020041,CDH23,0,-1.8855490616662305,-2.170373979919238,0.8687668941443879,-0.1406804357950787
ENSG00000142731,ENSGALG00010007879,PLK4,0,0.619904506977111,-0.7165432776242697,-0.8651319834196634,
ENSG00000126790,ENSGALG00010017050,L3HYPDH,0,-0.7142520063703675,-1.8499160865741655,0.3860996785497882,-0.951659708269174
ENSG00000087299,ENSGALG00010019259,L2HGDH,0,0.8764419209374417,-0.6045262919172427,-1.4497995085669875,
ENSG00000204882,ENSGALG00010009320,GPR20,0,-2.351834482230638,-1.0635748640912803,2.2112542911965565,0.7935599071102379
ENSG00000088899,ENSGALG00010017882,LZTS3,0,-3.654494161966488,-2.5613944539285747,1.4267596138350953,0.3554058686878468
ENSG00000100626,ENSGALG00010020287,GALNT16,0,-1.809766243465164,-1.5121477963019836,1.1968183585566292,0.17966666782348956
ENSG00000175764,ENSGALG00010027724,TTLL11,0,-1.6733350045516584,-0.5212005170568061,3.2105398014585624,1.1664390854523552
ENSG00000164932,ENSGALG00010012868,CTHRC1,0,-0.1889158471790928,-1.982055580374063,0.09531309265476788,-2.3505880941825015
ENSG00000148219,ENSGALG00010028903,ASTN2,0,-2.06834176515328,-2.591566428587535,0.7981048613446405,-0.22551528497144938
ENSG00000099899,ENSGALG00010020816,TRMT2A,0,-2.820013555760456,-0.9042160388756396,3.1187387023869233,1.1374286580299837
ENSG00000115275,ENSGALG00010006120,MOGS,0,-1.9997750994531085,-2.9824444930398677,0.6705154460108091,-0.3997085399697246
ENSG00000184634,ENSGALG00010018395,MED12,1,-1.507306030757757,-1.9470899992425776,0.7741326961486641,-0.2560119780343816
ENSG00000078747,ENSGALG00010024723,ITCH,0,0.4719701661856614,-0.774184672870162,-0.609635120307807,
ENSG00000182504,ENSGALG00010006073,CEP97,0,-0.0593755312735737,-1.3178156242682868,0.04505602314932469,-3.0998486046566374
ENSG00000148123,ENSGALG00010006946,PLPPR1,0,-0.1347721576072444,-0.6655521771722561,0.20249675717364995,-1.5970314065210522
ENSG00000168564,ENSGALG00010007376,CDKN2AIP,0,-1.2324488745546578,-1.8078007732389896,0.6817393226060586,-0.3831079191230406
ENSG00000011114,ENSGALG00010016894,BTBD7,0,-0.6285879459157666,-0.918696162737494,0.6842174501335953,-0.37947950233008093
ENSG00000173662,ENSGALG00010018974,TAS1R1,0,-1.4873204169049945,-2.017049922129776,0.7373741227656639,-0.30465988633153085
ENSG00000109586,ENSGALG00010002937,GALNT7,0,0.417182488588864,-0.6113347672300369,-0.6824125028568577,
ENSG00000070886,ENSGALG00010016929,EPHA8,0,-2.505747972233745,-2.050701948316286,1.2218976893697648,0.20040513332436452
ENSG00000140067,ENSGALG00010016978,FAM181A,0,-2.530199376027189,-2.42294045091912,1.0442680813997642,0.04331623944731381
ENSG00000138439,ENSGALG00010025222,FAM117B,0,-2.5159460952321897,-1.942185422567733,1.2954201313620697,0.25883506829905883
ENSG00000274286,ENSGALG00010020111,ADRA2B,0,-2.034732881900389,-2.027413186314509,1.003610362029452,0.003603860316785414
ENSG00000152953,ENSGALG00010011187,STK32B,0,-1.282451730777657,-0.9239660292961838,1.3879858026323153,0.3278536333812301
ENSG00000203485,ENSGALG00010017283,INF2,0,-3.114019903879706,-1.470197213511704,2.1180967255689302,0.7505179144881613
ENSG00000155254,ENSGALG00010022840,MARVELD1,0,-1.5911906996710083,-1.4947720646348197,1.0645039048543794,0.06250887359678689
ENSG00000188937,ENSGALG00010002455,NYX,1,-2.726535869776173,-2.019585071302335,1.3500475461615287,0.3001398112090604
ENSG00000100417,ENSGALG00010010841,PMM1,0,-2.001057403015368,-2.170980363256756,0.9217298492804048,-0.08150310347879675
ENSG00000254093,ENSGALG00010011198,PINX1,0,-1.1533593892466616,-1.0770093054415448,1.0708908302085796,0.06849085369177631
ENSG00000186795,ENSGALG00010022257,KCNK18,0,-0.3928847233918962,0.0725593033503637,-5.414670555680395,
ENSG00000196277,ENSGALG00010019426,GRM7,0,-0.3125203758532482,-1.1949290175561085,0.2615388623605617,-1.3411723932855066
ENSG00000122490,ENSGALG00010008184,SLC66A2,0,-1.5787759037109392,-1.6724325753830458,0.9439997324551898,-0.057629396252789074
ENSG00000138756,ENSGALG00010003165,BMP2K,0,-0.5595498107386536,-1.5351727130986816,0.3644865531834694,-1.0092656193429463
ENSG00000122694,ENSGALG00010007940,GLIPR2,0,-1.209986032260307,-0.200853296311276,6.024227904057445,1.7957893224608135
ENSG00000175018,ENSGALG00010002426,TEX36,0,-0.6645461958228207,-2.009044107583016,0.3307773051445367,-1.1063099241578735
ENSG00000176771,ENSGALG00010019443,NCKAP5,0,-1.7767564707496248,-1.586131348693935,1.1201824314314548,0.11349155724930432
ENSG00000134962,ENSGALG00010016414,KLB,0,-0.2916479601726287,-0.5904916748166166,0.4939069805907137,-0.7054080779239489
ENSG00000206113,ENSGALG00010017561,CFAP99,0,-2.603326068803812,-0.6210847275166385,4.191579592067929,1.4330776538378136
ENSG00000143512,ENSGALG00010019524,HHIPL2,0,-0.9859871318721628,-0.3033498774373616,3.2503297519075423,1.1787564533201105
ENSG00000114784,ENSGALG00010016526,EIF1B,0,0.8665547723198532,-0.359729365223927,-2.40890751796266,
ENSG00000150656,ENSGALG00010001231,CNDP1,0,-0.2843672579092668,-0.3159632628958178,0.9000010168999645,-0.1053593857696152
ENSG00000013293,ENSGALG00010017602,SLC7A14,0,-0.413968338786022,-1.2060179987497983,0.34325220619854474,-1.069289806973664
ENSG00000233198,ENSGALG00010028504,RNF224,0,-2.9655594703046955,-2.7087853681006573,1.0947930778229515,0.09056537538667757
ENSG00000027644,ENSGALG00010027350,INSRR,0,-1.9666925081557949,-2.3667158544308218,0.8309795637164776,-0.18515007682803075
ENSG00000144229,ENSGALG00010009106,THSD7B,0,-0.8806418208927163,-2.034340294394532,0.4328881570695212,-0.8372758821051803
ENSG00000109452,ENSGALG00010009381,INPP4B,0,-0.0458236818235562,-0.9844192142828786,0.04654895105530569,-3.067250809233557
ENSG00000005022,ENSGALG00010013021,SLC25A5,1,0.8664476127019025,-1.2064677909050503,-0.7181688721685007,
ENSG00000144451,ENSGALG00010011850,SPAG16,0,0.1176614645791769,-1.160181388192712,-0.1014164386505679,
ENSG00000132669,ENSGALG00010018351,RIN2,0,-1.7938391662919724,-1.2027455944461547,1.4914535331289298,0.3997511700313921
ENSG00000143125,ENSGALG00010027333,PROK1,0,-2.0875976557152374,-2.0771673611206523,1.0050214030847076,0.00500883788596873
ENSG00000172346,ENSGALG00010010856,CSDC2,0,-3.178109666112393,-2.264227983047416,1.40361734326549,0.33905272092408867
ENSG00000171303,ENSGALG00010010390,KCNK3,0,-2.2250420710594607,-1.9509733587554616,1.1404779368585685,0.13144741740706528
ENSG00000120896,ENSGALG00010020010,SORBS3,0,-2.8380203589654496,-3.0508057348158912,0.9302527285096759,-0.0722989786668006
ENSG00000023572,ENSGALG00010012631,GLRX2,0,1.003284931223007,-0.0793413303292529,-12.645174048122797,
ENSG00000063601,ENSGALG00010011466,MTMR1,1,-0.1580191928809693,-0.429183741202067,0.36818541270549016,-0.9991686288237792
ENSG00000144711,ENSGALG00010027975,IQSEC1,0,-3.341863062503256,-1.644589869234633,2.0320343235839755,0.7090374211011222
ENSG00000116396,ENSGALG00010027213,KCNC4,0,-2.030119122905093,-1.7617421628920162,1.152336116865432,0.14179128783001546
ENSG00000116032,ENSGALG00010027970,GRIN3B,0,-2.866844916932754,-2.8009407282449867,1.023529305002131,0.023256757855999025
ENSG00000213221,ENSGALG00010028169,DNLZ,0,-2.71324367645626,-2.459421162836988,1.1032041674905664,0.09821882512811414
ENSG00000164946,ENSGALG00010016463,FREM1,0,-0.372060273043246,-0.8758769142383815,0.4247860252907463,-0.856169706745375
ENSG00000178828,ENSGALG00010020672,RNF186,0,-2.378073962681368,-1.0999608839211783,2.161962300153737,0.7710162815782736
ENSG00000159788,ENSGALG00010016340,RGS12,0,-2.199008581672775,-0.797525632938962,2.7572889081561023,1.0142479173226555
ENSG00000080823,ENSGALG00010017148,MOK,0,-0.4702807385508265,-0.1192073760124761,3.945064091517353,1.3724652004313571
ENSG00000148204,ENSGALG00010028326,CRB2,0,-2.564978858828468,-1.4929470080043206,1.7180642347494794,0.541198212123568
ENSG00000196236,ENSGALG00010012910,XPNPEP3,0,-0.4193677696146043,-1.2194270635985267,0.3439055783927338,-1.0673881407021288
ENSG00000126878,ENSGALG00010027654,AIF1L,0,-1.3240395429024918,-0.943960755253169,1.402642573363536,0.338358009835225
ENSG00000173705,ENSGALG00010017100,SUSD5,0,-1.375421788237178,-1.1828307343332556,1.1628221590069547,0.15084994611453756
ENSG00000148584,ENSGALG00010022774,A1CF,0,0.6123980873335046,-0.2787919340647635,-2.1966133610997667,
ENSG00000119125,ENSGALG00010015837,GDA,0,0.2188905110755428,-0.3486563005590294,-0.6278117180862001,
ENSG00000145050,ENSGALG00010028153,MANF,0,-0.5989037533052635,-1.7782832923916874,0.3367875950179866,-1.0883028291866153
ENSG00000259956,ENSGALG00010028206,RBM15B,0,-3.1641835540524266,-2.303917779849992,1.3733925670986604,0.3172840051457137
ENSG00000168843,ENSGALG00010007901,FSTL5,0,0.7840615157342903,-0.2284226936917307,-3.432502712678914,
ENSG00000240891,ENSGALG00010005068,PLCXD2,0,-1.0640657902916448,-0.2760282872339853,3.854915744159406,1.3493491505272603
ENSG00000104154,ENSGALG00010016931,SLC30A4,0,0.4213504675002628,-0.8383657257503054,-0.5025855119770911,
ENSG00000196547,ENSGALG00010000048,MAN2A2,0,-1.8328046408926788,-2.682644385862681,0.6832081995479576,-0.38095563489953066
ENSG00000144130,ENSGALG00010018387,NT5DC4,0,-1.3191654851280088,-2.2015267314367044,0.59920484556966,-0.5121517600800825
ENSG00000125484,ENSGALG00010028786,GTF3C4,0,-0.8062335455136047,-1.2980609884830927,0.6211060594739581,-0.47625342342847193
ENSG00000164099,ENSGALG00010005555,PRSS12,0,-0.9923467878633668,-0.9086818838849554,1.092072820491053,0.088077560530706
ENSG00000086712,ENSGALG00010002402,TXLNG,1,-0.7670869452366045,-1.7126140830554926,0.44790414421212554,-0.8031760332728938
ENSG00000174279,ENSGALG00010025816,EVX2,0,-2.1930397616533046,-1.8128021334991276,1.2097513132446676,0.1904148122411605
ENSG00000310576,ENSGALG00010028028,FAM174C,0,-2.661717683723877,-2.32689124515682,1.1438943222052012,0.13443851299595466
ENSG00000072182,ENSGALG00010018361,ASIC4,0,-2.3741811980279586,-2.372167739682472,1.0008487841360478,0.000848424122494487
ENSG00000106948,ENSGALG00010028894,AKNA,0,-3.22943874331058,-3.2707668512751176,0.9873643980620551,-0.012716110054069335
ENSG00000138068,ENSGALG00010007021,SULT6B1,0,1.1926151354405905,-0.1390637223603579,-8.576033455728655,
ENSG00000119714,ENSGALG00010017776,GPR68,0,-2.4066416270056674,-0.994225129434232,2.420620396484222,0.8840238694969883
ENSG00000005059,ENSGALG00010003896,MCUB,0,0.471286428294368,-0.8026813076694229,-0.5871401561134436,
ENSG00000140030,ENSGALG00010017858,GPR65,0,1.0717589925702438,-0.4017532433532966,-2.6677046428415583,
ENSG00000163794,ENSGALG00010011472,UCN,0,-3.400656448419875,-3.0360662783109107,1.1200863672553951,0.11340579595478925
ENSG00000140025,ENSGALG00010017581,EFCAB11,0,0.2956793337385033,-0.5393752258333857,-0.5481885699916061,
ENSG00000164007,ENSGALG00010021863,CLDN19,0,-1.6399615122994984,-1.917799252427701,0.8551267867184255,-0.15650553247947654
ENSG00000101752,ENSGALG00010005119,MIB1,0,0.5066528004644884,-0.9733776123403628,-0.5205100199975897,
ENSG00000087495,ENSGALG00010024545,PHACTR3,0,-2.37492762011089,-1.6115227601657338,1.4737164617312917,0.38778741551552953
ENSG00000116539,ENSGALG00010028392,ASH1L,0,-0.4864247555792413,-1.3686335773835374,0.3554090471089828,-1.0344859074545165
ENSG00000095370,ENSGALG00010029143,SH2D3C,0,-2.7396445150832154,-2.6341702252471357,1.0400408025362842,0.03925994559164467
ENSG00000239388,ENSGALG00010027059,ASB14,0,0.1741646662759812,-0.370643640079012,-0.46989789502081736,
ENSG00000129038,ENSGALG00010023626,LOXL1,0,-2.8031232069356182,-2.038976413398016,1.3747698053378303,0.3182863028034367
ENSG00000089902,ENSGALG00010016918,RCOR1,0,-0.8648042510846867,-1.1534549779129986,0.7497511976145081,-0.28801386400249956
ENSG00000036565,ENSGALG00010017696,SLC18A1,0,-0.1916856931889352,-1.3216362503760852,0.14503664917967335,-1.9307688155349472
ENSG00000186417,ENSGALG00010022616,GLDN,0,-0.7743715971901715,-0.2897968911842513,2.672118372373533,0.9828715557311362
ENSG00000139921,ENSGALG00010019594,TMX1,0,0.0614137927462508,-0.9233168058997404,-0.06651432352777893,
ENSG00000100941,ENSGALG00010006382,PNN,0,-1.6265328647941306,-2.046676017887821,0.794719267035102,-0.22976634991678002
ENSG00000157890,ENSGALG00010017904,MEGF11,0,-2.36920807275448,-1.3065273037261125,1.8133628482142594,0.5951830486560253
ENSG00000050730,ENSGALG00010005357,TNIP3,0,-0.717604803331735,-1.839739464597148,0.3900578408741537,-0.9414602409215485
ENSG00000100982,ENSGALG00010016025,PCIF1,0,-2.5027485519988684,-1.815254002107313,1.3787318739379992,0.3211641447633441
ENSG00000154330,ENSGALG00010011887,PGM5,0,-0.9326972750016368,-0.6254315066577987,1.4912860402345494,0.3996388619398294
ENSG00000170006,ENSGALG00010007601,TMEM154,0,0.2732316505183991,-1.983660684958408,-0.13774112306113886,
ENSG00000162526,ENSGALG00010017566,TSSK3,0,-1.4042056989933602,-2.74936333737976,0.5107384971284362,-0.6718975670682468
ENSG00000206560,ENSGALG00010002134,ANKRD28,0,0.5887749327570386,-0.2422803459619918,-2.4301390623299004,
ENSG00000162817,ENSGALG00010017652,C1orf115,0,-3.1043771633230204,-1.8745974983443867,1.6560233149061356,0.5044191349135578
ENSG00000197852,ENSGALG00010027271,INKA2,0,-2.4966575331384018,-2.707338996482168,0.922181350906732,-0.08101338180965677
ENSG00000096872,ENSGALG00010006480,IFT74,0,0.4591043721029209,-0.5037132671908153,-0.9114399044188848,
ENSG00000141622,ENSGALG00010012051,ARK2C,0,-2.5243425023131216,-2.656545967383872,0.9502348287235013,-0.051046136803501355
ENSG00000102362,ENSGALG00010016750,SYTL4,1,-1.0519871174847513,-2.397041775375431,0.43886891262876976,-0.8235545149884373
ENSG00000186517,ENSGALG00010028486,ARHGAP30,0,-2.357490774204038,-2.7834927185600438,0.8469541732530973,-0.16610869057172423
ENSG00000104231,ENSGALG00010003344,ZFAND1,0,0.2939144684453065,-0.8551810576903716,-0.3436868319313519,
ENSG00000151458,ENSGALG00010004095,ANKRD50,0,0.307314375664161,-1.063592197643889,-0.28894004332199485,
ENSG00000178127,ENSGALG00010001849,NDUFV2,0,0.8389632557900963,0.0984160839097372,8.524655955215161,2.1429626651956966
ENSG00000137473,ENSGALG00010006585,TTC29,0,0.3458004960473371,-0.5910375722070397,-0.5850736269710509,
ENSG00000107159,ENSGALG00010012303,CA9,0,-2.123284913572542,-2.4106723553853247,0.8807853580057144,-0.1269413172294203
ENSG00000138767,ENSGALG00010008193,CNOT6L,0,0.3372939041034417,-0.8695026829726463,-0.38791588652757797,
ENSG00000101417,ENSGALG00010022044,PXMP4,0,-0.7962595273707063,-0.9409339378509548,0.846243817275124,-0.16694776080878282
ENSG00000154165,ENSGALG00010006649,GPR15,0,-0.1670963165328398,-0.8350030222707968,0.2001146248290457,-1.6088649524617902
ENSG00000165775,ENSGALG00010016889,FUNDC2,1,0.2479071638918526,-1.0713723177970191,-0.2313921685055342,
ENSG00000125089,ENSGALG00010009700,SH3TC1,0,-2.836166143837433,-0.1932503634130462,14.676123210053252,2.686221901800753
ENSG00000176601,ENSGALG00010019600,MAP3K19,0,-0.23475581504802,-0.4956695816529317,0.47361351944408053,-0.7473636496962931
ENSG00000126773,ENSGALG00010016943,PCNX4,0,1.1689704263827014,-0.2546462214762645,-4.5905665499602195,
ENSG00000137563,ENSGALG00010003063,GGH,0,1.317314490214372,-0.6135047878082429,-2.147195126089402,
ENSG00000206432,ENSGALG00010001172,TMEM200C,0,-3.489937521894072,-2.5771874792126948,1.3541651703818665,0.30318515403836016
ENSG00000102010,ENSGALG00010001484,BMX,1,-0.1640204606167472,-0.5077141216866725,0.3230567234802457,-1.129927356687975
ENSG00000151790,ENSGALG00010008132,TDO2,0,0.2325724622041427,-0.8834831613342111,-0.2632449291426431,
ENSG00000148300,ENSGALG00010028867,REXO4,0,-1.50243942916938,-0.7010112437914394,2.1432458358918653,0.7623214256805753
ENSG00000179270,ENSGALG00010017666,PCARE,0,-3.262395340220797,-1.6410703655553838,1.987967980347212,0.6871130016394866
ENSG00000180745,ENSGALG00010002617,CLRN3,0,-0.0271820709733994,-1.0559798876942517,0.025741087770858845,-3.6596668177669565
ENSG00000183671,ENSGALG00010025960,CMKLR2,0,0.4848838186690773,-0.3433104570371534,-1.4123770736660162,
ENSG00000183423,ENSGALG00010003813,LRIT3,0,-0.3682205778859462,-0.7456869984767972,0.49380045332439004,-0.7056237840390976
ENSG00000101391,ENSGALG00010015094,CDK5RAP1,0,-1.123005776133814,-1.7969478653618665,0.6249517850689924,-0.4700807761110906
ENSG00000156026,ENSGALG00010021411,MCU,0,-0.1485946261686379,-0.97036587101276,0.15313257669867486,-1.8764512184261224
ENSG00000136881,ENSGALG00010020383,BAAT,0,-0.3273558947108039,-2.179164857305012,0.15022080298947513,-1.8956490473153447
ENSG00000214050,ENSGALG00010010925,FBXO16,0,-0.3066099080427182,-1.2955833000842043,0.23665781121352103,-1.441140015722592
ENSG00000105323,ENSGALG00010008335,HNRNPUL1,0,-1.6748245897431602,-2.352258888322797,0.7120069130389556,-0.33966765829292067
ENSG00000183722,ENSGALG00010002700,LHFPL6,0,-0.5179068722865683,-1.557384979502355,0.33254903514740436,-1.1009679556319365
ENSG00000169507,ENSGALG00010025640,SLC38A11,0,1.3987218488193367,0.4602649946614007,3.0389490077304764,1.1115117345015084
ENSG00000148057,ENSGALG00010015621,IDNK,0,-0.1906761285089562,-1.043810597802315,0.1826731103424454,-1.7000570057270716
ENSG00000128815,ENSGALG00010020109,WDFY4,0,-1.5659605409015835,-1.04929744337368,1.4923895514952736,0.40037856119808585
ENSG00000059769,ENSGALG00010006283,DNAJC25,0,-0.4453567648803584,-0.3002046947561932,1.4835103269855534,0.3944111219550821
ENSG00000212864,ENSGALG00010028517,RNF208,0,-2.465606220849807,-2.5572754099345203,0.9641535719114976,-0.03650469009746354
ENSG00000079150,ENSGALG00010023533,FKBP7,0,0.914131846350017,-0.5883013887843325,-1.5538495468096403,
ENSG00000152990,ENSGALG00010009200,ADGRA3,0,0.0206761254135923,-0.2404103231710835,-0.08600348413024894,
ENSG00000136883,ENSGALG00010029408,KIF12,0,-3.16358496473128,-2.8349216052915303,1.1159338441057003,0.10969158272684272
ENSG00000157110,ENSGALG00010008103,RBPMS,0,-0.8695956123551287,-1.877116365388728,0.46326143034560674,-0.7694637398725956
ENSG00000138315,ENSGALG00010021332,OIT3,0,-1.4100164904669177,-1.8772054142467152,0.7511253056089916,-0.2861827894597749
ENSG00000106993,ENSGALG00010011133,CDC37L1,0,0.2572357864520871,-0.7899846604428797,-0.32562124219966,
ENSG00000169062,ENSGALG00010013940,UPF3A,0,-1.71867605842996,-1.1340068428983352,1.5155782076564075,0.4157970213682557
ENSG00000174840,ENSGALG00010027078,PDE12,0,-0.9963809098272308,-2.0109445624209776,0.4954790541951525,-0.702230198163802
ENSG00000119523,ENSGALG00010007603,ALG2,0,-0.6978999176329168,-0.8752886498925407,0.797336875919273,-0.22647800954702815
ENSG00000138758,ENSGALG00010002763,SEPTIN11,0,-0.2807485283746995,-1.2401755644804613,0.2263780519593705,-1.4855488809948043
ENSG00000162972,ENSGALG00010024020,MAIP1,0,-0.6380169492212868,-0.422082351332016,1.5115935248366108,0.4131644088353126
ENSG00000031823,ENSGALG00010027668,RANBP3,0,-2.6648876838509903,-1.5792095189591633,1.6874820293683281,0.5232374944446311
ENSG00000116525,ENSGALG00010017733,TRIM62,0,-2.399539146134547,-2.6852061276262096,0.8936145055857595,-0.11248079860849346
ENSG00000166128,ENSGALG00010024506,RAB8B,0,1.0546256955041944,-0.1349523576915781,-7.814800078665168,
ENSG00000197168,ENSGALG00010002454,NEK5,0,0.0950641687138933,-0.9067217295677727,-0.10484381879676541,
ENSG00000160323,ENSGALG00010028869,ADAMTS13,0,-2.5756455635637376,-1.3774575537960323,1.869854759927599,0.6258607593622271
ENSG00000107643,ENSGALG00010020460,MAPK8,0,0.7623542511176353,0.0363827039754476,20.953754609115922,3.0423178479294863
ENSG00000100522,ENSGALG00010018051,GNPNAT1,0,1.488789685694039,-0.3180351175129176,-4.681211613788434,
ENSG00000122035,ENSGALG00010005784,RASL11A,0,-1.6574527280075273,-3.10704692933532,0.5334495312441582,-0.6283908120700352
ENSG00000168522,ENSGALG00010013732,FNTA,0,0.3289295186330641,-0.6710249505716788,-0.49018969913537946,
ENSG00000163645,ENSGALG00010001128,ERICH6,0,-0.7387096049915876,-1.6217409705710415,0.4555040653202933,-0.7863506373597267
ENSG00000104140,ENSGALG00010022246,RHOV,0,-1.9218440402044763,-2.0966904794456505,0.9166083687815465,-0.08707497670490714
ENSG00000250366,ENSGALG00010018073,TUNAR,0,0.7155266574982573,0.4335411063883042,1.6504240242847716,0.5010322393126636
ENSG00000179008,ENSGALG00010016775,C14orf39,0,0.9751770659128258,-0.6004304367377158,-1.6241299678463992,
ENSG00000214237,ENSGALG00010001126,MINDY4B,0,-0.3099467257201347,-2.0707092679182275,0.1496814306683127,-1.8992460388824477
ENSG00000181449,ENSGALG00010016609,SOX2,0,-2.207493147043971,-1.0599329380902074,2.0826724670161147,0.7336519089243508
ENSG00000163145,ENSGALG00010010655,C1QTNF7,0,-0.4767048907041982,-0.1873086733992506,2.545023047000585,0.9341397057573901
ENSG00000118707,ENSGALG00010021561,TGIF2,0,-2.5124195245746623,-2.500147917942252,1.004908352239619,0.004896345551439767
ENSG00000197102,ENSGALG00010016832,DYNC1H1,0,-0.543635210723096,-0.6613148114543528,0.8220520715807683,-0.19595153851046107
ENSG00000173253,ENSGALG00010011482,DMRT2,0,-1.7222638094307747,-1.568105250503396,1.0983088085942512,0.09377154998782371
ENSG00000034677,ENSGALG00010011359,RNF19A,0,0.0133279377707502,-0.7288388393209578,-0.018286536133512766,
ENSG00000182606,ENSGALG00010016410,TRAK1,0,-2.203283084410176,-1.6291662294858658,1.352399187101669,0.30188019077308503
ENSG00000150471,ENSGALG00010003560,ADGRL3,0,0.0667363185809648,-1.1233817265098636,-0.05940662644415807,
ENSG00000144460,ENSGALG00010022558,NYAP2,0,-2.2760306788799927,-1.637959872479093,1.3895521600508831,0.32898150821546046
ENSG00000166272,ENSGALG00010018831,WBP1L,0,-2.817962554375095,-2.631732933058026,1.0707631154277777,0.06837158626184114
ENSG00000186638,ENSGALG00010011904,KIF24,0,-1.207377023816262,-1.1830611971572962,1.0205533126413011,0.020344943589936326
ENSG00000117020,ENSGALG00010008323,AKT3,0,1.0489399598250344,0.2092238238261078,5.013482406749434,1.612130764800346
ENSG00000247626,ENSGALG00010016580,MARS2,0,-1.3106904588362696,-1.5667574987813937,0.836562429001112,-0.17845413013726416
ENSG00000083307,ENSGALG00010011772,GRHL2,0,-0.7092993923874644,-0.7193944819680385,0.9859672407370195,-0.014132149336089963
ENSG00000165072,ENSGALG00010014934,MAMDC2,0,-0.2074048127931362,-0.3979059316576483,0.5212408167154037,-0.6515431238364965
ENSG00000178904,ENSGALG00010024657,DPY19L3,0,0.790281396850979,0.2550800005170833,3.098170751328864,1.1308118571087562
ENSG00000197177,ENSGALG00010021966,ADGRA1,0,-2.7949709187603933,-0.6585039135599849,4.24442567645544,1.44560651648902
ENSG00000187908,ENSGALG00010001707,DMBT1,0,-1.490395917993288,-1.320097762512596,1.1290041997772624,0.12133600506960737
ENSG00000131269,ENSGALG00010013464,ABCB7,1,0.91133849566096,-0.1869716974610036,-4.874205604573048,
ENSG00000155158,ENSGALG00010016468,TTC39B,0,0.0982933264388616,-0.3031362030819515,-0.32425465991697616,
ENSG00000198912,ENSGALG00010021230,C1orf174,0,-1.5726351259673734,-1.8676556475638324,0.8420369825769095,-0.17193134340399874
ENSG00000134775,ENSGALG00010007900,FHOD3,0,-1.896232411529196,-1.8936189237621128,1.0013801550746497,0.0013792035360479494
ENSG00000181467,ENSGALG00010001535,RAP2B,0,-1.6375568987743367,-2.5422799033373744,0.644129270197446,-0.4398558429011206
ENSG00000237330,ENSGALG00010021660,RNF223,0,-2.997015702306092,-2.6950037442723995,1.1120636506259216,0.10621743396176966
ENSG00000183813,ENSGALG00010017022,CCR4,0,0.3950894835162106,0.1290774230165748,3.060872105151009,1.1186998770423608
ENSG00000179855,ENSGALG00010028614,GIPC3,0,-2.453336095293165,-2.334259456181144,1.051012597934092,0.049754078439618425
ENSG00000172379,ENSGALG00010019789,ARNT2,0,-1.364392323413112,-1.3712659009380233,0.9949874218266425,-0.005025183283706038
ENSG00000114993,ENSGALG00010006091,RTKN,0,-2.395968013417953,-2.3025399883907918,1.040576070556089,0.039774473795790265
ENSG00000164089,ENSGALG00010005743,ETNPPL,0,0.3665285479240623,-0.1152800870404335,-3.1794610616099344,
ENSG00000137948,ENSGALG00010024538,BRDT,0,0.6335978677963592,-0.6883618638382664,-0.9204430127251003,
ENSG00000183172,ENSGALG00010009809,SMDT1,0,-0.6909281559212754,-1.7224344137898775,0.4011346675319986,-0.9134580787967365
ENSG00000174429,ENSGALG00010013191,ABRA,0,-1.7992217119439804,-1.4591844170963697,1.2330324329561104,0.20947652793691773
ENSG00000147689,ENSGALG00010009655,FAM83A,0,-2.9937263985869595,-1.6221796919545186,1.8454961638558691,0.6127481648381639
ENSG00000155090,ENSGALG00010012052,KLF10,0,-1.105296739750468,-1.7190715927972962,0.642961435917811,-0.4416705317875665
ENSG00000115267,ENSGALG00010020999,IFIH1,0,0.6546495016981897,-0.7735276819464062,-0.8463168377515765,
ENSG00000149654,ENSGALG00010016083,CDH22,0,-2.6211365048764304,-2.359746762766994,1.1107702513819473,0.10505369483688438
ENSG00000188282,ENSGALG00010019265,RUFY4,0,-2.628238401201866,-3.315443917489338,0.7927259415662603,-0.23227771409576564
ENSG00000100523,ENSGALG00010018142,DDHD1,0,-0.7351011063360176,-1.625552524092274,0.4522161513953577,-0.7935950024046942
ENSG00000238227,ENSGALG00010028232,TMEM250,0,-0.6109290257359739,-1.2015802054931226,0.5084379910247037,-0.6764120158169098
ENSG00000169926,ENSGALG00010024744,KLF13,0,-3.729509690153391,-1.163101371859988,3.2065216157292458,1.16518674080634
ENSG00000131941,ENSGALG00010024878,RHPN2,0,-1.40146460790527,-0.6005996840212615,2.3334421332390467,0.8473444878311475
ENSG00000100151,ENSGALG00010010397,PICK1,0,-1.3166242860079151,-0.5275508772750497,2.495729497804371,0.91458107035717
ENSG00000188647,ENSGALG00010014914,PTAR1,0,-0.7132016225016464,-1.4005737153591238,0.5092210532587162,-0.6748730673980671
ENSG00000109458,ENSGALG00010007898,GAB1,0,-0.8215027256220786,-1.5025377104150253,0.5467434992997056,-0.6037755092084157
ENSG00000125520,ENSGALG00010024889,SLC2A4RG,0,-3.355559628895952,-3.0590989816849703,1.0969110999630647,0.09249813877775566
ENSG00000163219,ENSGALG00010020323,ARHGAP25,0,-1.1757484060386272,-2.318486970490932,0.5071188326711477,-0.6790099188878239
ENSG00000140396,ENSGALG00010003775,NCOA2,0,-1.190225642139021,-1.7482212226844007,0.6808209548625801,-0.38445592243376314
ENSG00000173320,ENSGALG00010007283,STOX2,0,-2.3048066758475887,-1.7545821515755795,1.3135929108693591,0.2727660629820362
ENSG00000178177,ENSGALG00010010958,LCORL,0,0.3600313242638986,-1.110458555503642,-0.32421860543963166,
ENSG00000165238,ENSGALG00010027711,WNK2,0,-3.1535779486133126,-1.4269815906287384,2.2099640032663794,0.7929762272822483
ENSG00000125630,ENSGALG00010018971,POLR1B,0,0.3695771320321555,-0.7370708850166469,-0.5014132826909973,
ENSG00000165644,ENSGALG00010022238,COMTD1,0,-2.639306669824304,-0.3637575193121532,7.255675909641943,1.9817840466612306
ENSG00000166716,ENSGALG00010022312,ZNF592,0,-2.7301819843219537,-1.6490126219825427,1.6556465050216316,0.5041915700253781
ENSG00000101384,ENSGALG00010018226,JAG1,0,-1.3916185802233176,-1.0785009666054743,1.290326687980044,0.25489543280825777
ENSG00000138867,ENSGALG00010026403,GUCD1,0,-2.1987296042384568,-1.6426248056968291,1.3385464511512224,0.29158428726196334
ENSG00000138162,ENSGALG00010001465,TACC2,0,-2.3578745784741137,-1.779444365444785,1.3250622634019502,0.28145944958088637
ENSG00000128917,ENSGALG00010022311,DLL4,0,-2.1533110632721986,-1.5607541202194346,1.379660662353051,0.32183757208591174
ENSG00000167654,ENSGALG00010027831,ATCAY,0,-2.3077174559058307,-2.081285354293626,1.1087943568838758,0.10327326005010688
ENSG00000101493,ENSGALG00010007867,ZNF516,0,-3.110705193743458,-1.836170143844378,1.6941268782590015,0.5271674920431658
ENSG00000081014,ENSGALG00010022573,AP4E1,0,0.9026025563020266,-0.9561844808025076,-0.9439627754097089,
ENSG00000178965,ENSGALG00010024003,ERICH3,0,-0.9104432909034532,-1.4453031433502952,0.6299324090536423,-0.4621427525686845
ENSG00000165275,ENSGALG00010001160,TRMT10B,0,-0.3209570205003533,-1.6060959854023578,0.19983676157433855,-1.6102544378285546
ENSG00000101596,ENSGALG00010001364,SMCHD1,0,1.103450639492987,-0.01483638649073,-74.37462216169953,
ENSG00000163803,ENSGALG00010020006,PLB1,0,-1.3193424142687444,-0.8870015751030053,1.4874183443423226,0.3970419623711031
ENSG00000161010,ENSGALG00010016902,MRNIP,0,-2.261755779234008,-2.0431471478237118,1.1069960289659755,0.10165006651679162
ENSG00000053770,ENSGALG00010017201,AP5M1,0,0.818864739483983,-1.0206772761829137,-0.8022758599528532,
ENSG00000196642,ENSGALG00010029147,RABL6,0,-2.7980244767647005,-1.6294103003401097,1.717200680627012,0.5406954537268039
ENSG00000154358,ENSGALG00010025849,OBSCN,0,-2.734563663141019,-1.4106424757550724,1.9385235523106543,0.6619266278155004
ENSG00000140368,ENSGALG00010024045,PSTPIP1,0,-2.3891036686479588,-0.8178411631073966,2.921231868020109,1.0720053999265873
ENSG00000178860,ENSGALG00010002693,MSC,0,-2.819755970491167,-2.6013367141574864,1.0839642385182042,0.08062491217640308
ENSG00000155897,ENSGALG00010007962,ADCY8,0,-1.1121237473785044,-1.1489538736121956,0.9679446433146172,-0.032580379999232675
ENSG00000151612,ENSGALG00010006506,ZNF827,0,-1.9339424606749311,-1.7365685903913064,1.1136573996418706,0.10764955348829436
ENSG00000163806,ENSGALG00010017688,SPDYA,0,0.9883097372912156,-0.8435890528437835,-1.1715535354087052,
ENSG00000188921,ENSGALG00010014190,HACD4,0,1.6028942450177066,-0.3987377538533296,-4.0199209368253355,
ENSG00000157303,ENSGALG00010027721,SUSD3,0,-2.71638637093759,-1.5021987590769343,1.8082736086180402,0.592372582720666
ENSG00000169490,ENSGALG00010017550,TM2D2,0,-0.1492243755906752,-2.460966751575098,0.060636485842470965,-2.8028584904738403
ENSG00000131089,ENSGALG00010012034,ARHGEF9,1,-0.5878099919484239,-1.5020434170558672,0.39134021378728284,-0.9381779853368288
ENSG00000177182,ENSGALG00010003877,CLVS1,0,-0.3650332380855197,-1.1250206355503958,0.3244680377857548,-1.1255682444972732
ENSG00000134030,ENSGALG00010010007,CTIF,0,-2.845748029859335,-2.6310922688256424,1.0815842772133193,0.0784268896007936
ENSG00000160007,ENSGALG00010009020,ARHGAP35,0,-0.7989372052836412,-2.574594910943885,0.31031569350486243,-1.1701651335412597
ENSG00000147596,ENSGALG00010003759,PRDM14,0,-1.7647882490963074,-2.148553532056738,0.8213843512695422,-0.19676412893219397
ENSG00000100483,ENSGALG00010019209,VCPKMT,0,0.0540017509893306,-2.4832625807336126,-0.021746291112467554,
ENSG00000119705,ENSGALG00010004950,SLIRP,0,0.5824014553157788,-1.1705158325438652,-0.4975596562842334,
ENSG00000171766,ENSGALG00010017604,GATM,0,0.1752940573786787,-0.0111295788845443,-15.750286618850458,
ENSG00000088926,ENSGALG00010015065,F11,0,-0.2281664413273443,-0.3657221813914034,0.6238791436146331,-0.4717986094758776
ENSG00000176853,ENSGALG00010008301,FAM91A1,0,0.4176913398730715,-0.7073822838001187,-0.5904746972587405,
ENSG00000175985,ENSGALG00010021543,PLEKHD1,0,-2.423805621496255,-2.586445921144046,0.9371182291815129,-0.06494582628143687
ENSG00000183963,ENSGALG00010022072,SMTN,0,-3.121072730192827,-3.176666326017228,0.9824993908333766,-0.01765555525583249
ENSG00000160161,ENSGALG00010028510,CILP2,0,-2.693486502602033,-2.529340364855789,1.064896816587831,0.06287790863463039
ENSG00000205639,ENSGALG00010009780,MFSD2B,0,-1.7185059475751086,-0.348374067092169,4.932933044985938,1.5959337492800925
ENSG00000177943,ENSGALG00010028466,MAMDC4,0,-3.178818379581175,-2.4982785344243355,1.2724035113697412,0.24090764053203473
ENSG00000023608,ENSGALG00010017779,SNAPC1,0,0.4904530229004304,-1.0047803450463375,-0.48811964258497925,
ENSG00000103740,ENSGALG00010024274,ACSBG1,0,-1.469079736360424,-0.3974109116452899,3.696626572930274,1.307420666719282
ENSG00000109265,ENSGALG00010015024,CRACD,0,-3.110095999511744,-1.9200060722976853,1.6198365434281514,0.4823252450352092
ENSG00000214595,ENSGALG00010016762,EML6,0,-0.1052228689167478,-0.0427480450837561,2.4614662193460544,0.9007571965168519
ENSG00000165060,ENSGALG00010014758,FXN,0,-0.995662978854586,-0.7143173260937846,1.393866482700803,0.33208152776605965
ENSG00000101670,ENSGALG00010009013,LIPG,0,-1.035670553044982,-1.3635204538364012,0.7595563015802361,-0.27502082989755783
ENSG00000185442,ENSGALG00010018535,FAM174B,0,-2.202278125554382,-1.6488626804030944,1.3356346478871093,0.2894065705651271
ENSG00000170088,ENSGALG00010007997,TMEM192,0,-0.3108126579565642,-0.4517050131191724,0.6880876876045721,-0.3738389962566037
ENSG00000156795,ENSGALG00010008238,NTAQ1,0,0.3255994672528519,-0.8028723735935878,-0.4055432444331054,
ENSG00000196990,ENSGALG00010028877,FAM163B,0,-3.0886284263507324,-2.829181291547145,1.0917039624073395,0.08773974387278564
ENSG00000116852,ENSGALG00010027107,KIF21B,0,-2.475190227831595,-2.605746909877538,0.9498966374857645,-0.05140210295355157
ENSG00000144233,ENSGALG00010024119,AMMECR1L,0,-1.1568856609500369,-1.5922642655987254,0.7265663658632842,-0.3194254500224479
ENSG00000078142,ENSGALG00010009548,PIK3C3,0,0.7695707081767491,-0.3281145969923563,-2.34543270927589,
ENSG00000138604,ENSGALG00010016452,GLCE,0,0.5577084258120752,-1.5912702916385355,-0.35048000879712354,
ENSG00000177108,ENSGALG00010005235,ZDHHC22,0,-1.9018041983603844,-1.781924759953038,1.0672752526377747,0.0651089077840889
ENSG00000157734,ENSGALG00010023255,SNX22,0,-3.1050501141398765,-3.2186787343918293,0.9646971227548055,-0.03594108933852568
ENSG00000027001,ENSGALG00010006132,MIPEP,0,0.3241862221402858,-0.6020895944265698,-0.5384351849645247,
ENSG00000165650,ENSGALG00010022280,PDZD8,0,-0.6158451569120569,-1.0208690003926064,0.6032558111522779,-0.5054139414487515
ENSG00000071894,ENSGALG00010008096,CPSF1,0,-2.277658425844182,-3.226675555789458,0.7058839311431533,-0.3483044584845813
ENSG00000165115,ENSGALG00010014570,KIF27,0,0.2041177943357173,-1.188150215422906,-0.17179460280875708,
ENSG00000167173,ENSGALG00010023666,C15orf39,0,-2.8056880324199955,-2.5869387111484903,1.0845591433337012,0.0811735849141747
ENSG00000151468,ENSGALG00010005368,CCDC3,0,-2.247565583464292,-1.9087840222425656,1.177485539104473,0.1633812658177139
ENSG00000035720,ENSGALG00010004880,STAP1,0,-0.0043166714871265,-1.071558084460991,0.00402840643892659,-5.514384405808435
ENSG00000083807,ENSGALG00010005259,SLC27A5,0,-1.669346166936256,-1.5365647324229637,1.0864144749072258,0.08288280146993518
ENSG00000167216,ENSGALG00010011422,KATNAL2,0,-0.8023385391304707,-1.0341988682528425,0.7758068237745488,-0.2538517282240935
ENSG00000166035,ENSGALG00010022994,LIPC,0,-1.2190797407791418,-0.2046179857377562,5.9578327700945435,1.7847067857693693
ENSG00000196782,ENSGALG00010009141,MAML3,0,-2.1533119078868754,-1.7734942209693445,1.2141634759373126,0.19405534249855313
ENSG00000168916,ENSGALG00010001195,ZNF608,0,-1.401491807055109,-1.3168968345365866,1.0642381166845853,0.062259159757828565
ENSG00000109158,ENSGALG00010013661,GABRA4,0,0.9471862974190444,0.0376427882960943,25.16249035455542,3.2253544076396734
ENSG00000137054,ENSGALG00010001171,POLR1E,0,-0.2607920215058623,-0.8296756281235691,0.3143300980115337,-1.157311577715993
ENSG00000197057,ENSGALG00010014681,DTHD1,0,0.0959679724631676,-0.8538423065315124,-0.11239542914312803,
ENSG00000157985,ENSGALG00010012571,AGAP1,0,-2.5723307585566264,-1.7519338675694325,1.4682807417413433,0.3840921528763184
ENSG00000109189,ENSGALG00010016451,USP46,0,0.5200894717466102,-0.981074566788718,-0.5301222652718257,
ENSG00000139746,ENSGALG00010000720,RBM26,0,-0.168217835710994,-0.7673071030090262,0.21923143295731382,-1.517627335660971
ENSG00000174529,ENSGALG00010027747,TMEM81,0,-0.3189886559918253,-1.9178902133052187,0.16632268822212323,-1.7938254726113199
ENSG00000254858,ENSGALG00010027317,MPV17L2,0,-1.024205299485747,-1.89651831067011,0.5400450360660412,-0.6161027427791154
ENSG00000163293,ENSGALG00010016868,NIPAL1,0,0.817586427794442,-0.7861220668850946,-1.040024777620123,
ENSG00000063322,ENSGALG00010009059,MED29,0,-1.815309155720355,-1.9187827937711408,0.946073292721465,-0.0554352364816523
ENSG00000171951,ENSGALG00010025890,SCG2,0,-0.5891497668926213,-0.7971043369100406,0.7391124845417966,-0.30230515778775635
ENSG00000169271,ENSGALG00010015006,HSPB3,0,-0.8920644251025305,-0.9881332144359538,0.9027774920122877,-0.10227916566070341
ENSG00000164283,ENSGALG00010015068,ESM1,0,-0.9496372649717362,-0.7982516092135398,1.1896465400268292,0.1736562378151817
ENSG00000129493,ENSGALG00010005578,HEATR5A,0,0.4970964898917067,-0.612531379544284,-0.8115445289701574,
ENSG00000101745,ENSGALG00010001845,ANKRD12,0,0.1288716844532178,-0.932130651095886,-0.1382549584671485,
ENSG00000137504,ENSGALG00010009144,CREBZF,0,-2.5802259947343504,-3.016753701880977,0.8552988575519285,-0.15630433012419157
ENSG00000164287,ENSGALG00010015114,CDC20B,0,-0.5402178181033026,-1.1757630026906194,0.4594614874486326,-0.7777001547389608
ENSG00000234602,ENSGALG00010013421,MCIDAS,0,-2.503607497868076,-2.2492419992824453,1.1130894313136508,0.10713942064998402
ENSG00000137809,ENSGALG00010017403,ITGA11,0,-1.860132776853936,-1.937326218512423,0.9601546497844023,-0.04066091396900463
ENSG00000185013,ENSGALG00010003681,NT5C1B,0,-1.2893493488681091,-0.8317512222006485,1.5501622533920023,0.43835960506037086
ENSG00000085415,ENSGALG00010001177,SEH1L,0,0.1267974011388783,-1.033716919345332,-0.12266162889080015,
ENSG00000135069,ENSGALG00010015533,PSAT1,0,0.3346787135877651,0.0980213267036352,3.414345886172884,1.2279859332921383
ENSG00000133980,ENSGALG00010006280,VRTN,0,-2.216990833266527,-2.060406676622884,1.0759967235692969,0.07324741672500948
ENSG00000169758,ENSGALG00010024118,TMEM266,0,-2.2272085745870367,-1.9881892006623487,1.1202196319369708,0.11352476602564648
ENSG00000056050,ENSGALG00010008358,HPF1,0,1.4079070652692869,-0.0406197550491725,-34.660648828751825,
ENSG00000115760,ENSGALG00010007614,BIRC6,0,0.1339474995559797,-0.885389547581042,-0.15128651554780087,
ENSG00000099814,ENSGALG00010019967,CEP170B,0,-3.818379012774413,-1.7289245380024816,2.2085284399896303,0.7923264294855121
ENSG00000100280,ENSGALG00010000323,AP1B1,0,-1.7973921522310246,-2.0788229475745936,0.8646201228094388,-0.1454650328933292
ENSG00000179331,ENSGALG00010004949,RAB39A,0,0.0804076872170664,-1.1859512668553291,-0.06780016132557924,
ENSG00000214575,ENSGALG00010023363,CPEB1,0,-1.1212789196109796,-1.7914168805319468,0.6259173572585879,-0.46853693375587596
ENSG00000155275,ENSGALG00010016423,TRMT44,0,-1.4554141203237378,-0.7298453833411561,1.9941403392332273,0.6902130498219275
ENSG00000168209,ENSGALG00010021509,DDIT4,0,-3.184601420203384,-4.4609084754523,0.713890777568686,-0.33702530093692984
ENSG00000164294,ENSGALG00010015118,GPX8,0,0.7027726621574129,-0.1608268841534095,-4.3697461768086745,
ENSG00000124406,ENSGALG00010014393,ATP8A1,0,0.7843572601489619,0.2312447297673839,3.391892480913925,1.2213880195834972
ENSG00000066735,ENSGALG00010016247,KIF26A,0,-3.5571688778049566,-1.5206294268478853,2.3392739973332075,0.8498406236798677
ENSG00000128881,ENSGALG00010020762,TTBK2,0,-0.8454554711083695,-1.451470480131288,0.5824820295566029,-0.5404569445647738
ENSG00000165807,ENSGALG00010017463,PPP1R36,0,0.6584625244374287,-1.207766320883399,-0.5451903344645411,
ENSG00000144410,ENSGALG00010025855,CPO,0,0.2814124001141174,-0.8259352249680133,-0.34071969763127113,
ENSG00000100314,ENSGALG00010000312,CABP7,0,-1.5302033092827667,-2.4162758028515774,0.633290002522432,-0.4568268219061137
ENSG00000138193,ENSGALG00010019982,PLCE1,0,-0.5295484767387322,-1.0363656130722103,0.510966853839288,-0.671450556167427
ENSG00000100220,ENSGALG00010015544,RTCB,0,0.4575539882785193,-0.186121665753801,-2.4583596242028314,
ENSG00000137821,ENSGALG00010022711,LRRC49,0,0.6193970114817589,-1.0323270113895973,-0.6000007794506892,
ENSG00000139977,ENSGALG00010017185,NAA30,0,-1.2254345791022845,-1.8425642478508195,0.6650702034035667,-0.40786267487038075
ENSG00000100568,ENSGALG00010023791,VTI1B,0,-1.3403227626475722,-1.868943618069423,0.71715526872453,-0.3324629085150433
ENSG00000162999,ENSGALG00010011142,DUSP19,0,0.9468617995648678,-2.5519184355085245,-0.3710392097136856,
ENSG00000044459,ENSGALG00010016566,CNTLN,0,0.0118196861291686,-1.3204405485990074,-0.008951320180003056,
ENSG00000175768,ENSGALG00010001191,TOMM5,0,-0.9315443916626052,-1.6729548646656194,0.5568257765572157,-0.5855028769292714
ENSG00000119650,ENSGALG00010005158,IFT43,0,-1.223279219076522,-2.0224253352983763,0.6048575429342349,-0.5027623149022247
ENSG00000079308,ENSGALG00010019050,TNS1,0,-2.6936840020718,-2.5171935364737537,1.0701139833074915,0.0677651692558744
ENSG00000154845,ENSGALG00010001803,PPP4R1,0,-0.0088845682776739,-1.1820485748241238,0.007516246342918546,-4.890688422167268
ENSG00000164307,ENSGALG00010012124,ERAP1,0,0.3026746731942715,-0.7489472522939108,-0.40413349841023555,
ENSG00000185681,ENSGALG00010027904,MORN5,0,0.1764119025526529,-1.730018123424246,-0.10197112976104473,
ENSG00000126814,ENSGALG00010017850,TRMT5,0,0.3437543861197643,-0.5719324354627539,-0.6010402012636871,
ENSG00000133985,ENSGALG00010021408,TTC9,0,-2.156006204298864,-1.800547004214395,1.197417339981947,0.18016702076549923
ENSG00000184007,ENSGALG00010017312,PTP4A2,0,1.315289473802267,-0.1518027330562515,-8.664465041712244,
ENSG00000121753,ENSGALG00010017289,ADGRB2,0,-2.304751012406322,-2.682126682919467,0.8592998336296422,-0.15163736827447358
ENSG00000168621,ENSGALG00010012878,GDNF,0,-0.4690483954426891,-1.3793617396160915,0.34004741611380074,-1.078670211937217
ENSG00000145545,ENSGALG00010000652,SRD5A1,0,-0.2730576622608041,-0.0590391627120859,4.625025994904675,1.5314819914685232
ENSG00000197563,ENSGALG00010012075,PIGN,0,1.353425010235604,-0.1943525239466557,-6.963763488901647,
ENSG00000161179,ENSGALG00010024328,YDJC,0,-2.8380720488287228,-0.5669861590900919,5.0055402646570855,1.6105453519279738
ENSG00000100320,ENSGALG00010015095,RBFOX2,0,-0.9104881849393394,-0.7116052283242665,1.2794849569661189,0.24645761958580958
ENSG00000178343,ENSGALG00010014442,SHISA3,0,-2.483282670956717,-2.794361307702059,0.8886763011325987,-0.1180222254858166
ENSG00000184178,ENSGALG00010014267,SCFD2,0,-0.6778497067553122,-1.3453763178153049,0.5038365086253647,-0.6855034511839084
ENSG00000198498,ENSGALG00010007955,TMA16,0,-0.4135642867606162,-0.7254825952636965,0.5700540432817619,-0.5620241098729674
ENSG00000089094,ENSGALG00010025289,KDM2B,0,-2.2728165691842506,-1.5315695796357018,1.4839786578451508,0.3947267631358108
ENSG00000188917,ENSGALG00010014739,TRMT2B,1,-0.4566381116653772,-2.28279748136989,0.20003443818036457,-1.6092657363554292
ENSG00000121207,ENSGALG00010014995,LRAT,0,-0.8420887378624649,-1.826259619669216,0.46110023393880295,-0.7741398324202176
ENSG00000162745,ENSGALG00010012958,OLFML2B,0,-1.5567385214786658,-2.8530684121818446,0.5456365907076766,-0.6058021096215943
ENSG00000187862,ENSGALG00010028097,TTC24,0,-2.6968432773709043,-2.3593208697810795,1.1430591370224024,0.13370812190158599
ENSG00000198589,ENSGALG00010006883,LRBA,0,0.4906444569026416,-0.5532865901713988,-0.8867817612399539,
ENSG00000175874,ENSGALG00010013520,CREG2,0,-1.8384747892881796,-1.0308293404355746,1.783490939937096,0.5785726458695614
ENSG00000129521,ENSGALG00010005871,EGLN3,0,-1.1606918161842827,-1.0239408993352277,1.1335535253429545,0.1253574111500308
ENSG00000099804,ENSGALG00010028473,CDC34,0,-2.4336629873779625,-1.961213239774176,1.2408966745799588,0.21583424294953926
ENSG00000162775,ENSGALG00010027328,RBM15,0,-1.7639154636551329,-2.095425023827469,0.8417936426249191,-0.1722203747947365
ENSG00000179023,ENSGALG00010018469,KLHDC7A,0,-2.720010247432045,-1.8261557061569145,1.4894733446121187,0.39842259748379455
ENSG00000160219,ENSGALG00010015881,GAB3,1,-1.801113890259597,-2.3940253187973477,0.7523370267296908,-0.28457088158952326
ENSG00000170075,ENSGALG00010024486,GPR37L1,0,-2.1622360825146725,-2.45004078909748,0.8825306468922806,-0.12496176342097406
ENSG00000174442,ENSGALG00010018042,ZWILCH,0,0.574074078731968,-0.8643155194981815,-0.6641950373230292,
ENSG00000119596,ENSGALG00010005998,YLPM1,0,-1.148848177035351,-1.6122685037906537,0.7125662842971,-0.3388823405739876
ENSG00000143436,ENSGALG00010028000,MRPL9,0,-1.1387391033815408,-2.417231098655979,0.4710923601862887,-0.7527011103758217
ENSG00000128203,ENSGALG00010023510,ASPHD2,0,-1.585629516535887,-2.32103922795195,0.6831549839573468,-0.3810335286707918
ENSG00000116819,ENSGALG00010013698,TFAP2E,0,-2.68184615014008,-2.204959660647039,1.2162790086386888,0.19579620511849166
ENSG00000054690,ENSGALG00010019875,PLEKHH1,0,-1.822923714969466,-1.3757525659828318,1.325037481334572,0.28144074683777026
ENSG00000186603,ENSGALG00010026073,HPDL,0,-2.3660567859206374,-2.684856783929209,0.8812599614561127,-0.1264026211395598
ENSG00000107742,ENSGALG00010021659,SPOCK2,0,-2.419648140491182,-3.0818764665264555,0.7851217161920631,-0.24191652074515538
ENSG00000154429,ENSGALG00010010279,CCSAP,0,-2.027479734424526,-1.5611567236484436,1.2987035213775844,0.2613664755936829
ENSG00000125485,ENSGALG00010028783,DDX31,0,-1.1503199591762474,-1.199731718649034,0.9588143259824563,-0.042057834958170795
ENSG00000164327,ENSGALG00010013357,RICTOR,0,0.2165501491651547,-0.9113245912941528,-0.23762131652525298,
ENSG00000151151,ENSGALG00010009137,IPMK,0,0.1506760553478088,-0.8878179299479632,-0.1697150398355215,
ENSG00000107560,ENSGALG00010001958,RAB11FIP2,0,-0.3538181495925219,-1.0023849313048283,0.35297632530444006,-1.0413542914241727
ENSG00000266524,ENSGALG00010020976,GDF10,0,-2.512203850346431,-1.2548409013112676,2.0020098545730063,0.6941516032450531
ENSG00000173269,ENSGALG00010010472,MMRN2,0,-2.8184828983142065,-1.2851954217039256,2.1930383898951584,0.7852879749346761
ENSG00000119446,ENSGALG00010028355,RBM18,0,-0.0060072869748015,-0.996985864527933,0.0060254484928388774,-5.11176336373038
ENSG00000048828,ENSGALG00010027698,FAM120A,0,-1.4351309994981332,-0.7891104325891874,1.8186694032028663,0.5981051365655774
ENSG00000145354,ENSGALG00010016900,CISD2,0,0.7091102716343372,-0.1591702947684573,-4.45504151805379,
ENSG00000132463,ENSGALG00010004248,GRSF1,0,-0.4939675421898677,-0.5966043395335219,0.8279650506332141,-0.18878433486789448
ENSG00000162783,ENSGALG00010014329,IER5,0,-2.6966593328421364,-2.945257910794331,0.9155936133670726,-0.08818266628074818
ENSG00000054277,ENSGALG00010008451,OPN3,0,-0.1592250516918376,-0.4657750200363968,0.34184970177102963,-1.0733841070198782
ENSG00000116128,ENSGALG00010007938,BCL9,0,-1.8270225511653384,-1.6916165176814977,1.0800453483803918,0.07700302949570832
ENSG00000189376,ENSGALG00010009730,C8orf76,0,-0.3740903090036411,-1.4238360114765884,0.2627341252702907,-1.336612688670501
ENSG00000100612,ENSGALG00010016937,DHRS7,0,0.3175232375962835,-1.0801973199903552,-0.2939492921525843,
ENSG00000162843,ENSGALG00010008442,WDR64,0,0.4776793069506269,-0.4752043407785781,-1.0052082145714278,
ENSG00000003987,ENSGALG00010015904,MTMR7,0,-0.6065178381015119,-1.1621472791689902,0.5218941256182358,-0.6502905361573045
ENSG00000172345,ENSGALG00010019267,STARD5,0,-0.7825372968668738,-0.963599034799345,0.8120984648244541,-0.20813368407303168
ENSG00000214357,ENSGALG00010012391,NEURL1B,0,-3.046566042653124,-2.062111930143778,1.47740091026034,0.39028440223545935
ENSG00000159459,ENSGALG00010020775,UBR1,0,0.6050365049391218,-0.6395532512486646,-0.9460299103442094,
ENSG00000113269,ENSGALG00010016879,RNF130,0,-0.2938904419494523,-1.5571337375774963,0.18873808643223608,-1.6673950110848517
ENSG00000138771,ENSGALG00010004056,SHROOM3,0,-2.753985207861499,-2.286150509587425,1.2046386256338402,0.18617962622534664
ENSG00000107338,ENSGALG00010013253,SHB,0,-2.920081728290926,-1.8306282720294784,1.5951254402149342,0.4669523790471611
ENSG00000104356,ENSGALG00010011673,POP1,0,-1.0810541848937127,-1.009126386135312,1.0712772946447922,0.06885166985360937
ENSG00000078177,ENSGALG00010016218,N4BP2,0,0.4855848572414807,-0.993852840725491,-0.4885882872629456,
ENSG00000164171,ENSGALG00010012771,ITGA2,0,0.7021873142978148,-0.1045654318529686,-6.715291103901081,
ENSG00000126883,ENSGALG00010028137,NUP214,0,-1.2095853771118,-1.2258259487860963,0.9867513233094968,-0.013337223361289051
ENSG00000277586,ENSGALG00010018944,NEFL,0,-2.096824461894771,-2.7570195054318427,0.7605403073005598,-0.2737261676346201
ENSG00000104447,ENSGALG00010008623,TRPS1,0,-0.8228709118969828,-1.4414398284255143,0.57086733394609,-0.5605984361704405
ENSG00000140264,ENSGALG00010000063,SERF2,0,-1.187978696552367,-1.556944971781666,0.7630190649531576,-0.270472261177398
ENSG00000143479,ENSGALG00010027134,DYRK3,0,-0.219163686911326,-1.0496765435728452,0.2087916399135164,-1.5664184625035944
ENSG00000212916,ENSGALG00010008155,MAP10,0,-0.638352472770956,-2.1510570646777825,0.29676222135305275,-1.2148240623368498
ENSG00000119283,ENSGALG00010007841,TRIM67,0,-2.1700493927611824,-1.7897258578651751,1.2125037939328125,0.19268747284135843
ENSG00000006432,ENSGALG00010021307,MAP3K9,0,-2.521617518357392,-1.7979739991655916,1.4024771879502322,0.33824009300630653
ENSG00000157593,ENSGALG00010019581,SLC35B2,0,-0.7207173750294427,-0.9821811939200656,0.7337926845788272,-0.30952873634091943
ENSG00000006638,ENSGALG00010028120,TBXA2R,0,-2.355259017124702,-2.7535988435551872,0.8553384682874915,-0.15625801903887643
ENSG00000253250,ENSGALG00010011037,C8orf88,0,-0.0881134959567067,-1.073539336330234,0.08207756621002094,-2.5000905494366568
ENSG00000175324,ENSGALG00010017792,LSM1,0,-0.2726997294650761,-2.1097963159542523,0.12925405519145344,-2.045975391296969
ENSG00000178233,ENSGALG00010018337,TMEM151B,0,-2.8416893434784587,-2.533542867770654,1.1216267068648231,0.11478004841343847
ENSG00000166912,ENSGALG00010024751,MTMR10,0,-0.2647045314087197,-0.8219830254495702,0.32203162743408703,-1.1331055164161876
ENSG00000142798,ENSGALG00010017873,HSPG2,0,-3.0049159809104804,-2.793711305238268,1.0756000361512656,0.07287867902289706
ENSG00000104413,ENSGALG00010012304,ESRP1,0,0.0718786374280444,-0.8558233688315978,-0.08398770125449578,
ENSG00000095539,ENSGALG00010018515,SEMA4G,0,-2.087031358626044,-2.638606440176846,0.7909597001082761,-0.23450826054237042
ENSG00000128915,ENSGALG00010024663,ICE2,0,0.7343741577030158,-0.4616227062125104,-1.5908536296413092,
ENSG00000094755,ENSGALG00010010511,GABRP,0,0.0471453831706067,-0.655416554392698,-0.07193193832934403,
ENSG00000225830,ENSGALG00010021829,ERCC6,0,-0.4700058168742185,-0.531394376260305,0.8844764601798965,-0.1227593794392219
ENSG00000105717,ENSGALG00010002547,PBX4,0,-2.3562435023751966,-1.3473173417437263,1.7488407737153424,0.5589531534218531
ENSG00000198604,ENSGALG00010006673,BAZ1A,0,0.0281151292048971,-1.0642502116685812,-0.026417781172734637,
ENSG00000130584,ENSGALG00010024884,ZBTB46,0,-2.8397724420426425,-1.985641273450078,1.430153814796819,0.3577820012823315
ENSG00000141446,ENSGALG00010005092,ESCO1,0,0.2429818390679852,-0.7836723664541904,-0.31005538726264215,
ENSG00000113263,ENSGALG00010015076,ITK,0,-0.3932333867562541,-0.9081972036265412,0.432982380022781,-0.8370582445956558
ENSG00000132466,ENSGALG00010004443,ANKRD17,0,-0.3383082334228451,-0.8505106324790224,0.39777072796463764,-0.9218795000745923
ENSG00000164967,ENSGALG00010009152,RPP25L,0,-2.443988371515358,-0.6813875694494178,3.586781563230125,1.277255299910281
ENSG00000186897,ENSGALG00010023955,C1QL4,0,-2.3146246141234794,-1.7149293676834438,1.3496909305659126,0.2998756259179559
ENSG00000170214,ENSGALG00010009333,ADRA1B,0,-1.8267307629578424,-0.5556062481341908,3.2878153712134783,1.1902233233099975
ENSG00000164841,ENSGALG00010007966,TMEM74,0,-1.480960372496309,-2.6777332171025283,0.5530649442735744,-0.5922798444392815
ENSG00000123213,ENSGALG00010012346,NLN,0,0.8640833123096101,-0.1397051253049038,-6.185050909361876,
ENSG00000151743,ENSGALG00010010734,AMN1,0,0.4234987049095284,-0.4863436714952154,-0.8707807456556875,
ENSG00000166377,ENSGALG00010007319,ATP9B,0,-0.3555217506855825,-0.1725687033420543,2.060175129095632,0.7227909933120871
ENSG00000099917,ENSGALG00010026259,MED15,0,-2.7544309190280547,-2.105378480935592,1.3082830208296017,0.2687156064099686
ENSG00000142039,ENSGALG00010008331,CCDC97,0,-2.9428944766692435,-2.882630529498172,1.0209058866734346,0.02069035733688493
ENSG00000148200,ENSGALG00010028917,NR6A1,0,-1.1748737217981198,-1.6105781383158628,0.7294732828216909,-0.31543253564927
ENSG00000164176,ENSGALG00010006096,EDIL3,0,0.5161512222490323,-0.7506577172835486,-0.687598635656289,
ENSG00000115596,ENSGALG00010021142,WNT6,0,-3.0297119247362776,-1.9761107953690196,1.5331690570368592,0.4273368723723
ENSG00000122584,ENSGALG00010002824,NXPH1,0,-0.0812126331901446,-0.960767553987354,0.08452890905099565,-2.4706616841816573
ENSG00000171812,ENSGALG00010014897,COL8A2,0,-3.0397811494814224,-1.412702284192239,2.151749298840783,0.7662811386920587
ENSG00000168672,ENSGALG00010008405,LRATD2,0,-2.682918022266291,-2.97308467625464,0.9024021561491857,-0.10269500889147887
ENSG00000181085,ENSGALG00010008279,MAPK15,0,-3.1248227547354244,-1.090080019388115,2.8665994231225826,1.0531264572659695
ENSG00000178171,ENSGALG00010024264,AMER3,0,-3.4495329866700946,-1.752375903582175,1.9684891692579325,0.6772663293585446
ENSG00000179869,ENSGALG00010000626,ABCA13,0,0.378950766674988,-0.3802077723722354,-0.9966938979458401,
ENSG00000120370,ENSGALG00010014111,GORAB,0,-0.7555550434833123,-2.050587810759593,0.36845778538176055,-0.9984291319020944
ENSG00000164300,ENSGALG00010011515,SERINC5,0,0.0977784901951288,-0.1344565209492678,-0.7272127041872658,
ENSG00000155621,ENSGALG00010014220,C9orf85,0,0.8359235023877449,-0.7780272693271915,-1.0744141437492545,
ENSG00000120159,ENSGALG00010006378,CAAP1,0,-1.1015562694728835,-1.4255104873748397,0.7727451177868663,-0.2578060159622202
ENSG00000170776,ENSGALG00010020117,AKAP13,0,-1.1159921161416442,-1.8556201052020445,0.6014119555037545,-0.5084751291711044
ENSG00000152380,ENSGALG00010007277,FAM151B,0,0.5438122537251804,-1.3449659421284763,-0.4043316166538538,
ENSG00000188133,ENSGALG00010005601,TMEM215,0,-2.353196479335379,-2.025612596672359,1.1617208952991156,0.1499024362044159
ENSG00000163435,ENSGALG00010027121,ELF3,0,-2.274808937200129,-2.8841552070441017,0.7887262556620606,-0.23733596933634138
ENSG00000167112,ENSGALG00010028111,TRUB2,0,-1.2554525797752945,-1.8366416254551357,0.6835588186476947,-0.38044257143990573
ENSG00000131183,ENSGALG00010012080,SLC34A1,0,-2.046478009270197,-2.603848458270728,0.7859435915979947,-0.24087025554302793
ENSG00000117036,ENSGALG00010028856,ETV3,0,-1.823779002156764,-2.20884352448908,0.825671434819547,-0.19155836326490916
ENSG00000142698,ENSGALG00010017117,C1orf94,0,-1.998570677169928,-1.7223445264226136,1.1603779885555467,0.14874580424303185
ENSG00000249915,ENSGALG00010008196,PDCD6,0,-1.362882752271508,-0.1947840930931251,6.996889379565106,1.945465675943931
ENSG00000169288,ENSGALG00010008165,MRPL1,0,1.1329711495623762,-0.8787392142452647,-1.2893144304883075,
ENSG00000148396,ENSGALG00010028122,SEC16A,0,-2.2166840608634235,-0.9693047731813718,2.2868803726076856,0.8271886061114215
ENSG00000187258,ENSGALG00010019090,NPSR1,0,-0.1348301355436216,-0.6588759743993766,0.20463659441601453,-1.5865195831195646
ENSG00000121904,ENSGALG00010017101,CSMD2,0,-1.7764209828006423,-1.9877015442215036,0.8937060938373368,-0.1123783119570365
ENSG00000213999,ENSGALG00010028444,MEF2B,0,-3.582353170435825,-2.924107070613952,1.2251101221418907,0.2030307355823539
ENSG00000164197,ENSGALG00010011419,RNF180,0,0.1757288502316107,-0.7029330932261328,-0.24999370768716803,
ENSG00000163743,ENSGALG00010007983,RCHY1,0,0.6613413450389221,-1.9119595217433816,-0.34589714767386465,
ENSG00000125851,ENSGALG00010017927,PCSK2,0,-1.096502997487013,-0.6380445781789628,1.7185366587026447,0.5414731488827601
ENSG00000163348,ENSGALG00010027913,PYGO2,0,-2.2591986297156854,-2.1304366396999592,1.060439248751308,0.0586832079044099
ENSG00000165355,ENSGALG00010006515,FBXO33,0,-0.8916590109560776,-1.333814040317155,0.668503242583995,-0.40271403191488736
ENSG00000163354,ENSGALG00010027945,DCST2,0,-1.6713776599137304,-2.532062581494376,0.660085446595603,-0.4153859878026836
ENSG00000198812,ENSGALG00010014235,LRRC10,0,-2.155678124030924,-3.1794570238193525,0.6780019694813788,-0.3886050862061688
ENSG00000255690,ENSGALG00010001716,TRIL,0,-2.9603914039436017,-2.826623263935257,1.0473243610901692,0.0462386843783091
ENSG00000166268,ENSGALG00010012151,MYRFL,0,-0.4587314074573925,-0.7174746246237671,0.6393695215324784,-0.44727271078610775
ENSG00000137106,ENSGALG00010001179,GRHPR,0,-1.5164824690730878,-1.91800258029148,0.7906571579495096,-0.23489083380708392
ENSG00000198752,ENSGALG00010015157,CDC42BPB,0,-1.4514985850637938,-0.9166520864452604,1.5834781882105853,0.45962381248462914
ENSG00000141664,ENSGALG00010011963,ZCCHC2,0,-1.525331455133751,-1.6533709030067008,0.9225585453087951,-0.08060444133182196
ENSG00000116117,ENSGALG00010021734,PARD3B,0,-0.962981641146456,-1.0544907841689466,0.9132195895911885,-0.09077891296745408
ENSG00000182348,ENSGALG00010004504,ZNF804B,0,-0.4153054942043184,-1.3198388192984067,0.31466379692111524,-1.156250521500416
ENSG00000186094,ENSGALG00010027088,AGBL4,0,-0.323294215524804,-0.7304233755293389,0.44261208821597775,-0.8150615399081044
ENSG00000183323,ENSGALG00010007300,CCDC125,0,0.1186754380521595,-0.6575952700458622,-0.1804688133536648,
ENSG00000072042,ENSGALG00010019925,RDH11,0,-0.6077028717655786,-1.352186662679623,0.4494223235136014,-0.799792246424566
ENSG00000142609,ENSGALG00010020083,CFAP74,0,-2.4318404114151377,-0.7945406167173421,3.0606873459311963,1.1186395135936855
ENSG00000197653,ENSGALG00010024664,DNAH10,0,-0.3114741712883511,-0.3418460473761698,0.9111533501090996,-0.09304406426475677
ENSG00000167693,ENSGALG00010029764,NXN,0,-2.2749728639626667,-1.7365734100822547,1.310035527870319,0.27005425735699967
ENSG00000170482,ENSGALG00010008305,SLC23A1,0,-0.9027919742889612,-2.1883517773750523,0.4125442644198038,-0.8854117712800863
ENSG00000165105,ENSGALG00010015541,RASEF,0,-0.63001424528996,-1.039109237118532,0.6063022277012958,-0.500376691655395
ENSG00000099308,ENSGALG00010027335,MAST3,0,-3.1151424362320395,-3.117217820880697,0.9993342189195906,-0.0006660028110544011
ENSG00000184611,ENSGALG00010020992,KCNH7,0,-0.1491366464306445,-0.4458791642447407,0.334477720400463,-1.0951850073108462
ENSG00000075151,ENSGALG00010021145,EIF4G3,0,-0.6693914857061287,-1.6936071612396535,0.39524601750984606,-0.928246878819735
ENSG00000213463,ENSGALG00010021413,SYNJ2BP,0,-0.3566122035907586,-1.4156448811072764,0.2519079525875352,-1.3786915257069208
ENSG00000123453,ENSGALG00010028881,SARDH,0,-2.380474907355527,-1.8522674299583837,1.2851680426130536,0.2508894822587305
ENSG00000101181,ENSGALG00010022830,MTG2,0,-1.8540988387844752,-0.3285705817386355,5.642924052949254,1.7304023802661412
ENSG00000115896,ENSGALG00010015218,PLCL1,0,0.0392135103156281,-0.6807381937304873,-0.0576043928147114,
ENSG00000008988,ENSGALG00010004081,RPS20,0,0.2799863007037331,-1.2313408657790834,-0.227383260383048,
ENSG00000152939,ENSGALG00010009393,MARVELD2,0,0.1519036558439932,-0.8992307255245248,-0.16892622942280716,
ENSG00000183840,ENSGALG00010019416,GPR39,0,-1.860054120444296,-0.9479420557371492,1.9622023405194953,0.6740674855501803
ENSG00000146433,ENSGALG00010005475,TMEM181,0,0.9825782718237868,-0.4003402426759266,-2.454357986237169,
ENSG00000218819,ENSGALG00010007981,TDRD15,0,1.6498836422887937,-0.3780291971478409,-4.364434426591531,
ENSG00000169223,ENSGALG00010012047,LMAN2,0,-1.7745355476048594,-1.6255314394003966,1.0916648577768668,0.0877039234194428
ENSG00000174799,ENSGALG00010015083,CEP135,0,0.1182549071866123,-1.2842566542042462,-0.09208043174196022,
ENSG00000174197,ENSGALG00010020186,MGA,0,-0.0855793277985021,-1.0072843204930733,0.08496044866121848,-2.4655694406500688
ENSG00000159307,ENSGALG00010011981,SCUBE1,0,-2.265358268032461,-0.8827818898109032,2.566158520218073,0.9424100414552565
ENSG00000165084,ENSGALG00010004246,C8orf34,0,-1.1277419071008357,-1.4543681155032893,0.775417100443361,-0.25435420028283773
ENSG00000178401,ENSGALG00010023099,DNAJC22,0,-1.2678221252867523,-2.450557271320674,0.5173607408095741,-0.6590148899413649
ENSG00000167220,ENSGALG00010012845,HDHD2,0,0.1564203661992422,-0.7035471245447866,-0.2223310432836326,
ENSG00000168658,ENSGALG00010015551,VWA3B,0,-0.6279883073860901,-0.6041426902865651,1.0394701739885561,0.038711135252586897
ENSG00000025770,ENSGALG00010006457,NCAPH2,0,-2.431396206322839,-2.211244857551544,1.0995599144162909,0.09491002194847635
ENSG00000164270,ENSGALG00010008169,HTR4,0,-0.0121613024373878,-1.0187522674767846,0.011937448215461206,-4.428074911156534
ENSG00000184903,ENSGALG00010002270,IMMP2L,0,-0.400213160439387,-1.3378047509387414,0.29915662966404943,-1.2067879977200948
ENSG00000170891,ENSGALG00010011205,CYTL1,0,-1.4824852520086207,-2.304372754198333,0.6433356970167623,-0.4410886116387454
ENSG00000166133,ENSGALG00010023117,RPUSD2,0,-1.832549569182925,-1.534669213671767,1.1941006914437708,0.17739334260717313
ENSG00000179361,ENSGALG00010021147,ARID3B,0,-2.010015529505438,-1.9423111565124864,1.0348576348161012,0.03426386635402172
ENSG00000283787,ENSGALG00010024609,PRR33,0,-3.754193747163777,-1.8635300432568809,2.0145603558945546,0.7004009859324216
ENSG00000121898,ENSGALG00010001852,CPXM2,0,-1.4014272633001728,-1.109912288213356,1.2626468579387233,0.23321019852214922
ENSG00000155016,ENSGALG00010005656,CYP2U1,0,-0.8187209481591644,-0.5030820042418929,1.6274105240415346,0.48699011604182235
ENSG00000083857,ENSGALG00010013371,FAT1,0,-0.1280871133416994,0.0197260549704854,-6.493295974960347,
ENSG00000163013,ENSGALG00010018124,FBXO41,0,-3.249495895063093,-2.8169628080383244,1.153545899076309,0.14284058897683385
ENSG00000101972,ENSGALG00010013273,STAG2,1,1.0282026769733044,-0.1583938870124185,-6.491429034080656,
ENSG00000165730,ENSGALG00010023157,STOX1,0,-0.558423727690796,-0.9049729095583288,0.6170612642574397,-0.4827869662338621
ENSG00000164898,ENSGALG00010010929,FMC1,0,-1.623568731235423,-2.381975668672782,0.6816059259497232,-0.38330360932976176
ENSG00000128039,ENSGALG00010015397,SRD5A3,0,0.1411910620392937,-0.5394963754583284,-0.2617090094800823,
ENSG00000156966,ENSGALG00010015563,B3GNT7,0,-1.9017233838963588,-1.72470331482632,1.102637982746537,0.09770547492633073
ENSG00000066739,ENSGALG00010015614,ATG2B,0,0.0879121417485819,-0.7209430057592535,-0.12194048773106296,
ENSG00000158623,ENSGALG00010006616,COPG2,0,0.3051049784301298,-0.9475566229537706,-0.32199128900502155,
ENSG00000164134,ENSGALG00010010037,NAA15,0,1.1213752228172762,-0.2027461052420328,-5.530933486878127,
ENSG00000112238,ENSGALG00010004136,PRDM13,0,-2.624805370380729,-2.2988194449331965,1.1418057978263734,0.1326110423301669
ENSG00000176563,ENSGALG00010022269,CNTD1,0,-0.7276674502612881,-1.2488186047275498,0.582684664935818,-0.5401091224338874
ENSG00000287363,ENSGALG00010027550,CIMIP3,0,-1.401938067662421,-2.118624795983998,0.6617207871445161,-0.41291158370084474
ENSG00000262543,ENSGALG00010004239,SMIM28,0,-2.956104032350071,-2.488711265970961,1.1878051394591,0.1721071834627152
ENSG00000135540,ENSGALG00010004233,NHSL1,0,-2.393061571135819,-2.0180667288390013,1.185818851744587,0.17043355007721292
ENSG00000215018,ENSGALG00010003903,COL28A1,0,-0.4389105709909326,-0.0667015172521499,6.580218697750624,1.884067981525114
ENSG00000104059,ENSGALG00010024835,ENTREP2,0,-2.138456026341556,-1.974578898099676,1.082993456680609,0.07972892615444177
ENSG00000158246,ENSGALG00010012654,TENT5B,0,-2.6820823165884478,-2.596733839205596,1.0328676262827776,0.032339036991850305
ENSG00000141385,ENSGALG00010001199,AFG3L2,0,0.2709121490731228,-0.1330489290098685,-2.036184365324945,
ENSG00000185585,ENSGALG00010027731,OLFML2A,0,-2.4172646016701744,-2.0829212828640986,1.1605165406665492,0.14886519968252515
ENSG00000113073,ENSGALG00010008683,SLC4A9,0,-1.6866039327344318,-1.9435767415076184,0.8677835542661132,-0.14181295686209144
ENSG00000144406,ENSGALG00010011357,UNC80,0,-1.2564818993664346,-1.8735985579838887,0.6706249287032379,-0.3995452719110842
ENSG00000168303,ENSGALG00010017888,MPLKIP,0,-2.3293325107650915,-1.5248313052936893,1.527600136932165,0.42369796600797693
ENSG00000166794,ENSGALG00010023244,PPIB,0,-0.2761212702515028,-1.6275223350757593,0.16965743836544625,-1.773973943352357
ENSG00000154415,ENSGALG00010001526,PPP1R3A,0,0.3885923216283586,-0.8329027392322009,-0.46655185932822923,
ENSG00000148798,ENSGALG00010021104,INA,0,-2.5127271314936763,-3.000705008307324,0.8373789241319284,-0.17747859393458768
ENSG00000183978,ENSGALG00010022266,COA3,0,-1.2330079017828837,-2.462024841842666,0.5008105039509095,-0.6915274850733363
ENSG00000186862,ENSGALG00010017959,PDZD7,0,-3.165274769778444,-2.8330115340059243,1.1172826978585202,0.1108995747791129
ENSG00000095981,ENSGALG00010020134,KCNK16,0,-1.5106570571097055,-1.094157647692365,1.3806575864965707,0.3225598976273822
ENSG00000132294,ENSGALG00010008093,EFR3A,0,0.9084846636960968,-0.1544738729981782,-5.881154178783432,
ENSG00000107036,ENSGALG00010012889,RIC1,0,-0.2372241641681061,-0.7951624048867868,0.2983342304794723,-1.209540842186151
ENSG00000188822,ENSGALG00010015524,CNR2,0,-0.803973647789908,-1.104808284448686,0.7277042171991872,-0.3178606084017122
ENSG00000158055,ENSGALG00010015677,GRHL3,0,-1.329937783231541,-1.2847210305387846,1.035195775283443,0.03459056369303693
ENSG00000165813,ENSGALG00010022416,CCDC186,0,0.0953020351645594,-1.1346114177363529,-0.08399530771045398,
ENSG00000164627,ENSGALG00010020128,KIF6,0,-0.6923485270765379,-0.6824452302055791,1.0145114896150356,0.014407205616382784
ENSG00000164500,ENSGALG00010000644,SPMIP7,0,0.1253878547238258,-0.906516277680236,-0.13831837090084226,
ENSG00000187260,ENSGALG00010027123,WDR86,0,-3.3121067121914347,-2.127932101354099,1.5564907875038834,0.44243379215658984
ENSG00000141570,ENSGALG00010029231,CBX8,0,-3.2105870775954006,-2.551712640984028,1.2582087128577646,0.22968905298895123
ENSG00000141179,ENSGALG00010029268,PCTP,0,-0.6085335955148832,0.0698945828470469,-8.706448636320808,
ENSG00000139722,ENSGALG00010024956,VPS37B,0,-2.1704757638516696,-1.5098865883318628,1.4375091352057323,0.36291184859490283
ENSG00000138760,ENSGALG00010004104,SCARB2,0,0.5008310919110635,-0.4628840254872312,-1.081979641409939,
ENSG00000197959,ENSGALG00010013766,DNM3,0,-0.4896210736117883,-0.7911627845393967,0.6188626199055084,-0.4798719696929073
ENSG00000115844,ENSGALG00010021707,DLX2,0,-3.0108914122356065,-2.242748213699106,1.3425008629343878,0.29453419018234295
ENSG00000118242,ENSGALG00010012007,MREG,0,-0.6408518526625535,-2.107390375275381,0.3040973614481896,-1.1904073609290624
ENSG00000187664,ENSGALG00010028379,HAPLN4,0,-1.6560358309098664,-1.9921903474757303,0.8312638563921367,-0.18480801780708123
ENSG00000138180,ENSGALG00010020370,CEP55,0,-0.4650726724207175,-1.4300991466406303,0.32520309764060407,-1.1233053760137364
ENSG00000104728,ENSGALG00010001896,ARHGEF10,0,-1.387725435997769,-0.555298772287495,2.4990608754295995,0.9159150114719236
ENSG00000144583,ENSGALG00010018366,MARCHF4,0,-2.23670278953605,-1.7734305271224868,1.2612294393991594,0.2320869907880171
ENSG00000173068,ENSGALG00010016535,BNC2,0,-1.4676566288171973,-1.3979579356401697,1.0498575038633837,0.04865444435361323
ENSG00000139144,ENSGALG00010013617,PIK3C2G,0,0.4370285680118702,-0.7135739103081755,-0.6124503176175934,
ENSG00000148688,ENSGALG00010020481,RPP30,0,0.8141823645509358,0.078049429958854,10.431624740631104,2.3448420325885855
ENSG00000106536,ENSGALG00010016637,POU6F2,0,-2.375662195363958,-2.288698174523005,1.037997155679594,0.03729304454687314
ENSG00000119900,ENSGALG00010002471,OGFRL1,0,-0.3780277627510902,-0.7351443068386989,0.5142225264270935,-0.6650991764224573
ENSG00000219607,ENSGALG00010011021,PPP1R3G,0,-3.0490718899693743,-2.9470229595548068,1.034627802977817,0.03404175139246493
ENSG00000097007,ENSGALG00010027607,ABL1,0,-2.354673317512667,-1.8653512812937096,1.2623216555112284,0.23295260922742275
ENSG00000109685,ENSGALG00010016910,NSD2,0,-1.3665466299142803,-0.8314611732266779,1.643548338656728,0.49685752571074254
ENSG00000075035,ENSGALG00010022309,WSCD2,0,-1.39430517155224,-1.6433832580622545,0.8484357892244154,-0.1643608728055611
ENSG00000198691,ENSGALG00010021143,ABCA4,0,-0.8303086338981096,-0.38706930862249,2.1451161727418495,0.763193710699802
ENSG00000172673,ENSGALG00010004808,THEMIS,0,0.0264665608594878,-0.5695939920145863,-0.046465660155365615,
ENSG00000119946,ENSGALG00010018350,CNNM1,0,-2.131482913475047,-3.009407110361436,0.7082733692415086,-0.34492514506364064
ENSG00000100532,ENSGALG00010018847,CGRRF1,0,1.0915562319286138,-0.6141389441299746,-1.7773766708036676,
ENSG00000146476,ENSGALG00010005779,DCPH1,0,1.0454230922216272,-0.5380695422124518,-1.9429144566016923,
ENSG00000095397,ENSGALG00010028895,WHRN,0,-2.919742325571997,-3.037544068423492,0.9612180958702486,-0.039553948965108936
ENSG00000118680,ENSGALG00010002352,MYL12B,0,0.9369061093572082,-0.1278647096076383,-7.327323639432408,
ENSG00000110427,ENSGALG00010022569,KIAA1549L,0,-1.6537248682804844,-0.851379116094928,1.9424071333411654,0.6639279943130602
ENSG00000109084,ENSGALG00010029566,TMEM97,0,-0.1405711870201944,-0.8209256878540746,0.17123497181291994,-1.764718561527535
ENSG00000120549,ENSGALG00010005245,KIAA1217,0,-1.3641980228893311,-1.571957546035763,0.8678338841463182,-0.14175496034845284
ENSG00000101639,ENSGALG00010001205,CEP192,0,-0.0689632485825111,-0.7911918226710787,0.08716375296914705,-2.439966711444142
ENSG00000185561,ENSGALG00010029354,TLCD2,0,-1.94277699670006,-1.2754517894990007,1.523206923770271,0.4208179305870902
ENSG00000106484,ENSGALG00010006603,MEST,0,-0.6338006620209615,-1.3131156432908913,0.48266934086060326,-0.7284234542628824
ENSG00000117523,ENSGALG00010013949,PRRC2C,0,-0.9583343270403332,-1.3665811688156375,0.701264109962004,-0.35487070118972086
ENSG00000076067,ENSGALG00010025056,RBMS2,0,-0.8900732698140352,-2.561298456377454,0.3475086113443028,-1.056965833437416
ENSG00000121104,ENSGALG00010026827,FAM117A,0,-3.2462650488616926,-2.3896734614064865,1.3584554966564526,0.3063483901694992
ENSG00000126787,ENSGALG00010018564,DLGAP5,0,0.6735978766385209,-0.5967177322824038,-1.1288383773380688,
ENSG00000119401,ENSGALG00010028904,TRIM32,0,-1.0563616355275371,-1.7039325834619774,0.6199550649951577,-0.47810827938376027
ENSG00000061455,ENSGALG00010001215,PRDM6,0,-2.3265440111681865,-2.5420244718616805,0.9152327355307935,-0.08857689027820159
ENSG00000174498,ENSGALG00010017764,IGDCC3,0,-2.7250020718702626,-2.025128719953156,1.3455945022266516,0.2968359244870075
ENSG00000146477,ENSGALG00010006293,SLC22A3,0,-0.3098912651973897,-0.5045942868324786,0.6141394646829823,-0.4875332354501506
ENSG00000111911,ENSGALG00010006344,HINT3,0,-0.0711127510620563,-1.1223143336497434,0.06336259720643421,-2.7588815410529195
ENSG00000001084,ENSGALG00010002041,GCLC,0,0.0036982606880222,-0.2387915651095339,-0.015487400848207536,
ENSG00000115165,ENSGALG00010010586,CYTIP,0,-1.3027958849728805,-3.329632079625499,0.391273225935345,-0.9383491754766893
ENSG00000132849,ENSGALG00010023806,PATJ,0,-0.1247684271363027,-0.783172836225082,0.1593114844708998,-1.8368939713131982
ENSG00000177519,ENSGALG00010011002,RPRM,0,-1.3198737517696235,-1.0669665680816869,1.2370338408471802,0.21271645022869629
ENSG00000179598,ENSGALG00010021702,PLD6,0,-2.3526593932680147,-2.781054958117646,0.8459593315122438,-0.1672839920299151
ENSG00000068079,ENSGALG00010022439,IFI35,0,-2.18856392164642,-2.244451858966996,0.9750995161258222,-0.025215745371499395
ENSG00000139292,ENSGALG00010012004,LGR5,0,-0.3280199456685864,-0.8055158496192238,0.40721724572352613,-0.8984084626693476
ENSG00000120278,ENSGALG00010005568,PLEKHG1,0,-1.462254574948572,-1.5609250834725736,0.936787159378277,-0.06529917369022468
ENSG00000182575,ENSGALG00010024210,NXPH3,0,-2.3145470602913853,-2.6205966421189983,0.8832137777677441,-0.1241880037533734
ENSG00000167740,ENSGALG00010029164,CYB5D2,0,-1.3072529667673043,-2.2757513708967503,0.5744269710149342,-0.5543823072409141
ENSG00000124490,ENSGALG00010008061,CRISP2,0,0.6893791492606951,-0.1473675943888832,-4.677956182425809,
ENSG00000104133,ENSGALG00010016262,SPG11,0,-0.1039525939256158,-1.4814564308762277,0.07016918740170551,-2.6568459902081725
ENSG00000070778,ENSGALG00010017937,PTPN21,0,-1.6451740671190933,-0.7887614609944863,2.085768826794383,0.7351375291499999
ENSG00000198914,ENSGALG00010013125,POU3F3,0,-3.6600996603993554,-3.133475576275124,1.1680638866667818,0.15534758039886531
ENSG00000182177,ENSGALG00010012474,ASB18,0,-2.389080123707007,-2.847561162709652,0.8389916799657541,-0.17555448917226038
ENSG00000099860,ENSGALG00010027576,GADD45B,0,-2.4648232866997954,-2.370584860694082,1.0397532387759034,0.03898341459241957
ENSG00000147684,ENSGALG00010008731,NDUFB9,0,-0.5993018047902705,-1.726047393242963,0.34721051527112456,-1.0578240107354135
ENSG00000171105,ENSGALG00010027254,INSR,0,-1.3937016492439156,-1.439547022262407,0.9681529173347597,-0.03236523172862993
ENSG00000066629,ENSGALG00010016482,EML1,0,-0.7422236495905405,-0.6530054980219129,1.1366269531250315,0.1280650634172696
ENSG00000124713,ENSGALG00010019032,GNMT,0,-1.5083742737468668,-2.401235652722183,0.6281658662017967,-0.46495102923127096
ENSG00000161798,ENSGALG00010025615,AQP5,0,-1.3898169235612414,-1.385822159875353,1.002882594752452,0.0028784480431422606
ENSG00000123360,ENSGALG00010025658,PDE1B,0,-1.185978505578479,-2.5417680081497966,0.4665958898592702,-0.7622917281364114
ENSG00000196544,ENSGALG00010003449,BORCS6,0,-3.545072926502991,-2.3914676870362586,1.4823837870443457,0.39365145896505505
ENSG00000174469,ENSGALG00010008264,CNTNAP2,0,-0.6222126566445958,-0.7054651677013057,0.881989196818915,-0.12557547155499085
ENSG00000108021,ENSGALG00010006760,TASOR2,0,-0.2380755076805716,-2.118113265484618,0.11239980012405079,-2.1856931197799034
ENSG00000164142,ENSGALG00010007566,FHIP1A,0,-1.1350754804587062,-1.170213657093408,0.9699728537419581,-0.03048719370935219
ENSG00000155657,ENSGALG00010022969,TTN,0,0.3374123178647998,-0.0432377002270808,-7.803660141328942,
ENSG00000112294,ENSGALG00010008001,ALDH5A1,0,-0.6582085609872355,-0.1625453233973747,4.049384794529661,1.3985649669948126
ENSG00000107175,ENSGALG00010011759,CREB3,0,-1.8081538380530373,-3.0575807927721104,0.5913674766427681,-0.5253176669164096
ENSG00000080854,ENSGALG00010025238,IGSF9B,0,-2.6663138772934616,-2.423438312909388,1.1002194126792095,0.09550962598562156
ENSG00000151651,ENSGALG00010020013,ADAM8,0,-2.835153673620793,-2.2664899479253906,1.2509006167073113,0.22386378524931833
ENSG00000154447,ENSGALG00010008431,SH3RF1,0,-1.3871324776604528,-0.8062388785996019,1.7204981234219754,0.5426138555381368
ENSG00000160345,ENSGALG00010027628,PIERCE1,0,-1.3214499170313676,-2.262508305113644,0.5840641177071799,-0.53774451158597
ENSG00000177679,ENSGALG00010029613,SRRM3,0,-4.672328863826591,-3.251061873848621,1.4371700832305194,0.36267596003063407
ENSG00000164164,ENSGALG00010006387,OTUD4,0,-0.2739542088200686,-0.8437494097660948,0.324686696842863,-1.1248945713228709
ENSG00000088882,ENSGALG00010017399,CPXM1,0,-1.900164049014448,-2.2566464658412158,0.8420300112477384,-0.17193962256295947
ENSG00000179271,ENSGALG00010003292,GADD45GIP1,0,-2.465209920102282,-2.699871463056773,0.9130841796857956,-0.09092720144817566
ENSG00000137133,ENSGALG00010009594,HINT2,0,-1.1077173821035815,-2.247924048528302,0.4927734915371341,-0.7077056597333156
ENSG00000154065,ENSGALG00010004902,ANKRD29,0,-0.4864928286180365,-0.4088242612338264,1.1899803283440356,0.1739367761834713
ENSG00000169925,ENSGALG00010028885,BRD3,0,-2.3907972291129163,-1.4415593309197396,1.6584799375462032,0.5059014825854686
ENSG00000134909,ENSGALG00010023453,ARHGAP32,0,-1.0052991235948117,-1.9940017611642544,0.5041616026496583,-0.6848584221269512
ENSG00000125869,ENSGALG00010018384,LAMP5,0,-0.8073351142139629,-1.994266017514977,0.40482819599963416,-0.904292509285325
ENSG00000188820,ENSGALG00010014873,CALHM6,0,-0.8653258959208436,-1.3708801634563357,0.6312192115605044,-0.4601020733475838
ENSG00000188803,ENSGALG00010029760,SHISA6,0,-2.492360226612151,-1.8176294261160024,1.3712147211095418,0.31569700473544476
ENSG00000070501,ENSGALG00010018030,POLB,0,0.6010655241113358,-0.9405146805159056,-0.6390814907659178,
ENSG00000134759,ENSGALG00010007584,ELP2,0,0.4767736848675934,-0.659005953061998,-0.7234740181819563,
ENSG00000007174,ENSGALG00010029758,DNAH9,0,-0.7074264335914098,-1.4248441792982875,0.49649389306541974,-0.7001840955414981
ENSG00000011275,ENSGALG00010021251,RNF216,0,-0.966833727114313,-1.5236070043642296,0.6345689697834864,-0.4548092983126904
ENSG00000171840,ENSGALG00010012300,NINJ2,0,-1.3510643047938036,-0.8919850265237029,1.514671507501927,0.41519858871961696
ENSG00000123096,ENSGALG00010014361,SSPN,0,-1.4228035130201615,-1.2726762423472755,1.1179618709594177,0.11150726946386752
ENSG00000127399,ENSGALG00010027221,LRRC61,0,-2.8213130249210554,-3.684264142234033,0.7657738196833768,-0.26686842740844563
ENSG00000179256,ENSGALG00010012117,SMCO3,0,0.6735098142474047,-1.3904609078139247,-0.48437882033396634,
ENSG00000070061,ENSGALG00010008136,ELP1,0,-0.0807595236293927,-1.102483766976288,0.07325234715327075,-2.613844988550263
ENSG00000106080,ENSGALG00010001386,FKBP14,0,0.7058582099750321,-0.7527199077463285,-0.9377435121762595,
ENSG00000198855,ENSGALG00010022441,FICD,0,-1.802025708754492,-1.2830105536344,1.4045291394134454,0.3397021145263259
ENSG00000095777,ENSGALG00010005447,MYO3A,0,0.4768166934130136,-0.5176059554638968,-0.9211963046013905,
ENSG00000043039,ENSGALG00010023485,BARX2,0,-2.47913944204951,-2.3523879732311603,1.053882042529,0.052480529747211326
ENSG00000176410,ENSGALG00010029509,DNAJC30,0,-2.1223166758234395,-1.7194118113901782,1.2343271470884598,0.21052600144021522
ENSG00000150961,ENSGALG00010005543,SEC24D,0,-0.0988701336098909,-0.6680433255038599,0.14799958301405053,-1.9105458226946226
ENSG00000168876,ENSGALG00010008492,ANKRD49,0,-0.0381775876944043,-0.960546836851056,0.03974568051211456,-3.225254110148311
ENSG00000105122,ENSGALG00010003815,RASAL3,0,-2.709505440179262,-2.994557063092793,0.9048100881339932,-0.1000302046690035
ENSG00000132286,ENSGALG00010001635,TIMM10B,0,-2.242268016239006,-1.674142971744201,1.3393527638221396,0.29218648520188256
ENSG00000169220,ENSGALG00010012064,RGS14,0,-2.9729949325298417,-2.72160434716685,1.092368527271308,0.08834829957560103
ENSG00000164620,ENSGALG00010011491,RELL2,0,-2.671882990955352,-3.2950110677365565,0.8108874100962429,-0.20962606299227723
ENSG00000129596,ENSGALG00010009376,CDO1,0,-0.4723218150830863,-2.1152992741643084,0.22328841164552782,-1.4992910173826735
ENSG00000137699,ENSGALG00010025978,TRIM29,0,-2.2175987927768563,-1.974474834966688,1.1231334801054935,0.11612252898282442
ENSG00000104341,ENSGALG00010011556,LAPTM4B,0,1.2700539574521077,-0.6784935369183358,-1.871873331646743,
ENSG00000153976,ENSGALG00010029943,HS3ST3A1,0,-2.802050390358067,-2.279435043928964,1.229274068511421,0.20642380695261686
ENSG00000146676,ENSGALG00010020743,PURB,0,-2.073903581715223,-2.574121034320715,0.8056744628802995,-0.21607551027000055
ENSG00000104427,ENSGALG00010003447,ZC2HC1A,0,0.1025368769814232,-0.6664242357134289,-0.15386126657241708,
ENSG00000171311,ENSGALG00010020705,EXOSC1,0,-0.6833100699210028,-2.4403143030586234,0.2800090418945464,-1.2729333838537555
ENSG00000165125,ENSGALG00010021482,TRPV6,0,-1.43786861326101,-0.4748253758221913,3.0282050759634447,1.107970059821971
ENSG00000151883,ENSGALG00010014014,PARP8,0,-0.1102449094272159,-0.8806490344077083,0.1251859766148072,-2.0779548344584406
ENSG00000198056,ENSGALG00010025232,PRIM1,0,0.9198437556104846,-2.219905810105673,-0.414361614543771,
ENSG00000161847,ENSGALG00010002432,RAVER1,0,-3.2807043459198244,-2.3923247850452025,1.3713457162790026,0.31579253238017746
ENSG00000161692,ENSGALG00010025999,DBF4B,0,-2.156334962367639,-2.9408151566394123,0.7332439638374857,-0.3102768032246237
ENSG00000111728,ENSGALG00010014713,ST8SIA1,0,-0.4313488217492782,-0.8240553950263461,0.5234463900761034,-0.6473206606468895
ENSG00000125409,ENSGALG00010029934,TEKT3,0,-0.4518833015800361,-2.5248017581850024,0.17897773562423383,-1.7204938628649835
ENSG00000170473,ENSGALG00010024719,PYM1,0,-2.5093693990063635,-2.2407926798574245,1.1198579063396565,0.11320180791881539
ENSG00000107443,ENSGALG00010021633,CCNJ,0,-0.0258035289616067,-1.1455772311661003,0.02252447784366393,-3.793152656947814
ENSG00000180263,ENSGALG00010011738,FGD6,0,-0.1586577698377205,-1.0670216983537917,0.14869216819348546,-1.9058770954068585
ENSG00000182601,ENSGALG00010017315,HS3ST4,0,-2.000115051637461,-2.0123418125303183,0.9939241132809921,-0.006094420027709003
ENSG00000005339,ENSGALG00010016508,CREBBP,0,-2.011496254957408,-1.5103889539208009,1.331773679710639,0.28651164755468855
ENSG00000107949,ENSGALG00010002487,BCCIP,0,0.3953582536371289,-1.175890408358894,-0.33622032361748927,
ENSG00000116329,ENSGALG00010016944,OPRD1,0,-1.6302786273034116,-1.686041405278587,0.9669268039322192,-0.033632480362525294
ENSG00000129680,ENSGALG00010015018,MAP7D3,1,-0.4753122238310059,-1.7603227920510225,0.27001424169325255,-1.3092805743627904
ENSG00000167535,ENSGALG00010022767,CACNB3,0,-2.4987920134341284,-3.0954936177663197,0.8072353950570359,-0.2141399617253983
ENSG00000147419,ENSGALG00010010284,CCDC25,0,0.8112779367261886,-0.4769490071996953,-1.7009741596684194,
ENSG00000122254,ENSGALG00010017305,HS3ST2,0,-2.0126432683962427,-2.199025604822737,0.9152432168057822,-0.08856543831132332
ENSG00000265763,ENSGALG00010020959,ZNF488,0,-2.7771039554422448,-1.8578415093718044,1.4948013280106291,0.40199330704907354
ENSG00000130720,ENSGALG00010027622,FIBCD1,0,-2.929772478769861,-2.4152202525586404,1.2130456738536013,0.193134282883372
ENSG00000170419,ENSGALG00010007858,VSTM2A,0,-1.695100759034922,-1.0799730535671963,1.5695769014198393,0.4508060934998814
ENSG00000138182,ENSGALG00010018177,KIF20B,0,0.740246079922553,-0.875980435323303,-0.8450486450069472,
ENSG00000142224,ENSGALG00010027140,IL19,0,-0.6012429351256525,-2.205192424326548,0.27264873962609787,-1.2995709803014852
ENSG00000081277,ENSGALG00010024891,PKP1,0,-1.932248251953251,-1.6501234517175458,1.170971935428257,0.15783411799896996
ENSG00000138750,ENSGALG00010004135,NUP54,0,0.6568280892491316,-1.0997780973236284,-0.597236925201147,
ENSG00000152611,ENSGALG00010012750,CAPSL,0,0.9595157312171504,0.2681238114751497,3.57862931284669,1.2749798535913226
ENSG00000122299,ENSGALG00010020712,ZC3H7A,0,0.6172220283774283,-0.25952875753195,-2.3782413719660473,
ENSG00000082196,ENSGALG00010013207,C1QTNF3,0,-0.7219503556299465,-1.0777782532218565,0.6698505499362082,-0.4007006512753661
ENSG00000105193,ENSGALG00010013358,RPS16,0,-0.2713596054106943,0.1194745639706157,-2.2712751266238906,
ENSG00000121053,ENSGALG00010029571,EPX,0,-1.8358673913491612,-1.1356177571109938,1.6166244142039476,0.48034028039579296
ENSG00000172497,ENSGALG00010006588,ACOT12,0,0.1388290662219304,-0.5056553162737483,-0.2745527669816331,
ENSG00000167716,ENSGALG00010029384,WDR81,0,-2.8162731422876863,-2.1379782411948542,1.3172599645886727,0.27555379476923064
ENSG00000107833,ENSGALG00010021034,NPM3,0,-2.037341651516103,-2.38175253273263,0.8553960260424798,-0.1561907289302117
ENSG00000156735,ENSGALG00010017798,BAG4,0,-0.8460825892724504,-1.664202436285869,0.508401244238483,-0.6764842923085367
ENSG00000024862,ENSGALG00010004217,CCDC28A,0,-0.6372997663837978,-1.7982747666800205,0.3543951003440827,-1.0373428855609939
ENSG00000101190,ENSGALG00010022356,TCFL5,0,-1.3299025045810566,-1.639806749032385,0.8110117276720588,-0.20947276421658345
ENSG00000168016,ENSGALG00010016655,TRANK1,0,-0.7492912991309613,-0.5118803938943829,1.463801520957577,0.381036833231845
ENSG00000184599,ENSGALG00010027257,TAFA3,0,-2.5214694262065365,-3.1859807751185407,0.7914264410816227,-0.23391834007386658
ENSG00000140575,ENSGALG00010000047,IQGAP1,0,0.2195148295608486,-0.4199557363891713,-0.5227094442101515,
ENSG00000173868,ENSGALG00010024451,PHOSPHO1,0,-2.331617594265838,-1.2901360847272971,1.8072648473813397,0.5918145683196838
ENSG00000138175,ENSGALG00010018685,ARL3,0,0.1633815430263272,-1.161942693934009,-0.14061067200583152,
ENSG00000183807,ENSGALG00010014653,FAM162B,0,-1.551392132215625,-0.9231263854080703,1.6805847571238344,0.5191418025695247
ENSG00000225921,ENSGALG00010007783,NOL7,0,-1.0230827997688436,-1.4031033014682568,0.7291571466607296,-0.3158660055118499
ENSG00000164691,ENSGALG00010005558,TAGAP,0,-2.314752362248472,-1.698359332746211,1.362934402406802,0.3096400241951232
ENSG00000082515,ENSGALG00010015523,MRPL22,0,-0.1534210589620261,-1.1189771602850684,0.13710830248129538,-1.9869841363969805
ENSG00000127603,ENSGALG00010017795,MACF1,0,-0.5137570332950823,-2.6092886411607794,0.19689543931273548,-1.6250824560596762
ENSG00000172986,ENSGALG00010020309,GXYLT2,0,-0.6803510719894152,-0.302961324739221,2.245669715680834,0.809003791041791
ENSG00000120137,ENSGALG00010008099,PANK3,0,1.0551207712281503,-0.6709424261557005,-1.5725950992154079,
ENSG00000068489,ENSGALG00010029249,PRR11,0,-0.8568490674380147,-1.1387708358904454,0.7524332731686213,-0.2844429598209075
ENSG00000065328,ENSGALG00010005389,MCM10,0,-1.0063443616296135,-1.633262872780593,0.616155781412171,-0.4842554555175094
ENSG00000111713,ENSGALG00010013201,GYS2,0,0.2632278352688324,-0.6909914569718622,-0.38094224264707705,
ENSG00000171724,ENSGALG00010007767,VAT1L,0,-0.884524636364306,-0.4548392496055367,1.9446972466237638,0.6651063076917142
ENSG00000185924,ENSGALG00010029392,RTN4RL1,0,-3.150323422848229,-2.455438159891004,1.2829984783604043,0.2491998996315523
ENSG00000176692,ENSGALG00010007175,FOXC2,0,-3.013458092570902,-2.0088592966021594,1.500084200853663,0.40552124043515786
ENSG00000075539,ENSGALG00010016597,FRYL,0,0.2008404910477477,-0.8991113339824548,-0.22337666477649684,
ENSG00000198721,ENSGALG00010011306,ECI2,0,0.4650707958478843,-0.5430403596059123,-0.8564203150303394,
ENSG00000262664,ENSGALG00010029397,OVCA2,0,-2.5170943124586085,-2.294867616643592,1.0968363901269558,0.09243002716830627
ENSG00000179941,ENSGALG00010013400,BBS10,0,0.5932286489957015,-1.99609554956808,-0.29719451512432143,
ENSG00000145708,ENSGALG00010011451,CRHBP,0,-0.8056720539853846,-1.810366649447669,0.4450325320736492,-0.8096078937045131
ENSG00000077264,ENSGALG00010015443,PAK3,1,-0.0084789508226617,-0.6119586568761485,0.013855430799760246,-4.279078007699829
ENSG00000186834,ENSGALG00010023874,HEXIM1,0,-2.956472044766029,-2.59792009391755,1.1380150034975858,0.12928551971001168
ENSG00000169126,ENSGALG00010005299,ODAD2,0,0.3117819009480129,-0.2501035554248182,-1.246611230369875,
ENSG00000140948,ENSGALG00010006961,ZCCHC14,0,-2.787185420394943,-2.2016156086943965,1.2659727744425837,0.23584081831111103
ENSG00000146776,ENSGALG00010010216,ATXN7L1,0,-1.9317365136950395,-1.521082342347928,1.2699749776289098,0.2389971976219983
ENSG00000038274,ENSGALG00010009686,MAT2B,0,0.3337449033848436,-0.3182103562005183,-1.048818484004764,
ENSG00000154118,ENSGALG00010009126,JPH3,0,-3.275005765888311,-2.431739006982941,1.3467751911220156,0.2977129875247968
ENSG00000134569,ENSGALG00010022929,LRP4,0,-1.5648936637016284,-1.3594013059808816,1.151163866635006,0.1407734885332768
ENSG00000166143,ENSGALG00010022220,PPP1R14D,0,-2.681674745455167,-2.151647477992308,1.2463355511923473,0.22020768683238232
ENSG00000055609,ENSGALG00010027147,KMT2C,0,-0.6057753660521907,-1.2416377951788171,0.4878841224102305,-0.7176773554030695
ENSG00000100490,ENSGALG00010019271,CDKL1,0,-0.4471128082247517,-1.8077699057202667,0.2473283833357151,-1.3970383381505975
ENSG00000101464,ENSGALG00010024412,PIGU,0,0.7120197733676132,-0.0074856105183983,-95.11846383372408,
ENSG00000167680,ENSGALG00010027217,SEMA6B,0,-2.981260297988909,-2.382631135545019,1.2512470996929852,0.22414073371692272
ENSG00000068120,ENSGALG00010021233,COASY,0,-1.854858424304787,-2.608414331894708,0.7111057478960596,-0.34093412902020054
ENSG00000186468,ENSGALG00010006178,RPS23,0,0.9538077864966096,-0.6677020611055395,-1.4284930990288602,
ENSG00000140873,ENSGALG00010007698,ADAMTS18,0,-0.753509133994033,-0.802664733630557,0.9387594875207899,-0.06319596940808321
ENSG00000070193,ENSGALG00010013792,FGF10,0,-0.3897755676016388,-1.1946130598585258,0.3262776715732529,-1.1200065068592318
ENSG00000131470,ENSGALG00010021329,PSMC3IP,0,-1.0224080247418996,-1.4355880045835776,0.7121876342498908,-0.339413871038575
ENSG00000175449,ENSGALG00010013111,RFESD,0,1.103051008734111,0.3128284032328284,3.526057727926785,1.2601804559139165
ENSG00000095787,ENSGALG00010005180,WAC,0,-1.0378296057830134,-1.5891195699289942,0.653084654812593,-0.4260485182727056
ENSG00000103241,ENSGALG00010007223,FOXF1,0,-2.6034795216344406,-2.102513005985894,1.2382703527741734,0.21371552907567803
ENSG00000239282,ENSGALG00010000223,CASTOR1,0,-2.433838192882229,-2.8832287904711387,0.8441363380269672,-0.16944125948538552
ENSG00000275342,ENSGALG00010003176,PRAG1,0,-3.209433243499733,-2.5120903944528763,1.2775946481013218,0.24497912888462695
ENSG00000176928,ENSGALG00010011128,GCNT4,0,0.9852974551332904,-0.251124525498917,-3.923541331440125,
ENSG00000147687,ENSGALG00010008716,TATDN1,0,1.3632735568039465,-0.0333549838477122,-40.87165993028813,
ENSG00000145808,ENSGALG00010009683,ADAMTS19,0,-0.604613562819944,-1.0688663366615367,0.5656587190390661,-0.5697643525340522
ENSG00000140451,ENSGALG00010022480,PIF1,0,-2.724831624384189,-1.9768826698609276,1.3783476712737226,0.3208854421285719
ENSG00000170448,ENSGALG00010013901,NFXL1,0,-0.3895531515737502,-1.3947699999014542,0.27929561978051837,-1.2754844890021093
ENSG00000089558,ENSGALG00010023277,KCNH4,0,-2.3226849401712446,-2.375564242078973,0.9777403191330026,-0.022511166563515473
ENSG00000164284,ENSGALG00010011784,GRPEL2,0,-1.17530492191964,-1.4530764759142718,0.8088389987733725,-0.21215539437036107
ENSG00000108684,ENSGALG00010022691,ASIC2,0,-1.5480360022974209,-1.511085385510674,1.0244530303456407,0.024158841228698928
ENSG00000113719,ENSGALG00010009117,ERGIC1,0,-1.9432522214785413,-0.5343812871028616,3.636452601126525,1.2910086463260892
ENSG00000064545,ENSGALG00010028131,TMEM161A,0,-1.701381670036172,-1.807356211421447,0.9413648838477013,-0.06042445276341385
ENSG00000146250,ENSGALG00010002965,PRSS35,0,0.0261057397457538,-0.774983298618946,-0.03368555140772113,
ENSG00000103510,ENSGALG00010000614,KAT8,0,-1.344923900847009,-2.0206283636473645,0.6655968633536029,-0.4070711019958531
ENSG00000187242,ENSGALG00010022765,KRT12,0,-1.137369119560434,-1.4905152167664697,0.763071122499405,-0.27040403775692706
ENSG00000103310,ENSGALG00010017068,ZP2,0,-0.510461095262345,-1.7010789226103928,0.30008078312969527,-1.2037035634755227
ENSG00000108244,ENSGALG00010022817,KRT23,0,-1.5245852881749895,-1.852034106707761,0.8231950387161845,-0.194562121307251
ENSG00000091010,ENSGALG00010012802,POU4F3,0,-2.3862911333318757,-2.011638124286838,1.186242746407413,0.17079095619825857
ENSG00000187416,ENSGALG00010009991,LHFPL3,0,-0.1868171450334603,-1.0222584440443845,0.18274942713542316,-1.6996393150470492
ENSG00000175311,ENSGALG00010017092,ANKS4B,0,-1.1104113900976138,-2.000352598283649,0.5551078300147552,-0.5885928957923587
ENSG00000145782,ENSGALG00010009120,ATG12,0,0.3901497029763767,-1.5684497735436964,-0.24874861124490275,
ENSG00000109133,ENSGALG00010015469,TMEM33,0,0.5120968605477856,-0.521642837410029,-0.9817001669003269,
ENSG00000146618,ENSGALG00010005018,FERD3L,0,-2.7102704616407447,-2.6255955660107047,1.0322497861918216,0.031740678655750115
ENSG00000157613,ENSGALG00010023217,CREB3L1,0,-2.674649710908525,-2.4703772806832207,1.0826887584429248,0.079447538388899
ENSG00000133874,ENSGALG00010021033,RNF122,0,-0.5269318525490228,-1.3918983866871877,0.3785706324462062,-0.9713526120316792
ENSG00000184863,ENSGALG00010024826,RBM33,0,-2.332885367663202,-1.6321797536730784,1.4293066449410654,0.35718946300983656
ENSG00000078295,ENSGALG00010000808,ADCY2,0,-0.3696059189209553,-0.1329249044159277,2.780561855921616,1.0226530137284136
ENSG00000188322,ENSGALG00010016884,SBK1,0,-2.638200439543267,-2.002961271777999,1.3171500002101266,0.2754703116515085
ENSG00000165699,ENSGALG00010028818,TSC1,0,-1.4910815204130523,-1.6514175345972486,0.9029100691828978,-0.10213232168426202
ENSG00000183060,ENSGALG00010018854,LYSMD4,0,-0.9056450348820596,-1.9365071918091277,0.4676693372029185,-0.7599937772228528
ENSG00000038219,ENSGALG00010009133,BOD1L1,0,-0.5860373420677973,-1.039318384276288,0.5638670025796518,-0.5729368663208566
ENSG00000152464,ENSGALG00010002608,RPP38,0,-0.8846350083385897,-0.5019348428461974,1.7624498895560017,0.5667048238425174
ENSG00000106633,ENSGALG00010018990,GCK,0,-1.8603375673554776,-2.2430108069404,0.8293930468810753,-0.1870611145169383
ENSG00000150783,ENSGALG00010025063,TEX12,0,0.9554072501270988,-1.7717958413442312,-0.5392310038397243,
ENSG00000138161,ENSGALG00010001755,CUZD1,0,0.4154579849522264,-0.5355301404280248,-0.7757882397061159,
ENSG00000131931,ENSGALG00010011947,THAP1,0,-0.4053905942437072,-1.3657650788170328,0.2968230777981519,-1.214619015327096
ENSG00000074410,ENSGALG00010024499,CA12,0,-1.4194920890588634,-0.5524570126510803,2.56941636462742,0.9436787776413342
ENSG00000184451,ENSGALG00010021440,CCR10,0,-2.313143425802581,-2.369341029014549,0.9762813362349355,-0.024004479767271276
ENSG00000108797,ENSGALG00010022182,CNTNAP1,0,-1.3564165806716826,-2.287227248929972,0.5930397083657742,-0.5224939203952697
ENSG00000176171,ENSGALG00010001382,BNIP3,0,-1.352139350696426,-1.8391402289190364,0.7352018782663204,-0.3076101531747169
ENSG00000146352,ENSGALG00010012755,CLVS2,0,-0.4372199430685199,-1.1275944735305463,0.3877457306965736,-0.9474054874398152
ENSG00000147548,ENSGALG00010017843,NSD3,0,-0.2298686062470381,-1.0417089945990592,0.22066489531993688,-1.5111100389964984
ENSG00000111860,ENSGALG00010015123,CEP85L,0,-0.463166948373372,-1.6967534807960265,0.27297244627197037,-1.2983844182975945
ENSG00000196305,ENSGALG00010027218,IARS1,0,0.5734694876231359,-0.2211371176658554,-2.593275582481205,
ENSG00000167695,ENSGALG00010029770,TLCD3A,0,-0.7791081943050688,-1.180735319575346,0.6598499946501785,-0.4157427506269315
ENSG00000138166,ENSGALG00010017804,DUSP5,0,-1.8549501650228704,-2.203530520287388,0.8418082472399542,-0.17220302554474648
ENSG00000171357,ENSGALG00010023097,LURAP1,0,-2.943020939522908,-3.088268301458841,0.9529680235790003,-0.048173929323182575
ENSG00000284844,ENSGALG00010002461,TOMT,0,-2.043488845571863,-2.2652346679073125,0.9021091167828963,-0.10301979419291867
ENSG00000137815,ENSGALG00010022521,RTF1,0,-0.9995420202045028,-1.3499898569484534,0.7404070594010902,-0.30055516375087105
ENSG00000162413,ENSGALG00010018941,KLHL21,0,-1.9795156538191807,-2.313903903294673,0.8554874085309374,-0.1560839040154362
ENSG00000105991,ENSGALG00010001788,HOXA1,0,-2.2856127803991555,-2.6660205102190027,0.8573125269060297,-0.1539527513593553
ENSG00000127481,ENSGALG00010020517,UBR4,0,-0.8440676284626196,-1.4779734936320064,0.5710979473578977,-0.5601945475081175
ENSG00000176490,ENSGALG00010028612,DIRAS1,0,-2.155414434444399,-2.705217347633083,0.796762018523306,-0.22719924136381198
ENSG00000185008,ENSGALG00010007414,ROBO2,0,-0.6700352410745722,-1.1516989369988653,0.5817798554373698,-0.5416631580695173
ENSG00000106038,ENSGALG00010001589,EVX1,0,-2.688628057211149,-2.5399204641277247,1.0585481298267718,0.056898280400130175
ENSG00000077800,ENSGALG00010029539,FKBP6,0,-0.6020985183041017,-0.8699265870291921,0.6921256658682821,-0.3679877417758499
ENSG00000166016,ENSGALG00010024886,ABTB2,0,-2.452764470640849,-1.7135298121827314,1.4314104448036797,0.3586602832104225
ENSG00000131013,ENSGALG00010005468,PPIL4,0,0.4582355948508301,-0.5040437218385831,-0.9091187430712155,
ENSG00000118514,ENSGALG00010006336,ALDH8A1,0,-1.1832157134106254,-0.7819444608416306,1.5131710404816914,0.41420747566186483
ENSG00000110169,ENSGALG00010001612,HPX,0,-0.9633680522405026,-2.3604320215767784,0.40813208914060095,-0.8961644090793867
ENSG00000225614,ENSGALG00010009470,ZNF469,0,-3.744462981894253,-2.384059554067984,1.5706247671141338,0.451473481039789
ENSG00000205268,ENSGALG00010004047,PDE7A,0,0.0272887208776886,-1.3393815455349678,-0.02037412040554068,
ENSG00000155719,ENSGALG00010019083,OTOA,0,-1.1045833083643686,-0.6602282205454995,1.673032557517354,0.5146378823756159
ENSG00000163440,ENSGALG00010013321,PDCL2,0,1.5511157110510538,-0.4525559618375597,-3.427456142115328,
ENSG00000119698,ENSGALG00010017439,PPP4R4,0,0.5607351763492066,-0.8684959676662304,-0.6456393549597934,
ENSG00000128346,ENSGALG00010010446,C22orf23,0,-1.7161804167942396,-2.153902254715237,0.7967772971300094,-0.2271800656753883
ENSG00000116731,ENSGALG00010021029,PRDM2,0,-1.0006025020996605,-1.3061796116249869,0.7660527642556255,-0.26650422877361746
ENSG00000182095,ENSGALG00010021188,TNRC18,0,-3.381811184664576,-2.548074444629983,1.3272026615202226,0.28307346525693217
ENSG00000168386,ENSGALG00010005559,FILIP1L,0,-0.6105060673806051,-1.1798993593978615,0.5174221534387178,-0.6588961932958034
ENSG00000147535,ENSGALG00010017825,PLPP5,0,0.2077492128668474,-1.3429929375829277,-0.15469121769228902,
ENSG00000223496,ENSGALG00010025438,EXOSC6,0,-2.914972426481404,-2.6512444544024936,1.0994732762725745,0.09483122537175526
ENSG00000106304,ENSGALG00010001664,SPAM1,0,1.531546220547458,0.102684211358794,14.915109151454708,2.7023747361735713
ENSG00000034713,ENSGALG00010008905,GABARAPL2,0,0.5380173148967025,-0.4937669217878185,-1.0896179779493191,
ENSG00000146281,ENSGALG00010003431,PM20D2,0,-0.1859845068156449,-0.93021721117888,0.19993664337810263,-1.6097547457299555
ENSG00000148942,ENSGALG00010019707,SLC5A12,0,0.4692527572318141,0.1534287040866432,3.058441769584529,1.1179055606389168
ENSG00000182810,ENSGALG00010025304,DDX28,0,-2.019530945926755,-2.291998479772955,0.8811222885831973,-0.1265588561143417
ENSG00000164600,ENSGALG00010019676,NEUROD6,0,-0.9906245461768286,-1.571265928379573,0.6304626914417011,-0.46130129829908445
ENSG00000072736,ENSGALG00010021335,NFATC3,0,-1.0819198842790616,-1.5151360664978115,0.7140744044063876,-0.33676811421973024
ENSG00000168228,ENSGALG00010010939,ZCCHC4,0,0.0353125258947653,-0.6882824750833533,-0.05130528114999418,
ENSG00000009954,ENSGALG00010029536,BAZ1B,0,-0.6186174152614647,-1.32260823146108,0.46772536307148227,-0.7598739863610607
ENSG00000131732,ENSGALG00010007097,ZCCHC9,0,0.5448744994072072,-0.5790556978737353,-0.940970793324304,
ENSG00000241839,ENSGALG00010019123,PLEKHO2,0,-2.8999503038967287,-1.2918761387850055,2.2447587789833308,0.8085980673069262
ENSG00000186660,ENSGALG00010026112,ZFP91,0,-1.678475352837335,-2.291921594198353,0.7323441417394632,-0.3115047365131958
ENSG00000100359,ENSGALG00010013084,SGSM3,0,-2.263279555115135,-2.0778225649884443,1.08925545099551,0.08549439035956923
ENSG00000187605,ENSGALG00010020648,TET3,0,-2.6585874994581875,-2.440121348713072,1.0895308550373264,0.08574719536621046
ENSG00000101782,ENSGALG00010004787,RIOK3,0,1.050786288228732,-0.3955416669071744,-2.656575466359983,
ENSG00000036828,ENSGALG00010021732,CASR,0,-1.5346848323676046,-1.5894895721631113,0.9655205414648151,-0.03508790187140987
ENSG00000169918,ENSGALG00010024735,OTUD7A,0,-2.639243383854989,-1.301964515960162,2.0271238973887256,0.7066179891286479
ENSG00000135587,ENSGALG00010026854,SMPD2,0,-1.471948469367275,-1.5671509764939917,0.9392512217682419,-0.06267229373759052
ENSG00000101407,ENSGALG00010015764,TTI1,0,-0.4689614683682883,-2.300404651239428,0.20386042434561152,-1.5903197136899725
ENSG00000130717,ENSGALG00010028198,UCK1,0,-2.048629155342349,-2.109863897987849,0.9709769228698122,-0.029452577327703785
ENSG00000183801,ENSGALG00010021450,OLFML1,0,-0.317055843521203,0.4175594902860172,-0.7593069991153312,
ENSG00000164105,ENSGALG00010002943,SAP30,0,-0.7614831084072158,-0.7295770526556246,1.0437322632824795,0.042803003776245956
ENSG00000175455,ENSGALG00010019854,CCDC14,0,-0.0811778369950406,-1.2104000112532565,0.06706694996721663,-2.7020639052703146
ENSG00000132563,ENSGALG00010014214,REEP2,0,-1.5483297120909434,-0.6970034708375967,2.221408898050821,0.7981416333478035
ENSG00000139344,ENSGALG00010011876,AMDHD1,0,-0.2212059746096972,-0.4573105181983365,0.48371066443251964,-0.7262683517788793
ENSG00000084092,ENSGALG00010003695,NOA1,0,-1.2682610705030868,-1.656338370636563,0.7657016784654148,-0.2669626387988368
ENSG00000104093,ENSGALG00010022637,DMXL2,0,0.5520406205588522,-0.4634651003249891,-1.191115836277106,
ENSG00000164114,ENSGALG00010015072,MAP9,0,0.5901582772861804,-0.5779277671277427,-1.0211626968872294,
ENSG00000165478,ENSGALG00010024521,HEPACAM,0,-2.2882093290466123,-2.8109538836159342,0.8140330378181525,-0.2057543268030394
ENSG00000166183,ENSGALG00010016159,ASPG,0,-2.4528763440686667,-0.5078610175823133,4.829818117849749,1.5748088101955615
ENSG00000135083,ENSGALG00010009151,CCNJL,0,-2.216815939051598,-0.8100759573691906,2.736553182310147,1.0066991658402316
ENSG00000132259,ENSGALG00010001553,CNGA4,0,-1.0505133575173975,-2.357337326546978,0.4456355675902298,-0.8082537740072789
ENSG00000146425,ENSGALG00010005503,DYNLT1,0,0.5037784694550282,-0.1519014171015886,-3.3164830129142993,
ENSG00000206538,ENSGALG00010007184,VGLL3,0,-1.771371210952399,-1.7261176204105042,1.0262169796581606,0.025879205537896716
ENSG00000149577,ENSGALG00010023070,SIDT2,0,-0.7963397638057472,-1.6234008998020806,0.4905379588632939,-0.7122526148705266
ENSG00000146038,ENSGALG00010008045,DCDC2,0,-0.7392164611442382,-0.9704553263018524,0.761721267439683,-0.2721745809748213
ENSG00000092421,ENSGALG00010008179,SEMA6A,0,-1.0754032455864149,-0.9350611020575912,1.1500887409603526,0.13983910545049258
ENSG00000128512,ENSGALG00010001298,DOCK4,0,-0.5648683955350435,-1.0703227454196993,0.5277552008983468,-0.6391227374498796
ENSG00000101189,ENSGALG00010022299,MRGBP,0,-2.325239231118813,-1.0898397190041835,2.133560734273337,0.7577922902073861
ENSG00000093217,ENSGALG00010027112,XYLB,0,-0.5800047761686855,-0.3862451393603795,1.5016493854891513,0.4065640943276286
ENSG00000125875,ENSGALG00010013908,TBC1D20,0,-1.400359629796753,-1.9361255682946767,0.723279343410654,-0.32395976434757867
ENSG00000205208,ENSGALG00010008693,C4orf46,0,-1.7785821703751648,-2.720691562494042,0.6537242938132792,-0.4250695855030153
ENSG00000151746,ENSGALG00010015918,BICD1,0,-1.5703782171060503,-2.044623580852624,0.7680524825264856,-0.2638972115462774
ENSG00000172167,ENSGALG00010009479,MTBP,0,0.4720984653979396,-0.7007381007826379,-0.6737159929946209,
ENSG00000095564,ENSGALG00010021529,BTAF1,0,0.6841680162649109,-0.4065689409325529,-1.6827847564932654,
ENSG00000110243,ENSGALG00010024749,APOA5,0,-2.85845864124782,-3.344948905333944,0.8545597323443854,-0.15716887559941176
ENSG00000147570,ENSGALG00010004050,DNAJC5B,0,-0.2573428107354285,-0.7754057515130628,0.3318814829955426,-1.1029773527268827
ENSG00000101216,ENSGALG00010016409,GMEB2,0,-2.404850090430477,-2.057098165436672,1.1690497472783394,0.15619123699793946
ENSG00000177042,ENSGALG00010022227,TMEM80,0,-1.3243119778045165,-0.6419040259083801,2.06309966031205,0.7242095413624597
ENSG00000109381,ENSGALG00010010009,ELF2,0,0.44512738379618,-0.7070003221439609,-0.6295999730896052,
ENSG00000114771,ENSGALG00010001708,AADAC,0,1.0868126424685354,-1.1531354061668715,-0.9424848431991182,
ENSG00000157483,ENSGALG00010022809,MYO1E,0,-0.7257027909940721,-0.3795308023317151,1.9121051217334344,0.6482047931039714
ENSG00000173627,ENSGALG00010011540,APOBEC4,0,-0.2998642439886794,-1.6588442120795506,0.18076697124726698,-1.7105465288667923
ENSG00000188566,ENSGALG00010028503,NDOR1,0,-2.4634565988318275,-1.9678934068285956,1.2518242046462609,0.22460185119487952
ENSG00000165359,ENSGALG00010016260,INTS6L,1,0.3303177052763573,-0.3783187513849828,-0.873120097978493,
ENSG00000164663,ENSGALG00010026480,USP49,0,-2.035997764627746,-1.6759833302186733,1.214807884969894,0.19458594492398448
ENSG00000175182,ENSGALG00010017554,FAM131A,0,-2.602066633909425,-3.482961197284676,0.747084588808512,-0.2915768622301249
ENSG00000197226,ENSGALG00010016893,TBC1D9B,0,-2.3852760620868843,-1.2944818859563278,1.8426492390233082,0.611204339914242
ENSG00000130363,ENSGALG00010005560,RSPH3,0,-0.9176059177392784,-1.510291024297021,0.6075689406724685,-0.4982896276176699
ENSG00000080546,ENSGALG00010014244,SESN1,0,0.851020568813853,-0.7890117305749598,-1.0785905149898176,
ENSG00000175104,ENSGALG00010025204,TRAF6,0,-0.3561314509995341,-1.2733295927990165,0.27968520720286616,-1.2740905682569865
ENSG00000205899,ENSGALG00010029789,BHLHA9,0,-3.714050767994225,-2.343301552308156,1.584964924525347,0.4605622774473748
ENSG00000184811,ENSGALG00010029717,TRARG1,0,-2.463478026805971,-2.699299386964233,0.9126360857572459,-0.09141806956858664
ENSG00000073464,ENSGALG00010002023,CLCN4,1,-0.8815625612018891,-0.4645758925706558,1.897564155393223,0.6405710401999984
ENSG00000050393,ENSGALG00010007796,MCUR1,0,-0.9377868722021976,-0.4899265044932748,1.9141378627231844,0.6492673190278335
ENSG00000141579,ENSGALG00010029426,ZNF750,0,-2.5596028998807387,-1.238080640550134,2.067395948250507,0.7262898193218016
ENSG00000134758,ENSGALG00010004044,RNF138,0,0.0970577928503608,-1.0380677650261252,-0.09349851341151907,
ENSG00000176845,ENSGALG00010029946,METRNL,0,-2.986889504942466,-1.5939585694994676,1.8738815186899147,0.6280119580661453
ENSG00000110442,ENSGALG00010025170,COMMD9,0,-1.418109497586384,-1.529692728329456,0.9270551342262511,-0.07574223921268403
ENSG00000172421,ENSGALG00010022964,EFCAB3,0,0.9546504435611832,-1.3377941891267402,-0.7136003813743143,
ENSG00000104738,ENSGALG00010005430,MCM4,0,-0.7942935805514484,-0.8817196401071431,0.9008459655667066,-0.10442099540444574
ENSG00000197629,ENSGALG00010026061,MPEG1,0,-0.9297186689602376,-2.3806687228289425,0.3905283671116808,-0.9402546692890956
ENSG00000132872,ENSGALG00010012160,SYT4,0,0.1393563841599157,-0.622529429820005,-0.22385509420849145,
ENSG00000149218,ENSGALG00010008395,ENDOD1,0,-0.4871246268146478,-1.0870566446313386,0.4481133795744838,-0.802708999179013
ENSG00000166311,ENSGALG00010001570,SMPD1,0,-1.6183195556953738,-2.3296726055481094,0.6946553570838022,-0.3643394454990556
ENSG00000141447,ENSGALG00010005172,OSBPL1A,0,0.0205794318244514,-0.773431396351973,-0.02660796021666299,
ENSG00000118507,ENSGALG00010005145,AKAP7,0,0.8044520445813852,-0.2470794610581378,-3.2558434486470635,
ENSG00000011028,ENSGALG00010023194,MRC2,0,-2.6423035310275687,-2.547681766539606,1.0371403390057161,0.03646725182252283
ENSG00000282608,ENSGALG00010027577,ADORA3,0,0.6940217255746148,-0.556341216861957,-1.2474749390117899,
ENSG00000117971,ENSGALG00010024157,CHRNB4,0,-1.263001329034763,-0.0549283479534942,22.993615793872035,3.1352166032188302
ENSG00000188523,ENSGALG00010028777,CFAP77,0,-2.285434320440441,-1.6456486651709086,1.3887741465175298,0.3284214490518912
ENSG00000165684,ENSGALG00010028149,SNAPC4,0,-3.216646128927769,-1.5281862015007135,2.1048784014467277,0.7442576989321732
ENSG00000162040,ENSGALG00010018729,HS3ST6,0,-2.9513418851380155,-1.672237899415982,1.7649055114519003,0.5680971543640744
ENSG00000153060,ENSGALG00010019488,TEKT5,0,-2.080281162681485,-1.2571195750923212,1.654799753260315,0.5036800064996665
ENSG00000107554,ENSGALG00010022200,DNMBP,0,-1.1785965979533335,-2.594711063596034,0.4542303821373874,-0.7891507600079957
ENSG00000137968,ENSGALG00010024058,SLC44A5,0,1.289781364629743,0.869013481682179,1.4841902822187167,0.394869359044735
ENSG00000086102,ENSGALG00010007479,NFX1,0,-1.291163373149935,-1.10149385362888,1.1721929894535383,0.15887634436796721
ENSG00000196914,ENSGALG00010025907,ARHGEF12,0,-0.4006695928789323,-1.6840025060473789,0.23792695761443217,-1.435791553194041
ENSG00000253276,ENSGALG00010010475,CCDC71L,0,-3.3061437324469534,-2.411329256722718,1.3710876369245377,0.31560432043699554
ENSG00000042062,ENSGALG00010014400,RIPOR3,0,-2.79857058793805,-1.1793567913008245,2.3729634734635656,0.864139584778719
ENSG00000101331,ENSGALG00010015633,CCM2L,0,-3.171355419641836,-2.9578566873344,1.0721802152286963,0.06969415974030127
ENSG00000095587,ENSGALG00010021803,TLL2,0,-1.660032573549703,-0.8461592241908097,1.9618442086206747,0.6738849536177324
ENSG00000086619,ENSGALG00010009250,ERO1B,0,0.4916000491928987,-0.3629699097808859,-1.3543823770120862,
ENSG00000114744,ENSGALG00010001119,COMMD2,0,-0.7084181169417096,-1.4146235391377149,0.5007820790070597,-0.6915842445668491
ENSG00000026559,ENSGALG00010014148,KCNG1,0,-2.235900182569674,-0.8963240596290627,2.4945221078802517,0.9140971709296125
ENSG00000182040,ENSGALG00010029678,USH1G,0,-2.984103506680901,-1.8810094147397711,1.5864373050433338,0.461490813481087
ENSG00000146233,ENSGALG00010008278,CYP39A1,0,1.072261270240494,-1.0542753222678225,-1.0170600104097878,
ENSG00000141255,ENSGALG00010029751,SPATA22,0,1.0075162889805966,-0.6430211117197489,-1.5668479162153972,
ENSG00000140807,ENSGALG00010024038,NKD1,0,-3.651375805393252,-1.4732024738162548,2.4785295098877698,0.907665444757327
ENSG00000135824,ENSGALG00010010821,RGS8,0,-1.3291798106484016,-1.576538900124969,0.8430999137052947,-0.17066980640756915
ENSG00000172175,ENSGALG00010010352,MALT1,0,0.3033854235320525,-1.0515895969109248,-0.28850173529983186,
ENSG00000180815,ENSGALG00010002883,MAP3K15,1,-1.003207353096121,-0.590698631198,1.6983404059384886,0.5296515424366639
ENSG00000174227,ENSGALG00010012353,PIGG,0,-0.6355713849331792,-0.5362782213218497,1.1851523326205304,0.1698713170597817
ENSG00000118017,ENSGALG00010024560,A4GNT,0,-0.8962799207757559,-1.2915732491396468,0.6939443205197948,-0.3653635514924815
ENSG00000179097,ENSGALG00010007654,HTR1F,0,0.6453198297552447,-0.1076953557693828,-5.992085964571423,
ENSG00000143126,ENSGALG00010024808,CELSR2,0,-2.2967849708889148,-2.906575104634985,0.7902032076261628,-0.23546514175446384
ENSG00000113522,ENSGALG00010016307,RAD50,0,0.4935093516381386,-1.0892137812815978,-0.4530876859246698,
ENSG00000186193,ENSGALG00010027803,SAPCD2,0,-3.668723433147013,-2.978087498351789,1.231905857426101,0.20856244776473093
ENSG00000215906,ENSGALG00010016828,LACTBL1,0,-2.2496599934309085,-0.8980868390861566,2.5049470669451495,0.9182676033535461
ENSG00000101400,ENSGALG00010022144,SNTA1,0,-2.29325447304292,-2.3927651506917536,0.9584118493116365,-0.04247768805836161
ENSG00000181652,ENSGALG00010027171,ATG9B,0,-2.515538335233101,-2.8556824433345938,0.8808886790282239,-0.1268240185459455
ENSG00000146232,ENSGALG00010019572,NFKBIE,0,-2.260173210369901,-2.945109579382013,0.7674326368678493,-0.2647045729260482
ENSG00000080845,ENSGALG00010024586,DLGAP4,0,-3.291332062632767,-2.881019727733251,1.142419134082898,0.13314806148506417
ENSG00000111816,ENSGALG00010014602,FRK,0,0.2984490210749602,-0.0749705803626215,-3.9808818289975463,
ENSG00000248767,ENSGALG00010022120,FOXL3,0,-3.014057493949436,-1.2160439659105582,2.4785760864267337,0.9076842365857681
ENSG00000112293,ENSGALG00010008009,GPLD1,0,-0.1559628688350081,0.1309730594456367,-1.190801142579585,
ENSG00000137975,ENSGALG00010023101,CLCA2,0,0.3642187796800069,-0.1440541939292382,-2.5283455465303364,
ENSG00000132164,ENSGALG00010027234,SLC6A11,0,-0.5356526620351012,0.892234167901328,-0.6003498647614434,
ENSG00000138336,ENSGALG00010023108,TET1,0,-0.4606684951893651,-1.2650333408589567,0.3641552205071303,-1.0101750722761706
ENSG00000187840,ENSGALG00010019697,EIF4EBP1,0,-3.461522748906921,-1.3697500370556606,2.5271200257439816,0.9270803246045617
ENSG00000136982,ENSGALG00010009368,DSCC1,0,0.8203194016589563,-1.290201049398072,-0.6358074208989882,
ENSG00000122859,ENSGALG00010020528,NEUROG3,0,-3.3157653534840765,-2.190187686517149,1.5139183613788045,0.4147012310903213
ENSG00000151657,ENSGALG00010005269,KIN,0,0.144356865018139,-0.3677758821806491,-0.3925131364302781,
ENSG00000099624,ENSGALG00010028021,ATP5F1D,0,-2.5983820830997377,-1.5674143203804534,1.6577506338394565,0.5054616436160092
ENSG00000125845,ENSGALG00010018503,BMP2,0,-1.4431904010713197,-1.7710390803109295,0.8148834303633483,-0.20471020620009348
ENSG00000148843,ENSGALG00010021120,PDCD11,0,-1.15117232232193,-0.9751496591553476,1.1805083573725998,0.16594515703772694
ENSG00000088854,ENSGALG00010018007,DNAAF9,0,-0.4249767343464672,-0.8046106854992708,0.5281768462753684,-0.6383241152268672
ENSG00000166682,ENSGALG00010023782,TMPRSS5,0,-2.051704505103684,-2.184998647321042,0.9389957781526385,-0.06294429589405787
ENSG00000104381,ENSGALG00010003528,GDAP1,0,-0.0210117601549182,-0.3523269121922625,0.05963711379348797,-2.819477184061313
ENSG00000033100,ENSGALG00010025433,CHPF2,0,-2.333930633668645,-1.5381311526501675,1.5173807705847007,0.41698567123359187
ENSG00000139131,ENSGALG00010011091,YARS2,0,-0.4157111036303043,-1.6527029444089147,0.25153407334128175,-1.3801768181367613
ENSG00000213380,ENSGALG00010008200,COG8,0,-1.6797543031064084,-2.564486891820238,0.6550060007965732,-0.4231108818673658
ENSG00000087448,ENSGALG00010022673,KLHL42,0,-1.7892111583172507,-1.70913960635148,1.046849041276798,0.04578473933154613
ENSG00000022567,ENSGALG00010009253,SLC45A4,0,-2.152933881882861,-0.6347158411223733,3.3919649430457097,1.2214093826892523
ENSG00000013288,ENSGALG00010011487,MAN2B2,0,-2.1467935678474515,-0.4285037298921205,5.00997638547493,1.611431201607607
ENSG00000258429,ENSGALG00010008194,PDF,0,-2.445311479421731,-2.591085883076587,0.9437400340116217,-0.05790453846234532
ENSG00000009765,ENSGALG00010005556,IYD,0,-0.4985121587526038,-1.059352603192561,0.47058189808590867,-0.7537852690344993
ENSG00000163818,ENSGALG00010017472,LZTFL1,0,0.1484153985890977,-1.0082197622208486,-0.14720540516105018,
ENSG00000116560,ENSGALG00010013890,SFPQ,0,-1.3189552083928788,-1.2145146625449703,1.0859936475604643,0.08249537210279832
ENSG00000077348,ENSGALG00010008310,EXOSC5,0,-2.068853880173945,-3.01998993458772,0.685053236926228,-0.37825872559933116
ENSG00000148154,ENSGALG00010005963,UGCG,0,1.6667766877434698,0.791548495024469,2.1057164510077744,0.744655765999407
ENSG00000105640,ENSGALG00010012988,RPL18A,0,-1.4524100607762556,-0.3758413742091425,3.8644230264229518,1.351812389245823
ENSG00000128266,ENSGALG00010026569,GNAZ,0,-2.105327029237793,-0.8437223773755188,2.495284095446916,0.9144025886318389
ENSG00000153140,ENSGALG00010013696,CETN3,0,1.6072154739972024,-0.5128326045643457,-3.133996278108217,
ENSG00000146857,ENSGALG00010010177,STRA8,0,-2.115691641211839,-1.5604437453706206,1.3558269226227966,0.3044115431879793
ENSG00000102935,ENSGALG00010024152,ZNF423,0,-2.549674727310977,-1.97384152271859,1.2917322378542766,0.2559841376391199
ENSG00000283267,ENSGALG00010004618,FAM237B,0,1.6560759570139982,-0.6018175158088206,-2.7517908892835945,
ENSG00000131051,ENSGALG00010022199,RBM39,0,0.1194627631818292,-0.7143610319377189,-0.16723023491046818,
ENSG00000100242,ENSGALG00010015939,SUN2,0,-2.693079002076738,-2.8851240013366537,0.9334361368277609,-0.06888273095147047
ENSG00000043514,ENSGALG00010016534,TRIT1,0,-0.4026963331499971,-2.019899152161192,0.1993645735823652,-1.6126201023221338
ENSG00000215045,ENSGALG00010018119,GRID2IP,0,-3.042940055208069,-2.5687886860365667,1.184581694768782,0.16938971207273867
ENSG00000121281,ENSGALG00010024074,ADCY7,0,-1.897289652543643,0.096044751912084,-19.754225137468783,
ENSG00000066777,ENSGALG00010004187,ARFGEF1,0,0.6947151473989166,-0.3875790896476113,-1.7924474409353581,
ENSG00000156639,ENSGALG00010021245,ZFAND3,0,-1.9452211565129376,-1.9294630466587817,1.0081670959604248,0.00813392571289017
ENSG00000137601,ENSGALG00010008412,NEK1,0,0.4609081456570045,-0.4196242718341323,-1.098382950162594,
ENSG00000111863,ENSGALG00010010626,ADTRP,0,0.6902947060012004,-0.4809289776500655,-1.435336064327307,
ENSG00000172594,ENSGALG00010012761,SMPDL3A,0,0.8791326841381473,-0.7260743490635488,-1.210802564877832,
ENSG00000109805,ENSGALG00010010974,NCAPG,0,0.9656058106068136,-0.6538945055820873,-1.4766996852913536,
ENSG00000084112,ENSGALG00010022559,SSH1,0,-2.291130060035435,-2.178202815252224,1.0518442286422878,0.05054503171902531
ENSG00000168813,ENSGALG00010024638,ZNF507,0,-0.6683313225010661,-1.062834550920552,0.6288197179158364,-0.46391068035014676
ENSG00000165959,ENSGALG00010017569,CLMN,0,-1.4569982259502652,-1.0696670863056663,1.362104382385302,0.30903084384011287
ENSG00000112379,ENSGALG00010004245,ARFGEF3,0,-1.7063080790341054,-1.4755141480073315,1.1564159390395945,0.14532551439228242
ENSG00000136379,ENSGALG00010019778,ABHD17C,0,-1.504684466490632,-0.7289496022402674,2.0641817512024327,0.7247339014955766
ENSG00000121274,ENSGALG00010024080,TENT4B,0,-0.9949883090372164,-1.1379550005514396,0.8743652504317453,-0.13425708395279665
ENSG00000148840,ENSGALG00010020889,PPRC1,0,-2.364225598101376,-2.879225309120621,0.8211325423585771,-0.19707074241533645
ENSG00000147439,ENSGALG00010019859,BIN3,0,-2.2033287618313704,-2.191140926184924,1.0055623239476736,0.005546911350648802
ENSG00000139428,ENSGALG00010021715,MMAB,0,-1.705283564980677,-1.5133821113005703,1.1268030408494722,0.11938445567589265
ENSG00000217555,ENSGALG00010007114,CKLF,0,1.226671317018006,-0.2387740579260738,-5.137372659628678,
ENSG00000146221,ENSGALG00010018363,DRC5,0,-2.212010426864989,-2.105298136865704,1.0506874955763532,0.049444707600900126
ENSG00000196584,ENSGALG00010027158,XRCC2,0,-0.2181831531433111,-0.4002546158777069,0.545110898133838,-0.6067660222043313
ENSG00000169239,ENSGALG00010009365,CA5B,1,-0.6097108254015495,-1.5682851475548985,0.38877548917181615,-0.9447532506366587
ENSG00000114541,ENSGALG00010020127,FRMD4B,0,-0.976507430909761,-1.6220820956884656,0.6020086366191587,-0.5074834872327737
ENSG00000174917,ENSGALG00010027151,MICOS13,0,-1.6335308142091645,-0.685677697470553,2.3823595549851144,0.868091406219015
ENSG00000183723,ENSGALG00010010374,CMTM4,0,-1.253068482090308,-0.9673477586882864,1.295365054434463,0.25879255074266944
ENSG00000104067,ENSGALG00010024853,TJP1,0,-0.4529631279524704,-0.7508553729211938,0.6032628176984641,-0.5054023269638712
ENSG00000155530,ENSGALG00010007000,LRGUK,0,-0.0612534597914677,-1.3149166500760232,0.0465835304374055,-3.0665082244095605
ENSG00000166548,ENSGALG00010007135,TK2,0,-1.1874646102450068,-0.8541443723558335,1.390238756675099,0.3294754997844286
ENSG00000114638,ENSGALG00010025594,UPK1B,0,0.8493263005626659,-0.2389814735527066,-3.553942018753808,
ENSG00000109674,ENSGALG00010004472,NEIL3,0,0.2625308538466981,-0.3791652757741274,-0.6923916049820195,
ENSG00000065357,ENSGALG00010024736,DGKA,0,-0.4842343576837855,-2.489393418924799,0.19451901575803657,-1.637225353309052
ENSG00000157999,ENSGALG00010021771,ANKRD61,0,-0.7561695658243064,-0.6556050365721802,1.1533919412485392,0.14270711522187848
ENSG00000158321,ENSGALG00010029371,AUTS2,0,-3.4704408963860782,-2.264854966300438,1.532301603424489,0.4267709210182632
ENSG00000165138,ENSGALG00010007910,ANKS6,0,-2.395030270682863,-1.349472730421012,1.7747896765099176,0.5736819237995461
ENSG00000188761,ENSGALG00010027395,BCL2L15,0,0.0020931318974568,-0.5882292586743845,-0.0035583607353599144,
ENSG00000151240,ENSGALG00010025554,DIP2C,0,-1.474237812952552,-0.5945830058620933,2.479448282944172,0.9080360688727669
ENSG00000170791,ENSGALG00010003980,CHCHD7,0,0.6154979615210863,0.5429717988928574,1.1335726142243718,0.12537425086713752
ENSG00000145192,ENSGALG00010016067,AHSG,0,-1.5016873624880065,-0.7449112342139816,2.0159279300876203,0.7010796006056387
ENSG00000138738,ENSGALG00010005434,PRDM5,0,-0.3631377237311479,-1.2180885823534753,0.29812094866658023,-1.210256006810215
ENSG00000157330,ENSGALG00010021049,CFAP107,0,-1.3562620912834331,-0.7698877816258949,1.7616360769087647,0.5662429664023485
ENSG00000110108,ENSGALG00010020473,TMEM109,0,-1.992428996032178,-2.9030482019664694,0.6863230843644086,-0.37640679366585084
ENSG00000144596,ENSGALG00010021367,GRIP2,0,-3.143640686411468,-1.8580695884409089,1.6918853340951947,0.5258434894402944
ENSG00000150787,ENSGALG00010024986,PTS,0,1.5616590529989196,-1.51277587254291,-1.032313564317918,
ENSG00000127084,ENSGALG00010027739,FGD3,0,-2.9360617092988743,-1.2991120236400029,2.2600527559373025,0.8153881563468327
ENSG00000005483,ENSGALG00010010022,KMT2E,0,-0.6490687207136734,-1.0946210290108098,0.5929620421235883,-0.5226248919427652
ENSG00000162494,ENSGALG00010021042,LRRC38,0,-2.5735271599147183,-1.6881236479072272,1.5244897274587255,0.42165974912155163
ENSG00000196233,ENSGALG00010020866,LCOR,0,-1.2041444334851228,-2.539732885865412,0.4741224717712042,-0.74628961139709
ENSG00000143669,ENSGALG00010009357,LYST,0,0.2307927840530279,-0.7976361317366,-0.28934594970083627,
ENSG00000113240,ENSGALG00010012880,CLK4,0,-0.0449642002033652,-1.3700073692070216,0.03282040754962587,-3.4167047756756013
ENSG00000156170,ENSGALG00010012583,NDUFAF6,0,0.195829723800772,-0.4015468233232365,-0.4876883900613835,
ENSG00000169903,ENSGALG00010001129,TM4SF4,0,0.0548200417943398,0.1422813651412914,0.3852931952114825,-0.9537506885195242
ENSG00000151465,ENSGALG00010006015,CDC123,0,0.084740149581183,-0.7667788223930885,-0.11051446271913473,
ENSG00000153147,ENSGALG00010009411,SMARCA5,0,0.8535946327449597,-0.3496642572521652,-2.441183549765506,
ENSG00000136383,ENSGALG00010022253,ALPK3,0,-2.7614867631876496,-1.6905667449773198,1.633468049334365,0.4907053922315554
ENSG00000188153,ENSGALG00010015632,COL4A5,1,-1.2184936050698578,-0.5494700179890855,2.2175797862988436,0.7964164148469237
ENSG00000277200,ENSGALG00010029247,CCDC92B,0,-3.578627119728603,-3.01315281831726,1.187668643280808,0.1719922622377923
ENSG00000204347,ENSGALG00010029502,BTBD17,0,-2.4671577364855324,-2.7291035289908687,0.9040176417923599,-0.10090640352334544
ENSG00000137871,ENSGALG00010023201,ZNF280D,0,0.1969767575309067,-1.089848420231201,-0.1807377557047061,
ENSG00000126861,ENSGALG00010029545,OMG,0,0.1827052163353659,-0.6540656427995986,-0.27933773673439316,
ENSG00000136026,ENSGALG00010011936,CKAP4,0,-3.038795876653273,-1.142134284445081,2.660629243022598,0.9785626523455802
ENSG00000147679,ENSGALG00010009025,UTP23,0,-0.0414036389787408,-0.9580202591072812,0.043217915889714326,-3.1415001500351925
ENSG00000169340,ENSGALG00010016406,PDILT,0,-0.4735499361098885,-0.2334272504432369,2.0286831773526925,0.7073869014620288
ENSG00000108474,ENSGALG00010029732,PIGL,0,-0.5823476792592395,-0.9893706379254618,0.5886041660588607,-0.5300013652960551
ENSG00000086289,ENSGALG00010016059,EPDR1,0,-1.22101190473931,-0.7355467237254881,1.6600059049341933,0.5068211595513982
ENSG00000059915,ENSGALG00010021004,PSD,0,-3.1535402528401004,-2.779639345080049,1.1345141802017786,0.12620452423569647
ENSG00000011454,ENSGALG00010028428,RABGAP1,0,-0.0879440263889357,-1.1711958571472136,0.07508908595625399,-2.589080057587207
ENSG00000086288,ENSGALG00010015943,NME8,0,0.7319759408727649,-0.2436356925642172,-3.0043871370769355,
ENSG00000151418,ENSGALG00010012371,ATP6V1G3,0,0.0254191490495614,-0.6763264431510443,-0.037584141958330215,
ENSG00000187688,ENSGALG00010029738,TRPV2,0,-1.4292849461900765,-0.922947134398838,1.548609766388236,0.4373576035425124
ENSG00000072952,ENSGALG00010021055,IRAG1,0,-2.2016076892348053,-0.8472444786967016,2.5985506481216523,0.9549538465681721
ENSG00000147481,ENSGALG00010003965,SNTG1,0,-0.0036884973465625,-0.6387083216269553,0.005774932346531736,-5.154228737529179
ENSG00000124701,ENSGALG00010027623,APOBEC2,0,-0.7815391368900091,-1.004098412950572,0.7783491406917316,-0.25058008851356683
ENSG00000176092,ENSGALG00010016744,CRYBG2,0,-2.769264312875736,-2.627357346567148,1.0540112925613263,0.052603164066829466
ENSG00000112246,ENSGALG00010015160,SIM1,0,-1.824031388676348,-1.710788253811194,1.066193542428689,0.06409486876530564
ENSG00000160055,ENSGALG00010017465,TMEM234,0,-0.3131874309867832,-1.0817293314314074,0.28952476547192757,-1.2395144399563116
ENSG00000178502,ENSGALG00010022866,KLHL11,0,-0.1843466372592868,-1.300436136435569,0.14175754740603547,-1.9536370933046903
ENSG00000187045,ENSGALG00010014778,TMPRSS6,0,-2.226454598077746,-1.94282803974491,1.145986444775666,0.13626578992910787
ENSG00000137274,ENSGALG00010011400,BPHL,0,-0.4599902070807431,-0.4888123303616541,0.9410364234069412,-0.06077343301839756
ENSG00000076604,ENSGALG00010029222,TRAF4,0,-1.852590790050554,-2.8975379563480077,0.6393672207095151,-0.4472763093735062
ENSG00000105298,ENSGALG00010028115,CACTIN,0,-3.294816482035268,-2.5885498806383165,1.2728425697645014,0.24125264324306497
ENSG00000196367,ENSGALG00010022090,TRRAP,0,-1.026719880964599,-0.6457827359281665,1.5898843741756608,0.4636612929436274
ENSG00000107902,ENSGALG00010001898,LHPP,0,-1.4796144916307057,-0.8212959254975578,1.8015607355343022,0.5886533645063219
ENSG00000184363,ENSGALG00010020739,PKP3,0,-3.253027856036612,-2.416144155927539,1.3463715929597753,0.29741326515715816
ENSG00000205730,ENSGALG00010022574,ITPRIPL2,0,-2.4868200043852458,-2.6542141307417424,0.9369326971710015,-0.06514382731599642
ENSG00000174238,ENSGALG00010029339,PITPNA,0,-0.228293255841212,-0.0789582928185942,2.8913144863163796,1.0617112382720255
ENSG00000119953,ENSGALG00010017801,SMNDC1,0,0.6759257433765118,-0.4873839137378237,-1.386844588679038,
ENSG00000151366,ENSGALG00010001957,NDUFC2,0,0.1278998926261021,-1.0278080625357144,-0.12443947200663044,
ENSG00000182809,ENSGALG00010013212,CRIP2,0,-2.546546694629571,-1.132646098429689,2.248316308297999,0.810181628671464
ENSG00000152503,ENSGALG00010001145,TRIM36,0,0.3417990084298861,-0.8995135929306074,-0.3799820381994539,
ENSG00000099875,ENSGALG00010027907,MKNK2,0,-2.803964295220288,-2.999643298986606,0.934765909055778,-0.06745914568613691
ENSG00000140832,ENSGALG00010008457,MARVELD3,0,-2.2272520495100743,-0.8323864318193275,2.675742857367367,0.9842270454841731
ENSG00000166509,ENSGALG00010007772,CLEC3A,0,-0.6941492904766005,-0.466701510106987,1.4873517129127634,0.396997164670247
ENSG00000063015,ENSGALG00010029681,SEZ6,0,-2.133991308189591,-2.662111244802412,0.8016161279345713,-0.22112542917507835
ENSG00000205269,ENSGALG00010010657,TMEM170B,0,0.1720918454051823,0.1017641027729053,1.6910859597437709,0.5253709022990689
ENSG00000131016,ENSGALG00010005704,AKAP12,0,-1.5314561857577402,-1.166661348483793,1.3126827144381177,0.27207291679516027
ENSG00000150977,ENSGALG00010024741,RILPL2,0,-2.423640347361303,-3.454477579538902,0.701593885488412,-0.3544005530584746
ENSG00000114021,ENSGALG00010005630,NIT2,0,0.341340215551094,0.3058495826562467,1.1160395008115356,0.10978625832514663
ENSG00000166595,ENSGALG00010009652,CIAO2B,0,-1.9789156873021003,-2.0013873591866904,0.9887719527249728,-0.011291557643612343
ENSG00000108641,ENSGALG00010017419,B9D1,0,-1.5544612410999648,-1.4634126967184031,1.0622165876965066,0.060357845243205845
ENSG00000164694,ENSGALG00010004980,FNDC1,0,-2.1065349631803016,-1.161344696614235,1.8138757332957725,0.5954658450993283
ENSG00000169908,ENSGALG00010001721,TM4SF1,0,0.5035481230814618,-0.5880417105414313,-0.8563136152668946,
ENSG00000176022,ENSGALG00010021498,B3GALT6,0,-2.613097851444562,-2.1497216259438643,1.2155517346564564,0.1951980763170363
ENSG00000144820,ENSGALG00010005698,ADGRG7,0,0.9517854426221142,-0.3386727753460491,-2.81033939515687,
ENSG00000184163,ENSGALG00010016546,C1QTNF12,0,-3.4022476270826605,-1.6131162378485508,2.1091149833196856,0.7462684203137722
ENSG00000171100,ENSGALG00010011485,MTM1,1,0.5807835838738047,-0.4509392434896722,-1.2879419838896906,
ENSG00000197774,ENSGALG00010018480,EME2,0,-3.1308613853753773,-2.4172263569522383,1.2952288793189093,0.25868742032149084
ENSG00000177352,ENSGALG00010021785,CCDC71,0,-1.682170031832868,-1.4765046608124694,1.1392920567600702,0.13040706666222948
ENSG00000178075,ENSGALG00010006615,GRAMD1C,0,0.351908268876711,-1.455953939597613,-0.2417028858577553,
ENSG00000146285,ENSGALG00010014550,SCML4,0,-2.347582160300952,-2.151772274015841,1.0909993537186313,0.08709411447553496
ENSG00000168418,ENSGALG00010007585,KCNG4,0,-2.7300068450627624,-1.3333355809238832,2.0475016823379977,0.7166203583994496
ENSG00000079313,ENSGALG00010028429,REXO1,0,-3.5670183471323917,-1.55166575179696,2.29883165430537,0.8324010174824192
ENSG00000189051,ENSGALG00010029335,RNF222,0,-3.811300244094566,-3.564738855667874,1.0691667464040637,0.06687960341855714
ENSG00000119471,ENSGALG00010006029,HSDL2,0,1.5668448662639136,0.268630012718157,5.832724535913365,1.7634842215429303
ENSG00000214978,ENSGALG00010029191,GSG1L2,0,-1.716273163972204,0.2174219619539671,-7.893743339210488,
ENSG00000169962,ENSGALG00010018024,TAS1R3,0,-2.6561592613486718,-1.579622165076895,1.6815155675024172,0.5196955102596531
ENSG00000171217,ENSGALG00010005328,CLDN20,0,-0.1156311990044614,-0.4406514759696063,0.2624096486912414,-1.33784845166125
ENSG00000133731,ENSGALG00010005157,IMPA1,0,1.979892743989572,0.8847970905575105,2.237679989139704,0.8054396100051939
ENSG00000177200,ENSGALG00010021789,CHD9,0,0.3591393062222945,-0.8079702783614605,-0.44449568980509807,
ENSG00000187726,ENSGALG00010002523,DNAJB13,0,-1.031610212163223,-1.6132412290639384,0.6394643241059497,-0.4471244466875804
ENSG00000111962,ENSGALG00010005453,UST,0,-0.9788916318571133,-1.036250380675113,0.9446477898704068,-0.05694313009355024
ENSG00000013725,ENSGALG00010019520,CD6,0,-2.9846372793131817,-2.9371493792318115,1.0161680234642305,0.016038712908374955
ENSG00000165716,ENSGALG00010027642,DIPK1B,0,-2.2555047264697663,-1.739631006470176,1.2965420356851027,0.2597007479045403
ENSG00000047457,ENSGALG00010001123,CP,0,0.8007376388321568,0.0878539956662308,9.114413439705887,2.209857054958073
ENSG00000257008,ENSGALG00010029504,GPR142,0,-2.267241918770313,-2.3141724962399453,0.9797203633065881,-0.02048809160044643
ENSG00000176769,ENSGALG00010001358,TCERG1L,0,-2.361494469689092,-1.0740798798964888,2.1986208976530444,0.787830299099281
ENSG00000148356,ENSGALG00010027976,LRSAM1,0,-2.461975035430914,-2.0270087607937106,1.2145852958557932,0.1944026982461882
ENSG00000183828,ENSGALG00010019713,NUDT14,0,-2.180882845040504,-0.3119694109520644,6.990694499133465,1.9445799074094368
ENSG00000157895,ENSGALG00010022718,C12orf43,0,-2.0741863446096165,-1.7824454822721756,1.1636744939685582,0.1515826658445631
ENSG00000163545,ENSGALG00010025318,NUAK2,0,-2.662225445551238,-2.572498805202367,1.0348791766851035,0.03428468240066442
ENSG00000170921,ENSGALG00010023245,TANC2,0,-1.180378231402374,-2.369336926650235,0.49818926895770416,-0.6967752160132878
ENSG00000259803,ENSGALG00010007968,SLC22A31,0,-2.2859248358770987,-2.866317670319185,0.7975127319445177,-0.226257479629862
ENSG00000119048,ENSGALG00010015848,UBE2B,0,0.0417055302285511,-0.5458351954736744,-0.07640681761526781,
ENSG00000241973,ENSGALG00010024198,PI4KA,0,-1.1078150830602098,-0.4529065464775957,2.446012519969196,0.8944591558002032
ENSG00000132821,ENSGALG00010015801,VSTM2L,0,-3.178132386737049,-2.473983656269219,1.2846214156198954,0.25046405674408273
ENSG00000119686,ENSGALG00010005057,FLVCR2,0,-0.7562041706118716,-1.3018073025100778,0.5808879464370784,-0.5431974040059911
ENSG00000063169,ENSGALG00010010800,BICRA,0,-3.661367852703842,-3.1708382767164647,1.1547002821270789,0.14384081430497453
ENSG00000164741,ENSGALG00010014171,DLC1,0,-1.322302617099366,-1.6754140415605618,0.7892393070000232,-0.23668569994113892
ENSG00000138834,ENSGALG00010016474,MAPK8IP3,0,-2.734799561163433,-1.8819651579308665,1.453161632476883,0.37374161892228847
ENSG00000183273,ENSGALG00010023379,CCDC60,0,-1.0958144091549382,-1.479135512457649,0.7408478803501879,-0.2999599644367198
ENSG00000122126,ENSGALG00010015128,OCRL,1,0.0106123804910076,-1.7972088725277389,-0.00590492326920326,
ENSG00000114019,ENSGALG00010024678,AMOTL2,0,-3.435394383439389,-3.252611507332579,1.0561957293992075,0.05467351791877153
ENSG00000175336,ENSGALG00010024983,APOF,0,-0.8978299077157672,-2.6780416695251703,0.3352561380700834,-1.0928604480540751
ENSG00000089692,ENSGALG00010023324,LAG3,0,-2.643681506359684,-2.111229974268414,1.2521996838718508,0.22490175187084818
ENSG00000134769,ENSGALG00010005351,DTNA,0,-0.9542467569109778,-1.7891278125420351,0.5333586288366741,-0.628561231478333
ENSG00000123643,ENSGALG00010014645,SLC36A1,0,-0.9514997705139798,-1.806921535251764,0.5265861034643126,-0.6413404214357838
ENSG00000140093,ENSGALG00010017460,SERPINA10,0,-0.4553498285348762,0.3443334856664507,-1.3224093719887728,
ENSG00000156298,ENSGALG00010002725,TSPAN7,1,0.2520378022473952,-0.761584144244847,-0.3309388780635719,
ENSG00000171246,ENSGALG00010029556,NPTX1,0,-2.6325287177771277,-2.9623041846259803,0.8886760284239716,-0.11802253235646064
ENSG00000178761,ENSGALG00010023448,FAM219B,0,-2.2591846615906856,-2.848640150599555,0.7930747803000648,-0.23183776128880676
ENSG00000134285,ENSGALG00010022583,FKBP11,0,-1.1159126192901443,-2.467754822056944,0.45219752356111265,-0.7936361955771627
ENSG00000215912,ENSGALG00010019666,TTC34,0,-3.101929376249116,-1.141025374433751,2.718545481767651,1.0000969879283517
ENSG00000144837,ENSGALG00010025182,PLA1A,0,-0.6614622317103986,-1.25164021857604,0.5284763320109095,-0.6377572580031068
ENSG00000125355,ENSGALG00010016370,TMEM255A,1,-0.5353432428172997,-0.2873138672288468,1.8632697682875725,0.6223328842967502
ENSG00000137802,ENSGALG00010020202,MAPKBP1,0,-2.3387177321806742,-1.5700837463289368,1.4895496737985507,0.39847384192600066
ENSG00000136010,ENSGALG00010011657,ALDH1L2,0,0.740823734619088,0.4579082051762223,1.617843328083601,0.481093983344454
ENSG00000157219,ENSGALG00010024832,HTR5A,0,-1.4869146114884693,-1.9854860840389668,0.7488919833997121,-0.2891605202844269
ENSG00000113734,ENSGALG00010009311,BNIP1,0,-0.8039720515485325,-2.102800833415072,0.38233390379764814,-0.9614609584618807
ENSG00000132613,ENSGALG00010024566,MTSS2,0,-3.324409699727207,-3.1501464325432207,1.0553191005293356,0.053843186151442624
ENSG00000130226,ENSGALG00010025216,DPP6,0,-1.1149852873436306,-0.9238401665899336,1.2069028038250915,0.18805741180174057
ENSG00000105649,ENSGALG00010027315,RAB3A,0,-1.2262429536362092,-1.7306261995249628,0.7085544839046115,-0.344528322448716
ENSG00000162779,ENSGALG00010010956,AXDND1,0,0.6092073719317721,-1.5826525093066934,-0.3849280675002027,
ENSG00000170561,ENSGALG00010007907,IRX2,0,-2.5957840025478607,-2.019871025393157,1.2851236390415597,0.2508549308715745
ENSG00000111727,ENSGALG00010011883,HCFC2,0,0.4018190751189419,-0.6119197944092143,-0.6566531738148513,
ENSG00000183186,ENSGALG00010027249,C2CD4C,0,-3.827598216611277,-3.04787499201886,1.2558251984199462,0.22779288512798707
ENSG00000049883,ENSGALG00010011572,PTCD2,0,0.4281503570796321,-0.1563531186661125,-2.738355081959923,
ENSG00000171819,ENSGALG00010021784,ANGPTL7,0,-1.236471944271749,-0.5285423435949163,2.3393999728797543,0.8498944746416485
ENSG00000284395,ENSGALG00010016959,PERCC1,0,-4.229226371735065,-3.640375274122588,1.161755603000134,0.14993231186792816
ENSG00000197417,ENSGALG00010029745,SHPK,0,-1.7641779465028105,-1.064989572489879,1.6565213332354727,0.5047198211750208
ENSG00000178878,ENSGALG00010009659,APOLD1,0,-2.957224668064308,-2.099424565422318,1.408588199247557,0.34258792564787627
ENSG00000177602,ENSGALG00010029740,HASPIN,0,-1.9746474732668968,-1.7916102550415252,1.1021635245223182,0.09727508858091306
ENSG00000103152,ENSGALG00010019236,MPG,0,-2.56468675878007,-1.2286331995918458,2.08743078050639,0.7359340181542454
ENSG00000158955,ENSGALG00010025948,WNT9B,0,-2.6622718478949654,-2.138277396922913,1.2450544778362742,0.2191792862575605
ENSG00000232258,ENSGALG00010017371,TMEM114,0,-2.310816125275039,-0.8340799967693123,2.7704969957625765,1.0190267249581666
ENSG00000105058,ENSGALG00010027951,FAM32A,0,-1.5494727821828054,-1.82509437445684,0.8489822794199005,-0.1637169651855562
ENSG00000179603,ENSGALG00010001223,GRM8,0,0.0676571073526126,-0.2709499485893581,-0.2497033408009656,
ENSG00000100373,ENSGALG00010012099,UPK3A,0,-2.0677299905485107,-1.196585630874793,1.728025088381553,0.5469791890157927
ENSG00000166503,ENSGALG00010016746,HDGFL3,0,-0.1455728564112455,-1.171577670029138,0.12425369664789275,-2.08542986275467
ENSG00000105143,ENSGALG00010027636,SLC1A6,0,-1.4504019902804792,-1.4686046093193694,0.9876055005388236,-0.012471951924735825
ENSG00000174485,ENSGALG00010017830,DENND4A,0,0.4795569890839974,-0.7249201915734923,-0.6615307376706998,
ENSG00000131686,ENSGALG00010017381,CA6,0,-0.9573891515252876,-2.1158254998426456,0.4524896555015945,-0.7929903768734246
ENSG00000165502,ENSGALG00010015936,RPL36AL,0,0.1749085489996691,-2.0761503603631257,-0.08424657112458704,
ENSG00000057704,ENSGALG00010009769,TMCC3,0,-1.5324729875799843,-0.8972715214929492,1.707925584253625,0.5352795254790657
ENSG00000157680,ENSGALG00010013757,DGKI,0,-0.7769512935226643,-1.4185201991059335,0.5477195841217926,-0.6019918308081891
ENSG00000065526,ENSGALG00010016564,SPEN,0,-1.5685567302022214,-1.5513840422667942,1.0110692694185093,0.01100845343654875
ENSG00000082458,ENSGALG00010018559,DLG3,1,-1.4015818615469815,-2.134486096617917,0.6566366788557588,-0.42062441367808734
ENSG00000145723,ENSGALG00010008450,GIN1,0,1.144842382293522,-0.23389539931994,-4.894676789805169,
ENSG00000162923,ENSGALG00010016483,WDR26,0,-0.7921874790965955,-1.1503223432653202,0.6886656455336524,-0.37299940073993393
ENSG00000129315,ENSGALG00010023074,CCNT1,0,-0.8077016383298528,-2.569226157873589,0.31437545342382167,-1.1571672958267587
ENSG00000119638,ENSGALG00010006177,NEK9,0,-0.4116952200652122,-1.665000034011582,0.24726439138460005,-1.397297104370983
ENSG00000179588,ENSGALG00010009511,ZFPM1,0,-3.837593519533661,-2.6146454889837707,1.4677299602192766,0.383716962466992
ENSG00000187510,ENSGALG00010013377,PLEKHG7,0,-0.73928758782289,-1.4496391997435345,0.5099804061270434,-0.6733829733605464
ENSG00000099910,ENSGALG00010026237,KLHL22,0,-2.0062283904488023,-0.8869960446865517,2.2618233784320503,0.8161712926082547
ENSG00000124391,ENSGALG00010009627,IL17C,0,-3.661461834051357,-3.078486588771893,1.1893707276184795,0.17342436693863403
ENSG00000082213,ENSGALG00010011022,C5orf22,0,0.3034441972725954,-0.8893678426705656,-0.3411908804364039,
ENSG00000185274,ENSGALG00010029579,GALNT17,0,-1.0068472754347368,-1.5403821296737874,0.6536347416909859,-0.42520658248701343
ENSG00000244242,ENSGALG00010024632,IFITM10,0,-2.1865126080552155,-2.0949388695258064,1.0437118905288807,0.04278348444820814
ENSG00000079482,ENSGALG00010014367,OPHN1,1,-0.7461049633977019,-2.0110799147961846,0.3709971731647058,-0.9915608359058711
ENSG00000143322,ENSGALG00010011049,ABL2,0,-1.0570649663814056,-1.5811824013522808,0.668528163150164,-0.40267675445668405
ENSG00000159753,ENSGALG00010022652,CARMIL2,0,-2.8567885912811963,-2.897806007727885,0.9858453546105904,-0.014255777846093273
ENSG00000100124,ENSGALG00010010620,ANKRD54,0,-2.207701953452238,-2.0889915892151167,1.056826635803605,0.05527067811313165
ENSG00000089060,ENSGALG00010000452,SLC8B1,0,-0.8785147019087844,-1.8340330512295815,0.47900701752337904,-0.7360400313165769
ENSG00000187391,ENSGALG00010008425,MAGI2,0,-1.5537767072124815,-1.4237010544995492,1.091364442206342,0.08742869525606127
ENSG00000121579,ENSGALG00010022498,NAA50,0,0.8436029972769177,-0.9005059208130338,-0.9368100506382673,
ENSG00000175175,ENSGALG00010029230,PPM1E,0,-0.9949176575379628,-1.6238186845986682,0.6127024322200478,-0.48987588958312117
ENSG00000145029,ENSGALG00010026919,NICN1,0,-1.7340778179480534,-2.7566678530451694,0.629048514507286,-0.46354689567369906
ENSG00000100083,ENSGALG00010014062,GGA1,0,-2.6381828154038143,-1.9754320951081537,1.3354965842343345,0.2893031958965691
ENSG00000169946,ENSGALG00010013100,ZFPM2,0,-0.8888610087620794,-1.3365632924784194,0.6650347303148244,-0.407916013652685
ENSG00000197724,ENSGALG00010027692,PHF2,0,-2.055867055393941,-0.9447992226315928,2.175983009033009,0.7774805206144099
ENSG00000102038,ENSGALG00010015899,SMARCA1,1,0.776987381641753,-0.1644651022976745,-4.7243297866038505,
ENSG00000127554,ENSGALG00010016986,GFER,0,-2.332031038418041,-2.1178093062530503,1.1011525124252117,0.09635736987773146
ENSG00000140153,ENSGALG00010017133,WDR20,0,-1.310522251079167,-0.7646195461696793,1.7139533741246324,0.5388026168444562
ENSG00000178057,ENSGALG00010020653,NDUFAF3,0,-1.94323234540218,-2.191996504033804,0.8865125203558318,-0.12046003021077584
ENSG00000127184,ENSGALG00010006252,COX7C,0,-0.2516464306030599,-0.3955473917657663,0.6361979268266263,-0.4522455583542225
ENSG00000227500,ENSGALG00010027920,SCAMP4,0,-0.9234507889139998,-0.5619774039255778,1.6432169380181905,0.4966558680858355
ENSG00000139767,ENSGALG00010023399,SRRM4,0,-4.393680589783857,-3.658751903762109,1.2008686856482558,0.1830451996082047
ENSG00000119681,ENSGALG00010004325,LTBP2,0,-2.6672882080225517,-2.49649319816892,1.0684139696350476,0.06617527745370615
ENSG00000148343,ENSGALG00010028608,MIGA2,0,-2.5755651343865686,-1.6501115289038113,1.5608430638003887,0.4452261007972387
ENSG00000109101,ENSGALG00010029415,FOXN1,0,-3.0103240096859007,-1.9262247509283528,1.562810366877002,0.44648571770442064
ENSG00000163946,ENSGALG00010027898,TASOR,0,0.2963354991433355,-0.9195178565947068,-0.3222726965202922,
ENSG00000136237,ENSGALG00010001923,RAPGEF5,0,-0.3653805955593281,-1.333096161435265,0.27408420047203846,-1.2943199188085048
ENSG00000158486,ENSGALG00010017006,DNAH3,0,-0.2545877131446303,-0.4760162587167977,0.5348298686917233,-0.6258065851050071
ENSG00000141564,ENSGALG00010030107,RPTOR,0,-1.915173219678932,-1.473353805217382,1.2998732639078248,0.26226677041342694
ENSG00000089041,ENSGALG00010025195,P2RX7,0,-1.027063333535379,-0.5847266370243507,1.7564846006709411,0.5633144256320495
ENSG00000088320,ENSGALG00010013995,REM1,0,-2.8172681523976504,-2.8923815903073256,0.9740305918965229,-0.026312567314848514
ENSG00000101489,ENSGALG00010011379,CELF4,0,-1.844263074632256,-0.6805139405680447,2.710103297946837,0.996986751488719
ENSG00000179454,ENSGALG00010018394,KLHL28,0,1.2321194578311625,-0.9505120349379954,-1.2962691818116088,
ENSG00000114853,ENSGALG00010027378,ZBTB47,0,-3.0608737318805077,-2.265231628289376,1.351240947572312,0.301023390649904
ENSG00000213347,ENSGALG00010009499,MXD3,0,-4.1250232252621775,-4.145609733900336,0.9950341421504744,-0.004978228693176759
ENSG00000101452,ENSGALG00010023808,DHX35,0,0.1363798728461187,0.0141722615752645,9.623014091424107,2.2641575307215347
ENSG00000113790,ENSGALG00010024516,EHHADH,0,0.0171164567503243,-0.5356109404793077,-0.03195688410510644,
ENSG00000164405,ENSGALG00010013686,UQCRQ,0,-0.1951426129821971,-1.350633049212608,0.14448233226334964,-1.9345980469787054
ENSG00000205022,ENSGALG00010007913,PABPN1L,0,-3.373526595786627,-2.0935774295635072,1.6113693948687526,0.47708437329785136
ENSG00000020633,ENSGALG00010015825,RUNX3,0,-3.1626760510945484,-2.103268562983502,1.5036957746414794,0.4079259275677792
ENSG00000198865,ENSGALG00010014634,CCDC152,0,1.1173346089667362,-0.8249439871150211,-1.3544369392572435,
ENSG00000169964,ENSGALG00010016518,TMEM42,0,-0.8677301673976139,-1.1816282247959753,0.7343512529479733,-0.30876781858371666
ENSG00000163885,ENSGALG00010021183,CFAP100,0,-2.3184892319196084,-1.06806063460069,2.1707468254238296,0.7750712675246699
ENSG00000159388,ENSGALG00010026775,BTG2,0,-3.2986066767599294,-1.9594939890086027,1.6833971909395062,0.5208138891112247
ENSG00000116254,ENSGALG00010019284,CHD5,0,-2.126150089736374,-1.6650977733116987,1.2768920383021665,0.24442903025180723
ENSG00000012983,ENSGALG00010019295,MAP4K5,0,0.3433423878726866,-0.838581359241429,-0.40943241116553103,
ENSG00000004399,ENSGALG00010019208,PLXND1,0,-2.4275469291247145,-1.8307592915746145,1.3259782104051538,0.2821504590533558
ENSG00000008710,ENSGALG00010017973,PKD1,0,-2.886228085190682,-1.7487791449369825,1.650424579654218,0.5010325758136748
ENSG00000149243,ENSGALG00010002981,KLHL35,0,-2.1408664312321104,-1.4441572467924406,1.4824330494391122,0.3936846902892737
ENSG00000178104,ENSGALG00010013429,PDE4DIP,0,-1.699241501653198,-2.987747324691567,0.5687366825200372,-0.5643377243405057
ENSG00000170525,ENSGALG00010006245,PFKFB3,0,-1.91855391833273,-1.1622198194010165,1.6507668225116934,0.5012399208700546
ENSG00000163884,ENSGALG00010021173,KLF15,0,-3.0732122102219552,-1.5359239526165882,2.000888263371669,0.6935912136484951
ENSG00000197584,ENSGALG00010018349,KCNMB2,0,0.2341197859836192,-0.635166625865234,-0.3685958557169114,
ENSG00000100206,ENSGALG00010012801,DMC1,0,1.100273692062718,-0.4202502340239644,-2.6181393916843745,
ENSG00000179021,ENSGALG00010006236,C3orf38,0,0.4240486830914136,-1.122778681681182,-0.37767788969458194,
ENSG00000167461,ENSGALG00010027956,RAB8A,0,-0.3995984267315595,-0.1715340704947753,2.3295571869713823,0.8456782010059664
ENSG00000109756,ENSGALG00010009026,RAPGEF2,0,-0.4102502310437828,-0.8692375948863063,0.47196558623012885,-0.7508492065840715
ENSG00000101290,ENSGALG00010020362,CDS2,0,0.0755155977866604,-1.0285550065913558,-0.0734191144885095,
ENSG00000039600,ENSGALG00010016513,SOX30,0,-2.05832166097594,-1.4597247911573086,1.4100751548817965,0.3436430043042187
ENSG00000183166,ENSGALG00010029174,CALN1,0,-1.530632770304372,-1.1300673983496707,1.3544614883498802,0.3034039497651471
ENSG00000178460,ENSGALG00010004128,MCMDC2,0,1.1032184855699274,-0.4976126901738406,-2.217022409907832,
ENSG00000008226,ENSGALG00010026458,DLEC1,0,-1.872307850159995,-0.8399266466009035,2.22913257691851,0.8016125308397785
ENSG00000167971,ENSGALG00010018060,CASKIN1,0,-3.401461257110226,-2.542814887318601,1.3376755319759306,0.2909334300374676
ENSG00000007264,ENSGALG00010028086,MATK,0,-2.673112715389923,-2.310790454586445,1.1567958098858955,0.14565395025630754
ENSG00000100095,ENSGALG00010023233,SEZ6L,0,-2.183180393570339,-2.56741427988352,0.8503420778937893,-0.16211656587594633
ENSG00000185742,ENSGALG00010004871,C11orf87,0,-3.055685402323446,-2.9646019658052216,1.0307236646163005,0.03026114254895558
ENSG00000205678,ENSGALG00010003632,TECRL,0,0.9921642155211644,-0.328435224649941,-3.0208824786642525,
ENSG00000182685,ENSGALG00010018080,BRICD5,0,-2.657403237322379,-1.330466239117853,1.9973473652998013,0.6918199828724988
ENSG00000172575,ENSGALG00010021662,RASGRP1,0,-0.7077647381889793,-0.5796939111549892,1.2209283633475125,0.19961152293033016
ENSG00000157211,ENSGALG00010025359,CDCP2,0,-2.0067830593461853,-2.276125535434313,0.8816662473597996,-0.12594169894230836
ENSG00000126500,ENSGALG00010000546,FLRT1,0,-2.451259539760932,-2.708378893935329,0.9050652201026431,-0.09974827146710967
ENSG00000143552,ENSGALG00010027370,NUP210L,0,0.3563397672890467,-1.43505924726213,-0.24831014327031278,
ENSG00000187049,ENSGALG00010020069,TMEM216,0,1.2095524430652933,-1.846670984797785,-0.6549907660988903,
ENSG00000156162,ENSGALG00010012320,DPY19L4,0,1.8087705673229413,0.2810483326996759,6.435798960087648,1.8618759918628376
ENSG00000205937,ENSGALG00010017433,RNPS1,0,-2.990854720587921,-2.753510012457454,1.0861971472980558,0.08268274030145611
ENSG00000164707,ENSGALG00010011042,SLC13A4,0,-0.8631676801061339,-0.5026061997786893,1.7173836703291947,0.5408020108432742
ENSG00000225526,ENSGALG00010027921,MKRN2OS,0,-0.9571746447100118,-1.395913664892832,0.685697596336301,-0.37731857011388614
ENSG00000113889,ENSGALG00010016206,KNG1,0,-0.4506363330725662,-0.6828727966166408,0.6599125566361516,-0.4156479426844588
ENSG00000187017,ENSGALG00010019076,ESPN,0,-3.23320351807205,-2.6107531339144976,1.2384179400463904,0.21383471021996617
ENSG00000110887,ENSGALG00010022614,DAO,0,-1.1228960911504728,-1.8291732798054,0.6138817484092782,-0.4879529615505469
ENSG00000008324,ENSGALG00010009334,SS18L2,0,-0.6217041519926028,-2.56196140974314,0.2426672586200017,-1.416064080088397
ENSG00000198216,ENSGALG00010009941,CACNA1E,0,-1.305170393978326,-1.98258136294082,0.6583187042787132,-0.4180661119107124
ENSG00000171858,ENSGALG00010021346,RPS21,0,-0.6378506189951079,0.0589192021878623,-10.825852953020956,
ENSG00000189320,ENSGALG00010011034,FAM180A,0,-2.642980439063024,-0.7421455564248683,3.5612696406821214,1.2701171219238276
ENSG00000165672,ENSGALG00010002225,PRDX3,0,-0.0982383971756721,-1.3634394303196726,0.07205189683610592,-2.6303686302196363
ENSG00000171617,ENSGALG00010010905,ENC1,0,-0.6422053975979853,-1.0383825786447944,0.6184670378774414,-0.4805113822198058
ENSG00000153930,ENSGALG00010029575,ANKFN1,0,-1.2704102840569291,-1.3814258436206726,0.9196369750309759,-0.08377627916873617
ENSG00000048392,ENSGALG00010011915,RRM2B,0,0.9642723511470416,-0.3065551834998899,-3.1455098561312953,
ENSG00000196335,ENSGALG00010002367,STK31,0,0.7723758309058901,-0.4510309183420092,-1.712467592565817,
ENSG00000125991,ENSGALG00010021970,ERGIC3,0,-0.8306920050328941,-0.4448368654071609,1.867408188555952,0.6245514740617971
ENSG00000053918,ENSGALG00010024153,KCNQ1,0,-2.235612123132835,-0.9244630798239806,2.4182816728154246,0.8830572354062758
ENSG00000082701,ENSGALG00010025103,GSK3B,0,0.0041262641154222,-1.074901314406453,-0.003838737621881755,
ENSG00000166439,ENSGALG00010001860,RNF169,0,-1.8643369521761564,-2.362964003822168,0.7889823751697161,-0.23701129657370282
ENSG00000158201,ENSGALG00010005109,ABHD3,0,0.4553064238031403,-0.5710558488201775,-0.7973062962997757,
ENSG00000182645,ENSGALG00010022668,CCDC172,0,0.5982214893643576,-0.6165776352077638,-0.970228978809423,
ENSG00000156150,ENSGALG00010024483,ALX3,0,-2.882322660621364,-2.6981960288480327,1.0682406429350289,0.06601303625723079
ENSG00000198513,ENSGALG00010019334,ATL1,0,0.5252308197974145,-1.3148390228004092,-0.39946397291947716,
ENSG00000184005,ENSGALG00010024554,ST6GALNAC3,0,1.2466333519462225,0.2331384909365682,5.3471794680416105,1.6765692196527406
ENSG00000119969,ENSGALG00010021750,HELLS,0,0.9756386239046346,-0.8262734035482205,-1.1807697303519673,
ENSG00000141668,ENSGALG00010001268,CBLN2,0,-1.480375689129554,-1.7878682472928824,0.8280116229879237,-0.1887280872703724
ENSG00000136940,ENSGALG00010028377,PDCL,0,-1.0570071890980604,-1.456039443040154,0.7259468101297244,-0.32027853112542587
ENSG00000155868,ENSGALG00010015333,MED7,0,0.3257207242916546,-1.3680866034517476,-0.2380848723098711,
ENSG00000127191,ENSGALG00010028458,TRAF2,0,-2.25092514600205,-1.7398134271115118,1.2937738673158194,0.25756342602819376
ENSG00000171045,ENSGALG00010008190,TSNARE1,0,-2.5802680937295293,-2.017210647412585,1.2791267471442118,0.24617761631397905
ENSG00000069424,ENSGALG00010019598,KCNAB2,0,-1.7590357630520916,-2.110966637489983,0.833284492427436,-0.18238016759861111
ENSG00000183283,ENSGALG00010023850,DAZAP2,0,-0.2920080139174654,-1.5273506410820814,0.19118597004718355,-1.6545086594714757
ENSG00000078328,ENSGALG00010018960,RBFOX1,0,-0.5437361813256238,0.1381257690212385,-3.9365296220867947,
ENSG00000138615,ENSGALG00010017715,CILP,0,-1.4511542356214235,-1.1884126442998366,1.221086162775038,0.19974076002213048
ENSG00000184828,ENSGALG00010010049,ZBTB7C,0,-2.536097187424065,-1.9379865399060396,1.3086247686462382,0.2689767908658777
ENSG00000006283,ENSGALG00010029724,CACNA1G,0,-2.5032278144195,-2.139257158598856,1.1701388046582641,0.1571223782329713
ENSG00000188582,ENSGALG00010015814,PAQR9,0,-1.314570582395362,-2.392046859796276,0.5495588754926483,-0.598639367124261
ENSG00000263155,ENSGALG00010023113,MYZAP,0,-0.8881497063597923,-1.1198229038984624,0.7931162179911293,-0.2317855132416062
ENSG00000164172,ENSGALG00010012796,MOCS2,0,-0.1128791076013246,-1.221964888624662,0.09237508266573155,-2.381898004821273
ENSG00000082397,ENSGALG00010001556,EPB41L3,0,-1.4103708051792374,-1.2121482542385449,1.1635299562141541,0.15145845006749328
ENSG00000125898,ENSGALG00010013768,FAM110A,0,-3.644558698857837,-2.442219648031538,1.4923140520122342,0.4003279702563476
ENSG00000153790,ENSGALG00010001336,SPMIP4,0,-0.0254493838505762,-1.295223029364294,0.019648649903227063,-3.9297466502422234
ENSG00000100934,ENSGALG00010006343,SEC23A,0,0.7576532323293907,-0.128809255878007,-5.8819781790134,
ENSG00000124191,ENSGALG00010022169,TOX2,0,-3.1405533626318647,-2.256589567960992,1.3917255522321696,0.3305443817207399
ENSG00000154319,ENSGALG00010011295,FAM167A,0,-3.0683406302982394,-1.6569949143022824,1.8517501796861207,0.616131234947099
ENSG00000124155,ENSGALG00010021680,PIGT,0,-1.664131394954394,-1.9137243439162592,0.8695773768278997,-0.1397479591208402
ENSG00000186918,ENSGALG00010010843,ZNF395,0,-2.460602558082765,-2.9423978319110247,0.836257603032781,-0.17881857576305493
ENSG00000128581,ENSGALG00010029261,IFT22,0,-0.8039169362350531,-1.1445813865751493,0.7023676478267373,-0.3532982971941851
ENSG00000114383,ENSGALG00010028121,TUSC2,0,-1.3936220580692409,-1.5664967814974555,0.889642464976558,-0.11693562171439456
ENSG00000156463,ENSGALG00010016627,SH3RF2,0,-2.3592785079927747,-3.0580923737367347,0.7714869989718239,-0.25943545894524883
ENSG00000072201,ENSGALG00010014199,LNX1,0,-1.311615914386172,-1.8235080924177431,0.7192816526781265,-0.32950226962428847
ENSG00000099219,ENSGALG00010012904,ERMP1,0,0.4549961390191033,0.804506063478024,0.5655596143701807,-0.5699395701135627
ENSG00000114378,ENSGALG00010028116,HYAL1,0,-1.5819066436892264,-2.5902321421225607,0.6107200269675196,-0.49311664582828957
ENSG00000119703,ENSGALG00010006135,ZC2HC1C,0,-1.797841109232266,-1.9575891519539463,0.9183955210610819,-0.08512713032214843
ENSG00000047365,ENSGALG00010014705,ARAP2,0,0.4448340981223921,-0.301478132024038,-1.4755103301718873,
ENSG00000174564,ENSGALG00010018996,IL20RB,0,-1.1821146890322982,-1.360492098273645,0.8688875815833893,-0.14054152735167838
ENSG00000174004,ENSGALG00010024795,NRROS,0,-2.538372755252297,-2.66304986726967,0.9531825845434881,-0.04794880444115101
ENSG00000163659,ENSGALG00010001499,TIPARP,0,-0.035491837442338,-1.4358755987445797,0.024717905557674606,-3.700227376613437
ENSG00000104047,ENSGALG00010016113,DTWD1,0,1.0236551053382286,-0.1373691545614984,-7.451855612024979,
ENSG00000142449,ENSGALG00010028301,FBN3,0,-2.25862453484163,-1.7752578333891589,1.2722797175493499,0.24081034447641406
ENSG00000174206,ENSGALG00010012980,KICS2,0,-0.9050709142501994,-1.2164401100499913,0.7440324490886807,-0.29567063073361766
ENSG00000227345,ENSGALG00010010780,PARG,0,-0.1279622134893188,-0.9991400854348746,0.12807234476397109,-2.055159981255667
ENSG00000022976,ENSGALG00010017187,ZNF839,0,-1.904630650751724,-1.2313149361627498,1.5468265630621558,0.4362054535167639
ENSG00000047621,ENSGALG00010022448,FERRY3,0,0.4312543128260167,-0.6063879258060548,-0.7111855208079253,
ENSG00000163312,ENSGALG00010002576,HELQ,0,0.7310518700246824,-0.5548353780426915,-1.3176013984609902,
ENSG00000173546,ENSGALG00010021469,CSPG4,0,-2.727089591212726,-2.728114036975601,0.9996244857256735,-0.0003755847974670997
ENSG00000241697,ENSGALG00010008161,TMEFF1,0,0.3637797707444292,-0.2481540882838915,-1.465943089070773,
ENSG00000089737,ENSGALG00010017390,DDX24,0,-0.6231528182400599,-0.656231034163559,0.94959364278518,-0.05172113033295055
ENSG00000177707,ENSGALG00010005035,NECTIN3,0,0.8803176253439293,-0.0488521401454145,-18.020042166495752,
ENSG00000172350,ENSGALG00010024172,ABCG4,0,-1.1694071091331946,-1.9530493673839209,0.5987596261837442,-0.5128950532526457
ENSG00000261236,ENSGALG00010009432,BOP1,0,-2.751422182415082,-2.1480378705307834,1.2809002206908024,0.24756312814848402
ENSG00000148841,ENSGALG00010021439,ITPRIP,0,-2.5248638643826258,-1.0396717177417532,2.4285202927966765,0.8872821388719732
ENSG00000137460,ENSGALG00010007673,FHDC1,0,-2.497611937839549,-1.5738159697365233,1.586978392561159,0.4618318261782115
ENSG00000136877,ENSGALG00010028091,FPGS,0,-2.731251161283316,-2.190527343606573,1.2468464131502113,0.22061749403644518
ENSG00000143442,ENSGALG00010027983,POGZ,0,-0.7665737453740249,-2.241539092004257,0.34198544567366795,-1.0729870993348287
ENSG00000134917,ENSGALG00010022959,ADAMTS8,0,-2.600268028005132,-2.765426080610769,0.9402775385089446,-0.06158019356397345
ENSG00000157045,ENSGALG00010020137,NTAN1,0,-0.7844123422648739,-0.7784867717204019,1.0076116521946505,0.007582829735377513
ENSG00000163704,ENSGALG00010019315,PRRT3,0,-2.702576392517871,-2.872508742381858,0.940841833705585,-0.06098023672773867
ENSG00000229474,ENSGALG00010023271,PATL2,0,-1.6392885531596164,-2.879632121301854,0.5692701303868322,-0.5634002116651565
ENSG00000170142,ENSGALG00010001668,UBE2E1,0,-0.3129064029191308,-1.041667412357182,0.30038993176435946,-1.202673875751173
ENSG00000127511,ENSGALG00010027346,SIN3B,0,-2.416759771985074,-1.4035752765274865,1.7218597480316518,0.5434049555524503
ENSG00000131831,ENSGALG00010002365,RAI2,1,-2.18613935359404,-2.580823654975562,0.8470704107889699,-0.16597145816417827
ENSG00000169129,ENSGALG00010022436,AFAP1L2,0,-2.359800586088726,-2.1857194311968478,1.0796447853311875,0.07663208456472505
ENSG00000237515,ENSGALG00010020393,SHISA9,0,-2.0744560498255264,-1.133289963291528,1.8304724448458671,0.604574100116513
ENSG00000114315,ENSGALG00010014807,HES1,0,-1.8932015200660888,-2.075995662986147,0.9119486874760017,-0.09217155422312315
ENSG00000109572,ENSGALG00010008372,CLCN3,0,0.82038615739169,-0.1784280634508988,-4.597853843868289,
ENSG00000233932,ENSGALG00010018347,CTXN2,0,1.074991740810285,-0.3873023193138425,-2.7755881831918163,
ENSG00000171735,ENSGALG00010018903,CAMTA1,0,-2.2270677326479067,-1.8101855415475807,1.2302980448865597,0.20725645294719536
ENSG00000034053,ENSGALG00010024814,APBA2,0,-2.829355088782025,-0.6749292249300479,4.192076716007177,1.4331962474255189
ENSG00000162399,ENSGALG00010022779,BSND,0,-2.231330342388194,-2.853116908265429,0.7820676173219785,-0.24581407501124033
ENSG00000179241,ENSGALG00010025163,LDLRAD3,0,-2.666660997481239,-2.116005126683688,1.2602337129780812,0.2312971902534351
ENSG00000205090,ENSGALG00010021101,TMEM240,0,-2.0683250171061704,-1.4521033967702568,1.424364836351532,0.3537259854778523
ENSG00000105137,ENSGALG00010003479,SYDE1,0,-3.523249811111887,-2.8600256380014915,1.2318944852444884,0.20855321634981816
ENSG00000260428,ENSGALG00010009458,SCX,0,-3.7764760738952017,-2.58893087054621,1.4587010093083113,0.3775463200329496
ENSG00000186174,ENSGALG00010024843,BCL9L,0,-3.082110127923107,-1.974384753718954,1.5610483833597477,0.4453576361584965
ENSG00000070718,ENSGALG00010017920,AP3M2,0,0.0315743773026753,-0.7310214162307304,-0.043192137195484794,
ENSG00000155252,ENSGALG00010020616,PI4K2A,0,-1.492387388972963,-2.0250776122279133,0.7369531814294739,-0.30523091468653785
ENSG00000137692,ENSGALG00010007532,DCUN1D5,0,1.3599267348120154,-0.4865964374390253,-2.7947733073619676,
ENSG00000162383,ENSGALG00010025078,SLC1A7,0,-1.3807341472412986,-0.2867603567425001,4.814940820014202,1.5717237544194587
ENSG00000161981,ENSGALG00010019094,SNRNP25,0,-1.044574700766919,-1.2532798740358124,0.8334728119451716,-0.18215419646526979
ENSG00000127578,ENSGALG00010018838,WFIKKN1,0,-2.9891426834237915,-2.54619397289676,1.1739650298610582,0.16038693379109817
ENSG00000168826,ENSGALG00010009190,ZBTB49,0,-1.364377150729224,-1.3567925231781277,1.0055901159694853,0.005574549257414938
ENSG00000164687,ENSGALG00010002870,FABP5,0,0.6842260287196353,-1.2112546649810694,-0.5648903145651283,
ENSG00000177051,ENSGALG00010008888,FBXO46,0,-3.1854579006913024,-1.9431253051634136,1.63934764897903,0.49429838768985446
ENSG00000010322,ENSGALG00010028031,NISCH,0,-2.448181085109347,-1.0472294045898585,2.3377696179837155,0.8491973201209929
ENSG00000175329,ENSGALG00010015257,ISX,0,-2.4187921017348017,-1.5058281531915558,1.6062869435720453,0.47392526928611056
ENSG00000186716,ENSGALG00010026536,BCR,0,-2.384149254322942,-1.5891002979040008,1.5003138930044875,0.4056743482189172
ENSG00000143321,ENSGALG00010027332,HDGF,0,-2.347135257529162,-2.1154308226395444,1.1095306130599472,0.10393705477187325
ENSG00000188859,ENSGALG00010013511,FAM78B,0,-1.8018066169993645,-1.9614671183233163,0.9186014897560805,-0.08490288532376376
ENSG00000102924,ENSGALG00010024173,CBLN1,0,-1.4166776976302735,-1.4948830182335686,0.9476846551540156,-0.053733474307417754
ENSG00000162341,ENSGALG00010025386,TPCN2,0,-0.9110972877909412,-0.4162962277660618,2.1885792544412235,0.7832525910398096
ENSG00000094975,ENSGALG00010014928,SUCO,0,0.5611607258036013,-0.9862432367210632,-0.5689881612463854,
ENSG00000178538,ENSGALG00010002685,CA8,0,-0.5093582544080597,-1.1234558632761669,0.45338519389866744,-0.7910131971572522
ENSG00000130045,ENSGALG00010009057,NXNL2,0,-1.4892186123136408,-2.123985544307807,0.7011434782617446,-0.35504273634065675
ENSG00000095321,ENSGALG00010028626,CRAT,0,-1.826017456674153,-1.06532481498383,1.7140476134519305,0.5388575989332381
ENSG00000168748,ENSGALG00010006979,CA7,0,-2.0160752131744903,-0.1008586647106932,19.98911267522207,2.995187759094
ENSG00000111530,ENSGALG00010011888,CAND1,0,1.0576090975930723,-0.3678917319509084,-2.874783545649784,
ENSG00000120742,ENSGALG00010001136,SERP1,0,-0.0138192931505969,-1.4656678101903435,0.009428666614982978,-4.664000590533487
ENSG00000099957,ENSGALG00010000435,P2RX6,0,-1.6549502475815654,-1.431893712395949,1.1557772991490982,0.14477310389631795
ENSG00000159173,ENSGALG00010026560,TNNI1,0,-1.9648196005482528,-2.5373113371779,0.7743707174436087,-0.255704556953188
ENSG00000105642,ENSGALG00010028573,KCNN1,0,-2.4355440504467136,-2.301825792749536,1.058092257945138,0.05646752996059754
ENSG00000213079,ENSGALG00010005305,SCAF8,0,-0.3243753638959248,-0.9768305038793308,0.3320692408843892,-1.102411774929921
ENSG00000123685,ENSGALG00010019285,BATF3,0,-2.923598532383957,-1.3278408678014737,2.20176875352888,0.7892610162231382
ENSG00000143756,ENSGALG00010016589,FBXO28,0,-0.5617085091655909,-0.8759247005538039,0.6412748822021463,-0.444297080595542
ENSG00000144554,ENSGALG00010027361,FANCD2,0,-0.2237537768449531,-1.535587907964442,0.14571212477282305,-1.926122351859529
ENSG00000137500,ENSGALG00010008012,CCDC90B,0,0.7680412387505733,-0.968045551812782,-0.7933936965180238,
ENSG00000236104,ENSGALG00010002526,ZBTB22,0,-2.231143121525312,-2.834564062686364,0.78712037272173,-0.2393740908988092
ENSG00000130396,ENSGALG00010004951,AFDN,0,-0.8650127734297719,-1.156577528021935,0.7479072975844353,-0.2904762423987247
ENSG00000196557,ENSGALG00010017430,CACNA1H,0,-2.6765425614103453,-1.8641183088229132,1.4358222591035184,0.3617376879677254
ENSG00000162946,ENSGALG00010008181,DISC1,0,-2.2025039901792525,-1.551509671476198,1.4195876639838538,0.35036645196930755
ENSG00000101079,ENSGALG00010021795,NDRG3,0,-0.4809811090202966,-1.3358020387653171,0.36006915325931665,-1.0214591735923708
ENSG00000100353,ENSGALG00010014917,EIF3D,0,-0.6765997008641964,-1.3420807117224185,0.5041423328376818,-0.6848966443559846
ENSG00000111231,ENSGALG00010025064,GPN3,0,0.7012453988675027,-0.3728854539916434,-1.880591992422472,
ENSG00000113441,ENSGALG00010013246,LNPEP,0,0.8709141857998937,-0.3436671182656006,-2.5341795578092348,
ENSG00000150768,ENSGALG00010025156,DLAT,0,0.1770464924574906,-0.0841952803944022,-2.1028078014365956,
ENSG00000183150,ENSGALG00010021891,GPR19,0,0.1022819431335566,-0.3398127037103118,-0.3009950540894178,
ENSG00000259417,ENSGALG00010020395,CTXND1,0,-1.5547867529617836,-0.2275645466601031,6.832289017691572,1.9216597591177838
ENSG00000253251,ENSGALG00010012263,SHLD3,0,0.5360995357473417,-0.6860959908150638,-0.7813768669752315,
ENSG00000077147,ENSGALG00010020228,TM9SF3,0,2.170146190542015,0.9078909395645,2.3903159465199617,0.871425552403041
ENSG00000124802,ENSGALG00010012712,EEF1E1,0,0.5298912353704974,-0.7375199960805072,-0.7184771100262546,
ENSG00000182544,ENSGALG00010024604,SLC61A1,0,-0.642051298056737,-2.664733200657269,0.24094393311059134,-1.4231910152516334
ENSG00000105176,ENSGALG00010024536,URI1,0,-0.0672269435072348,-1.0665415007484655,0.06303265598202885,-2.764102337965907
ENSG00000168246,ENSGALG00010012327,UBTD2,0,-0.5242912522128886,-1.4621345318388597,0.35857935148656367,-1.0256053003764678
ENSG00000146414,ENSGALG00010005358,SHPRH,0,0.1789385969707062,-0.7765101650889255,-0.2304394778273305,
ENSG00000163626,ENSGALG00010004398,COX18,0,-0.1931653670100992,-1.181830872517562,0.16344586311120315,-1.8112734559443717
ENSG00000072571,ENSGALG00010009732,HMMR,0,0.4932628659505642,-0.9830510864172144,-0.5017672761527469,
ENSG00000109171,ENSGALG00010016767,SLAIN2,0,-1.6735171657333794,-2.2988902997015708,0.7279673875480819,-0.31749902911294453
ENSG00000138663,ENSGALG00010003894,COPS4,0,0.7027497600930399,-0.4769079697068765,-1.473554238409925,
ENSG00000111445,ENSGALG00010000412,RFC5,0,-0.2822508811321729,-2.4145298670456765,0.11689682740496556,-2.146463550265332
ENSG00000121653,ENSGALG00010022041,MAPK8IP1,0,-2.979967775154366,-2.633238420462868,1.1316741211115058,0.12369805945915137
ENSG00000173681,ENSGALG00010002790,BCLAF3,1,-0.2615707703283867,-0.5076462858995414,0.5152618616422798,-0.6630800383367551
ENSG00000109771,ENSGALG00010005826,LRP2BP,0,0.9219268109427504,0.3538417225002365,2.605477964634694,0.957616138081204
ENSG00000162105,ENSGALG00010024791,SHANK2,0,-2.4272326762500427,-1.192468353866459,2.0354692586851333,0.7107263862603287
ENSG00000148225,ENSGALG00010027944,WDR31,0,-0.5055001327225259,-2.544780200410832,0.19864196233565373,-1.6162512589765423
ENSG00000138119,ENSGALG00010020388,MYOF,0,-0.1815535210775056,-0.1492642639950177,1.2163227568225286,0.19583217334351366
ENSG00000131023,ENSGALG00010005504,LATS1,0,0.1130220639201837,-0.6535836245387426,-0.1729267069687485,
ENSG00000066117,ENSGALG00010023184,SMARCD1,0,-0.841726294687918,-1.4519874872091374,0.5797063005727402,-0.5452336820173348
ENSG00000088826,ENSGALG00010016457,SMOX,0,-2.257788029383878,-1.8528648035670905,1.2185390024340899,0.19765260213392177
ENSG00000135052,ENSGALG00010008752,GOLM1,0,-2.0724345585959085,-1.815911105461328,1.1412643231065054,0.13213670321543197
ENSG00000172780,ENSGALG00010027943,RAB43,0,-2.623879194577473,-1.2039569945802575,2.1793795014183632,0.7790402039086168
ENSG00000100629,ENSGALG00010004346,CEP128,0,-0.964532660989537,-1.452894065028739,0.6638699160564456,-0.40966905825203226
ENSG00000099994,ENSGALG00010023983,SUSD2,0,-2.3264098169005507,-0.7652527287791875,3.0400542584302666,1.1118753634267045
ENSG00000123892,ENSGALG00010007506,RAB38,0,-0.3806071851464221,-0.5602642741725614,0.6793350971887868,-0.38664075742032894
ENSG00000144827,ENSGALG00010004487,ABHD10,0,0.4565496975235525,-0.3762901250204404,-1.2132917320079881,
ENSG00000134056,ENSGALG00010010834,KGD4,0,-0.2638678049056686,-0.9588444751247104,0.2751935394646239,-1.2902806489811256
ENSG00000166507,ENSGALG00010021178,NDST2,0,-1.1107633511606778,-1.384646401718311,0.8022000055626105,-0.22039731871199048
ENSG00000164258,ENSGALG00010012578,NDUFS4,0,0.6618975502934745,-0.8914817194541056,-0.7424690106924281,
ENSG00000177189,ENSGALG00010002592,RPS6KA3,1,1.1352721780982726,0.0385324641865594,29.462745299696394,3.3831265940552147
ENSG00000133422,ENSGALG00010021903,MORC2,0,-1.40746555390613,-1.508267785883608,0.9331668865960538,-0.06917122318061157
ENSG00000213593,ENSGALG00010026203,TMX2,0,0.0999935105184288,-1.3587189906432524,-0.07359395960977133,
ENSG00000132182,ENSGALG00010027980,NUP210,0,-1.9804155590075112,-0.2260984029252701,8.75908689926517,2.1700916642717276
ENSG00000150756,ENSGALG00010000593,ATPSCKMT,0,0.448322391731514,-0.2250366039526705,-1.9922198604890287,
ENSG00000162039,ENSGALG00010018717,MEIOB,0,1.0080629614287506,-0.339523670605993,-2.9690506103139342,
ENSG00000116990,ENSGALG00010016453,MYCL,0,-2.34973652225821,-2.7309501856595406,0.860409880266906,-0.1503463983131353
ENSG00000110917,ENSGALG00010026999,MLEC,0,-0.9327353048342122,-1.2211991903576318,0.7637863767016239,-0.2694671405613308
ENSG00000112218,ENSGALG00010002586,GPR63,0,0.6948011693909741,-0.303068301724222,-2.2925563823009467,
ENSG00000130772,ENSGALG00010010990,MED18,0,-0.3738419003406115,-1.3630757805431202,0.2742634750590708,-1.29366604681663
ENSG00000134058,ENSGALG00010010937,CDK7,0,0.3719548161770696,0.1147001138362766,3.2428460943639466,1.176451368401906
ENSG00000135441,ENSGALG00010022937,BLOC1S1,0,-1.8698593163028363,-2.899982097269905,0.644783055062014,-0.4388413675053528
ENSG00000089154,ENSGALG00010021435,GCN1,0,-1.4570373609026053,-1.015437500270734,1.4348863032083536,0.3610856148589352
ENSG00000138769,ENSGALG00010009131,CDKL2,0,0.7014677395040838,-1.0363680548882372,-0.6768519506129805,
ENSG00000009830,ENSGALG00010005253,POMT2,0,-0.8191927424606433,-0.8557461370825195,0.9572847681831238,-0.04365436838265094
ENSG00000167992,ENSGALG00010019771,VWCE,0,-2.6529051201301943,-3.086823015284915,0.8594289685524229,-0.15148710032893184
ENSG00000108039,ENSGALG00010020183,XPNPEP1,0,-0.5846480147492894,-0.4652284003238482,1.2566902930739234,0.22848151346965684
ENSG00000131069,ENSGALG00010023439,ACSS2,0,-0.9280966759951408,-1.0633610722556843,0.872795422185608,-0.1360540894522738
ENSG00000109758,ENSGALG00010016263,HGFAC,0,-3.167180319299577,-0.4869247429139991,6.5044554941808865,1.8724874027239589
ENSG00000113194,ENSGALG00010010214,FAF2,0,-1.02033772835496,-1.0017231218724083,1.0185825864214428,0.018412039721845838
ENSG00000156097,ENSGALG00010027719,GPR61,0,-1.9248202139407944,-2.2051800929752448,0.8728630464570416,-0.13597661235960973
ENSG00000118518,ENSGALG00010004211,RNF146,0,0.0571651080843302,-1.1867883429916826,-0.04816790493596113,
ENSG00000022267,ENSGALG00010014929,FHL1,1,-0.4663749500515095,-1.145925840591914,0.4069852808368552,-0.8989782592135239
ENSG00000143258,ENSGALG00010027536,USP21,0,-2.001345898972499,-2.820945435114295,0.7094592734975788,-0.34325218572432453
ENSG00000118420,ENSGALG00010003115,UBE3D,0,-0.2952208051308673,-1.830280738741273,0.16129809972971554,-1.8245010748892756
ENSG00000119574,ENSGALG00010004393,ZBTB45,0,-2.3963253067098584,-2.638335728466293,0.908271559549732,-0.09621187070069735
ENSG00000182247,ENSGALG00010001649,UBE2E2,0,-0.4694226099877987,-1.1044225522087656,0.4250389572804243,-0.8555744500693917
ENSG00000145494,ENSGALG00010007555,NDUFS6,0,-1.0969476977520216,0.1893434648707187,-5.7934278244089565,
ENSG00000196104,ENSGALG00010008036,SPOCK3,0,0.3074294372172801,-0.5822463715483668,-0.528005758798863,
ENSG00000161021,ENSGALG00010016964,MAML1,0,-2.8219895267952197,-1.87247217958568,1.5070928997298312,0.4101825632186948
ENSG00000075945,ENSGALG00010014204,KIFAP3,0,1.3722436181729665,-0.253389728236103,-5.415545561871947,
ENSG00000163808,ENSGALG00010020101,KIF15,0,-0.0035403074147488,-1.192012706366984,0.0029700248964115053,-5.819184943572527
ENSG00000167645,ENSGALG00010008690,YIF1B,0,-0.80420148922477,-2.223071781724352,0.36175237157703544,-1.0167953576467383
ENSG00000112304,ENSGALG00010008033,ACOT13,0,0.5283417259050669,-1.096726136610508,-0.48174444673848643,
ENSG00000113319,ENSGALG00010007166,RASGRF2,0,-0.6916971164737475,-0.7278968246388123,0.9502680779202088,-0.051011146910463344
ENSG00000133943,ENSGALG00010017742,DGLUCY,0,-1.3362296413059358,-0.3119025762784631,4.284125053564691,1.4549163430008891
ENSG00000135835,ENSGALG00010009775,KIAA1614,0,-3.5305156875973207,-3.252664282461613,1.0854227122774043,0.08196950768842172
ENSG00000164430,ENSGALG00010001546,CGAS,0,-0.6197666666246349,-1.28992704464102,0.4804664490131011,-0.7329978781645159
ENSG00000113119,ENSGALG00010011670,TMCO6,0,-2.074459485411996,-2.827860463691217,0.7335791535853209,-0.30981977503944136
ENSG00000135503,ENSGALG00010022190,ACVR1B,0,-0.6211039984527282,-1.5444689882437577,0.40214727727165067,-0.9109368960847916
ENSG00000156603,ENSGALG00010026209,MED19,0,-2.0214126131976027,-2.40088893401544,0.8419434087760277,-0.17204247747831292
ENSG00000143337,ENSGALG00010010904,TOR1AIP1,0,-1.1618866370437146,-1.754370642902377,0.6622811671777208,-0.41206508938135056
ENSG00000170903,ENSGALG00010005191,MSANTD4,0,-0.3776384875143979,-1.701233187820347,0.22197926199537385,-1.5051713159085107
ENSG00000055208,ENSGALG00010006524,TAB2,0,-0.4375292095634719,-1.1562350067815008,0.3784085475680065,-0.9717808533491583
ENSG00000177508,ENSGALG00010025432,IRX3,0,-2.860048598071751,-2.742553934546409,1.042841331958992,0.041949037848887795
ENSG00000166689,ENSGALG00010023181,PLEKHA7,0,-2.708196647539188,-1.1693385153632152,2.31600739388797,0.839844752230683
ENSG00000112365,ENSGALG00010014135,ZBTB24,0,-1.3297454414234569,-1.1633507480989531,1.143030546545323,0.133683109342117
ENSG00000076716,ENSGALG00010017400,GPC4,1,0.0344974852617561,-1.6505050000722266,-0.020901169799695533,
ENSG00000136014,ENSGALG00010011819,USP44,0,0.2159121663517709,-1.087931293103377,-0.19846121507900644,
ENSG00000164180,ENSGALG00010005477,TMEM161B,0,1.4175752077052106,0.1249712839478714,11.343207518748997,2.428619108282958
ENSG00000261210,ENSGALG00010020960,CLEC19A,0,-1.4490712820835585,-1.7851492927915529,0.8117367482568096,-0.20857919303935207
ENSG00000183943,ENSGALG00010001466,PRKX,1,-1.2695120962115212,0.079689352879432,-15.930761768542169,
ENSG00000198626,ENSGALG00010009054,RYR2,0,0.0869584632082727,-0.3723855883497259,-0.23351726256013342,
ENSG00000068366,ENSGALG00010015540,ACSL4,1,1.1360502572167075,0.1268419531708806,8.956423555589913,2.1923709905603843
ENSG00000214435,ENSGALG00010018229,AS3MT,0,0.541150063977998,-1.8976018782306188,-0.2851757632547153,
ENSG00000167522,ENSGALG00010007975,ANKRD11,0,-2.501449808394529,-1.914813444024952,1.3063673728634697,0.26725028751799007
ENSG00000165816,ENSGALG00010022425,VWA2,0,-2.1979333835701595,-1.582293294552467,1.389080893622708,0.3286423008256464
ENSG00000113273,ENSGALG00010013306,ARSB,0,-0.991030997029874,-0.5968909535597311,1.6603216904521256,0.5070113730226974
ENSG00000165526,ENSGALG00010024647,RPUSD4,0,-1.4202553545511163,-1.20975732678541,1.174000209054361,0.1604168994760431
ENSG00000060982,ENSGALG00010015306,BCAT1,0,0.3000700182396816,-0.8754019368413544,-0.3427797056542978,
ENSG00000078403,ENSGALG00010005895,MLLT10,0,-0.755858273627263,-1.6625583764496057,0.454635629241121,-0.7882589957093731
ENSG00000170234,ENSGALG00010009268,PWWP2A,0,-1.0546492209624605,-1.7557835087843203,0.6006715609788844,-0.5097069813816115
ENSG00000163377,ENSGALG00010019938,TAFA4,0,-1.1410587902121474,-1.049065779402635,1.0876904123799516,0.08405656049754791
ENSG00000124920,ENSGALG00010021191,MYRF,0,-2.971074327247363,-2.2093098038369483,1.3447975119141031,0.2962434529574513
ENSG00000112578,ENSGALG00010026568,BYSL,0,-1.4423139860138487,-2.1446925533361987,0.6725038438587584,-0.39674745174737247
ENSG00000138821,ENSGALG00010005464,SLC39A8,0,0.5431360307531463,-0.5572837721952812,-0.9746130389076225,
ENSG00000127445,ENSGALG00010002703,PIN1,0,-3.5113097974382708,-2.0781392695266714,1.6896412328698385,0.5245162181559444
ENSG00000124767,ENSGALG00010021229,GLO1,0,0.9920320622753264,0.3856520266867836,2.572350185212507,0.9448199499894117
ENSG00000183454,ENSGALG00010019595,GRIN2A,0,-1.018810172666072,-0.5076588141773506,2.006879707815239,0.6965811317026713
ENSG00000048162,ENSGALG00010014257,NOP16,0,-0.8697357611141125,-1.1341113682265898,0.7668874375839461,-0.26541524512010706
ENSG00000114902,ENSGALG00010028064,SPCS1,0,0.4747405512861142,-2.608001230738919,-0.18203233406895558,
ENSG00000120156,ENSGALG00010006538,TEK,0,-0.1800702822785673,-0.4945684464236495,0.364095775985511,-1.0103383251162974
ENSG00000198818,ENSGALG00010005893,SFT2D1,0,1.1916331852068929,0.3119587992514744,3.8198415562123653,1.3402089443269534
ENSG00000076201,ENSGALG00010027304,PTPN23,0,-2.60312511501993,-2.293874462442167,1.1348158574678582,0.12647039765459014
ENSG00000140367,ENSGALG00010024143,UBE2Q2,0,-0.3084108892894832,-1.0307745051213026,0.2992030630920475,-1.206632795327108
ENSG00000164066,ENSGALG00010007861,INTU,0,0.2925874930710552,-0.9857938006652682,-0.29680394913581415,
ENSG00000124535,ENSGALG00010011593,WRNIP1,0,-2.3378740658943364,-1.6689777915234458,1.4007820102628932,0.337030659433377
ENSG00000197594,ENSGALG00010005087,ENPP1,0,0.0872278547406502,-0.4830900887115297,-0.18056229423646292,
ENSG00000105662,ENSGALG00010028183,CRTC1,0,-3.345303608661924,-2.515594614374223,1.3298261928001855,0.28504825158888847
ENSG00000110851,ENSGALG00010015583,PRDM4,0,-0.8516159352119761,-1.7064386341174211,0.4990603929056237,-0.6950281626869185
ENSG00000186792,ENSGALG00010027641,HYAL3,0,-2.049320054481038,-2.59107664459587,0.7909144867463658,-0.23456542483811324
ENSG00000147003,ENSGALG00010001516,CLTRN,1,0.8915547935731087,0.1659493486975295,5.372451296558667,1.6812842841716453
ENSG00000243477,ENSGALG00010027644,NAA80,0,-2.700066729919415,-3.153695024710017,0.8561597455567813,-0.15529830161038777
ENSG00000165671,ENSGALG00010009567,NSD1,0,-0.714954205721881,-1.9419981309233212,0.3681539103139902,-0.9992541937000105
ENSG00000112367,ENSGALG00010014089,FIG4,0,0.5440416227039293,-0.2244224256461374,-2.4241856451625647,
ENSG00000177192,ENSGALG00010022824,PUS1,0,-2.0757323689679748,-0.7587885691517093,2.735587294479868,1.0063461457215386
ENSG00000137842,ENSGALG00010020818,TMEM62,0,0.2264685347464272,-0.7454459070383953,-0.3038027744309053,
ENSG00000153037,ENSGALG00010008311,SRP19,0,0.7093900806529998,-0.0321008642767883,-22.0987844606399,
ENSG00000110987,ENSGALG00010025390,BCL7A,0,-1.765555482650777,-1.3239054790500957,1.3335963258627541,0.28787929739872803
ENSG00000113638,ENSGALG00010014371,TTC33,0,0.4804242311740676,-0.8555840012004933,-0.5615161462813367,
ENSG00000114346,ENSGALG00010018517,ECT2,0,0.7869960982298618,-0.4896511500037511,-1.6072587560017635,
ENSG00000196743,ENSGALG00010017346,GM2A,0,-1.6505035539516442,-2.7992065597525824,0.5896326400783833,-0.5282555799405512
ENSG00000092607,ENSGALG00010021667,TBX15,0,-1.1366901216014664,-1.8669101706850948,0.6088617114257503,-0.4961641118921982
ENSG00000165152,ENSGALG00010005565,PGAP4,0,-1.4417859373596915,-1.847429926533906,0.7804279429773708,-0.24791286490627149
ENSG00000136875,ENSGALG00010027948,PRPF4,0,-0.3166751749601211,-1.7475088032135069,0.18121521011956265,-1.7080699478389225
ENSG00000104814,ENSGALG00010009299,MAP4K1,0,-1.886762651491246,-2.936530171091688,0.6425143082353623,-0.44236619283370365
ENSG00000104368,ENSGALG00010017948,PLAT,0,-1.9409447203966952,-0.6260588194418981,3.1002593688033273,1.1314857753470946
ENSG00000166402,ENSGALG00010020692,TUB,0,-2.12476963637331,-1.1730452424633695,1.8113279517773246,0.5940602512848852
ENSG00000146083,ENSGALG00010010190,RNF44,0,-3.221242927540862,-2.7231340277757528,1.1829175114718695,0.1679838543080377
ENSG00000184465,ENSGALG00010004715,WDR27,0,-0.7953029422801787,-0.7348216569102463,1.0823074344654486,0.07909527543096088
ENSG00000222009,ENSGALG00010025852,BTBD19,0,-1.9866551921120037,-3.0700215508795807,0.6471144124518652,-0.4352321647950288
ENSG00000138829,ENSGALG00010012940,FBN2,0,-0.2273286698871643,-0.8438420858751873,0.2693971700302093,-1.311568519774451
ENSG00000139116,ENSGALG00010008171,KIF21A,0,0.3363075913683762,-0.418247266501759,-0.8040879601707135,
ENSG00000197498,ENSGALG00010013760,RPF2,0,1.5567385647013623,0.2661049919023056,5.850091550604521,1.7664573107972967
ENSG00000175390,ENSGALG00010021255,EIF3F,0,-0.7059814940485971,-1.0041556034915315,0.7030598560560151,-0.35231324704632966
ENSG00000187239,ENSGALG00010028514,FNBP1,0,-0.6267253745219907,-0.8863569148813942,0.7070801434497237,-0.3466112624382467
ENSG00000162398,ENSGALG00010025536,CIMAP2,0,-1.4988696825806986,-2.299517265440101,0.6518192775098962,-0.4279879372107288
ENSG00000153989,ENSGALG00010012629,NUS1,0,-0.8011684711780962,-1.7097091671127145,0.46859927208033636,-0.7580073063020163
ENSG00000143001,ENSGALG00010023028,TMEM61,0,-2.9053250317922608,-2.8125670227565114,1.0329798395150207,0.03244767350467252
ENSG00000100099,ENSGALG00010023555,HPS4,0,-1.5578269357819323,-1.9164709178081945,0.8128622883375493,-0.20719357082061593
ENSG00000166169,ENSGALG00010019104,POLL,0,-2.136300781163396,-2.0645134289818663,1.0347720441890913,0.03418115529906643
ENSG00000115286,ENSGALG00010028036,NDUFS7,0,-1.9833310446376728,-1.2539539590260271,1.5816617750289401,0.45847605067810765
ENSG00000124688,ENSGALG00010019832,MAD2L1BP,0,-1.403254732957235,-1.5651776137307565,0.8965466415101847,-0.10920496106585528
ENSG00000013392,ENSGALG00010002995,RWDD2A,0,0.0588213661521663,-1.7910918775775897,-0.03284106577029473,
ENSG00000172869,ENSGALG00010009367,DMXL1,0,0.6044546188189397,-0.7632204581807773,-0.7919790570862395,
ENSG00000139182,ENSGALG00010023695,CLSTN3,0,-1.9252684522429817,-1.6213246791321705,1.1874663212266034,0.17182189545214246
ENSG00000172932,ENSGALG00010024205,ANKRD13D,0,-2.881004373935701,-2.522644665951545,1.142057148523921,0.13283115247203345
ENSG00000095951,ENSGALG00010010604,HIVEP1,0,-1.0555770989233757,-1.5684911441314549,0.6729888803471039,-0.39602647198935487
ENSG00000151917,ENSGALG00010002350,BEND6,0,-0.0245783691874077,-0.8498431823786352,0.028921064141051337,-3.543185086343242
ENSG00000132561,ENSGALG00010011628,MATN2,0,-1.1047211909810477,-0.7735986714757583,1.4280288109513195,0.35629503945008334
ENSG00000123545,ENSGALG00010004123,NDUFAF4,0,0.8334571449422175,-0.8821186349613298,-0.9448356625849474,
ENSG00000165891,ENSGALG00010013538,E2F7,0,-0.8371009113778651,-1.379015825199313,0.6070277774055831,-0.49918072718123746
ENSG00000105676,ENSGALG00010028150,ARMC6,0,-1.9183086111626508,-1.0827480593342194,1.77170357833956,0.5719415573431385
ENSG00000198015,ENSGALG00010010394,MRPL42,0,0.7838461410244726,-0.4421775712368004,-1.7726953875837759,
ENSG00000049167,ENSGALG00010012669,ERCC8,0,0.8463224201748822,-0.6039228175401996,-1.401375135355848,
ENSG00000186104,ENSGALG00010023724,CYP2R1,0,0.9785449505820764,-0.3723779393684306,-2.6278273955802316,
ENSG00000164626,ENSGALG00010020143,KCNK5,0,-1.794428513224215,0.1381038680404295,-12.993325521475628,
ENSG00000112200,ENSGALG00010002347,ZNF451,0,0.3463935091943959,-0.9906125407930289,-0.3496760791228149,
ENSG00000165669,ENSGALG00010001972,FAM204A,0,0.1536922140560186,-0.7866879042958628,-0.19536618424759333,
ENSG00000127328,ENSGALG00010012133,RAB3IP,0,-0.047625354228181,-0.8296043784723721,0.05740730818691917,-2.8575836634315595
ENSG00000158042,ENSGALG00010010496,MRPL17,0,-1.6304513171089248,-1.752168982795098,0.9305331466991235,-0.07199758107419593
ENSG00000105556,ENSGALG00010027100,MIER2,0,-2.8055974624619164,-2.304730406435886,1.2173213208049736,0.19665280611201427
ENSG00000100150,ENSGALG00010026673,DEPDC5,0,-1.1431161435411905,-1.360456220844059,0.8402447105809656,-0.1740621074506299
ENSG00000011132,ENSGALG00010028103,APBA3,0,-3.406317701448346,-2.664348575793174,1.2784805007859337,0.245672263998799
ENSG00000064042,ENSGALG00010015570,LIMCH1,0,-1.5485455592405355,-1.730716286523876,0.894742582188772,-0.11121921974335182
ENSG00000156172,ENSGALG00010012791,CFAP418,0,-0.006550370180447,-1.0606775977815657,0.00617564676971331,-5.087141661918406
ENSG00000112651,ENSGALG00010018556,MRPL2,0,-1.2331967362821938,-1.438110718950916,0.8575116783649285,-0.15372048095031626
ENSG00000164309,ENSGALG00010012414,CMYA5,0,-0.4701232145484297,-1.1860060997245443,0.396391902754647,-0.9253519036909237
ENSG00000169826,ENSGALG00010011094,CSGALNACT2,0,0.5733902842349199,-0.7039876374096206,-0.8144891383956057,
ENSG00000135535,ENSGALG00010014156,CD164,0,-0.2963261109427755,-0.0389976102988792,7.598571006575035,2.027960204162631
ENSG00000121871,ENSGALG00010001534,SLITRK3,0,-0.6528250044122803,-2.3295739330324903,0.2802336492332203,-1.2721315622351443
ENSG00000034239,ENSGALG00010004983,CLXN,0,1.624561607790767,-1.1852117055385871,-1.3706931851913573,
ENSG00000112559,ENSGALG00010027704,MDFI,0,-2.9273560246016235,-2.6582780361351945,1.10122266550328,0.09642107662378908
ENSG00000184047,ENSGALG00010025459,DIABLO,0,-0.0347355235226434,-0.4528820962940411,0.07669882251227435,-2.5678689225875972
ENSG00000100890,ENSGALG00010007337,PRORP,0,0.5132760207308884,-0.993181589235908,-0.5167997738719371,
ENSG00000065518,ENSGALG00010024994,NDUFB4,0,-0.2152853517233257,-1.3164303350427076,0.16353721575121666,-1.8107146952726692
ENSG00000185875,ENSGALG00010005037,THNSL1,0,0.9721979228676664,0.107442481751746,9.0485430624546,2.202603757177867
ENSG00000107537,ENSGALG00010005394,PHYH,0,-0.1848257074278407,-0.9391432010202354,0.19680247615811503,-1.625554712338895
ENSG00000139324,ENSGALG00010011427,TMTC3,0,1.3001771532063202,-0.0914867609468116,-14.211642643706828,
ENSG00000090615,ENSGALG00010021102,GOLGA3,0,-2.724204376883643,-1.955380837826004,1.393183529359129,0.3315914372744011
ENSG00000078124,ENSGALG00010002211,ACER3,0,1.289824972909685,0.4356425681706589,2.9607413672311473,1.0854396988780377
ENSG00000198873,ENSGALG00010002251,GRK5,0,-1.4726491497499925,-0.5915008240847938,2.489682329739042,0.9121551239197422
ENSG00000136603,ENSGALG00010016675,SKIL,0,-0.1313229000477722,-1.4853733461960896,0.08841070185087041,-2.425762255004481
ENSG00000151704,ENSGALG00010023426,KCNJ1,0,0.2747769941879916,-0.6310074489403339,-0.43545760775000564,
ENSG00000008083,ENSGALG00010009678,JARID2,0,-1.9852554387235308,-1.4172273775417632,1.400802348432638,0.33704517848198745
ENSG00000107518,ENSGALG00010022603,ATRNL1,0,0.7884358839176091,-0.6236770310411475,-1.2641733536369268,
ENSG00000091009,ENSGALG00010016455,RBM27,0,-0.7610657993603294,-1.0715088595538511,0.7102748545422365,-0.34210326478445957
ENSG00000168014,ENSGALG00010002507,C2CD3,0,-1.0654661257003504,-1.6885972232089794,0.6309770684542273,-0.4604857586952302
ENSG00000205981,ENSGALG00010016614,DNAJC19,0,1.265650850270692,-0.3990539775283857,-3.1716282045595277,
ENSG00000008853,ENSGALG00010019679,RHOBTB2,0,-1.920027702701596,-1.9919244757800567,0.9639058739662781,-0.03676163025261467
ENSG00000161217,ENSGALG00010014935,PCYT1A,0,-0.7925836824008723,-1.3432754886279774,0.5900380741782297,-0.5275682116590303
ENSG00000155542,ENSGALG00010013106,SETD9,0,0.8098366779623749,-1.47992095531809,-0.5472161706017,
ENSG00000122376,ENSGALG00010010596,SHLD2,0,0.6624534481677635,-0.6852304942912757,-0.9667600226299471,
ENSG00000166902,ENSGALG00010020364,MRPL16,0,-0.2726714210139107,-1.7743031397940934,0.15367803556136073,-1.872895543259959
ENSG00000064651,ENSGALG00010012969,SLC12A2,0,0.6649567944666721,0.0546848048320691,12.159809228700365,2.49813618798571
ENSG00000166398,ENSGALG00010009355,GARRE1,0,-1.5317695469696062,-1.1126193226343457,1.3767238405880275,0.3197066481359388
ENSG00000186106,ENSGALG00010011401,ANKRD46,0,0.0959626178501515,-0.951093952714534,-0.10089709599799568,
ENSG00000257218,ENSGALG00010021296,GATC,0,-1.8291423079472635,-2.555762258748805,0.7156934498448755,-0.3345033463754901
ENSG00000130234,ENSGALG00010001524,ACE2,1,0.7773756733202699,-0.3505384033941474,-2.2176619331668044,
ENSG00000104687,ENSGALG00010008016,GSR,0,-0.440357355150633,-1.3842796842979903,0.31811299417714956,-1.1453486317147628
ENSG00000171467,ENSGALG00010007642,ZNF318,0,-1.442620077090055,-1.1588987947384686,1.2448197233785323,0.21899071893289568
ENSG00000163673,ENSGALG00010018405,DCLK3,0,-2.1990319282349127,-0.7604268015642954,2.891839061578606,1.0618926532247224
ENSG00000127311,ENSGALG00010012090,HELB,0,0.2809157952925734,-0.8136212176397296,-0.3452660638662972,
ENSG00000146242,ENSGALG00010003132,TPBG,0,-1.8477447175020296,-2.454705811658976,0.7527357081756608,-0.28404109795043564
ENSG00000114395,ENSGALG00010028129,CYB561D2,0,-1.3492101895307584,-1.991288287615086,0.6775564331504568,-0.389262433534178
ENSG00000146021,ENSGALG00010015660,KLHL3,0,-0.6126948514723072,-0.7178246906378816,0.8535438519506027,-0.1583583590978383
ENSG00000144681,ENSGALG00010018391,STAC,0,-1.1250919826090475,-1.5389999855333567,0.73105392669587,-0.31326805082353343
ENSG00000101463,ENSGALG00010018855,SYNDIG1,0,-2.403143684990773,-2.0110081783532565,1.194994486277337,0.1781415713789692
ENSG00000101049,ENSGALG00010023673,SGK2,0,-1.4923231264723107,-1.1630870239510096,1.2830709102083224,0.24925635316960557
ENSG00000108561,ENSGALG00010029248,C1QBP,0,-1.23372528490259,-2.2827596448768963,0.5404534321742497,-0.615346802554005
ENSG00000005100,ENSGALG00010029246,DHX33,0,-1.049236975637459,-1.321838768693649,0.7937707687862736,-0.230960563717514
ENSG00000171368,ENSGALG00010007624,TPPP,0,-2.840384990986633,-0.1962183476027903,14.475634035694231,2.6724668246202734
ENSG00000165424,ENSGALG00010020773,ZCCHC24,0,-2.7331406559208897,-2.177153908416462,1.2553731940379083,0.22743289414656806
ENSG00000188338,ENSGALG00010027616,SLC38A3,0,-1.1849115040744191,-1.887343518810185,0.6278197330083336,-0.46550220307027596
ENSG00000096433,ENSGALG00010027594,ITPR3,0,-1.8641448780961325,-2.153666159267265,0.8655681708488955,-0.14436914276644136
ENSG00000167941,ENSGALG00010024290,SOST,0,-2.558729495437113,-1.9312142309448768,1.3249330159426251,0.2813619041547228
ENSG00000101134,ENSGALG00010015131,DOK5,0,-0.6364479874075322,-1.577091211137565,0.4035581346930838,-0.9074347255829711
ENSG00000138621,ENSGALG00010023694,PPCDC,0,-1.1151492017646785,-1.8067153520080028,0.6172246228634133,-0.4825222648245176
ENSG00000214694,ENSGALG00010017218,ARHGEF33,0,-1.2980012561775425,-2.094224649590425,0.6198003907705877,-0.47835780315016635
ENSG00000150990,ENSGALG00010020965,DHX37,0,-2.184661855007313,-0.9193788156698872,2.3762368870937083,0.8655180964859527
ENSG00000100325,ENSGALG00010000376,ASCC2,0,-1.8402749456441767,-1.4347346242168608,1.2826587680970458,0.24893508618789167
ENSG00000088298,ENSGALG00010024363,EDEM2,0,-1.0581081411695,-0.9177920064056052,1.1528844594249865,0.14226702761434362
ENSG00000185101,ENSGALG00010020727,ANO9,0,-1.7773195644533697,-1.2282781187513931,1.4470009172353449,0.3694930815367374
ENSG00000144119,ENSGALG00010020798,C1QL2,0,-2.196269970173514,-2.052683974506808,1.0699503661790923,0.06761226064940448
ENSG00000120992,ENSGALG00010004468,LYPLA1,0,0.6509684615252098,0.2217548724844978,2.9355317167640456,1.0768886010162968
ENSG00000221955,ENSGALG00010020385,SLC12A8,0,-0.9447476078926088,-1.080424687970082,0.8744224548104456,-0.13419166219971684
ENSG00000050438,ENSGALG00010025488,SLC4A8,0,-0.1627816965156618,-1.7721124220399784,0.09185743211950098,-2.3875175547589
ENSG00000064787,ENSGALG00010015485,BCAS1,0,-1.2926883979662698,-1.5340056378272426,0.8426881662555209,-0.17115829895637294
ENSG00000108100,ENSGALG00010004394,CCNY,0,-1.195070050802224,-0.5921389182304846,2.0182258149379977,0.7022188160367457
ENSG00000115488,ENSGALG00010022942,NEU2,0,-2.8756984269785644,-1.15091562143646,2.4986179468043015,0.9157377577338532
ENSG00000153815,ENSGALG00010007374,CMIP,0,-2.119380449106176,-1.7972364718010987,1.1792440685238492,0.16487361329792777
ENSG00000173230,ENSGALG00010007895,GOLGB1,0,-0.5057749209747051,-1.9514745425383864,0.2591757719354191,-1.350248791344218
ENSG00000155846,ENSGALG00010008209,PPARGC1B,0,-3.359221242773577,-2.870465038518041,1.1702707393042733,0.1572351231553198
ENSG00000171823,ENSGALG00010014909,FBXL14,0,-2.6206446108693253,-3.2277829773800577,0.8119023581308006,-0.20837519465829096
ENSG00000277399,ENSGALG00010024047,GPR179,0,-2.353469611632816,-2.7088710361637847,0.8688009064343364,-0.14064128648540397
ENSG00000274211,ENSGALG00010024122,SOCS7,0,-2.381392160150336,-2.4712071301489207,0.9636554261668984,-0.03702149000469809
ENSG00000277363,ENSGALG00010024162,SRCIN1,0,-3.223334172782158,-2.8937778554132887,1.1138844561797927,0.1078534163590324
ENSG00000120800,ENSGALG00010011663,UTP20,0,0.4443252243402416,-1.1500391721501153,-0.3863565999317487,
ENSG00000186188,ENSGALG00010020368,FFAR4,0,-0.9823568181732316,-1.047849661767782,0.937497862542552,-0.06454080109478151
ENSG00000138138,ENSGALG00010022685,ATAD1,0,0.8650950708684206,-0.5700343179752653,-1.5176192793816294,
ENSG00000166908,ENSGALG00010023833,PIP4K2C,0,-0.7731186503522096,-2.251725323043696,0.3433450085764332,-1.0690194814423146
ENSG00000249751,ENSGALG00010008266,ECSCR,0,-1.6106884061635398,-1.8390404060635144,0.8758308957502655,-0.13258224806160668
ENSG00000104723,ENSGALG00010013958,TUSC3,0,0.5396174759842509,0.0225499628736494,23.929860949563565,3.175127091187293
ENSG00000170653,ENSGALG00010024238,ATF7,0,-1.7395178693138682,-3.111795760225025,0.5590077252332516,-0.581591986185049
ENSG00000073067,ENSGALG00010022388,CYP2W1,0,-2.730739375293973,-1.0585053343355075,2.57980690953082,0.9477145548656547
ENSG00000172667,ENSGALG00010018317,ZMAT3,0,-0.9369134813113718,-1.380737012760286,0.6785604156713022,-0.38778176067749215
ENSG00000183111,ENSGALG00010008217,ARHGEF37,0,-2.1431270521999704,-2.681334059259353,0.7992764067569976,-0.22404845216727193
ENSG00000164853,ENSGALG00010017446,UNCX,0,-3.402445798727248,-2.6448660321846056,1.286434079202453,0.2518741110089899
ENSG00000173917,ENSGALG00010023438,HOXB2,0,-2.7990218744930697,-2.520795869241921,1.1103722870407668,0.10469535282275902
ENSG00000260027,ENSGALG00010023381,HOXB7,0,-1.3713365541034648,-1.8785423981202625,0.7300003212467676,-0.31471030477573186
ENSG00000170689,ENSGALG00010026782,HOXB9,0,-2.2208444594402934,-1.5136399124727755,1.4672211277860565,0.38337022248866826
ENSG00000198780,ENSGALG00010010625,FAM169A,0,0.1174174961977083,-1.1614793215698311,-0.10109305780752882,
ENSG00000020181,ENSGALG00010021026,ADGRA2,0,-2.785164374503287,-2.4667792150343937,1.129069175517783,0.12139355478543988
ENSG00000135097,ENSGALG00010021383,MSI1,0,-1.8130351158719389,-1.1677026788999534,1.5526513286583599,0.4399640042512752
ENSG00000175193,ENSGALG00010024356,PARL,0,0.729097294808529,-0.3339675179161961,-2.183138346380993,
ENSG00000180822,ENSGALG00010011365,PSMG4,0,-1.8238918472166663,-2.149060655490597,0.848692586948087,-0.16405824664099175
ENSG00000124275,ENSGALG00010000803,MTRR,0,-0.2964348994217616,-0.6474804394313608,0.45782834718852783,-0.7812609529164263
ENSG00000187240,ENSGALG00010005265,DYNC2H1,0,1.046515670295907,-0.3980021694377284,-2.629422024946136,
ENSG00000176595,ENSGALG00010001883,KBTBD11,0,-3.040463244463707,-2.429248728735361,1.251606395219372,0.22442784243470038
ENSG00000139637,ENSGALG00010024410,MYG1,0,-2.226375807999206,-2.661900141473404,0.8363859234655107,-0.17866514147661125
ENSG00000100983,ENSGALG00010023412,GSS,0,-1.5464954387103518,-2.168452129514914,0.7131794230829089,-0.338022244947631
ENSG00000163938,ENSGALG00010028051,GNL3,0,0.0228180102743511,-0.8268965038299702,-0.02759475964484551,
ENSG00000111266,ENSGALG00010021661,DUSP16,0,-1.5139443556472385,-2.093615709267153,0.7231242815698866,-0.32417417454219294
ENSG00000119688,ENSGALG00010006311,ABCD4,0,-1.4231941259956145,-1.989282945158044,0.715430718118656,-0.3348705146968035
ENSG00000182446,ENSGALG00010029515,NPLOC4,0,-1.0629342132884734,-1.2460646518285503,0.8530329559775728,-0.15895709685862225
ENSG00000172469,ENSGALG00010004125,MANEA,0,1.2412990042037997,-0.0921766111070059,-13.466528974066986,
ENSG00000120832,ENSGALG00010010954,MTERF2,0,0.7515938734563434,-0.9333412442261584,-0.8052723246785227,
ENSG00000257093,ENSGALG00010013572,DENND11,0,-1.490489248813459,-0.9146801584514664,1.6295196031548609,0.48828524938872697
ENSG00000152582,ENSGALG00010014805,SPEF2,0,0.3559232953447893,-0.2396193029706892,-1.4853698801900224,
ENSG00000152430,ENSGALG00010015152,BOLL,0,0.787081591343167,0.1106322146614284,7.114397860983802,1.9621205984431505
ENSG00000009844,ENSGALG00010005817,VTA1,0,0.5183310359566953,-0.5806918224305069,-0.8926094977318636,
ENSG00000284753,ENSGALG00010015063,EEF1AKMT4,0,-1.7237727778857117,-2.867384586368214,0.6011655311536065,-0.5088849561574419
ENSG00000157470,ENSGALG00010022863,FAM81A,0,-1.1492274394470634,-1.4523160947949436,0.7913066883758014,-0.23406966401322316
ENSG00000168172,ENSGALG00010012011,HOOK3,0,0.008100092572624,-1.0625828680774534,-0.007623021992891355,
ENSG00000101161,ENSGALG00010022553,PRPF6,0,-1.5265087676462148,-0.9866436415524502,1.5471733697531411,0.4364296336718825
ENSG00000146067,ENSGALG00010009466,FAM193B,0,-3.475904890660958,-2.6930677675686776,1.2906860096576893,0.25517386745547643
ENSG00000104044,ENSGALG00010002896,OCA2,0,-0.934131240174219,-0.3295576113836678,2.8345005786764017,1.0418657589368667
ENSG00000178301,ENSGALG00010002090,AQP11,0,-0.8717390494791921,-1.1087288594999796,0.7862508872298442,-0.24047934253588923
ENSG00000136738,ENSGALG00010006270,STAM,0,0.2619669183241235,-0.5893559796394087,-0.4444969210024903,
ENSG00000156787,ENSGALG00010009634,TBC1D31,0,0.6041809513949588,-0.7454925433857224,-0.8104453314194343,
ENSG00000101337,ENSGALG00010013289,TM9SF4,0,-0.212017035097773,-0.286711591832572,0.739478420605967,-0.30181017831727835
ENSG00000197728,ENSGALG00010024822,RPS26,0,-0.7653697564757866,-1.7457787326419307,0.43841166246625846,-0.8245969413612493
ENSG00000130299,ENSGALG00010028605,GTPBP3,0,-3.053881525580591,-2.883919017548417,1.0589345633486813,0.057263273726824174
ENSG00000171634,ENSGALG00010029322,BPTF,0,-0.5956874003893038,-0.9832431529477956,0.6058393578469509,-0.5011404141154802
ENSG00000163814,ENSGALG00010017568,CDCP1,0,-1.7691186592670043,-0.8814305749814711,2.0070992650830086,0.6966905280246107
ENSG00000175697,ENSGALG00010025060,GPR156,0,-1.8284920483686695,-2.738853684938924,0.6676121687053336,-0.4040478598211315
ENSG00000197893,ENSGALG00010019009,NRAP,0,-0.8850872975632118,-0.2990129118182422,2.9600303618367505,1.085199525660643
ENSG00000118058,ENSGALG00010024242,KMT2A,0,-1.07647263899708,-1.4189587583473189,0.7586356070354453,-0.2762337130020379
ENSG00000185798,ENSGALG00010024804,WDR53,0,-0.3464662696954423,-2.209372764578672,0.1568165749347931,-1.8526784691601699
ENSG00000156232,ENSGALG00010017658,WHAMM,0,-1.2008101365479895,-1.522685546572633,0.7886133412449188,-0.23747914004930146
ENSG00000165046,ENSGALG00010017852,LETM2,0,-0.2841518144185162,-1.98259564090712,0.14332313082687145,-1.9426535417737159
ENSG00000067141,ENSGALG00010021618,NEO1,0,-0.3277866978300583,-1.3578990458452946,0.2413925385933315,-1.4213308796889743
ENSG00000051341,ENSGALG00010024871,POLQ,0,0.3493343419326269,-0.8505949755291929,-0.41069410469452927,
ENSG00000160117,ENSGALG00010028587,ANKLE1,0,-2.7092925277808124,-3.2016523029923367,0.8462169752938651,-0.16697948028066542
ENSG00000102181,ENSGALG00010011441,CD99L2,1,-0.5517244554844236,-1.8677361489560167,0.29539742848196926,-1.2194336141293518
ENSG00000133401,ENSGALG00010015647,PDZD2,0,-2.14092351845418,-1.7782414103617106,1.2039554955694662,0.18561238239071506
ENSG00000180834,ENSGALG00010024352,MAP6D1,0,-2.599908777815409,-2.41029831681365,1.0786668022290364,0.07572583620399581
ENSG00000065485,ENSGALG00010021338,PDIA5,0,-0.5408686611613316,-0.1752729502654904,3.0858649913866576,1.1268320042434135
ENSG00000108733,ENSGALG00010029627,PEX12,0,0.0938639425065872,-1.6118757849705625,-0.058232739384630326,
ENSG00000108924,ENSGALG00010029244,HLF,0,-2.058579165712729,-1.849269039894301,1.1131853296102288,0.1072255720076875
ENSG00000220008,ENSGALG00010028495,LINGO3,0,-2.7252071955367807,-2.7581673979904737,0.9880499630016267,-0.012022012673177308
ENSG00000118482,ENSGALG00010001491,PHF3,0,-0.0542803689169915,-1.178999000329147,0.04603936805869876,-3.0782584211414497
ENSG00000154767,ENSGALG00010021252,XPC,0,-1.394182345826971,-0.9523829330585428,1.4638884186527845,0.38109619586725074
ENSG00000158122,ENSGALG00010008768,PRXL2C,0,-1.1292771940900064,-1.1149226138382216,1.0128749565876756,0.012792778938255814
ENSG00000161082,ENSGALG00010027133,CELF5,0,-2.7054906866156028,-1.857624729870904,1.4564247789722422,0.3759846510251642
ENSG00000044446,ENSGALG00010003002,PHKA2,1,-0.7584592109972181,-0.741577789506704,1.022764195111269,0.022508957086975232
ENSG00000124493,ENSGALG00010024446,GRM4,0,-1.7929304815710658,-2.068151932071716,0.8669239690601674,-0.14280400032589358
ENSG00000172817,ENSGALG00010003006,CYP7B1,0,0.4538664193168191,0.0372220550713281,12.193480946903154,2.500901460309617
ENSG00000147799,ENSGALG00010008015,ARHGAP39,0,-2.98120000372994,-2.3377124460458862,1.2752637771050406,0.24315304121679848
ENSG00000141376,ENSGALG00010029324,BCAS3,0,-0.7848607085195969,-1.821923703938632,0.43078681441099104,-0.8421419413851408
ENSG00000119333,ENSGALG00010028559,DYNC2I2,0,-2.5826598997285477,-1.8863320441530893,1.3691438406794867,0.3141856106769136
ENSG00000104885,ENSGALG00010027893,DOT1L,0,-2.8938077073101507,-1.7094744802405517,1.692805444456207,0.5263871789197045
ENSG00000107021,ENSGALG00010028572,TBC1D13,0,-1.4571780217175867,-1.3956367053076617,1.0440955129482343,0.04315097277402978
ENSG00000156959,ENSGALG00010021467,LHFPL4,0,-1.5171973887986212,-2.274926122649529,0.6669216084395713,-0.40508276854989256
ENSG00000149633,ENSGALG00010013266,KIAA1755,0,-2.490697042193569,-3.0115012905541625,0.8270615888513342,-0.1898761141179298
ENSG00000186318,ENSGALG00010023208,BACE1,0,-1.3398543179358988,-1.8207612014108852,0.7358759165659189,-0.3066937660888187
ENSG00000144893,ENSGALG00010001114,MED12L,0,-0.5853891249832106,-1.5926427607466067,0.3675583372562401,-1.0008732320939322
ENSG00000196781,ENSGALG00010015766,TLE1,0,-1.762034772360849,-1.145836499783235,1.5377715517826356,0.43033432414884515
ENSG00000025039,ENSGALG00010004921,RRAGD,0,0.1424120662192844,-0.5455307764693614,-0.2610523042182253,
ENSG00000173198,ENSGALG00010017860,CYSLTR1,1,1.6156115401936455,-1.264564772078511,-1.2776028368544017,
ENSG00000271303,ENSGALG00010013815,SRXN1,0,-3.1567275401667825,-2.366515056988753,1.3339139891987533,0.28811746955177064
ENSG00000101040,ENSGALG00010023913,ZMYND8,0,-1.6076157456439475,-0.8003936270647105,2.0085314166475423,0.6974038165407934
ENSG00000112742,ENSGALG00010002437,TTK,0,0.7119390442489788,-0.371790814413568,-1.9148914299346864,
ENSG00000174243,ENSGALG00010022712,DDX23,0,-1.270557503037935,-2.5395228186179777,0.5003134816206847,-0.6925204137779181
ENSG00000152580,ENSGALG00010001113,IGSF10,0,-0.2452731328013282,-1.2479913566413154,0.19653432012656322,-1.6269182057909652
ENSG00000158428,ENSGALG00010019164,CATIP,0,-1.8035157091576632,-3.223941626132963,0.5594132643527219,-0.5808667867458046
ENSG00000132017,ENSGALG00010002857,DCAF15,0,-2.308623263182824,-3.1123127489021685,0.7417709752971205,-0.2987147420888531
ENSG00000166881,ENSGALG00010025337,NEMP1,0,0.2486496922715488,-2.2772126028409785,-0.1091903724585668,
ENSG00000145016,ENSGALG00010015213,RUBCN,0,-2.3018655933280225,-2.797879914936158,0.8227177946557962,-0.19514203546076708
ENSG00000084731,ENSGALG00010009530,KIF3C,0,-2.3865198675024804,-2.7958085638651844,0.8536063228174444,-0.15828517178509574
ENSG00000198258,ENSGALG00010002682,UBL5,0,0.8291372697718842,-1.0970768946876197,-0.7557695124077621,
ENSG00000146411,ENSGALG00010005990,SLC2A12,0,-0.1585046417706745,-0.3906023354238311,0.40579542771726074,-0.9019061189844546
ENSG00000130876,ENSGALG00010025010,SLC7A10,0,-1.8548377768834623,-0.4322596280173592,4.291027097281853,1.4565261209001579
ENSG00000186998,ENSGALG00010000366,EMID1,0,-2.9101405350315144,-2.5662507372782266,1.134004753611106,0.1257553971936932
ENSG00000214447,ENSGALG00010026363,FAM187A,0,-1.6530953784277609,-1.6428499823285807,1.00623635524204,0.006216989650787692
ENSG00000115317,ENSGALG00010005376,HTRA2,0,-1.3971600883343085,-2.050586835814237,0.6813464633305963,-0.3836843454791708
ENSG00000133243,ENSGALG00010027914,BTBD2,0,-2.2931499100272124,-1.573110131630739,1.457717335816823,0.3768717436091423
ENSG00000091317,ENSGALG00010002359,CMTM6,0,0.3513634196785293,-1.022331865680094,-0.34368822050243836,
ENSG00000284862,ENSGALG00010018026,CCDC39,0,0.2859020539158639,-1.0631186914317412,-0.26892769003132566,
ENSG00000112031,ENSGALG00010005251,MTRF1L,0,-0.2748662976254774,-0.6079846896751818,0.452094110745331,-0.793864911208955
ENSG00000146376,ENSGALG00010006066,ARHGAP18,0,0.0160580541992807,-0.5608753219209545,-0.028630345411317277,
ENSG00000179796,ENSGALG00010002527,LRRC3B,0,0.020423180898577,-1.389216016494772,-0.014701227639246597,
ENSG00000188343,ENSGALG00010012086,CIBAR1,0,0.5164147249718809,-0.8986315347015769,-0.5746679312154065,
ENSG00000188827,ENSGALG00010016341,SLX4,0,-2.698952789853473,-1.6524365181361491,1.6333170807056072,0.4906129658105601
ENSG00000173166,ENSGALG00010022033,RAPH1,0,-1.341417083529555,-1.673254817254461,0.8016812918731662,-0.22104414177596485
ENSG00000144649,ENSGALG00010016514,GASK1A,0,-2.587430313266813,-2.8242609708508284,0.9161442019599667,-0.08758150097764751
ENSG00000122966,ENSGALG00010020981,CIT,0,-1.3751135850962477,-1.441324863240454,0.9540622105169635,-0.04702639947444592
ENSG00000144736,ENSGALG00010020307,SHQ1,0,0.0125749354519157,-0.7448645627097419,-0.016882177084877496,
ENSG00000147576,ENSGALG00010002884,ADHFE1,0,0.1439405239425184,-0.3753384542083678,-0.38349527560693353,
ENSG00000183773,ENSGALG00010000431,AIFM3,0,-1.9520260200310684,-0.8583053905685342,2.2742791103036915,0.8216631275957681
ENSG00000113593,ENSGALG00010012210,PPWD1,0,1.028418205163428,0.0617371800961398,16.658004197177956,2.8128908334748144
ENSG00000273749,ENSGALG00010002835,CYFIP1,0,-1.2012641975139324,-0.9625279829299548,1.2480304145104018,0.2215666402515611
ENSG00000114933,ENSGALG00010025994,INO80D,0,-1.9305582685237892,-2.2900722920103025,0.8430119325312129,-0.170774166239164
ENSG00000175054,ENSGALG00010015749,ATR,0,0.8880118856715793,-0.4149774773144266,-2.1399038121742127,
ENSG00000196358,ENSGALG00010028768,NTNG2,0,-2.2134765740059006,-2.148869631742357,1.030065547629876,0.02962243869231019
ENSG00000049618,ENSGALG00010004101,ARID1B,0,-2.135184693554063,-1.5202134294505267,1.40452955630435,0.3397024113452606
ENSG00000118322,ENSGALG00010010035,ATP10B,0,-0.8932858757370035,-0.889130579761743,1.0046734372541477,0.004662550651655716
ENSG00000140623,ENSGALG00010018128,SEPTIN12,0,-2.512236873681129,-2.857682870063631,0.8791167487472779,-0.12883757015397693
ENSG00000130508,ENSGALG00010003388,PXDN,0,-1.972503485045621,-0.94635380517728,2.084319283395403,0.7344423191596784
ENSG00000091622,ENSGALG00010029289,PITPNM3,0,-2.6398976728434302,-1.3074951526106378,2.019049682572377,0.7026269465427385
ENSG00000177239,ENSGALG00010028049,MAN1B1,0,-2.1436791911330246,-1.0053364959310769,2.132300179899158,0.757201293718644
ENSG00000175538,ENSGALG00010001822,KCNE3,0,-0.7896352043451476,-2.3555658991217223,0.33522102040939067,-1.0929652022885208
ENSG00000198920,ENSGALG00010029281,KIAA0753,0,-0.7589995994905312,-0.9752382160139638,0.778270977313366,-0.25068051555742565
ENSG00000084710,ENSGALG00010010663,EFR3B,0,-1.7681560321161385,-2.026084559152616,0.872696069928911,-0.13616792817019724
ENSG00000182985,ENSGALG00010024688,CADM1,0,-0.4947437266780312,-1.0551894744253385,0.4688671927356659,-0.7574357217756802
ENSG00000042980,ENSGALG00010019012,ADAM28,0,0.4306483593876145,-0.6227604419873722,-0.6915152767464102,
ENSG00000140943,ENSGALG00010024733,MBTPS1,0,-0.5593829035698246,-0.4072588501016024,1.3735316087796998,0.31738523959723525
ENSG00000141068,ENSGALG00010029549,KSR1,0,-2.4334336341147798,-1.4953411796202785,1.6273434232131005,0.4869488835372884
ENSG00000181788,ENSGALG00010001127,SIAH2,0,-1.7198496513542718,-1.7183300563872672,1.0008843440533186,0.0008839532515014924
ENSG00000144559,ENSGALG00010027263,TAMM41,0,0.1119700543798529,-0.2467125398254805,-0.45384824970412235,
ENSG00000112242,ENSGALG00010007051,E2F3,0,-1.7175909521700206,-1.129517106063775,1.520641823792832,0.41913249822997195
ENSG00000141298,ENSGALG00010029706,SSH2,0,-1.5327375391668865,-2.685292609917198,0.5707897655198735,-0.5607343236034922
ENSG00000197579,ENSGALG00010005637,TOPORS,0,-0.3460839994065043,-1.8611172005539356,0.18595497333724992,-1.6822507134067355
ENSG00000119321,ENSGALG00010027968,FKBP15,0,-1.1502620566209512,-1.415098857960734,0.8128492579511845,-0.20720960119992254
ENSG00000071967,ENSGALG00010022788,CYBRD1,0,0.2913768682798974,0.136414158325005,2.135972334966109,0.7589219692191803
ENSG00000109881,ENSGALG00010019680,CCDC34,0,-0.623031178312873,-0.5321079087902216,1.1708737419997586,0.15775025813621088
ENSG00000116017,ENSGALG00010027475,ARID3A,0,-3.0765847947791745,-3.2634446212008745,0.9427415359807945,-0.05896312089426805
ENSG00000058262,ENSGALG00010026960,SEC61A1,0,0.0937003500239548,0.3395609422649036,0.27594560610818375,-1.2875515120058425
ENSG00000135625,ENSGALG00010018098,EGR4,0,-2.6518295303552453,-3.086356944404036,0.8592102527749924,-0.1517416223669455
ENSG00000120280,ENSGALG00010002259,TASL,1,-0.5682435879362302,-2.0551635159133275,0.2764955603465446,-1.285560514761515
ENSG00000131620,ENSGALG00010025538,ANO1,0,-1.3300326129117064,-0.32350776158185,4.111285016496266,1.4137356357232325
ENSG00000147408,ENSGALG00010007748,CSGALNACT1,0,-1.04685899569575,-0.7241900147690311,1.445558450608614,0.36849571791313196
ENSG00000002745,ENSGALG00010001305,WNT16,0,-0.6609246933359696,-2.1074991954355387,0.31360614265828085,-1.1596174031394244
ENSG00000182557,ENSGALG00010029427,SPNS3,0,-1.774542910629476,0.0366553852318373,-48.41151987370696,
ENSG00000170085,ENSGALG00010014465,SIMC1,0,-1.8348626044207936,-2.2859691012854566,0.8026629071184757,-0.2198204450550013
ENSG00000172531,ENSGALG00010022526,PPP1CA,0,-1.4584761809762004,-2.3510135887622474,0.6203605916816726,-0.4774543705198642
ENSG00000104957,ENSGALG00010003249,YJU2B,0,-2.773552451598368,-3.1436311390735714,0.8822766822496021,-0.1252495734728
ENSG00000136928,ENSGALG00010007536,GABBR2,0,-1.3170242744832257,-0.2477189677408194,5.316606501691816,1.670835224202504
ENSG00000103150,ENSGALG00010007544,MLYCD,0,-2.0867280835458963,-1.5205107670715954,1.3723862591021296,0.3165510196393917
ENSG00000060237,ENSGALG00010012339,WNK1,0,-1.1301224767070668,-1.6891819187171038,0.6690353858188168,-0.4019183266521027
ENSG00000147044,ENSGALG00010002424,CASK,1,0.1695563877238743,-0.2493177153446285,-0.6800815878225853,
ENSG00000073734,ENSGALG00010024309,ABCB11,0,0.5640731225196891,0.3249804555268317,1.7357139881081771,0.55141884927092
ENSG00000054965,ENSGALG00010002647,FAM168A,0,-1.2595488922662152,-0.6478895236743235,1.9440797331048623,0.6647887201687933
ENSG00000176387,ENSGALG00010021624,HSD11B2,0,-1.5803646590265306,-2.187808366731738,0.7223505874910615,-0.3252446797018078
ENSG00000076650,ENSGALG00010025949,GPATCH1,0,-1.041035475623552,-0.7024020931071893,1.4821075931285501,0.3934651241904344
ENSG00000205643,ENSGALG00010023068,CDPF1,0,-1.4736120679020477,-1.281567811928178,1.1498510294862434,0.13963239440700337
ENSG00000124074,ENSGALG00010025832,ENKD1,0,-3.4465832051282934,-2.7913998797249837,1.2347149651191718,0.2108401459677499
ENSG00000198363,ENSGALG00010003960,ASPH,0,-0.2137393192930154,-0.4908501220837626,0.4354472163226664,-0.8313816925089784
ENSG00000107290,ENSGALG00010028771,SETX,0,0.3659471334850064,-0.9824663822930748,-0.37247802070426717,
ENSG00000171174,ENSGALG00010020057,RBKS,0,0.3566081600188102,-0.1935219994667496,-1.842726723584114,
ENSG00000166188,ENSGALG00010021412,ZNF319,0,-3.103975609666639,-2.9010940305227626,1.0699327829464798,0.06759582682438917
ENSG00000183617,ENSGALG00010028101,MRPL54,0,-1.4154399940645508,-2.4577794544390086,0.5759019555266104,-0.551817848874285
ENSG00000240204,ENSGALG00010007597,SMKR1,0,-0.945054828281668,-1.4134363923543711,0.6686221137319688,-0.40253623086171686
ENSG00000161860,ENSGALG00010003374,SYCE2,0,-2.1957440353364266,-3.6166891351513617,0.6071143947638543,-0.49903804643032773
ENSG00000006007,ENSGALG00010021051,GDE1,0,0.0666635850859869,-1.0978535549259978,-0.06072174634483052,
ENSG00000149260,ENSGALG00010002160,CAPN5,0,-2.145972421778781,-1.515949417790864,1.4155963230659936,0.34755087204725144
ENSG00000099992,ENSGALG00010000221,TBC1D10A,0,-2.378162803238176,-2.792727270219696,0.8515556920282776,-0.16069037640482067
ENSG00000131507,ENSGALG00010013353,NDFIP1,0,1.113037944730635,0.0392028910963292,28.391731160737162,3.3460979464608607
ENSG00000082146,ENSGALG00010024921,STRADB,0,-0.3960349256541864,-0.7432367818222864,0.5328516232514464,-0.6295122739625888
ENSG00000164221,ENSGALG00010001151,CCDC112,0,0.4196394007320414,-0.5430554455108433,-0.7727376720019695,
ENSG00000136522,ENSGALG00010018143,MRPL47,0,-0.0628519080666603,-1.0670506065671144,0.05890246224484677,-2.831872385380919
ENSG00000183960,ENSGALG00010001747,KCNH8,0,-0.284523547845124,-0.6938899272973174,0.4100413288219006,-0.8914973223593287
ENSG00000074603,ENSGALG00010017805,DPP8,0,0.7162991459539629,-0.5723996873197069,-1.2513968155854054,
ENSG00000005108,ENSGALG00010003895,THSD7A,0,-0.9835775379815406,-1.4627896891002017,0.6723984625476569,-0.3969041639647806
ENSG00000134453,ENSGALG00010006193,RBM17,0,-0.611942929150791,-0.4816534912218481,1.2705045023102137,0.23941406750278557
ENSG00000163960,ENSGALG00010024825,UBXN7,0,-0.2717493448524628,-1.6740586900319734,0.16232964021546498,-1.8181261950391885
ENSG00000028310,ENSGALG00010007580,BRD9,0,-1.4870938748314568,-0.7170373436529951,2.073942017099635,0.7294511523768172
ENSG00000132254,ENSGALG00010001627,ARFIP2,0,-1.5780678230752834,-2.0098127190549806,0.7851815286636733,-0.24184034122781042
ENSG00000184786,ENSGALG00010004602,DYNLT2,0,0.2992998376328319,0.5213789900714229,0.5740542740163568,-0.5550313330970569
ENSG00000145087,ENSGALG00010024915,STXBP5L,0,0.4187686611345746,-0.7966077093619132,-0.5256899427574088,
ENSG00000183579,ENSGALG00010023946,ZNRF3,0,-3.2775280925020542,-1.817252241421327,1.8035625532857245,0.5897639051435128
ENSG00000176946,ENSGALG00010024928,THAP4,0,-2.716248133382697,-2.314358536070752,1.173650534715447,0.16011900649308725
ENSG00000135144,ENSGALG00010000387,DTX1,0,-2.5442105167364897,-2.414757601917044,1.0536090722798324,0.05222148215381829
ENSG00000146197,ENSGALG00010025917,SCUBE3,0,-1.8169887575180308,-2.3151558973990047,0.784823501328508,-0.2422964255517865
ENSG00000123243,ENSGALG00010005258,ITIH5,0,-1.745899910045441,-0.909649233786706,1.919311142359318,0.6519663416415513
ENSG00000196408,ENSGALG00010018902,NOXO1,0,-3.1001043670446773,-2.173125183187047,1.426565018448752,0.3552694696364081
ENSG00000115607,ENSGALG00010013857,IL18RAP,0,0.0255929051328074,0.0437670332872951,0.5847530255206178,-0.5365656994899893
ENSG00000139112,ENSGALG00010024086,GABARAPL1,0,-0.3476376554278673,-1.2936129749092031,0.26873389659087754,-1.3140336209973702
ENSG00000124789,ENSGALG00010011210,NUP153,0,-0.3804992512846858,-1.1613676946708518,0.3276303043649968,-1.1158694271148124
ENSG00000110218,ENSGALG00010008580,PANX1,0,-0.0276811985420941,-0.9736763104861874,0.028429569708101454,-3.560325488569135
ENSG00000163689,ENSGALG00010020986,CFAP20DC,0,-0.7848506051560857,-1.4993841020893477,0.5234486640630773,-0.6473163163967854
ENSG00000081189,ENSGALG00010007430,MEF2C,0,-1.4949928645007144,-1.4698894679901768,1.0170784246415905,0.016934227801858937
ENSG00000047578,ENSGALG00010019041,KATNIP,0,-2.061240448868652,-0.7289384914351452,2.827728914150837,1.0394738856429404
ENSG00000150873,ENSGALG00010002657,CIMIP5,0,-2.6232441414943075,-1.289870372676881,2.0337269519961625,0.7098700467253269
ENSG00000122367,ENSGALG00010010438,LDB3,0,-2.6263603501784374,-1.0461782103541877,2.5104330449486927,0.9204552661304766
ENSG00000163635,ENSGALG00010020152,ATXN7,0,-2.173495582159505,-1.7609432860465857,1.2342791499203372,0.21048711539492979
ENSG00000167272,ENSGALG00010023093,POP5,0,-0.8812513654355421,-2.235479880700227,0.3942112711654129,-0.9308682921674225
ENSG00000177294,ENSGALG00010029296,FBXO39,0,-0.7557589592513647,-1.893048013167732,0.3992286270577551,-0.918221026049423
ENSG00000167858,ENSGALG00010029300,TEKT1,0,-0.9228106304800594,-0.8778386571577796,1.0512303405136971,0.0499612310730286
ENSG00000094916,ENSGALG00010022532,CBX5,0,0.4173184579937565,-1.580076597045565,-0.2641128023629111,
ENSG00000196872,ENSGALG00010015738,CRACDL,0,-3.302764526613055,-1.5546372250892184,2.124459953301012,0.7535176304543805
ENSG00000130725,ENSGALG00010004369,UBE2M,0,-1.4430999561462097,-1.774795593289872,0.813107696234015,-0.2068917105148811
ENSG00000163607,ENSGALG00010005218,GTPBP8,0,-0.2408054643094832,-0.8080346494013801,0.29801378503741166,-1.2106155350318204
ENSG00000065802,ENSGALG00010013494,ASB1,0,-2.0904934040923795,-2.5873375341056977,0.8079708876541885,-0.21322925124109732
ENSG00000187775,ENSGALG00010029293,DNAH17,0,-1.199797373148149,-2.0460266002021323,0.586403604444643,-0.5337469816948841
ENSG00000107829,ENSGALG00010023185,FBXW4,0,-2.2127570641886773,-2.3652212677141984,0.9355391372440746,-0.06663229850002748
ENSG00000115107,ENSGALG00010020794,STEAP3,0,-2.110561763648711,-1.6587846458353832,1.2723542920098634,0.2408689575895413
ENSG00000263874,ENSGALG00010026453,LASP1NB,0,2.977513689579265,0.0965742313142005,30.831347545413436,3.4285319498437103
ENSG00000204952,ENSGALG00010021696,FBXO47,0,0.8398416833162159,-1.6339254865344062,-0.514002437833037,
ENSG00000176160,ENSGALG00010029601,HSF5,0,-1.657214335670904,-1.9240099901934324,0.8613335399076042,-0.14927346291697322
ENSG00000183621,ENSGALG00010004342,ZNF438,0,-1.1134332310382271,-0.5705940235213232,1.9513580324008037,0.668525557055201
ENSG00000110721,ENSGALG00010025635,CHKA,0,-0.6598857230957336,-0.8268905784887923,0.7980327025877193,-0.22560570168564864
ENSG00000133773,ENSGALG00010010017,CCDC59,0,-0.3681066331104201,-0.4554148071135504,0.8082886795963105,-0.21283600754106724
ENSG00000148187,ENSGALG00010028366,MRRF,0,0.0408337763496771,-1.4969364582335012,-0.027278229563507367,
ENSG00000213337,ENSGALG00010020450,ANKRD39,0,-2.908296868719765,-2.324849458191489,1.250961372347155,0.22391235358771708
ENSG00000089639,ENSGALG00010003439,GMIP,0,-3.078166311661933,-2.074163262787907,1.4840520835011484,0.394776240828201
ENSG00000115350,ENSGALG00010028068,POLE4,0,-0.7829563820203251,-0.7736855901025155,1.011982634853754,0.011911411482631439
ENSG00000116096,ENSGALG00010018385,SPR,0,-1.9161727526514785,-2.618144812339404,0.7318818820183254,-0.3121361414042371
ENSG00000180644,ENSGALG00010028016,PRF1,0,-2.7711773406148144,-2.125781372806896,1.3036041128517997,0.2651328229715361
ENSG00000169031,ENSGALG00010023781,COL4A3,0,-1.3085123123443996,0.1089022554020531,-12.01547486333998,
ENSG00000075429,ENSGALG00010029208,CACNG5,0,-1.4422243646814898,-1.8623246347175888,0.7744215685039226,-0.2556388915172305
ENSG00000145041,ENSGALG00010028159,DCAF1,0,-0.1629710015640562,-1.0904792571718307,0.14944896979216568,-1.9008002836037132
ENSG00000114302,ENSGALG00010020764,PRKAR2A,0,-0.4694053549858363,-0.9431355016862124,0.4977072267416466,-0.6977432729464814
ENSG00000174177,ENSGALG00010008486,CTU2,0,-2.434085040915273,-2.4661949684441047,0.9869799720055834,-0.0131055315421927
ENSG00000178662,ENSGALG00010025579,CSRNP3,0,-1.4185440055535548,-1.6162140006624213,0.877695654766108,-0.13045538010144922
ENSG00000118690,ENSGALG00010014288,ARMC2,0,-0.100879309959172,-0.675164551738783,0.14941440527257063,-1.9010315900978039
ENSG00000122733,ENSGALG00010010898,PHF24,0,-2.630133662992968,-3.3044408892521053,0.7959390865630666,-0.22823262048415482
ENSG00000167311,ENSGALG00010003109,ART5,0,-1.7098957215403363,-2.69326977358586,0.6348772552642415,-0.45432359757053564
ENSG00000106789,ENSGALG00010005881,CORO2A,0,-2.0005865707030104,-1.152836017965074,1.7353609182287186,0.5512154137990829
ENSG00000110318,ENSGALG00010007933,CEP126,0,0.0543624697051061,-1.3262453153432503,-0.04098975436609656,
ENSG00000159184,ENSGALG00010026052,HOXB13,0,-1.7265405098935265,-1.9765435351480052,0.8735150423915361,-0.13522992873027379
ENSG00000114127,ENSGALG00010015719,XRN1,0,0.5842995648320422,-0.2882024640979449,-2.027392675704082,
ENSG00000107077,ENSGALG00010011253,KDM4C,0,-0.1631780592283895,-0.3128254540662001,0.5216265399997078,-0.6508033877628536
ENSG00000166340,ENSGALG00010003814,TPP1,0,-1.897044631847658,-2.341807401597876,0.8100771355292733,-0.21062580680116505
ENSG00000090975,ENSGALG00010024888,PITPNM2,0,-2.57081809069082,-1.6236765711592036,1.5833313951530485,0.45953110526382684
ENSG00000156531,ENSGALG00010015731,PHF6,1,0.0423872518931318,-0.5568655978508976,-0.07611756240054375,
ENSG00000171132,ENSGALG00010018393,PRKCE,0,-1.0269538578567872,-0.4948273611424434,2.075378078297419,0.7301433434934848
ENSG00000271605,ENSGALG00010029629,MILR1,0,0.0242689057873999,-0.9401728858228164,-0.02581323728152439,
ENSG00000131094,ENSGALG00010023752,C1QL1,0,-2.55679871578921,-1.4651478910866294,1.7450789311739416,0.5567997873958563
ENSG00000167984,ENSGALG00010016676,NLRC3,0,-2.545915099371296,-2.0982951844321565,1.2133255217188497,0.19336495481600943
ENSG00000089472,ENSGALG00010016836,HEPH,1,-0.2684176582822761,-0.7027722162368737,0.38194119243866675,-0.9624886287221767
ENSG00000148468,ENSGALG00010002805,FAM171A1,0,-2.099138219476526,-1.3908333506180168,1.5092665261037734,0.4116237885127153
ENSG00000155066,ENSGALG00010018273,PROM2,0,-2.2424169107921568,-2.2743631929918418,0.9859537463945409,-0.01414583583019071
ENSG00000170627,ENSGALG00010025920,GTSF1,0,-0.5313513637478575,-1.420677122885509,0.37401275433269476,-0.9834653796552457
ENSG00000184857,ENSGALG00010017307,TMEM186,0,-0.5335579364158445,-1.3929946833251772,0.3830294133946038,-0.9596434953753139
ENSG00000179115,ENSGALG00010003352,FARSA,0,-2.185427881873343,-2.326850724800171,0.9392213512368855,-0.06270409673731292
ENSG00000139719,ENSGALG00010025464,VPS33A,0,-0.2010250199273677,-1.438105449954699,0.13978461727803068,-1.967652489013192
ENSG00000135018,ENSGALG00010015628,UBQLN1,0,-0.4393971248068968,-1.1926664235664215,0.3684157750437636,-0.9985431550949423
ENSG00000065613,ENSGALG00010021240,SLK,0,0.0571319315925062,-1.1683165435964826,-0.048901072150047915,
ENSG00000165494,ENSGALG00010007991,PCF11,0,-0.4544047001610547,-0.9940801127762288,0.4571107442155851,-0.782829588745478
ENSG00000004809,ENSGALG00010013930,SLC22A16,0,0.2379025253724105,-0.484250927370517,-0.49127944197075973,
ENSG00000007402,ENSGALG00010028132,CACNA2D2,0,-1.511836989814645,-1.8862088178850172,0.8015215364700974,-0.2212434370875414
ENSG00000176533,ENSGALG00010027574,GNG7,0,-1.4685317471698394,-2.682046161196716,0.5475415630112002,-0.6023169059971083
ENSG00000185716,ENSGALG00010017809,MOSMO,0,0.4257621455449101,-0.0252835071816432,-16.83952081829968,
ENSG00000078804,ENSGALG00010021676,TP53INP2,0,-3.547089862906878,-3.6500505507858905,0.9717919830297025,-0.028613506653641832
ENSG00000160326,ENSGALG00010028872,SLC2A6,0,-1.8557497502877036,-1.7242212606567682,1.0762828371463389,0.07351328699943818
ENSG00000137393,ENSGALG00010007433,RNF144B,0,-0.7732018137044676,-0.726418282446672,1.0644030201170358,0.06241409750654474
ENSG00000111676,ENSGALG00010023434,ATN1,0,-3.3497124481485248,-2.987565348268788,1.1212181350575614,0.11441571486334683
ENSG00000258366,ENSGALG00010024973,RTEL1,0,-2.611191967372436,-0.9056892802953316,2.883099120396971,1.058865799056224
ENSG00000109917,ENSGALG00010024734,ZPR1,0,-1.1515341684855134,-1.472263888241903,0.78215201614475,-0.24570616328190548
ENSG00000135636,ENSGALG00010018466,DYSF,0,-1.6465045260831097,-2.1463162192818985,0.7671304495075694,-0.2650984144915974
ENSG00000166828,ENSGALG00010017296,SCNN1G,0,-0.9667962646973348,-1.7552107930623797,0.5508149041235841,-0.5963564534458252
ENSG00000148634,ENSGALG00010022858,HERC4,0,1.2667749404029944,0.0690949330181266,18.33383267150233,2.908748132820851
ENSG00000111249,ENSGALG00010025666,CUX2,0,-3.1683832269568395,-2.7326814703115625,1.159441106246313,0.1479380840528936
ENSG00000168040,ENSGALG00010025338,FADD,0,-2.369645157515468,-1.1464645549556245,2.0669153243967395,0.7260573144017621
ENSG00000175267,ENSGALG00010017822,VWA3A,0,-1.330818847233738,-0.5779136260607506,2.3027988737781406,0.834125284753105
ENSG00000166387,ENSGALG00010021474,PPFIBP2,0,-1.5223740164200503,-1.209016896357388,1.2591834084426503,0.23046342232565067
ENSG00000135541,ENSGALG00010005462,AHI1,0,0.6140023338099283,-0.4537449303799699,-1.35318830624897,
ENSG00000120860,ENSGALG00010011425,WASHC3,0,-0.0893770787214442,-0.6280588088422532,0.1423068627700637,-1.949769547571629
ENSG00000182087,ENSGALG00010027972,TMEM259,0,-2.1064544302826285,-1.710379167115769,1.2315716133486152,0.20829108820613773
ENSG00000139044,ENSGALG00010012274,B4GALNT3,0,-2.2512078772428072,-1.7662195136788192,1.2745912157621997,0.24262551211391276
ENSG00000085274,ENSGALG00010016863,MYNN,0,0.1263812042422341,-1.311650409300256,-0.09635281119582496,
ENSG00000111696,ENSGALG00010010310,NT5DC3,0,-0.0287831547318244,-0.0764458650158649,0.37651682960027993,-0.9767925326076643
ENSG00000166813,ENSGALG00010019926,KIF7,0,-3.5056096493435707,-3.12519474599748,1.1217251833132313,0.11486784244067301
ENSG00000100335,ENSGALG00010012426,MIEF1,0,-1.627291975618521,-1.8536853044906136,0.8778685204421444,-0.13025844548745308
ENSG00000144834,ENSGALG00010004501,TAGLN3,0,-1.3447743946591757,-0.912188929731331,1.4742279267248453,0.3881344132409198
ENSG00000164082,ENSGALG00010027396,GRM2,0,-1.4156082024330257,-1.774145015955208,0.797910086099053,-0.22575936194186427
ENSG00000146909,ENSGALG00010024927,NOM1,0,-1.5153614021617583,-1.440699206282549,1.0518235836832734,0.05052540413439048
ENSG00000163872,ENSGALG00010024344,YEATS2,0,-0.813918304230123,-1.185927485596452,0.6863137199495548,-0.37642043808340464
ENSG00000090447,ENSGALG00010016379,TFAP4,0,-3.318829681618622,-3.613745304302751,0.9183905898589521,-0.08513249970304754
ENSG00000128607,ENSGALG00010006532,KLHDC10,0,-0.5854770724775271,-0.9244768003403924,0.6333063980209719,-0.4568009328406879
ENSG00000185052,ENSGALG00010018314,SLC24A3,0,-0.469203730418597,-0.4148612863216174,1.130989431621371,0.1230928528121389
ENSG00000140450,ENSGALG00010018623,ARRDC4,0,-0.9120754040422874,-1.38605462902586,0.6580371256241954,-0.418493927327207
ENSG00000100299,ENSGALG00010007425,ARSA,0,-2.2387080568683544,-2.149777867085153,1.04136715292533,0.040534419982978194
ENSG00000091138,ENSGALG00010009315,SLC26A3,0,0.9951642226904412,-0.7618306302848604,-1.3062801404011988,
ENSG00000261609,ENSGALG00010007324,GAN,0,0.1902685420416077,-0.8125726809133518,-0.23415572109530086,
ENSG00000181938,ENSGALG00010023135,GINS3,0,-0.8927114604596085,-1.7883034287325428,0.4991946255408772,-0.6947592281289506
ENSG00000004779,ENSGALG00010017057,NDUFAB1,0,-0.0465120013302264,-1.106496625119735,0.042035375684217106,-3.1692437370203486
ENSG00000136051,ENSGALG00010011621,WASHC4,0,1.3609497704153082,-0.3276074648681514,-4.154208668483896,
ENSG00000177096,ENSGALG00010009842,PHETA2,0,-2.842958456930349,-3.065901489552678,0.927283041095082,-0.07549642982040426
ENSG00000197885,ENSGALG00010001693,NKIRAS1,0,0.5849743315253821,-1.2273024935714076,-0.4766341913175188,
ENSG00000013375,ENSGALG00010003017,PGM3,0,0.789650878367997,-0.0524567990544172,-15.053356144526385,
ENSG00000237172,ENSGALG00010024434,B3GNT9,0,-1.9766631820812908,-0.8943384440500343,2.2101959221722836,0.793081164166899
ENSG00000106125,ENSGALG00010027329,MINDY4,0,-1.4465461984927774,-1.725739600492615,0.8382181170785318,-0.1764769294578315
ENSG00000146540,ENSGALG00010022455,CHLSN,0,-2.938079237606848,-1.9074432006454551,1.5403233168949086,0.43199234042560797
ENSG00000173157,ENSGALG00010001858,ADAMTS20,0,0.0365024333642267,-0.7134489350419686,-0.05116334410405903,
ENSG00000127083,ENSGALG00010027204,OMD,0,1.3011148795476188,-0.3597121700929746,-3.6170999697100052,
ENSG00000164542,ENSGALG00010018808,MATCAP2,0,0.0871408275106944,-1.6220571368708423,-0.05372241552403037,
ENSG00000123575,ENSGALG00010011280,FAM199X,1,-1.8658550058019705,-2.3600969688114395,0.790584043985967,-0.23498331048111087
ENSG00000123349,ENSGALG00010024558,PFDN5,0,-0.305425866777087,-2.1596449127990973,0.14142411327296725,-1.955992007718006
ENSG00000136878,ENSGALG00010028501,USP20,0,-2.407761277194611,-1.5423058186086978,1.561143871820852,0.4454188037313617
ENSG00000124198,ENSGALG00010023997,ARFGEF2,0,-0.3621048564461198,-0.3096040413506661,1.1695740626201638,0.15663963348512996
ENSG00000145949,ENSGALG00010011578,MYLK4,0,-0.6583422634462597,-0.6227134075761249,1.0572154950201216,0.05563856029980381
ENSG00000184471,ENSGALG00010017487,C1QTNF8,0,-3.0517271823285075,-1.7394354079182173,1.7544354728186549,0.5621471372620117
ENSG00000140750,ENSGALG00010018276,ARHGAP17,0,-1.7358473990004375,-1.0793749699232935,1.6081968244305282,0.4751135665189238
ENSG00000127720,ENSGALG00010010042,METTL25,0,0.7988085756300638,-0.6633462670857379,-1.2042105537722387,
ENSG00000107864,ENSGALG00010021518,CPEB3,0,-1.38791539684682,-1.4156664193190744,0.9803972022691599,-0.019797480994878807
ENSG00000083312,ENSGALG00010010186,TNPO1,0,0.8027637580643248,-0.4039111090898679,-1.987476303568849,
ENSG00000122335,ENSGALG00010004408,SERAC1,0,0.4911015071714217,-0.5198532643439884,-0.9446925524092861,
ENSG00000164920,ENSGALG00010011297,OSR2,0,-2.025977551219708,-1.975324756397188,1.0256427681870934,0.025319506965262705
ENSG00000100147,ENSGALG00010010740,CCDC134,0,-1.7023190806986097,-1.5237759456307205,1.1171715143422787,0.11080005739743985
ENSG00000166348,ENSGALG00010021239,USP54,0,-1.7611510921519802,-1.8331927466150888,0.9607015385609994,-0.040091492067779316
ENSG00000138964,ENSGALG00010013324,PARVG,0,-1.954602227572108,-0.7656211899323586,2.5529625528582796,0.937254470254506
ENSG00000204209,ENSGALG00010002512,DAXX,0,-2.2943166267976416,-3.486045362744078,0.6581430784915677,-0.41833292677839173
ENSG00000137494,ENSGALG00010008005,ANKRD42,0,0.4609053460552132,-1.1400211103525906,-0.40429544845240845,
ENSG00000111252,ENSGALG00010025743,SH2B3,0,-3.26821973852528,-2.634783622427261,1.2404129548651415,0.2154443522924404
ENSG00000069943,ENSGALG00010021691,PIGB,0,0.9505778624476432,-0.3448685210383371,-2.756348592169631,
ENSG00000103089,ENSGALG00010023279,FA2H,0,-2.020953859360944,-2.045660637932962,0.9879223473757688,-0.012151180096592266
ENSG00000078246,ENSGALG00010024747,TULP3,0,-0.3483828989035675,-1.7126451201332271,0.2034180314462734,-1.592492149118537
ENSG00000162951,ENSGALG00010016791,LRRTM1,0,-2.363080110185546,-1.92937288215091,1.2247918129496715,0.20277088094127543
ENSG00000056998,ENSGALG00010002293,GYG2,1,-1.6352991457486397,-1.2106498063346334,1.350761497827085,0.30066850588577265
ENSG00000239306,ENSGALG00010000584,RBM14,0,-1.1400929522484358,-1.5606434013872297,0.7305275191212972,-0.31398837687698833
ENSG00000186010,ENSGALG00010028512,NDUFA13,0,-1.7588920656412537,-1.6109525700681453,1.091833551354557,0.08785844020527629
ENSG00000183495,ENSGALG00010022279,EP400,0,-2.162184125601925,-1.1477578561941106,1.8838330000820775,0.6333085310799187
ENSG00000167797,ENSGALG00010021947,CDK2AP2,0,-2.6017158450035662,-2.0088699347813863,1.2951141335522531,0.25859882528511063
ENSG00000197321,ENSGALG00010004935,SVIL,0,-1.4977152960971072,-0.8685000560084586,1.7244849735306413,0.5449284398344073
ENSG00000137513,ENSGALG00010001903,NARS2,0,0.098999484260517,-1.2785967331803911,-0.07742823181963318,
ENSG00000131634,ENSGALG00010017423,TMEM204,0,-1.889361428318184,-1.424790099780454,1.3260629959523975,0.2822143988949158
ENSG00000123411,ENSGALG00010024797,IKZF4,0,-2.5769116478451863,-2.611585399760437,0.9867231024042211,-0.013365823585249261
ENSG00000172478,ENSGALG00010024962,MAB21L4,0,-2.823603737214457,-2.9259665099676626,0.965015740130827,-0.03561086675977324
ENSG00000188730,ENSGALG00010000633,VWC2,0,-2.624877023605864,-1.963176818817879,1.3370558364612444,0.2904700597468381
ENSG00000093010,ENSGALG00010024592,COMT,0,-1.8548592728719289,-0.2673404516633616,6.938191588033937,1.9370411624692503
ENSG00000002746,ENSGALG00010007915,HECW1,0,-2.1702654950210327,-1.424140411386,1.5239125845104626,0.4212810963742469
ENSG00000086696,ENSGALG00010007439,HSD17B2,0,0.1888411866595056,-1.2887102212499468,-0.14653502668454405,
ENSG00000133704,ENSGALG00010012085,IPO8,0,0.7917301415071343,-0.3707745455187453,-2.1353411421472748,
ENSG00000065491,ENSGALG00010027080,TBC1D22B,0,-1.033689363238622,-1.697290892568245,0.6090231013226621,-0.49589907878534417
ENSG00000136541,ENSGALG00010010567,ERMN,0,-0.3753315695406822,-2.5977176068186574,0.14448513131507734,-1.9345786741974715
ENSG00000048471,ENSGALG00010020291,SNX29,0,-1.7462827458436028,-0.8149756896989748,2.142742130735976,0.7620863782832749
ENSG00000154359,ENSGALG00010014750,LONRF1,0,-0.669210813687501,-1.185569406273746,0.5644636325348812,-0.5718793216752223
ENSG00000070371,ENSGALG00010026958,CLTCL1,0,-0.5359983526067733,-0.2055570606135827,2.607540461061428,0.9584074249579909
ENSG00000076108,ENSGALG00010025080,BAZ2A,0,-1.6776870936313362,-3.049375051362085,0.5501740734980934,-0.5975205535610549
ENSG00000111846,ENSGALG00010010871,GCNT2,0,0.0304859103818557,-1.2252642178831112,-0.02488109090015393,
ENSG00000178385,ENSGALG00010025312,PLEKHM3,0,-0.940730375830208,-1.6489090464274934,0.5705168383109931,-0.5612125951094431
ENSG00000135631,ENSGALG00010018302,RAB11FIP5,0,-3.3485805099758057,-2.658118560878552,1.259755888717411,0.2309179630803744
ENSG00000122756,ENSGALG00010009400,CNTFR,0,-2.261720688504699,-1.918863261662135,1.1786773626306117,0.16439293069615699
ENSG00000120256,ENSGALG00010005547,LRP11,0,-1.92715312354499,-1.578740185773841,1.2206904853064025,0.19941667020629106
ENSG00000118496,ENSGALG00010005346,FBXO30,0,0.2736246325752347,-0.7777691462015118,-0.3518070032882758,
ENSG00000030066,ENSGALG00010024170,NUP160,0,0.3933328737034145,-2.1790735287617973,-0.18050463580589493,
ENSG00000072364,ENSGALG00010013737,AFF4,0,-1.4160758973136165,-1.76988609209679,0.8000943697094013,-0.2230255961344439
ENSG00000103005,ENSGALG00010021457,USB1,0,-1.6146742597279076,-2.686891267636108,0.6009451439947836,-0.5092516231638136
ENSG00000187546,ENSGALG00010004109,AGMO,0,1.208217571069918,-0.4387707889186,-2.753641768285683,
ENSG00000164188,ENSGALG00010013580,RANBP3L,0,0.174240085001351,-0.9170744236568152,-0.18999557779244597,
ENSG00000159618,ENSGALG00010024488,ADGRG5,0,-1.7383991600225317,-2.578806711830038,0.6741099098462036,-0.39436211037602575
ENSG00000099769,ENSGALG00010018423,IGFALS,0,-3.0593178544390103,-2.926329799038452,1.0454453409332933,0.0444429582073996
ENSG00000118985,ENSGALG00010012711,ELL2,0,-0.5693948885856432,-1.2560901781753913,0.45330733292792064,-0.7911849444004123
ENSG00000065615,ENSGALG00010002427,CYB5R4,0,0.8995892555096479,-0.0160430983400334,-56.073286870332495,
ENSG00000182263,ENSGALG00010025791,FIGN,0,-1.152767080125999,-1.4685887738208807,0.7849488574850011,-0.2421367130226981
ENSG00000070915,ENSGALG00010023587,SLC12A3,0,-1.473818886449683,-1.844975889561227,0.7988282637125341,-0.2246092953516906
ENSG00000086200,ENSGALG00010011972,IPO11,0,1.1891955896521385,-0.3801049191769884,-3.1285982623613795,
ENSG00000115112,ENSGALG00010021716,TFCP2L1,0,-2.2117456747679523,-1.4822841655175505,1.4921198824219408,0.4001978487024227
ENSG00000147099,ENSGALG00010016310,HDAC8,1,0.1434710959099945,-0.8171828514239008,-0.17556792296852924,
ENSG00000101298,ENSGALG00010013640,SNPH,0,-3.2086963168197915,-2.2967764051199047,1.397043399465034,0.3343581459805656
ENSG00000185033,ENSGALG00010020293,SEMA4B,0,-2.353443472997212,-2.628374280660976,0.8953989126713624,-0.11048594752561565
ENSG00000197114,ENSGALG00010024901,ZGPAT,0,-2.633314117421218,-1.9555815355925896,1.346563193348652,0.29755556373057634
ENSG00000205129,ENSGALG00010016974,CFAP96,0,1.0107461910393472,0.608730779903696,1.6604157772328383,0.507068039219079
ENSG00000086189,ENSGALG00010014754,DIMT1,0,0.1893413134056629,-0.4910942649975663,-0.3855498361533528,
ENSG00000157703,ENSGALG00010013237,SVOPL,0,-0.2188221063965834,-0.5982002374350016,0.36580076820908963,-1.0056664429480535
ENSG00000149308,ENSGALG00010004868,NPAT,0,-0.0093490291777964,-1.1676497191547115,0.008006706998194953,-4.827475713767763
ENSG00000144228,ENSGALG00010009172,SPOPL,0,0.5071634094459725,-0.3646183189849775,-1.3909433043787027,
ENSG00000160111,ENSGALG00010027275,CPAMD8,0,-2.077184956586944,-0.8210040436781042,2.530054477297261,0.9282408350361689
ENSG00000177058,ENSGALG00010014167,SLC38A9,0,1.1084774274718807,0.6896820184069895,1.6072297057014977,0.47451201723821024
ENSG00000135341,ENSGALG00010003218,MAP3K7,0,-0.2217654916789033,-0.7672094310745207,0.28905469966435116,-1.2411393365844403
ENSG00000062598,ENSGALG00010016182,ELMO2,0,-1.0035204736123866,-1.4263491582157466,0.7035587800028668,-0.35160385225376123
ENSG00000122574,ENSGALG00010001368,WIPF3,0,-2.821327951668996,-1.9247802189653709,1.4657922623423196,0.38239588970070076
ENSG00000138757,ENSGALG00010002459,G3BP2,0,0.2183432623241934,-1.452472850175948,-0.15032519354681498,
ENSG00000114455,ENSGALG00010004835,HHLA2,0,0.5558828262329243,-0.1426074184300825,-3.897993753427787,
ENSG00000243317,ENSGALG00010010106,STMP1,0,1.7371334657805058,0.6905014909084152,2.515756285326994,0.9225734682191193
ENSG00000139651,ENSGALG00010024579,ZNF740,0,-1.221223468659522,-2.734778578414405,0.4465529598259374,-0.806197274666981
ENSG00000175600,ENSGALG00010018049,SUGCT,0,0.6134885414357321,0.2312979034250907,2.6523739832964783,0.9754550817238867
ENSG00000129317,ENSGALG00010001866,PUS7L,0,1.46299563854744,-0.3201819248521896,-4.5692636747774715,
ENSG00000067177,ENSGALG00010016292,PHKA1,1,0.0376495152590035,-1.938467022048405,-0.019422314040307344,
ENSG00000136819,ENSGALG00010028498,C9orf78,0,-0.995749075304584,-1.1530924713201272,0.8635465932446794,-0.1467074242585518
ENSG00000143921,ENSGALG00010020360,ABCG8,0,-1.4498847241083297,-0.5818192713912623,2.4919847028121382,0.9130794623879623
ENSG00000198355,ENSGALG00010008094,PIM3,0,-2.5950738083445053,-2.0471859343299954,1.2676297569394073,0.23714882358229375
ENSG00000132749,ENSGALG00010025889,TESMIN,0,-1.0579540474398377,-0.7782904193665524,1.3593306831412655,0.3069924338559159
ENSG00000138075,ENSGALG00010020352,ABCG5,0,-0.460280704946669,-0.2674634042216181,1.7209109645717513,0.542853781185568
ENSG00000099625,ENSGALG00010028013,CBARP,0,-3.443235769284533,-2.783259697034594,1.2371234250807088,0.21278886618608225
ENSG00000166736,ENSGALG00010024453,HTR3A,0,-1.366125427337023,-2.08882757776335,0.6540154112671313,-0.4246243631739388
ENSG00000187672,ENSGALG00010027887,ERC2,0,-1.2292092649546245,-0.9928704131765198,1.2380359497489493,0.21352621241021916
ENSG00000169967,ENSGALG00010021275,MAP3K2,0,-0.1392455833969208,-1.1251373730129282,0.12375873980973952,-2.089421255301978
ENSG00000103365,ENSGALG00010017246,GGA2,0,-1.0378317890851498,-2.063581019044824,0.5029275708135434,-0.6873091136570619
ENSG00000177084,ENSGALG00010022162,POLE,0,-1.42341467641244,-1.9360642810500208,0.7352104423105486,-0.30759850468115035
ENSG00000206535,ENSGALG00010005668,LNP1,0,-1.8688072486134768,-1.7607438289399413,1.0613737318838683,0.0595640425505439
ENSG00000124664,ENSGALG00010026109,SPDEF,0,-2.9834368472657022,-2.1791326508913382,1.3690937291244645,0.314149009356721
ENSG00000176248,ENSGALG00010027876,ANAPC2,0,-2.389498938206465,-2.6539887501121138,0.9003425271133965,-0.10498000238063505
ENSG00000168993,ENSGALG00010012442,CPLX1,0,-2.7418700263618607,-0.6913598835071504,3.965908482356285,1.3777349542782291
ENSG00000172671,ENSGALG00010021096,ZFAND4,0,0.1472921913841904,-0.6257849872766721,-0.2353718839200429,
ENSG00000277893,ENSGALG00010007017,SRD5A2,0,-0.5961429922608872,-1.2470752279246438,0.4780329036388412,-0.7380757127952529
ENSG00000198331,ENSGALG00010024656,HYLS1,0,-0.3618243191725252,-1.9852533957099536,0.18225598805392393,-1.7023430523701677
ENSG00000110060,ENSGALG00010024652,PUS3,0,0.3938530911529323,-2.257242617982953,-0.17448416400398956,
ENSG00000186166,ENSGALG00010024849,CENATAC,0,-1.4105167720099914,-1.8381746124302916,0.7673464547228818,-0.26481687852824254
ENSG00000153066,ENSGALG00010020760,TXNDC11,0,-1.512299972233606,-1.0984364042909014,1.3767751745353662,0.3197439344738403
ENSG00000100239,ENSGALG00010006347,PPP6R2,0,-2.48617228908803,-1.8176994290330528,1.367757644293578,0.3131726429014555
ENSG00000171953,ENSGALG00010017589,ATPAF2,0,-2.013214704408409,-1.6510556472539304,1.2193500005628695,0.1983179303401683
ENSG00000205213,ENSGALG00010019873,LGR4,0,-0.0085933920446166,-0.907253538740684,0.009471874925442212,-4.6594284055895985
ENSG00000178409,ENSGALG00010012529,BEND3,0,-2.791974677252428,-1.2589627720779433,2.2176785042215488,0.7964609299196681
ENSG00000139291,ENSGALG00010012734,TMEM19,0,1.108540215044588,0.1628111624741971,6.808748234447828,1.9182082904093545
ENSG00000183549,ENSGALG00010016399,ACSM5,0,-1.503456203408536,-0.224664663441081,6.692001226987893,1.9009129664760092
ENSG00000091536,ENSGALG00010017683,MYO15A,0,-2.333089906195827,-2.385649297888416,0.9779685171080634,-0.022277800561513832
ENSG00000123395,ENSGALG00010025496,ATG101,0,-1.2951990105086535,-2.844485359944558,0.45533685240478733,-0.7867177989883501
ENSG00000129933,ENSGALG00010028518,MAU2,0,-1.750431884543815,-1.7302704201354118,1.011652204287712,0.011584840144179162
ENSG00000102241,ENSGALG00010019961,HTATSF1,1,0.0870669165554041,-0.6135441530191187,-0.14190815139703727,
ENSG00000197150,ENSGALG00010027169,ABCB8,0,-2.0867705835472385,-2.485188785239666,0.8396829230605091,-0.17473093095248585
ENSG00000166266,ENSGALG00010004901,CUL5,0,1.348182605198831,-0.0302026855861841,-44.63783862371308,
ENSG00000138669,ENSGALG00010003198,PRKG2,0,0.0985871451660855,-0.6394639804018782,-0.15417153770588815,
ENSG00000155970,ENSGALG00010016200,MICU3,0,0.2943179796415425,-0.2413964875767971,-1.219230580345164,
ENSG00000101246,ENSGALG00010024960,ARFRP1,0,-1.4059628744432828,-0.5210694350542576,2.6982255719852066,0.9925943614015839
ENSG00000111110,ENSGALG00010013252,PPM1H,0,-1.39871832880657,-1.2361930418242386,1.1314724169151562,0.12351980834417098
ENSG00000136518,ENSGALG00010018172,ACTL6A,0,0.9306634675758918,-0.1257322834657737,-7.401945164141022,
ENSG00000084453,ENSGALG00010011668,SLCO1A2,0,1.680975224354805,0.0622696984908971,26.99507569641659,3.2956544677565796
ENSG00000179262,ENSGALG00010003299,RAD23A,0,-2.650405714557745,-2.1122110039589006,1.2548015844961087,0.22697746008152364
ENSG00000183044,ENSGALG00010017337,ABAT,0,-1.2803013954485127,-0.5696584402109066,2.2474895570308804,0.8098138408704765
ENSG00000137492,ENSGALG00010002348,THAP12,0,0.2077830162777516,-0.9403240772194824,-0.22096957986246762,
ENSG00000113492,ENSGALG00010013296,AGXT2,0,-0.1750910952723963,0.313528774772457,-0.5584530332167068,
ENSG00000118564,ENSGALG00010010585,FBXL5,0,0.6653642715812893,-0.8873292576738449,-0.7498504820246296,
ENSG00000160959,ENSGALG00010007993,LRRC14,0,-2.350950066869405,-3.2318474592595803,0.7274322493574652,-0.31823441230414945
ENSG00000126368,ENSGALG00010024675,NR1D1,0,-2.319221402925562,-2.0026605203704237,1.1580701668281679,0.14675497043097654
ENSG00000198682,ENSGALG00010022745,PAPSS2,0,-0.3720913692955729,-1.2204942389207205,0.30486941882217505,-1.187871729059948
ENSG00000108352,ENSGALG00010024539,RAPGEFL1,0,-2.447339172444151,-2.991661200167741,0.8180535858495372,-0.20082743615145238
ENSG00000121680,ENSGALG00010021965,PEX16,0,-2.3103229774201406,-2.724823132260031,0.8478799779947205,-0.16501618859089592
ENSG00000137944,ENSGALG00010022877,KYAT3,0,1.3580731608243308,0.2648843574418716,5.127041754899994,1.6345288368877673
ENSG00000196498,ENSGALG00010024649,NCOR2,0,-3.5971892743765626,-2.6229389559304908,1.3714346139254527,0.31585735539608023
ENSG00000166448,ENSGALG00010022067,TMEM130,0,-1.4057810950693703,-1.233543041764435,1.1396287340396078,0.130702537468715
ENSG00000162738,ENSGALG00010027699,VANGL2,0,-1.9793851622869632,-2.3968025542147755,0.8258440641287769,-0.19134930763089478
ENSG00000107581,ENSGALG00010002150,EIF3A,0,-0.4793776227143738,-1.6327703479216322,0.29359770241086125,-1.225544807848482
ENSG00000243509,ENSGALG00010024963,TNFRSF6B,0,-3.1052295046603344,-2.832670205756646,1.0962199194067084,0.09186782479000447
ENSG00000173889,ENSGALG00010016733,PHC3,0,-1.28649375169873,-2.107963993706598,0.6103015779869121,-0.4938020538428428
ENSG00000197496,ENSGALG00010021494,SLC2A10,0,-1.742763473389795,-1.0575115661049224,1.6479852601601566,0.49955348736970656
ENSG00000164746,ENSGALG00010000611,C7orf57,0,-1.595245656383149,-0.1232858847213858,12.939402268055668,2.5602770954290026
ENSG00000154930,ENSGALG00010018899,ACSS1,0,-1.588351215955738,-0.3069436650815179,5.174732032778408,1.6437875567051234
ENSG00000166289,ENSGALG00010023954,PLEKHF1,0,-3.246249974581362,-1.9461331972932152,1.668051281945356,0.5116560480355067
ENSG00000160993,ENSGALG00010029309,ALKBH4,0,-2.889809040969068,-1.8036687357623724,1.6021839175183172,0.4713676469993542
ENSG00000173452,ENSGALG00010002701,TMEM196,0,-1.5898838436863336,-1.2515787115449863,1.2703027216911777,0.2392552356027862
ENSG00000043143,ENSGALG00010013261,JADE2,0,-2.5758960403183107,-2.3804946550693096,1.082084362102175,0.07888914605603228
ENSG00000136830,ENSGALG00010028892,NIBAN2,0,-2.792467747490397,-2.256986499234224,1.2372549629507563,0.21289518611742958
ENSG00000253368,ENSGALG00010017829,TRNP1,0,-3.359189298475913,-2.1045998851941534,1.5961177809177831,0.46757429387224375
ENSG00000173992,ENSGALG00010000583,CCS,0,-2.0868130147246475,-2.9246721407827687,0.7135203244238263,-0.33754435694351387
ENSG00000059691,ENSGALG00010007579,GATB,0,-1.1855291299228412,-0.6981813081144759,1.6980247338968553,0.5294656542712015
ENSG00000168439,ENSGALG00010000529,STIP1,0,-0.6541502092914673,-2.1435873788127697,0.30516610414723083,-1.1868990468561214
ENSG00000177853,ENSGALG00010021621,ZNF518A,0,0.6986771324256527,-0.7301682695811329,-0.956871397364959,
ENSG00000196678,ENSGALG00010017987,ERI2,0,0.3997625495088854,-1.4581022487355078,-0.2741663349436342,
ENSG00000061936,ENSGALG00010022958,SFSWAP,0,-1.87753323121664,-1.0072061182806216,1.8641003039395092,0.6227785259419789
ENSG00000136925,ENSGALG00010009602,TSTD2,0,-0.5293012437872644,-1.1596129885530706,0.4564464601657405,-0.7842838691424473
ENSG00000244274,ENSGALG00010021685,DBNDD2,0,-2.6051283685707816,-2.916842737140646,0.893132953449717,-0.11301982514553079
ENSG00000217930,ENSGALG00010016568,PAM16,0,-2.0672703150207585,-2.1243834312554526,0.9731154388636227,-0.027252561630454943
ENSG00000156475,ENSGALG00010013921,PPP2R2B,0,-0.6921733108457833,-1.9743132467519189,0.35058940722022003,-1.0481395202423063
ENSG00000144579,ENSGALG00010018986,CTDSP1,0,-2.520576583702409,-2.254236757954972,1.118150777555885,0.1116762292853167
ENSG00000155980,ENSGALG00010023736,KIF5A,0,-1.6820939261394958,-2.5044535082645267,0.6716411067678837,-0.39803114843342735
ENSG00000004948,ENSGALG00010003255,CALCR,0,0.7805821428128272,-0.335999349532661,-2.3231656367743962,
ENSG00000203791,ENSGALG00010001915,EEF1AKMT2,0,0.3873998705360488,-0.6631927832278266,-0.5841436763689349,
ENSG00000135898,ENSGALG00010025664,GPR55,0,-1.0029013381161889,-0.7004970188766341,1.4316996519478578,0.35886230628001364
ENSG00000111224,ENSGALG00010024645,PARP11,0,0.7324013753682124,-0.1960461553808479,-3.735861965491836,
ENSG00000213699,ENSGALG00010010379,SLC35F6,0,-1.499629677024327,-2.471146218569477,0.6068559058769288,-0.4994639034561471
ENSG00000152463,ENSGALG00010002679,OLAH,0,0.3415410889710042,-0.0211649746302169,-16.137089457380753,
ENSG00000196562,ENSGALG00010023948,SULF2,0,-1.738255896626578,-0.3822843374455172,4.547023579992504,1.514472860664594
ENSG00000007001,ENSGALG00010010778,UPP2,0,0.3065179162078681,-1.8243100530676772,-0.16801854251279352,
ENSG00000111196,ENSGALG00010025161,MAGOHB,0,1.2616764555102211,-1.4820543363563117,-0.8513024283658195,
ENSG00000146453,ENSGALG00010004390,PNLDC1,0,-0.6312210633013873,-1.2815006967593132,0.4925639641848286,-0.7081309502857996
ENSG00000177169,ENSGALG00010022850,ULK1,0,-3.1838908091237013,-1.7217447974641846,1.8492234237112204,0.6147657799948298
ENSG00000180347,ENSGALG00010019667,ITPRID1,0,-1.504935709442135,-1.7557968065965277,0.8571240725510447,-0.15417259542451775
ENSG00000137193,ENSGALG00010027085,PIM1,0,-2.1581840273311066,-2.302230550307709,0.9374317559302001,-0.06461131746161249
ENSG00000160113,ENSGALG00010028581,NR2F6,0,-2.3217052994119958,-2.2506615823471177,1.0315657038899602,0.031077748921767467
ENSG00000160410,ENSGALG00010008437,SHKBP1,0,-2.472984304981612,-2.9670587547580234,0.8334800586661434,-0.18214550189315612
ENSG00000055147,ENSGALG00010012898,FAM114A2,0,-0.3669885592457529,-1.3276381325257196,0.27642212908391545,-1.2858261284847312
ENSG00000091137,ENSGALG00010009254,SLC26A4,0,0.6611785247147512,0.5522713013155248,1.1971987737545053,0.17998447273469395
ENSG00000131149,ENSGALG00010006877,GSE1,0,-3.631125797994097,-2.8929821665134345,1.255149734424481,0.22725487576523093
ENSG00000070018,ENSGALG00010021562,LRP6,0,-0.0567039922196332,-1.017015050358992,0.055755312765152776,-2.8867825769463824
ENSG00000107872,ENSGALG00010021014,FBXL15,0,-2.761276927226165,-2.858366710782971,0.9660331254242004,-0.034557154028153264
ENSG00000170145,ENSGALG00010024415,SIK2,0,-1.480084773857687,-2.014678748771231,0.7346505117803037,-0.3083603870289622
ENSG00000164597,ENSGALG00010009115,COG5,0,0.7806838269028926,-0.5947140185394364,-1.3127045984558783,
ENSG00000166889,ENSGALG00010020343,PATL1,0,-0.846429974438184,-3.135529465128059,0.26994802117211636,-1.309525852694342
ENSG00000147606,ENSGALG00010011154,SLC26A7,0,1.099933087989987,-0.1172630171580277,-9.380051056572073,
ENSG00000186487,ENSGALG00010002390,MYT1L,0,-2.043432686631837,-1.3620089681254492,1.500307805934817,0.40567029101325697
ENSG00000083750,ENSGALG00010011898,RRAGB,1,0.6289884468543256,-0.7902965941529891,-0.7958891022786861,
ENSG00000135205,ENSGALG00010009500,CCDC146,0,0.2767919819682447,-0.9780340244829616,-0.28300854064312436,
ENSG00000172296,ENSGALG00010018186,SPTLC3,0,0.4614313883346561,0.3575543580844277,1.290520945701074,0.25504597073142826
ENSG00000132623,ENSGALG00010018334,ANKEF1,0,0.7950929694204856,0.3894571648781809,2.0415415124515284,0.7137051658600165
ENSG00000198707,ENSGALG00010011407,CEP290,0,0.7554664934522215,-0.7146862967606382,-1.0570602750835187,
ENSG00000169692,ENSGALG00010028918,AGPAT2,0,-1.5738450931232073,-1.2917501912984557,1.218381931525934,0.19752369281545815
ENSG00000214087,ENSGALG00010029346,ARL16,0,-1.92441070231172,-2.6069357108251454,0.7381887839890793,-0.30355568223089896
ENSG00000188175,ENSGALG00010003238,HEPACAM2,0,0.088565161802812,-0.6993050822866889,-0.12664738759399377,
ENSG00000160404,ENSGALG00010028096,TOR2A,0,-2.319227087801819,-2.159387133429546,1.074020981183867,0.07140953144880532
ENSG00000151611,ENSGALG00010006434,MMAA,0,0.1046673280591594,-0.3039605236615301,-0.34434513665896255,
ENSG00000152954,ENSGALG00010008072,NRSN1,0,-0.2117238393310607,-0.1803271906099112,1.174109343216396,0.16050985439120707
ENSG00000164122,ENSGALG00010003412,ASB5,0,-0.1681395172785826,-0.5178178716483754,0.32470782969182227,-1.1248294865458879
ENSG00000168566,ENSGALG00010000787,SNRNP48,0,-0.2003785341926374,-1.1343456765942366,0.17664680028953308,-1.7336030186185107
ENSG00000181016,ENSGALG00010001196,LSMEM1,0,0.4957710400069661,0.2234161402441835,2.2190475561215557,0.797078075050938
ENSG00000181924,ENSGALG00010002567,COA4,0,-3.104998555613056,-3.6074277847325567,0.8607236903685519,-0.14998174316901722
ENSG00000145220,ENSGALG00010009173,LYAR,0,-0.5924887113767152,-0.4506343872061352,1.3147880592292465,0.27367548095138955
ENSG00000089199,ENSGALG00010017418,CHGB,0,-2.4421020984704747,-1.8940110276169329,1.289381140268838,0.2541623670376341
ENSG00000130382,ENSGALG00010028568,MLLT1,0,-3.5180806663935744,-2.1513608552725385,1.6352815278624642,0.49181497782159883
ENSG00000184162,ENSGALG00010028430,NR2C2AP,0,-1.6759390310494364,-2.0050520413104698,0.8358581206471177,-0.17929639244476703
ENSG00000065029,ENSGALG00010025887,ZNF76,0,-2.152162486896181,-1.6653260292623189,1.292337025350834,0.25645222687822183
ENSG00000185467,ENSGALG00010021313,KPNA7,0,-1.1208017664892846,-2.113638330171408,0.53027131013393,-0.6343664975020286
ENSG00000164073,ENSGALG00010007893,MFSD8,0,1.3363854983486243,0.1043692769679236,12.804395480859212,2.5497885089204617
ENSG00000184434,ENSGALG00010006503,LRRC19,0,0.967167844612252,-0.2882331201514622,-3.3555055855622,
ENSG00000166848,ENSGALG00010008811,TERF2IP,0,-1.6306638254549046,-1.8575906483157167,0.8778380893193194,-0.13029311087249956
ENSG00000124207,ENSGALG00010024009,CSE1L,0,0.952178847136718,-0.2082120365030209,-4.573121050679042,
ENSG00000167123,ENSGALG00010028102,CERCAM,0,-2.116170786356877,-2.2996830623218933,0.9202010577145653,-0.0831630918215628
ENSG00000161992,ENSGALG00010018790,PRR35,0,-3.762366374577182,-2.4551034271541328,1.5324675665246337,0.4268792248356823
ENSG00000170759,ENSGALG00010005695,KIF5B,0,0.7007962899247957,-0.5837729038602474,-1.2004604620918877,
ENSG00000172366,ENSGALG00010018843,MCRIP2,0,-2.9985646489839137,-1.8379612526913056,1.63146238507104,0.48947678135857453
ENSG00000149179,ENSGALG00010022864,CSTPP1,0,-1.1726182713373152,-1.169373886147158,1.0027744635215403,0.002770621801791199
ENSG00000105855,ENSGALG00010003791,ITGB8,0,0.4133935557757588,-0.5923405904222914,-0.6978984092260879,
ENSG00000150551,ENSGALG00010019423,LYPD1,0,-1.254246427800263,-0.1904460169480931,6.585837015127039,1.8849214364762343
ENSG00000115977,ENSGALG00010017516,AAK1,0,-1.234992002695117,-1.4571204887015992,0.8475565420094979,-0.165397725717565
ENSG00000129009,ENSGALG00010021250,ISLR,0,-2.704155991334927,-2.724135928260417,0.9926655873819598,-0.0073614416648152565
ENSG00000054967,ENSGALG00010002707,RELT,0,-2.8629070676998136,-2.631874680758499,1.0877824421619997,0.08414116719067295
ENSG00000100241,ENSGALG00010006372,SBF1,0,-2.6386086028824707,-2.4791511342519468,1.0643193819156322,0.062335516850497964
ENSG00000115159,ENSGALG00010010528,GPD2,0,0.7445985683000611,-0.2208689397075219,-3.3712235377508044,
ENSG00000149532,ENSGALG00010020075,CPSF7,0,-1.9344770455742355,-3.146275602439397,0.6148466599920173,-0.4863823756106591
ENSG00000140323,ENSGALG00010023498,DISP2,0,-2.576551140908256,-1.306613314520114,1.9719308783062248,0.6790132039972716
ENSG00000003056,ENSGALG00010022885,M6PR,0,-0.5452488727224765,-1.0090354489439388,0.5403664195278138,-0.615507814856817
ENSG00000100647,ENSGALG00010021535,SUSD6,0,-1.7844421896947456,-1.3271243154121355,1.344593094235178,0.29609143511456054
ENSG00000154556,ENSGALG00010017094,SORBS2,0,-1.7089843544575487,-1.0512295804974767,1.625700404709693,0.48593874120289116
ENSG00000165832,ENSGALG00010022516,TRUB1,0,0.1534763820215872,-0.8879069394439572,-0.17285187805571184,
ENSG00000106771,ENSGALG00010008418,TMEM245,0,-0.1114810093953817,-0.474174864526015,0.2351052696705425,-1.4477219090954725
ENSG00000169604,ENSGALG00010017671,ANTXR1,0,-0.9271995254330694,-1.0950672958476244,0.8467055211573834,-0.1664023175598624
ENSG00000087586,ENSGALG00010013249,AURKA,0,-0.1176956417882131,-0.784945864854775,0.14994109410333448,-1.8975127679928374
ENSG00000182158,ENSGALG00010013690,CREB3L2,0,-2.2367048516200896,-1.7826009530936615,1.2547423178128239,0.22693022704986293
ENSG00000137841,ENSGALG00010023305,PLCB2,0,-1.763089221878403,-1.2179135754166357,1.4476308150808388,0.3699282994944515
ENSG00000163714,ENSGALG00010015839,U2SURP,0,0.1890235611723483,-0.8021008934094449,-0.23566057926812242,
ENSG00000113761,ENSGALG00010010052,ZNF346,0,-1.4456048650476951,-1.5901178360120969,0.909118074339176,-0.09528029847768253
ENSG00000181291,ENSGALG00010029632,TMEM132E,0,-3.267959872868401,-2.7910854209401847,1.1708562727426592,0.15773533817789828
ENSG00000105825,ENSGALG00010003097,TFPI2,0,0.0145491945916269,-1.3910084125611142,-0.01045945837584047,
ENSG00000101928,ENSGALG00010016224,MOSPD1,1,0.3908433619603109,-0.1184106248209525,-3.30074571054161,
ENSG00000153975,ENSGALG00010014734,ZUP1,0,0.4602608139906294,-1.109596868474629,-0.41480002969308427,
ENSG00000102349,ENSGALG00010011866,KLF8,1,-1.003539730239556,-3.055310076344953,0.32845757228021966,-1.1133476053189997
ENSG00000112234,ENSGALG00010004362,FBXL4,0,0.4677237743410067,-0.6975209925467903,-0.6705515380021073,
ENSG00000175426,ENSGALG00010012232,PCSK1,0,-0.3875420815065276,-0.9195992939782436,0.4214249445864584,-0.8641135848066481
ENSG00000095203,ENSGALG00010008459,EPB41L4B,0,-1.4406560535223747,-0.8697825329713895,1.6563405206595054,0.5046106632420184
ENSG00000029363,ENSGALG00010005401,BCLAF1,0,-0.5736618824013693,-1.5032587308521357,0.3816122072852914,-0.9633503501783368
ENSG00000169994,ENSGALG00010023996,MYO7B,0,-2.160213559050037,-0.9591784268573288,2.252149859257994,0.8118852530270113
ENSG00000106236,ENSGALG00010022059,NPTX2,0,-2.507932177605825,-1.7242424166603096,1.4545125171340156,0.3746708047146566
ENSG00000196428,ENSGALG00010001112,TSC22D2,0,-2.1939339334898804,-1.3729593057668916,1.5979599135055342,0.4687277616136278
ENSG00000137806,ENSGALG00010022513,NDUFAF1,0,0.6244864285780913,-0.4580515598756292,-1.3633540048366013,
ENSG00000157927,ENSGALG00010021155,RADIL,0,-3.367226344328232,-2.9845873432743844,1.128204993536579,0.12062786842330263
ENSG00000104218,ENSGALG00010004177,CSPP1,0,-0.1527181723589237,-0.9475470035073532,0.1611721337238534,-1.8252823315709863
ENSG00000172183,ENSGALG00010015900,ISG20,0,-2.673068688743312,-2.693695637249753,0.9923425095912094,-0.007686959524511476
ENSG00000173611,ENSGALG00010027752,SCAI,0,0.9710405624193452,-0.6512442520413148,-1.4910543308069653,
ENSG00000103671,ENSGALG00010023860,TRIP4,0,-0.397740816637647,-2.0527943551527743,0.19375580200679482,-1.6411566653555267
ENSG00000182149,ENSGALG00010008351,IST1,0,0.1458009187838644,-0.2123683859937015,-0.6865471906359386,
ENSG00000118960,ENSGALG00010007956,HS1BP3,0,-2.3632584714584297,-1.0408520211704269,2.2705038020687813,0.8200017461057908
ENSG00000064393,ENSGALG00010013175,HIPK2,0,-2.22680641083101,-2.0222058095054383,1.1011769427047635,0.09637955573143821
ENSG00000137103,ENSGALG00010009565,TMEM8B,0,-2.172542937405176,-2.208040078448285,0.9839236880754199,-0.016206937706137358
ENSG00000146674,ENSGALG00010008429,IGFBP3,0,-2.1041384015821105,-1.7326947697736408,1.214373378559338,0.19422820594277843
ENSG00000140299,ENSGALG00010024708,BNIP2,0,1.116846485846711,-0.0385850269037175,-28.945074695259777,
ENSG00000151332,ENSGALG00010004623,MBIP,0,-0.0766211769776976,-0.7101944646752663,0.10788760091608479,-2.226665326054249
ENSG00000119411,ENSGALG00010027939,BSPRY,0,-2.369751509878096,-2.5570209674287496,0.9267626429598795,-0.07605779478928723
ENSG00000243566,ENSGALG00010029157,UPK3B,0,-2.683781316737841,-1.554828620875873,1.7260946194996085,0.5458614112627298
ENSG00000196712,ENSGALG00010029534,NF1,0,0.2983823466363695,-0.7194194426623797,-0.41475435461145715,
ENSG00000012232,ENSGALG00010010953,EXTL3,0,-1.1493452514667553,-1.3258727894157272,0.8668593704025238,-0.1428785178924236
ENSG00000176732,ENSGALG00010008696,PFN4,0,-0.0521409292525607,-0.1495623433971482,0.34862337716991737,-1.0537630879899798
ENSG00000244486,ENSGALG00010000143,SCARF2,0,-3.2480360389435727,-2.555342822095014,1.2710764328211155,0.23986412637177537
ENSG00000126214,ENSGALG00010015964,KLC1,0,-0.5145507448334001,-0.7933147953976596,0.6486085319705587,-0.43292593075424396
ENSG00000162980,ENSGALG00010010205,ARL5A,0,1.8532623828684291,-0.3376566341853328,-5.48860053450397,
ENSG00000198042,ENSGALG00010017705,MAK16,0,-0.0697024290746455,-1.801444882589108,0.03869251274258605,-3.252109166847801
ENSG00000107281,ENSGALG00010029140,NPDC1,0,-3.5005853048136526,-2.485902661676177,1.4081747281501773,0.34229434673406156
ENSG00000135929,ENSGALG00010021541,CYP27A1,0,-1.5986811683434805,-2.288955811473403,0.6984325168402477,-0.35891671649097345
ENSG00000155097,ENSGALG00010010906,ATP6V1C1,0,1.4956261731398204,0.0243465046320062,61.430837639570356,4.117911950758768
ENSG00000006625,ENSGALG00010016817,GGCT,0,0.3530962563316944,-0.6912865341601534,-0.5107813314498775,
ENSG00000070047,ENSGALG00010023026,PHRF1,0,-3.575534964008978,-1.3908090740968355,2.57083091461052,0.9442291597307414
ENSG00000164877,ENSGALG00010019614,MICALL2,0,-3.262497391701596,-2.033160206127791,1.6046435405673767,0.4729016388112153
ENSG00000135999,ENSGALG00010009555,EPC2,0,-0.4550316633474036,-1.0974901206885723,0.41461117031460276,-0.8804141369541
ENSG00000197859,ENSGALG00010028876,ADAMTSL2,0,-2.7947430777504945,-1.833529475287621,1.5242422417627568,0.4214973959209352
ENSG00000153310,ENSGALG00010008233,CYRIB,0,0.8160367508680633,-1.0476632143788993,-0.7789113330201687,
ENSG00000123405,ENSGALG00010022493,NFE2,0,-2.4233833227784416,-2.6680166049189946,0.9083089356754658,-0.09617072072046003
ENSG00000153086,ENSGALG00010019550,ACMSD,0,0.0153882676319767,-0.1125425450668907,-0.13673289175067566,
ENSG00000182050,ENSGALG00010011370,MGAT4C,0,1.792440294588081,-0.0010033612314347,-1786.4356708551331,
ENSG00000162063,ENSGALG00010017595,CCNF,0,-2.470530549706144,-1.3543161954422496,1.8241903611729287,0.6011362508846663
ENSG00000176896,ENSGALG00010002501,TCEANC,1,0.144946705194279,-0.8492103302845116,-0.17068410501520556,
ENSG00000138079,ENSGALG00010020402,SLC3A1,0,0.3306511706056163,-0.3576375916979281,-0.9245425488853382,
ENSG00000140548,ENSGALG00010020257,ZNF710,0,-2.8846454337755727,-2.355574221080149,1.2246039237315214,0.20261746414895812
ENSG00000175556,ENSGALG00010011283,LONRF3,1,-1.2046338193992785,-0.8677209591004149,1.388273276985436,0.328060728141412
ENSG00000060491,ENSGALG00010022308,OGFR,0,-3.992642468082279,-1.1988447091513188,3.330408382006986,1.203094933712356
ENSG00000023892,ENSGALG00010025847,DEF6,0,-2.599047649454132,-2.72912325281567,0.9523379520410675,-0.048835315545619144
ENSG00000197565,ENSGALG00010015733,COL4A6,1,-1.336084850147266,-0.244548557486701,5.463474672999961,1.6980849743448079
ENSG00000137161,ENSGALG00010019024,CNPY3,0,-2.013020156501941,-2.7420789655730795,0.7341218767860068,-0.3090802194839273
ENSG00000164674,ENSGALG00010005521,SYTL3,0,-1.228916821755366,-0.8070061951354498,1.522809650239552,0.4205570826742054
ENSG00000123612,ENSGALG00010010638,ACVR1C,0,0.7011496619909963,-1.8969901677223628,-0.36961164792584955,
ENSG00000152583,ENSGALG00010003771,SPARCL1,0,-0.6171376405161446,-1.4381077732445182,0.4291317048678619,-0.8459914028163233
ENSG00000137824,ENSGALG00010023189,RMDN3,0,-1.8290425744341547,-1.7969197629210751,1.0178765975954656,0.017718690343865758
ENSG00000164329,ENSGALG00010012439,TENT2,0,0.0284573349743713,-1.040860893686948,-0.027340190362584806,
ENSG00000168795,ENSGALG00010001178,ZBTB5,0,-1.1987883881055144,-1.5773742794556616,0.7599898158090964,-0.2744502460427334
ENSG00000166446,ENSGALG00010007817,CDYL2,0,-1.864315459431932,-1.0946911796023726,1.7030515036296465,0.5324216441061843
ENSG00000115568,ENSGALG00010021626,ZNF142,0,-2.615038448903908,-2.443101975397961,1.0703762983442147,0.06801026734418145
ENSG00000173991,ENSGALG00010024373,TCAP,0,-2.595921759068034,-4.181341772207974,0.6208346268947175,-0.4766905338098962
ENSG00000141744,ENSGALG00010024380,PNMT,0,-2.389884910650931,-2.920870956902253,0.8182096867386218,-0.20063663447280658
ENSG00000161395,ENSGALG00010024419,PGAP3,0,-1.1743112829119229,-1.7159767580028586,0.6843398533431457,-0.3793006231416598
ENSG00000160963,ENSGALG00010029264,COL26A1,0,-3.2692724136498565,-1.5025907315108094,2.175757074158645,0.7773766840477732
ENSG00000096384,ENSGALG00010019591,HSP90AB1,0,-0.017130900566924,-1.59113343854432,0.010766476369572462,-4.531318012230547
ENSG00000141101,ENSGALG00010008294,NOB1,0,-1.9431688754817849,-2.7159669312947736,0.7154611689456118,-0.3348279526734449
ENSG00000140526,ENSGALG00010020147,ABHD2,0,-0.6193358007732161,-0.7264201857385741,0.8525861655998973,-0.1594810009146247
ENSG00000166532,ENSGALG00010022796,RIMKLB,0,-0.0789363170106831,-1.2142090858269792,0.06501048125242843,-2.733206772048529
ENSG00000172482,ENSGALG00010024959,AGXT,0,-2.123505187503989,-2.648006910704995,0.8019258480479703,-0.22073913418325475
ENSG00000157119,ENSGALG00010027381,KLHL40,0,-1.5715331033659048,-1.4692373062548534,1.069625101864455,0.0673082149898788
ENSG00000171757,ENSGALG00010016840,LRRC34,0,1.1533146555990736,-0.4051010674633762,-2.84698004579645,
ENSG00000139613,ENSGALG00010024890,SMARCC2,0,-1.6079453178134084,-2.5143897762963654,0.6394972382451668,-0.44707297658841044
ENSG00000164970,ENSGALG00010010645,FAM219A,0,-2.2425466499474105,-1.6279885863566306,1.3774953146115936,0.3202668606682539
ENSG00000012171,ENSGALG00010027626,SEMA3B,0,-2.455892474379098,-2.77316466233245,0.8855920125253215,-0.1214989169087345
ENSG00000106638,ENSGALG00010029528,TBL2,0,-1.5581516899038377,-1.4007905849295457,1.1123373519691429,0.10646352389275172
ENSG00000164588,ENSGALG00010013418,HCN1,0,-0.5877151765408222,-1.2949010973762638,0.45386877633485223,-0.7899471616306027
ENSG00000188997,ENSGALG00010001928,KCTD21,0,-1.6399876901589143,-1.1785826996935789,1.3914913994455347,0.3303761211853575
ENSG00000204913,ENSGALG00010024598,LRRC3C,0,-2.2644357876611227,-3.016890525125107,0.7505859986640447,-0.286901045980316
ENSG00000174136,ENSGALG00010012903,RGMB,0,-1.5893266794891847,-1.1836039648489356,1.3427858698429012,0.29474646316317943
ENSG00000166676,ENSGALG00010019390,TVP23A,0,-0.6989794375945486,-0.8999972049848742,0.77664623148057,-0.2527703328350591
ENSG00000128610,ENSGALG00010001917,FEZF1,0,-1.7283730431870763,-1.6845217167248228,1.0260319151880763,0.025698852685910153
ENSG00000121897,ENSGALG00010016397,LIAS,0,1.08116668174587,-1.0479081122727756,-1.0317380589801532,
ENSG00000179761,ENSGALG00010029688,PIPOX,0,-1.4081423396459058,-2.34701201022485,0.5999723620975429,-0.510871687997693
ENSG00000144550,ENSGALG00010021512,CPNE9,0,-0.982802097414906,-2.2921239147906816,0.4287735453886472,-0.8468263656514745
ENSG00000155666,ENSGALG00010017334,KDM8,0,-2.1267627671380733,-1.8368640496657875,1.157822631198554,0.14654119919703387
ENSG00000147041,ENSGALG00010002935,SYTL5,1,-0.5815021247623431,-1.042881555498168,0.5575917242918048,-0.5841282613034133
ENSG00000120725,ENSGALG00010008380,SIL1,0,-1.644538292567523,-1.3910356335862415,1.182240233722643,0.16741114175293234
ENSG00000144369,ENSGALG00010013355,FAM171B,0,-0.2656168967398624,-0.5345481262547206,0.49689987429362303,-0.6993667333551318
ENSG00000035141,ENSGALG00010018568,FAM136A,0,-2.4677608723463287,-2.602553740410484,0.9482074602452224,-0.0531819607479572
ENSG00000186297,ENSGALG00010002927,GABRA5,0,-0.6533135626667708,-0.4361006185243825,1.4980798809168483,0.4041842087179231
ENSG00000144354,ENSGALG00010021748,CDCA7,0,-0.7717059288600261,-1.3943736889854956,0.5534426925550324,-0.591597068679657
ENSG00000005700,ENSGALG00010003180,IBTK,0,0.95808768526852,-0.2415777272486987,-3.9659603398875873,
ENSG00000125834,ENSGALG00010016465,STK35,0,-1.9823103699837947,-2.110864662301731,0.9390987519883165,-0.0628346381168495
ENSG00000186684,ENSGALG00010021299,CYP27C1,0,-1.4515062883830776,-0.7877959496099913,1.8424901639842965,0.6111180066596679
ENSG00000100060,ENSGALG00010014388,MFNG,0,-2.029900916588227,-1.826600240522143,1.1113000379371294,0.10553053534707624
ENSG00000155438,ENSGALG00010021759,NIFK,0,0.0972855909665177,-1.536678735622151,-0.06330899797811672,
ENSG00000131899,ENSGALG00010017717,LLGL1,0,-2.3183289916764505,-2.9798132936754684,0.7780114937392247,-0.2510139814691381
ENSG00000047188,ENSGALG00010008243,YTHDC2,0,0.4574584876066225,-0.634050479912346,-0.7214859101910366,
ENSG00000169851,ENSGALG00010009266,PCDH7,0,-1.7425525915864348,-2.501833425597668,0.6965102367557315,-0.361672788446404
ENSG00000084093,ENSGALG00010003700,REST,0,-0.362407832187456,-1.5772721484003591,0.22976873873985756,-1.47068195963657
ENSG00000101846,ENSGALG00010001728,STS,1,-0.626963666666752,-0.3631050680924536,1.7266728607244746,0.5461963548890144
ENSG00000130021,ENSGALG00010001738,PUDP,1,-0.5900120029525411,-0.4677143459398164,1.2614793796136017,0.23228514303878528
ENSG00000162572,ENSGALG00010018450,SCNN1D,0,-3.374045238650682,-0.9860045493975448,3.421936785902505,1.2302067024479753
ENSG00000164675,ENSGALG00010001706,IQUB,0,0.8184218316305607,-0.5615712629851851,-1.4573784051555922,
ENSG00000011426,ENSGALG00010016788,ANLN,0,0.0061294625747585,-0.923139582802412,-0.00663980040391188,
ENSG00000114480,ENSGALG00010007931,GBE1,0,1.0076665832328118,0.3745247011985883,2.6905210257373806,0.9897348647234848
ENSG00000053254,ENSGALG00010015086,FOXN3,0,-2.6261733781054506,-1.181735378220974,2.2223024092407084,0.7985437797250728
ENSG00000115109,ENSGALG00010018858,EPB41L5,0,0.3205918537273771,-1.015439468653337,-0.3157173456656574,
ENSG00000214944,ENSGALG00010011724,ARHGEF28,0,-1.0291266046304948,-1.3721415051965709,0.7500149224646212,-0.2876621760302211
ENSG00000089169,ENSGALG00010020719,RPH3A,0,-1.7742807077953504,-2.016999094814585,0.8796636113306999,-0.12821570444128355
ENSG00000178467,ENSGALG00010020684,P4HTM,0,-1.8536602264116235,-2.151730157816047,0.8614742976382517,-0.1491100578895603
ENSG00000038532,ENSGALG00010019316,CLEC16A,0,-1.5093491172634366,-0.4636456650657013,3.2553935709709547,1.180313181091869
ENSG00000180336,ENSGALG00010025993,MEIOC,0,0.3822087691890914,-1.0588100764288335,-0.3609795351383597,
ENSG00000151093,ENSGALG00010002470,OXSM,0,0.8608523712604121,-0.3390740228341443,-2.5388331552650145,
ENSG00000150764,ENSGALG00010026481,DIXDC1,0,-1.364573793370825,-1.9307125533886695,0.7067721142517087,-0.347046992835409
ENSG00000129696,ENSGALG00010017726,TTI2,0,-0.783036582906055,-2.396675317935958,0.3267178399368732,-1.118658355386429
ENSG00000151650,ENSGALG00010021796,VENTX,0,-3.2057281926141368,-2.4559100673483467,1.305311719364126,0.2664418776639794
ENSG00000122958,ENSGALG00010023200,VPS26A,0,1.224948605537996,0.1685590274556744,7.26717888699327,1.9833681676784694
ENSG00000117713,ENSGALG00010014301,ARID1A,0,-2.184070170089486,-1.8746559816767856,1.1650511834901809,0.15276502037891515
ENSG00000158669,ENSGALG00010018071,GPAT4,0,-0.2018241890563477,-0.8627183396923231,0.23393983849737746,-1.4526912971189772
ENSG00000178295,ENSGALG00010002376,GEN1,0,0.3813371942942947,-0.630924059311714,-0.6044106080061395,
ENSG00000169249,ENSGALG00010001513,ZRSR2,1,-1.869729886244837,-1.908566978856054,0.9796511764892344,-0.020558713037960672
ENSG00000095015,ENSGALG00010013033,MAP3K1,0,-0.672721825354401,-1.0034335242107906,0.6704199223197198,-0.3998510131917858
ENSG00000075240,ENSGALG00010008745,GRAMD4,0,-1.8355938902728648,-0.2118260349973696,8.665572625648489,2.159358005882903
ENSG00000148908,ENSGALG00010002277,RGS10,0,-1.299851320768271,-1.0871617013308217,1.1956375203220373,0.17867953293761413
ENSG00000179913,ENSGALG00010027611,B3GNT3,0,-1.8649026563739015,-2.2152759876786687,0.8418376160561761,-0.17216813837890577
ENSG00000069998,ENSGALG00010011792,HDHD5,0,-1.8778216485394204,-1.8137923801829192,1.0353013217257225,0.03469251644875278
ENSG00000107798,ENSGALG00010018011,LIPA,0,0.6324060438313506,-0.0019962325793788,-316.79978092940786,
ENSG00000158552,ENSGALG00010021477,ZFAND2B,0,-2.06601356778539,-2.6154992427057806,0.7899117438275617,-0.23583405643581484
ENSG00000152620,ENSGALG00010015616,NADK2,0,-0.2421071583427583,-0.7348872045300059,0.3294480525043254,-1.1103365929940816
ENSG00000215712,ENSGALG00010006070,TMEM242,0,0.2714736756482097,0.1209962014278084,2.2436545316687706,0.8081060237893569
ENSG00000000419,ENSGALG00010014205,DPM1,0,0.7605582546246303,-0.2316379787930378,-3.283391862541541,
ENSG00000102575,ENSGALG00010003260,ACP5,0,-1.2946255472087795,-2.622110200270515,0.4937342248526462,-0.7057579129427336
ENSG00000177370,ENSGALG00010029720,TIMM22,0,-0.1426904716168522,-0.3046874005685858,0.4683175981368887,-0.758608584731059
ENSG00000187824,ENSGALG00010029569,TMEM220,0,0.5716760713239282,-1.250935966954492,-0.4569986685375442,
ENSG00000108381,ENSGALG00010029749,ASPA,0,0.9883778138952568,0.3758895131752972,2.629437053313919,0.9667697751084816
ENSG00000075340,ENSGALG00010019291,ADD2,0,-2.1411127423331884,-2.613421594817832,0.8192756754512217,-0.19933465170361792
ENSG00000169641,ENSGALG00010014165,LUZP1,0,-1.6086470836507214,-2.039982996593178,0.7885590646280884,-0.23754796780288076
ENSG00000173818,ENSGALG00010029298,ENDOV,0,-2.617407255540485,-1.822625709004173,1.4360640490309753,0.361906072020634
ENSG00000145868,ENSGALG00010011647,FBXO38,0,-0.2505988107300148,-1.1207717518299265,0.22359486694846886,-1.4979194943668916
ENSG00000090054,ENSGALG00010009464,SPTLC1,0,0.4674682941669683,0.1363701621658513,3.427936776950082,1.2319585574353755
ENSG00000166197,ENSGALG00010020248,NOLC1,0,-1.928426355943813,-1.450229576073666,1.3297386756963068,0.2849824384891991
ENSG00000103540,ENSGALG00010021058,CCP110,0,0.3337508198788317,-1.0653720622042853,-0.3132716087826554,
ENSG00000157212,ENSGALG00010025243,PAXIP1,0,-1.0076323818597288,-1.510284151010017,0.6671806634439387,-0.40469441000634915
ENSG00000153822,ENSGALG00010029765,KCNJ16,0,0.1376464576463991,-0.7915892791985331,-0.1738862074859871,
ENSG00000140332,ENSGALG00010020011,TLE3,0,-2.5034810749768948,-2.2432894913291266,1.1159866279646358,0.10973888177679171
ENSG00000185105,ENSGALG00010029948,MYADML2,0,-1.8620636410459728,-0.8545422184138572,2.179018895640063,0.7788747276275286
ENSG00000164742,ENSGALG00010008388,ADCY1,0,-1.5152812836568297,-0.3492218093409694,4.33902248692995,1.4676490893171772
ENSG00000007080,ENSGALG00010027650,CCDC124,0,-2.850401310598139,-2.0616152316514182,1.3826058649726207,0.323970026508039
ENSG00000006740,ENSGALG00010029930,ARHGAP44,0,-1.8116540257253213,-2.176127177787104,0.8325129359248139,-0.1833065185998366
ENSG00000106346,ENSGALG00010021756,USP42,0,-1.9018442474348929,-0.5654549674500313,3.3633876381198418,1.2129486916879255
ENSG00000140990,ENSGALG00010018852,NDUFB10,0,-1.311799768727198,-1.2161136976118945,1.0786818463628887,0.07573978307703581
ENSG00000123143,ENSGALG00010028565,PKN1,0,-2.7823958603989336,-0.6737579924517316,4.129666574008421,1.4181966710282703
ENSG00000084774,ENSGALG00010009098,CAD,0,-1.417829753426867,-2.2724623877138392,0.6239178087577693,-0.4717366360224644
ENSG00000167964,ENSGALG00010017991,RAB26,0,-1.5473516973191384,-1.4628015981954905,1.0578001139921838,0.05619138741319269
ENSG00000158220,ENSGALG00010020664,ESYT3,0,-1.6169757314745308,-1.2362056850950822,1.3080151231873374,0.26851081503799656
ENSG00000126603,ENSGALG00010016562,GLIS2,0,-3.204094696989701,-2.6175153220983467,1.224097780799663,0.20220406717363026
ENSG00000196353,ENSGALG00010018601,CPNE4,0,-0.2427762324109004,-0.669278894981509,0.362742997323422,-1.0140606918192736
ENSG00000135362,ENSGALG00010025190,PRR5L,0,-2.323725422840408,-2.088647012385416,1.112550569369073,0.10665518963783299
ENSG00000155561,ENSGALG00010011702,NUP205,0,0.2704721613742844,-1.237318121766538,-0.21859549021081753,
ENSG00000070444,ENSGALG00010029592,MNT,0,-3.4468753372896845,-2.367797009334014,1.4557309278210386,0.37550813037572606
ENSG00000135740,ENSGALG00010021607,SLC9A5,0,-1.62225511601798,-2.1689966060786388,0.7479288402165272,-0.2904474389334935
ENSG00000145901,ENSGALG00010016470,TNIP1,0,-2.366911161398079,-3.0091141351302517,0.7865807194766394,-0.2400599305019196
ENSG00000091947,ENSGALG00010024968,TMEM101,0,-0.5841124163031957,-2.2653417759966032,0.25784736876899034,-1.3553874630398908
ENSG00000007237,ENSGALG00010029200,GAS7,0,-2.10109571532597,-1.4909116567290763,1.4092690910577368,0.3430711948508796
ENSG00000054983,ENSGALG00010017841,GALC,0,0.9338056207766224,-0.2742830125318601,-3.404533194224537,
ENSG00000104219,ENSGALG00010016016,ZDHHC2,0,0.4815492360503448,-0.4950893834846678,-0.9726511052630109,
ENSG00000015592,ENSGALG00010010517,STMN4,0,-1.7321637434318689,-2.5022148515961047,0.6922522030140464,-0.3678049345395295
ENSG00000144791,ENSGALG00010017535,LIMD1,0,-2.253287006921221,-2.298591456675743,0.9802903427562365,-0.019906483077643464
ENSG00000163453,ENSGALG00010003660,IGFBP7,0,-2.1721647209457142,-2.1566251868884896,1.0072054866796973,0.007179651191162752
ENSG00000276293,ENSGALG00010022151,PIP4K2B,0,-1.2698042888195449,-1.3856022202647449,0.9164277238072882,-0.08727207590614325
ENSG00000172113,ENSGALG00010007418,NME6,0,-1.3021744895141565,-2.1678425151853884,0.6006776232095429,-0.5096968890109032
ENSG00000138785,ENSGALG00010006229,INTS12,0,-0.1025865468215467,-1.1168889707941094,0.09185026399589885,-2.3875955931182866
ENSG00000167513,ENSGALG00010007887,CDT1,0,-3.04576969585837,-2.422912974964014,1.2570693736549108,0.2287831179459147
ENSG00000115661,ENSGALG00010021417,STK16,0,-1.4436522494939703,-2.469157698727256,0.5846739761652772,-0.5367008928032052
ENSG00000106591,ENSGALG00010007905,MRPL32,0,-0.650725505992277,-1.0226907655648827,0.63628765204783,-0.45210453479711193
ENSG00000155660,ENSGALG00010008340,PDIA4,0,-0.8014178903128357,-0.1001244018330941,8.00422150485141,2.079969090607853
ENSG00000025708,ENSGALG00010007400,TYMP,0,-2.388182276793124,-1.498844629367856,1.5933487901280001,0.4658379587053562
ENSG00000165192,ENSGALG00010001427,ASB11,1,-0.3102499677258414,-0.5881236814311447,0.5275250385614073,-0.6395589482912897
ENSG00000106688,ENSGALG00010011937,SLC1A1,0,0.7522279227982533,0.6175903647507833,1.2180046285239576,0.19721396938225638
ENSG00000127124,ENSGALG00010015050,HIVEP3,0,-3.228725665739171,-2.487119853942172,1.2981785580705039,0.26096217281968637
ENSG00000179542,ENSGALG00010019325,SLITRK4,1,-0.0078523933367176,-0.9533967062415328,0.008236228723374968,-4.799212719029917
ENSG00000115904,ENSGALG00010017280,SOS1,0,0.0072328899008002,-0.8345763525163346,-0.008666540669397454,
ENSG00000198689,ENSGALG00010014893,SLC9A6,1,0.7676424445372945,-1.4220187162155915,-0.5398258375812492,
ENSG00000153162,ENSGALG00010010456,BMP6,0,-2.1139936454240527,-1.4525512946185677,1.455365915996224,0.37525735766268303
ENSG00000003249,ENSGALG00010008113,DBNDD1,0,-4.057513703016808,-3.0365991116381457,1.3362032832934314,0.2898322216933423
ENSG00000085511,ENSGALG00010006260,MAP3K4,0,-0.4535352830621839,-0.8916185248361935,0.5086651638889025,-0.6759653101570582
ENSG00000151445,ENSGALG00010005329,VIPAS39,0,-0.5708710854852548,-1.7557608080465887,0.32514171797717156,-1.1234941363825153
ENSG00000107679,ENSGALG00010001702,PLEKHA1,0,0.3796981390959466,-0.6588412912552294,-0.5763119952189742,
ENSG00000056586,ENSGALG00010029145,RC3H2,0,-0.1928439522158562,-1.122131961875155,0.171854967836048,-1.7611043681259546
ENSG00000137573,ENSGALG00010004297,SULF1,0,-0.3810525725278779,-0.9025931307963824,0.42217535180183,-0.8623345256562248
ENSG00000121446,ENSGALG00010009971,RGSL1,0,-0.1910672002967945,-2.0843671122459124,0.0916667698191222,-2.389595344684794
ENSG00000154978,ENSGALG00010007183,VOPP1,0,-1.0692148158013062,-0.5777735181496071,1.8505777475326355,0.615497886299586
ENSG00000182156,ENSGALG00010029236,ENPP7,0,-2.045896420062789,-1.3465991601281675,1.5193061756165533,0.41825376723688673
ENSG00000152404,ENSGALG00010005154,CWF19L2,0,0.3893585787710272,-0.9430923623563068,-0.4128530717799672,
ENSG00000185262,ENSGALG00010029449,UBALD2,0,-2.7883507678713304,-3.1780938139042667,0.8773657831220093,-0.13083128904783925
ENSG00000115963,ENSGALG00010009638,RND3,0,-0.3628625393425224,-1.2709483235384789,0.2855053448060483,-1.25349452919949
ENSG00000198829,ENSGALG00010001111,SUCNR1,0,1.000869416393277,-1.347900180981719,-0.7425397151177112,
ENSG00000183833,ENSGALG00010025138,CFAP91,0,-0.4191421934451345,-1.1289504933628531,0.371267115705506,-0.9908334870174803
ENSG00000131724,ENSGALG00010014682,IL13RA1,1,0.083459435129928,-1.3722685068481832,-0.060818589593385805,
ENSG00000137817,ENSGALG00010021492,PARP6,0,-0.7404959544371188,-2.0917832961574345,0.35400223139624243,-1.038452062489013
ENSG00000119986,ENSGALG00010020609,AVPI1,0,-4.1238804336017,-2.089985186631341,1.9731625180791887,0.6796375946969223
ENSG00000089006,ENSGALG00010018709,SNX5,0,0.2623210631199022,-0.195604429808058,-1.3410793578515152,
ENSG00000158022,ENSGALG00010016425,TRIM63,0,-1.7440090874415564,-2.507941973713669,0.695394512999474,-0.3632759498630403
ENSG00000128242,ENSGALG00010000200,GAL3ST1,0,-2.1950207158773853,-2.173115680731196,1.0100800133837418,0.010029548887358299
ENSG00000282872,ENSGALG00010016353,C1orf232,0,-1.7737133730371148,-2.604382412984966,0.6810495126190801,-0.38412026972067
ENSG00000168758,ENSGALG00010020428,SEMA4C,0,-1.9035458209344984,-2.5443719218161487,0.7481397686450515,-0.2901654619858154
ENSG00000168306,ENSGALG00010020920,ACOX2,0,-1.4721970422329616,-0.8060325207294619,1.8264735037000974,0.6023870605507146
ENSG00000241127,ENSGALG00010017824,YAE1,0,0.1357094926950832,-0.8067480237299617,-0.16821794253382452,
ENSG00000107672,ENSGALG00010001432,NSMCE4A,0,-1.0011900058517522,-1.7195602289902276,0.5822360793024843,-0.5408792789577974
ENSG00000033122,ENSGALG00010023606,LRRC7,0,-0.5734110482348864,-1.7854701782252835,0.32115408883773344,-1.1358342434966
ENSG00000177354,ENSGALG00010020164,C10orf71,0,-2.5474815374279043,-1.4776466924580391,1.7240126144025767,0.5446544891535823
ENSG00000181409,ENSGALG00010029542,AATK,0,-3.305250826418943,-2.953675719481713,1.1190296905710833,0.11246196210655168
ENSG00000129158,ENSGALG00010024423,SERGEF,0,-0.7535079359645369,-0.6042298956728112,1.2470550387539239,0.22078480265566905
ENSG00000139926,ENSGALG00010019613,FRMD6,0,-0.708703558743661,-2.69506106074679,0.2629638226257041,-1.3357388128224015
ENSG00000189195,ENSGALG00010022019,BTBD8,0,0.4184548727326938,-0.7981026790754633,-0.5243120762574555,
ENSG00000131095,ENSGALG00010021974,GFAP,0,-2.363593138537695,-3.258619812203373,0.7253356558154325,-0.32112075772811627
ENSG00000184489,ENSGALG00010009335,PTP4A3,0,-1.478858927698731,-1.1008172204835451,1.3434191436877478,0.295217963926069
ENSG00000160679,ENSGALG00010028442,CHTOP,0,-0.6427382853657839,-1.476036703001602,0.43544871483123704,-0.8313782512055643
ENSG00000148541,ENSGALG00010010127,FAM13C,0,-1.434885204292076,-1.527469905781952,0.939386889954811,-0.06252786125114375
ENSG00000134207,ENSGALG00010025434,SYT6,0,-1.638711975294191,-1.629144511958898,1.0058726916274536,0.0058555145914593685
ENSG00000077684,ENSGALG00010007978,JADE1,0,-1.4167328486662747,-1.5589899047608196,0.9087504956509838,-0.0956847047139418
ENSG00000122557,ENSGALG00010019008,HERPUD2,0,0.1208402644401367,-0.9174019854172032,-0.13172008166647106,
ENSG00000137168,ENSGALG00010024847,PPIL1,0,0.104183410479326,-1.799742743467054,-0.05788794585087498,
ENSG00000046647,ENSGALG00010002369,GEMIN8,1,-1.2052178484886775,-0.859642588750914,1.4019987658358044,0.3378989083237116
ENSG00000111961,ENSGALG00010005442,SASH1,0,-1.9773010125570991,-1.45263120097912,1.3611858338333465,0.3083562564741989
ENSG00000007545,ENSGALG00010017391,CRAMP1,0,-2.9063316235074748,-1.8611398347346868,1.5615869206957167,0.44570256106254075
ENSG00000175634,ENSGALG00010022422,RPS6KB2,0,-2.4137569814585653,-2.2189870821098507,1.087774237587505,0.08413362468482045
ENSG00000213123,ENSGALG00010014916,DYNLT2B,0,0.8166978430657093,-0.3360161889338721,-2.4305312361793234,
ENSG00000120029,ENSGALG00010020970,ARMH3,0,0.0851700472141416,-1.0133498365710985,-0.08404801988455832,
ENSG00000125841,ENSGALG00010013935,NRSN2,0,-2.049844730441768,-2.764948020306382,0.7413682699954072,-0.29925778659784036
ENSG00000125686,ENSGALG00010026162,MED1,0,-1.0647586294456577,-1.580785615523468,0.673562954387758,-0.3951738140216091
ENSG00000122390,ENSGALG00010016738,NAA60,0,-1.0379601123799418,-0.9805412390300788,1.0585583462115882,0.05690793167174269
ENSG00000103966,ENSGALG00010020300,EHD4,0,-1.885100836253544,-0.9952051681461712,1.8941831258423176,0.6387876774407144
ENSG00000006634,ENSGALG00010004236,DBF4,0,0.5399017088096532,-0.6507304375285892,-0.8296856542628424,
ENSG00000283526,ENSGALG00010028205,PRRT1B,0,-2.8111550376381924,-2.340244917977708,1.2012225797577698,0.18333985461750527
ENSG00000119682,ENSGALG00010005981,AREL1,0,-0.1464133335815169,-1.160400484310013,0.12617482977747624,-2.0700867958553837
ENSG00000182612,ENSGALG00010029512,TSPAN10,0,-2.902634053429116,-3.001730968564248,0.9669867432581639,-0.03357049276638792
ENSG00000132554,ENSGALG00010011347,RGS22,0,0.80467247068934,-0.80532977540417,-0.9991838067647504,
ENSG00000173714,ENSGALG00010029277,WFIKKN2,0,-2.047944306342508,-1.4856001370614984,1.3785299659390988,0.32101768932241265
ENSG00000170836,ENSGALG00010029198,PPM1D,0,-0.7752053463008721,-1.745890651704502,0.44401712417902234,-0.8118921493228664
ENSG00000089682,ENSGALG00010016319,RBM41,1,-0.3305712668821279,-2.733102441667803,0.12095092443018916,-2.112370398878094
ENSG00000114796,ENSGALG00010024326,KLHL24,0,0.9112063929317138,-0.9444000088171874,-0.9648521647865644,
ENSG00000157992,ENSGALG00010008955,KRTCAP3,0,-1.2610338465075177,-2.1727043638433075,0.5803982665533329,-0.5440407446179617
ENSG00000164897,ENSGALG00010027159,TMUB1,0,-3.0116302193145312,-2.2230602729869764,1.354722701813211,0.3035967852800514
ENSG00000206053,ENSGALG00010019278,JPT2,0,-2.255401052647919,-1.479964315360455,1.5239563746498856,0.4213098312969176
ENSG00000018189,ENSGALG00010004237,RUFY3,0,-0.2051295697431356,-1.6301614851394972,0.12583389536134337,-2.07279253252338
ENSG00000149262,ENSGALG00010001997,INTS4,0,-0.1021733142677057,-1.5934046476339216,0.06412264105004645,-2.746957762911767
ENSG00000176731,ENSGALG00010013258,RBIS,0,1.2598851311245447,-0.3065478923895051,-4.1099128795304605,
ENSG00000126562,ENSGALG00010022251,WNK4,0,-2.6584878280301254,-2.8645782978263106,0.9280555640763704,-0.07466367290608203
ENSG00000186260,ENSGALG00010020486,MRTFB,0,-1.7324648490480516,-1.3670341654021807,1.267316423315844,0.23690161231792883
ENSG00000114956,ENSGALG00010020617,DGUOK,0,-1.001230953888383,-2.2287697834136155,0.44923031590767687,-0.8002195697315336
ENSG00000151466,ENSGALG00010007713,SCLT1,0,0.0803302460045554,-1.0097064751878526,-0.07955801807610496,
ENSG00000167524,ENSGALG00010029210,RSKR,0,-1.3355558097567908,-2.708465551945358,0.4931042260432393,-0.7070347154313711
ENSG00000166415,ENSGALG00010021813,WDR72,0,0.4509106200682353,-0.4184880395466344,-1.0774755248841177,
ENSG00000172794,ENSGALG00010029664,RAB37,0,-1.2442680381314144,-1.787541334547811,0.6960779110857166,-0.36229368369755766
ENSG00000131323,ENSGALG00010017049,TRAF3,0,-1.2529781620150082,-0.9637959057913,1.300045117940486,0.26239896997331413
ENSG00000170264,ENSGALG00010018530,FAM161A,0,-0.3103773128075513,-2.070276675290317,0.14992069249102988,-1.8976488414323227
ENSG00000104517,ENSGALG00010012024,UBR5,0,0.0296809769124521,-0.9527523933868344,-0.031152875729802652,
ENSG00000185477,ENSGALG00010008320,GPRIN3,0,-1.8154533713554957,-2.315241257645805,0.784131401148878,-0.2431786691694057
ENSG00000171307,ENSGALG00010020682,ZDHHC16,0,-0.7836389085526605,-1.852212465293047,0.42308262320687784,-0.8601877922794335
ENSG00000121058,ENSGALG00010029586,COIL,0,-0.631294788515687,-1.5433540181955796,0.4090408169952922,-0.8939403308642259
ENSG00000100600,ENSGALG00010015472,LGMN,0,-0.349922569048287,0.0795755508291734,-4.39736282566832,
ENSG00000140297,ENSGALG00010024725,GCNT3,0,-0.0762258136206845,-2.5528176498683472,0.029859482374158444,-3.511252822113161
ENSG00000109182,ENSGALG00010016575,CWH43,0,0.5955551336500307,0.1637239731931444,3.637556077065495,1.2913120487541736
ENSG00000154269,ENSGALG00010005104,ENPP3,0,0.4161624121353124,-0.3669397641317017,-1.1341436737446198,
ENSG00000143845,ENSGALG00010025748,ETNK2,0,-1.5845647595949188,-1.810117396594468,0.8753933654116021,-0.13308193317615266
ENSG00000104866,ENSGALG00010008969,PPP1R37,0,-3.400113491656884,-2.466748574893636,1.3783786180168336,0.32090789393543606
ENSG00000184924,ENSGALG00010010805,PTRHD1,0,-0.9489478897594524,-1.9513954573882883,0.4862919436276165,-0.7209461283811937
ENSG00000148399,ENSGALG00010027822,DPH7,0,-2.005920082982776,-1.8584665397201896,1.0793415109237248,0.07635114307845113
ENSG00000145996,ENSGALG00010008147,CDKAL1,0,0.4746880752199569,0.0384136547259162,12.357274479788128,2.514244916369341
ENSG00000106244,ENSGALG00010021401,PDAP1,0,-1.7628327110104944,-0.3457517383913385,5.09855053574665,1.6289562906582127
ENSG00000157933,ENSGALG00010020038,SKI,0,-2.887835520617431,-2.0738364111129157,1.3925088329738053,0.33110703604787695
ENSG00000143839,ENSGALG00010027900,REN,0,-0.7988307990421841,-2.013275877854962,0.39678158757521875,-0.9243693069282332
ENSG00000106266,ENSGALG00010019962,SNX8,0,-2.096779498506644,-1.3055545400256467,1.6060451204631054,0.4737747100633552
ENSG00000103489,ENSGALG00010020878,XYLT1,0,-1.9586523701525405,-1.6045012453638996,1.2207234963587204,0.19944371277471068
ENSG00000163864,ENSGALG00010026692,NMNAT3,0,-1.9113419053557423,-0.7700209122302782,2.482194801462933,0.9091431693846598
ENSG00000164252,ENSGALG00010010457,AGGF1,0,0.1866808670304909,-0.6957727826896563,-0.26830722855935335,
ENSG00000196503,ENSGALG00010003743,ARL9,0,-0.7526249527038473,-1.857038252845172,0.40528241760811823,-0.9031711274679464
ENSG00000103154,ENSGALG00010024761,NECAB2,0,-2.1418552558201807,-2.1772191170244324,0.9837573256050668,-0.016376032665729706
ENSG00000147251,ENSGALG00010014641,DOCK11,1,0.712601268723029,-1.0953763676838284,-0.6505538093996159,
ENSG00000163909,ENSGALG00010018289,HEYL,0,-3.099777702788844,-1.97391965173196,1.5703667067041112,0.45130916323583803
ENSG00000156869,ENSGALG00010024060,FRRS1,0,0.8547676311624137,0.3765804098223008,2.2698143845713004,0.8196980592387302
ENSG00000113649,ENSGALG00010013831,TCERG1,0,-0.3081127361494538,-0.6701783347329964,0.45974738391417563,-0.7770781057495119
ENSG00000162460,ENSGALG00010021800,TMEM82,0,-2.934223717316071,-2.671655482960208,1.0982792265060073,0.09374461540767216
ENSG00000101126,ENSGALG00010014260,ADNP,0,-0.2447640474431818,-0.5654739785140811,0.43284758758724534,-0.8373696046586406
ENSG00000129534,ENSGALG00010018189,MIS18BP1,0,0.7572213016370153,-1.0099599458407371,-0.7497537944504021,
ENSG00000181523,ENSGALG00010029307,SGSH,0,-2.487134892056181,-2.185898821849249,1.137808789316282,0.12910429813871144
ENSG00000188706,ENSGALG00010014797,ZDHHC9,1,-0.8188326131839396,-1.6153915564599268,0.506894201538593,-0.6794529726329944
ENSG00000149679,ENSGALG00010021350,CABLES2,0,-2.7421362201983843,-1.1284238346116282,2.430058756373354,0.8879154366376477
ENSG00000135046,ENSGALG00010014114,ANXA1,0,0.944727402962247,-0.1341573132718332,-7.041937408570599,
ENSG00000131746,ENSGALG00010022522,TNS4,0,-2.9282769516495417,-3.092679963678379,0.9468412464400943,-0.0546238382437769
ENSG00000071537,ENSGALG00010006847,SEL1L,0,0.549399612914506,0.1334798586010769,4.115973890536273,1.4148754745445584
ENSG00000108375,ENSGALG00010029599,RNF43,0,-2.8867880293661887,-2.8058578702651773,1.028843285313437,0.028435147210080874
ENSG00000124160,ENSGALG00010013081,NCOA5,0,-1.8673384052217208,-1.7285850285603308,1.0802699169371797,0.0772109330005366
ENSG00000105696,ENSGALG00010028451,TMEM59L,0,-2.302966226099338,-2.594829849701273,0.8875210936718892,-0.11932299039738747
ENSG00000103978,ENSGALG00010019371,TMEM87A,0,1.1149488394786236,0.3059676636476168,3.6440087366968004,1.2930843769515887
ENSG00000109832,ENSGALG00010029482,DDX25,0,-0.0465142277416781,-2.197270784626017,0.021169092160661925,-3.8552130780490717
ENSG00000183891,ENSGALG00010002520,TTC32,0,0.3957625424583231,-0.8513638289621145,-0.4648571257024057,
ENSG00000175221,ENSGALG00010027443,MED16,0,-2.6103508002461524,-1.9413066974066648,1.3446359628456668,0.2961233168245841
ENSG00000180900,ENSGALG00010008324,SCRIB,0,-3.348149514083316,-2.418014243866471,1.384669061638584,0.32546116642219464
ENSG00000185985,ENSGALG00010014077,SLITRK2,1,-0.8370323732292082,-1.7811500624756855,0.46993927735981234,-0.7551517897314801
ENSG00000001629,ENSGALG00010004891,ANKIB1,0,-0.1437883222468361,-0.995783105518895,0.1443972301296567,-1.9351872346349719
ENSG00000157131,ENSGALG00010026635,C8A,0,-0.3395185998475689,-1.2372294407937412,0.2744184616474626,-1.2931011053372579
ENSG00000158234,ENSGALG00010020614,FAIM,0,1.3281117265873004,-0.1523486154966868,-8.717583171054045,
ENSG00000153107,ENSGALG00010017890,ANAPC1,0,0.0369522251793821,-0.9630306129582368,-0.03837076898923522,
ENSG00000042088,ENSGALG00010017596,TDP1,0,-0.6089173612941234,-1.1053333350037424,0.550890253655529,-0.5962196663362609
ENSG00000106341,ENSGALG00010019657,PPP1R17,0,-0.5673708072743651,-1.4786108128333315,0.38371882739526464,-0.957845214923475
ENSG00000100294,ENSGALG00010011916,MCAT,0,-1.7181890854181423,-1.9604476049301764,0.876426934898542,-0.13190193816560916
ENSG00000188026,ENSGALG00010027012,RILPL1,0,-2.9814979566010056,-1.8983121943057328,1.5706046484579554,0.4514606716244188
ENSG00000198089,ENSGALG00010022006,SFI1,0,-2.1915254529760144,-1.3770370417011757,1.5914789410956072,0.464663735541631
ENSG00000103316,ENSGALG00010017106,CRYM,0,-0.899935906263492,-1.5771387632854272,0.5706130159332236,-0.5610440295038716
ENSG00000110048,ENSGALG00010020336,OSBP,0,-0.6787462761321024,-2.4282549205437576,0.2795201897419037,-1.274680753783285
ENSG00000249853,ENSGALG00010013363,HS3ST5,0,-0.1862304668355872,-0.8195428343229012,0.22723701438918578,-1.4817616899590609
ENSG00000105926,ENSGALG00010002385,PALS2,0,0.7957026627088606,-0.5429325822442801,-1.4655643973690502,
ENSG00000143851,ENSGALG00010025801,PTPN7,0,-2.3028026985709875,-2.545271799522037,0.9047374425801671,-0.1001104960707292
ENSG00000130347,ENSGALG00010013076,RTN4IP1,0,1.290970744393258,-0.1909230056274632,-6.761734868726366,
ENSG00000130811,ENSGALG00010002781,EIF3G,0,-2.0736878448999025,-2.4825770767528743,0.8352964604072697,-0.17996857474000574
ENSG00000114904,ENSGALG00010028069,NEK4,0,-0.953822003787268,-1.1265751141570923,0.8466563763046738,-0.16646036168238226
ENSG00000275023,ENSGALG00010022085,MLLT6,0,-3.158632074431834,-3.124868623568487,1.0108047585132685,0.010746804191248896
ENSG00000110811,ENSGALG00010023340,P3H3,0,-2.6243951196357767,-1.522781025431418,1.7234225248454624,0.5443121537424477
ENSG00000178381,ENSGALG00010016983,ZFAND2A,0,-0.4466733423245212,-0.983639906460488,0.4541025017293396,-0.7894323316898406
ENSG00000271601,ENSGALG00010027895,LIX1L,0,-1.544460036040638,-2.917609743985716,0.5293579921798477,-0.636090342205566
ENSG00000165156,ENSGALG00010009721,ZHX1,0,0.1779588605464148,-0.9561952856763928,-0.18611141804629416,
ENSG00000123080,ENSGALG00010024533,CDKN2C,0,-0.5545342643684403,-1.75519561438343,0.31593872490573577,-1.1522069927240666
ENSG00000163795,ENSGALG00010009019,ZNF513,0,-3.20486995582562,-2.8202147335915235,1.1363921752668247,0.1278584854293335
ENSG00000145365,ENSGALG00010004065,TIFA,0,-0.3846736132094204,-1.154280691492004,0.33325829327717305,-1.0988374341799392
ENSG00000205309,ENSGALG00010017495,NT5M,0,-1.8319714775398417,-1.936096303565925,0.9462191907322456,-0.05528103409238593
ENSG00000108798,ENSGALG00010024497,ABI3,0,-3.191303061745314,-2.8714937034284778,1.1113738671740752,0.1055969681573982
ENSG00000103888,ENSGALG00010019331,CEMIP,0,-0.915582817634398,-0.5885720613435019,1.5556002021985993,0.4418614532805468
ENSG00000028203,ENSGALG00010011775,VEZT,0,-0.1412568119890913,-1.38630422417081,0.10189452612652986,-2.2838170582872994
ENSG00000188732,ENSGALG00010001420,FAM221A,0,-0.1664856541854966,-1.0060536720936202,0.16548386910515045,-1.7988815565578942
ENSG00000198492,ENSGALG00010015166,YTHDF2,0,-0.2972367152349555,-1.5480106005596248,0.1920120670539987,-1.6501970596897095
ENSG00000205436,ENSGALG00010015691,EXOC3L4,0,-2.785332791286544,-1.2558996457231657,2.217798851024206,0.7965151954667775
ENSG00000100485,ENSGALG00010019232,SOS2,0,0.0696964831405377,-1.141852644031777,-0.06103807133505931,
ENSG00000070366,ENSGALG00010029402,SMG6,0,-1.2276727088523032,-2.025067521425927,0.6062379134834242,-0.5004827734513662
ENSG00000147364,ENSGALG00010003727,FBXO25,0,-0.0099051174974995,-0.9743418356050708,0.010165957301164612,-4.5887106601271155
ENSG00000050555,ENSGALG00010027632,LAMC3,0,-2.954273262568636,-2.8877793344272065,1.023025972708063,0.022764875413635206
ENSG00000171488,ENSGALG00010022831,LRRC8C,0,0.2312014082429581,-0.7882350134305474,-0.29331532386099674,
ENSG00000134258,ENSGALG00010022564,VTCN1,0,-0.0938817384348613,-1.7209264199763288,0.05455302292131272,-2.908582152632346
ENSG00000161996,ENSGALG00010018259,WDR90,0,-2.768749765691544,-2.185087015810465,1.2671119024816475,0.23674021826108477
ENSG00000178605,ENSGALG00010002569,GTPBP6,1,-2.7142479510475024,-0.6668717852399427,4.070119640870556,1.403672394813747
ENSG00000130958,ENSGALG00010008846,SLC35D2,0,0.6312672539920658,0.4362030350688491,1.447186753050511,0.36962150155409107
ENSG00000185055,ENSGALG00010010196,EFCAB10,0,0.5442885892712699,-2.4714002948847185,-0.22023489695207749,
ENSG00000169047,ENSGALG00010023620,IRS1,0,-2.9481038295812763,-2.5176466789270875,1.1709759968533913,0.15783758641522141
ENSG00000180535,ENSGALG00010021958,BHLHA15,0,-4.3911025945115565,-1.5102782418730527,2.9074792132777434,1.0672864560395516
ENSG00000164715,ENSGALG00010021902,LMTK2,0,-1.7805010970595916,-1.055656449891329,1.6866292980475601,0.5227320390780613
ENSG00000100614,ENSGALG00010016903,PPM1A,0,0.3740262613792957,-0.7915938549184186,-0.47249768180406443,
ENSG00000069869,ENSGALG00010022466,NEDD4,0,0.4609910478152343,-0.8653908116318237,-0.5326969521966229,
ENSG00000135185,ENSGALG00010006053,TMEM243,0,0.4653358833202432,-0.3742050454457398,-1.2435318256223713,
ENSG00000167182,ENSGALG00010023730,SP2,0,-2.417661661267857,-2.530110920744748,0.9555556009205355,-0.045462326601779464
ENSG00000183615,ENSGALG00010017459,FAM167B,0,-3.37432857073752,-2.819389273914572,1.1968296119863024,0.17967607056759546
ENSG00000116661,ENSGALG00010021217,FBXO2,0,-2.9314576664221814,-1.2909586184003885,2.2707603672490415,0.8201147389513807
ENSG00000122644,ENSGALG00010004029,ARL4A,0,0.8117912454157974,-1.0198253415236975,-0.7960100738455065,
ENSG00000187730,ENSGALG00010020098,GABRD,0,-2.0020375044269336,-0.4116300014164926,4.863682184334388,1.5817958021373106
ENSG00000198742,ENSGALG00010021301,SMURF1,0,-1.3313541870969292,-0.6326044697085202,2.104560196532228,0.7441065125410671
ENSG00000055044,ENSGALG00010025157,NOP58,0,0.9919779603042098,-0.083210649957041,-11.921286047114599,
ENSG00000189367,ENSGALG00010004872,KIAA0408,0,-0.5428750026288753,-1.2072549785110915,0.44967717035087607,-0.7992253528920065
ENSG00000103260,ENSGALG00010018383,METRN,0,-2.9210334196939645,-3.114824619379619,0.9377842339886693,-0.06423538416697841
ENSG00000120899,ENSGALG00010009972,PTK2B,0,-1.8407123958936624,-2.6022679010046805,0.7073493068038853,-0.34623066606794
ENSG00000103035,ENSGALG00010008313,PSMD7,0,-0.1619263034504996,-0.9419690532567734,0.17190193551545452,-1.760831107113647
ENSG00000089916,ENSGALG00010005170,GPATCH2L,0,-1.2725580486886194,-2.1381104133867805,0.5951788273987588,-0.5188933683426713
ENSG00000167131,ENSGALG00010021969,DNAAF19,0,-1.8396217487421345,-2.6419816049237768,0.696303768850506,-0.3619692643662422
ENSG00000132321,ENSGALG00010012454,DRC11,0,0.2005649991216991,-1.2447941353130538,-0.1611230270387311,
ENSG00000152315,ENSGALG00010017599,KCNK13,0,-1.7555639301826638,-1.3200083013673716,1.3299643103487366,0.2851521075493573
ENSG00000009724,ENSGALG00010021679,MASP2,0,-0.7512688645515144,-0.4096475385693361,1.833939652549276,0.6064664684669846
ENSG00000122257,ENSGALG00010017644,RBBP6,0,-0.1921526360083767,-0.907408712135134,0.21175974336442205,-1.5523029329811864
ENSG00000020577,ENSGALG00010018834,SAMD4A,0,-2.0663287614092933,-2.8841290286070413,0.7164480995523546,-0.3334494704124012
ENSG00000188760,ENSGALG00010021180,TMEM198,0,-1.9897126549941488,-2.497605901697119,0.7966479634125394,-0.22734239988830268
ENSG00000123989,ENSGALG00010018140,CHPF,0,-2.667739946225735,-2.188245092291896,1.2191230112307172,0.19813175699995905
ENSG00000183856,ENSGALG00010028108,IQGAP3,0,-1.4897191131613088,-2.664272411872266,0.5591466948060455,-0.5813434166296838
ENSG00000086848,ENSGALG00010022986,ALG9,0,0.4954617878016396,-0.4294019949547842,-1.153841373871147,
ENSG00000151929,ENSGALG00010002371,BAG3,0,-2.686992218354101,-1.5737344066429917,1.7073987878843249,0.5349710356748318
ENSG00000140543,ENSGALG00010020199,DET1,0,-0.5731635902909389,-1.7712713729093714,0.3235888069197996,-1.1282816836426242
ENSG00000171863,ENSGALG00010003474,RPS7,0,-0.5423259197182837,-0.6679874785222468,0.8118803677548605,-0.20840228002579841
ENSG00000066185,ENSGALG00010017663,ZMYND12,0,-0.1894510246394762,-0.8908739685364441,0.21265749290072122,-1.548072422066341
ENSG00000139990,ENSGALG00010020340,DCAF5,0,-1.9513760578672092,-1.7908268225872446,1.0896508993806648,0.08585736914425032
ENSG00000143514,ENSGALG00010016604,TP53BP2,0,-0.5585546318937613,-1.5347873064547275,0.3639296660486404,-1.010794655156877
ENSG00000118816,ENSGALG00010002678,CCNI,0,0.1196100249259597,-1.408342459896303,-0.08492964483565073,
ENSG00000169093,ENSGALG00010001807,ASMTL,1,-1.9985671484388696,-0.4307896400486893,4.639311075848957,1.5345658801821027
ENSG00000163053,ENSGALG00010023290,SLC16A14,0,-0.0005454860743974,0.6554536822795886,-0.0008322267295841035,
ENSG00000131482,ENSGALG00010022348,G6PC1,0,-0.3375938615824925,-1.3847601212839282,0.24379230481412237,-1.4114386259518805
ENSG00000142599,ENSGALG00010017344,RERE,0,-2.978307337263848,-2.2870954706459354,1.3022225680953738,0.2640724724148614
ENSG00000176658,ENSGALG00010024096,MYO1D,0,0.3563180279039137,-1.2107321945243552,-0.2942996225882106,
ENSG00000178750,ENSGALG00010006330,STX19,0,0.7768370090422945,-0.4018129771058326,-1.9333298158702454,
ENSG00000107105,ENSGALG00010005738,ELAVL2,0,0.2442504611713936,-0.4526553048268523,-0.5395948276024805,
ENSG00000143882,ENSGALG00010002590,ATP6V1C2,0,-0.2867647229670584,-0.3887547445132958,0.737649448693097,-0.30428656900161405
ENSG00000168297,ENSGALG00010020880,PXK,0,-0.6049257421534779,-0.8693242650105275,0.6958574222544591,-0.3626104927156498
ENSG00000204356,ENSGALG00010025929,NELFE,0,-1.9959425962576864,-2.9868448060199304,0.6682444940677538,-0.40310116332701285
ENSG00000106077,ENSGALG00010029606,ABHD11,0,-2.489766957645178,-1.9342572553875432,1.287195356620924,0.25246570934096246
ENSG00000100852,ENSGALG00010005714,ARHGAP5,0,0.944915987127871,-0.1546835853478391,-6.108702387541803,
ENSG00000116882,ENSGALG00010024186,HAO2,0,-0.3056688942030288,-0.7606170132720084,0.4018696517030403,-0.9116274924382746
ENSG00000088205,ENSGALG00010021138,DDX18,0,0.8231389679708165,-0.1796455078872934,-4.582018095811448,
ENSG00000138134,ENSGALG00010022022,STAMBPL1,0,0.2817739601166629,-0.7598385932052709,-0.37083396741936936,
ENSG00000151413,ENSGALG00010005696,NUBPL,0,0.5034514413813191,-0.4029971217060075,-1.2492680822385491,
ENSG00000106701,ENSGALG00010013045,FSD1L,0,0.8673520464286746,-0.4726044824275706,-1.835259881525989,
ENSG00000046651,ENSGALG00010002408,OFD1,1,-0.2001767318455805,-1.531483694234988,0.1307077134409671,-2.0347916437125853
ENSG00000166166,ENSGALG00010015879,TRMT61A,0,-2.801297537858728,-1.188242363073576,2.357513605736738,0.8576075067651264
ENSG00000152779,ENSGALG00010018154,SLC16A12,0,0.4131784641234457,-0.354143503201104,-1.1666978509805335,
ENSG00000028528,ENSGALG00010023261,SNX1,0,-1.1300041233926326,-1.6701900252140605,0.6765721901900386,-0.39071612577106035
ENSG00000156381,ENSGALG00010017304,ANKRD9,0,-2.4830089537253244,-2.833113681131017,0.8764240454813215,-0.13190523498576426
ENSG00000144120,ENSGALG00010018764,TMEM177,0,-1.728077118212294,0.1145186288313411,-15.089921490042842,
ENSG00000127774,ENSGALG00010029741,EMC6,0,-1.159779185631571,-0.8471420390799329,1.3690492646205918,0.3141165315029507
ENSG00000181192,ENSGALG00010007883,DHTKD1,0,-0.9984897883420008,-0.8246935010363461,1.2107404594400886,0.19123212239411838
ENSG00000165379,ENSGALG00010018398,LRFN5,0,0.3408849311435062,-1.880918680075978,-0.18123321053398037,
ENSG00000184708,ENSGALG00010022027,EIF4ENIF1,0,-1.5186632308887322,-1.192672640826465,1.2733278008593971,0.2416337890661161
ENSG00000175866,ENSGALG00010029548,BAIAP2,0,-2.379779814521539,-1.630332209581142,1.4596901174717896,0.378224164885392
ENSG00000178096,ENSGALG00010027977,BOLA1,0,-2.6736877943196884,-3.5559328387912035,0.7518949078994912,-0.28515871493191236
ENSG00000013619,ENSGALG00010011617,MAMLD1,1,-2.264028076644596,-2.211979943891137,1.0235301106129833,0.02325754494683391
ENSG00000173212,ENSGALG00010025382,MAB21L3,0,-1.3091199892615517,-1.8011145815851233,0.7268388156123985,-0.3190505377051146
ENSG00000143473,ENSGALG00010018849,KCNH1,0,-0.9922770936754652,-0.8631617920063351,1.1495841253225705,0.13940024681691943
ENSG00000102858,ENSGALG00010019640,MGRN1,0,-2.906847914459865,-2.091354348142477,1.3899356257067113,0.32925743362893123
ENSG00000082258,ENSGALG00010019587,CCNT2,0,-0.8438062701030233,-0.8984507032347182,0.9391792638873152,-0.06274890863658351
ENSG00000146576,ENSGALG00010016720,INTS15,0,-1.6122884649643865,-1.5302813564480036,1.0535895625800036,0.05220296496278885
ENSG00000110713,ENSGALG00010003136,NUP98,0,-0.3845469381759141,-1.702507080697688,0.22587097729915262,-1.4877913396399438
ENSG00000092020,ENSGALG00010006761,PPP2R3C,0,1.4110164722959233,-0.30221034885188,-4.6689879339224545,
ENSG00000187257,ENSGALG00010009391,RSBN1L,0,-0.2075220961057251,-1.1093733392273188,0.1870624511765036,-1.6763127543702365
ENSG00000128849,ENSGALG00010023126,CGNL1,0,-1.848389713517236,-1.2101155809994713,1.5274489003691654,0.42359895839056944
ENSG00000174502,ENSGALG00010027082,SLC26A9,0,-0.9552230842532694,-0.9099735731815264,1.0497261815126542,0.048529350648784525
ENSG00000133935,ENSGALG00010005077,ERG28,0,-0.4233321887335872,-1.0300711859449547,0.4109737215348235,-0.889226004401491
ENSG00000241878,ENSGALG00010021972,PISD,0,-2.198615294920339,-1.0070440274994783,2.183236516857728,0.7808084165719108
ENSG00000087301,ENSGALG00010017962,TXNDC16,0,1.3225142694042074,-1.3006776225724288,-1.016788669577163,
ENSG00000144644,ENSGALG00010002309,GADL1,0,0.4644991501834337,-0.1565101922297354,-2.9678524035138425,
ENSG00000161202,ENSGALG00010017773,DVL3,0,-2.5987701998806543,-2.1824792666867965,1.1907422166836095,0.1745768241950927
ENSG00000132581,ENSGALG00010029211,SDF2,0,-1.4643233388685797,-2.128402118015588,0.687991863226409,-0.37397826782453025
ENSG00000168411,ENSGALG00010023266,RFWD3,0,-1.167993376936833,-2.2257939271785125,0.524753600355725,-0.6448264592173186
ENSG00000137941,ENSGALG00010021080,TTLL7,0,0.3322726495166979,-0.8374720939357869,-0.3967566823094345,
ENSG00000185070,ENSGALG00010017820,FLRT2,0,-1.1630774320574169,-1.419953940053898,0.8190951827728082,-0.19955498360007182
ENSG00000115255,ENSGALG00010028065,REEP6,0,-1.0047545975375805,-1.8898135900851272,0.5316686274291852,-0.631734864483522
ENSG00000129951,ENSGALG00010027421,PLPPR3,0,-2.8637739214345235,-2.16450403305016,1.3230624095437566,0.2799490567668233
ENSG00000141519,ENSGALG00010029313,CCDC40,0,-2.4503710097226588,-1.7303417897992472,1.4161196499836883,0.3479204902777755
ENSG00000167515,ENSGALG00010007912,TRAPPC2L,0,-0.5285745410053586,-0.1321858252118377,3.998723313625181,1.385975138580092
ENSG00000076356,ENSGALG00010027186,PLXNA2,0,-1.94475881231528,-2.467701858693648,0.7880849971660662,-0.23814933051726478
ENSG00000134982,ENSGALG00010008333,APC,0,-0.3007210149336092,-1.2366456939870063,0.24317475603223904,-1.4139749334871794
ENSG00000103335,ENSGALG00010008514,PIEZO1,0,-2.188611142121376,-2.428074593872493,0.9013772260722842,-0.1038314341076759
ENSG00000154975,ENSGALG00010029232,CA10,0,-0.6971449960877081,-0.875508517331254,0.7962743734495721,-0.2278114622665138
ENSG00000159403,ENSGALG00010023655,C1R,0,-1.3608192641766106,-1.2510715477309535,1.0877229736738114,0.08408649622753013
ENSG00000106624,ENSGALG00010019072,AEBP1,0,-2.5406426047171653,-2.7372107702950763,0.9281866900016909,-0.07452239185803937
ENSG00000102383,ENSGALG00010013524,ZDHHC15,1,0.3288874770667433,0.1851322665761078,1.776500029677635,0.5746451531846215
ENSG00000183655,ENSGALG00010020390,KLHL25,0,-2.1050757828020448,-1.447644058642931,1.4541390683946243,0.3744140199259239
ENSG00000104365,ENSGALG00010017955,IKBKB,0,-1.8432151861644817,-1.4495167888376548,1.271606648752601,0.24028117869183288
ENSG00000167723,ENSGALG00010029747,TRPV3,0,-1.3001276000561577,-0.3419179329228803,3.80245513577494,1.335646946468936
ENSG00000131381,ENSGALG00010021905,RBSN,0,-2.3101067150235064,-1.3619063353409118,1.6962302436497894,0.528408285024561
ENSG00000168907,ENSGALG00010020568,PLA2G4F,0,-2.233098384769452,-1.030161952097116,2.1677158433423993,0.7736740064181603
ENSG00000153904,ENSGALG00010024494,DDAH1,0,-1.2327046831438562,-1.53103462752014,0.8051448745744586,-0.21673304934046972
ENSG00000143614,ENSGALG00010028211,GATAD2B,0,-1.260658753931132,-2.401834398669409,0.5248733029344254,-0.6445983732586907
ENSG00000135250,ENSGALG00010010119,SRPK2,0,-0.6568598698867412,-0.6496299451906968,1.0111292971476584,0.011067822214827246
ENSG00000196470,ENSGALG00010024220,SIAH1,0,0.2241595684952724,-0.6924355651936466,-0.3237262494346083,
ENSG00000187164,ENSGALG00010022820,SHTN1,0,-0.6132285008953087,-1.317205074584334,0.46555279259672083,-0.7645297781762307
ENSG00000171241,ENSGALG00010023854,SHCBP1,0,0.1957893957225742,-0.739813903076453,-0.2646468184882721,
ENSG00000163492,ENSGALG00010026242,CCDC141,0,-0.2480857090299935,-0.9433800171300544,0.2629753699730873,-1.3356949014822788
ENSG00000225968,ENSGALG00010019804,ELFN1,0,-3.1555352990981245,-2.2672302094962915,1.3918018937297008,0.3305992340611837
ENSG00000075142,ENSGALG00010004454,SRI,0,0.6537566224604934,-1.2500378503740728,-0.5229894616909858,
ENSG00000115368,ENSGALG00010013048,WDR75,0,0.7927425331227056,-1.0472557312919415,-0.7569713007392597,
ENSG00000161011,ENSGALG00010016907,SQSTM1,0,-2.1874985563717253,-1.889757708619813,1.1575550380844155,0.14631005494883634
ENSG00000189319,ENSGALG00010001910,FAM53B,0,-3.199502367389373,-3.102969855999534,1.031109716133141,0.030635616572857165
ENSG00000155659,ENSGALG00010016807,VSIG4,1,-0.8758146381039342,-1.307099953297988,0.6700441201104298,-0.4004117178541121
ENSG00000198892,ENSGALG00010024683,SHISA4,0,-1.7404303412158022,-2.117659403142951,0.8218650924849956,-0.196179018459775
ENSG00000126804,ENSGALG00010017520,ZBTB1,0,0.2643026313592838,-1.1973742200944182,-0.22073519449787582,
ENSG00000138592,ENSGALG00010017377,USP8,0,0.3377945267065723,-0.7013496528808544,-0.48163498095287,
ENSG00000089775,ENSGALG00010017543,ZBTB25,0,-1.0676680217528087,-2.6432303034200637,0.40392546210269986,-0.9065249177889513
ENSG00000023318,ENSGALG00010008319,ERP44,0,0.6014243365255982,-0.5535949078162874,-1.0863978841459705,
ENSG00000114520,ENSGALG00010020437,SNX4,0,0.3067530304249999,-0.99653907933646,-0.3078183653663133,
ENSG00000164916,ENSGALG00010021144,FOXK1,0,-3.0186139855626646,-1.4706304479696035,2.0525985911214155,0.7191065958419353
ENSG00000143183,ENSGALG00010014878,TMCO1,0,0.7655473902365255,-1.1436226512012604,-0.6694055853409296,
ENSG00000152284,ENSGALG00010020180,TCF7L1,0,-3.031207987983537,-2.848991342935794,1.0639583007156401,0.06199619909473391
ENSG00000095627,ENSGALG00010023192,TDRD1,0,0.6692830282552844,0.0713845295812279,9.375743346374685,2.2381258589931328
ENSG00000185024,ENSGALG00010017110,BRF1,0,-2.775308516803859,-0.7671681672466153,3.6176012448020454,1.2858111666376075
ENSG00000113721,ENSGALG00010016785,PDGFRB,0,-1.9790493525755952,-2.1864727542660765,0.9051333243070271,-0.09967302645641576
ENSG00000068784,ENSGALG00010018379,SRBD1,0,0.2303615673313981,-0.3228882281770051,-0.7134405878839147,
ENSG00000084073,ENSGALG00010014225,ZMPSTE24,0,1.3989237339713902,-0.336174147924158,-4.16130669954726,
ENSG00000135063,ENSGALG00010014810,ENTREP1,0,-1.696633910426625,-1.2831891733610687,1.322200923798801,0.2792977146002013
ENSG00000104524,ENSGALG00010008588,PYCR3,0,-2.6932437680947405,-1.911196989002388,1.4091921364424957,0.343016587312192
ENSG00000133028,ENSGALG00010029561,SCO1,0,-0.3854554475388685,-1.033777262307244,0.37286121642740205,-0.9865490024961717
ENSG00000163491,ENSGALG00010002559,NEK10,0,-0.0992814257016405,-0.7711295717578166,0.12874804616210614,-2.049897914993392
ENSG00000095209,ENSGALG00010014203,TMEM38B,0,1.241851613698758,-0.2694962820940755,-4.608047294935422,
ENSG00000163431,ENSGALG00010024863,LMOD1,0,-1.9467733884658909,-2.0783559505681,0.9366891113785191,-0.06540384328372617
ENSG00000107821,ENSGALG00010017786,KAZALD1,0,-2.489494757872324,-2.96016664818658,0.8409981780577817,-0.17316578541131966
ENSG00000151665,ENSGALG00010018427,PIGF,0,1.4141924286210212,-0.2978121596032216,-4.748605397795594,
ENSG00000130165,ENSGALG00010003251,ELOF1,0,-0.7698807529031395,-1.817561233313702,0.4235789907884011,-0.8590152633016541
ENSG00000088538,ENSGALG00010028151,DOCK3,0,-0.9366783716085648,-1.4398074275471404,0.6505580910943712,-0.4299246827963814
ENSG00000167799,ENSGALG00010021835,NUDT8,0,-2.594205967166582,-2.870667546106616,0.903694323881221,-0.10126411307080202
ENSG00000110756,ENSGALG00010024454,HPS5,0,-0.1963019545764801,-1.4735916858931128,0.13321326148600357,-2.015803965125954
ENSG00000170681,ENSGALG00010008168,CAVIN4,0,-0.8603333287395696,-1.3329094045533156,0.6454552168366494,-0.43779944858218495
ENSG00000275410,ENSGALG00010029161,HNF1B,0,-2.757879982199574,-3.0094640683358964,0.916402362539109,-0.08729975034074551
ENSG00000115129,ENSGALG00010011902,TP53I3,0,-0.5520174446426065,-0.5644575270599594,0.9779609947232903,-0.022285492438677727
ENSG00000138496,ENSGALG00010020584,PARP9,0,0.3480316973330559,-0.6300762316893438,-0.5523644280310693,
ENSG00000106733,ENSGALG00010015466,NMRK1,0,0.7493886484874253,-0.5667815862115276,-1.3221824186217426,
ENSG00000184887,ENSGALG00010017119,BTBD6,0,-2.1325310689737886,-1.6110194182170925,1.323715310231239,0.28044241191020924
ENSG00000122085,ENSGALG00010025403,MTERF4,0,-0.8028137184812927,-2.5197504030832505,0.3186084294297336,-1.1437924241357438
ENSG00000172244,ENSGALG00010014476,C5orf34,0,0.7123706288172809,-0.6503329528166468,-1.0953937144534098,
ENSG00000157510,ENSGALG00010011745,AFAP1L1,0,-2.4719397684031232,-2.6221358020628145,0.9427199638014426,-0.058986003545921525
ENSG00000023171,ENSGALG00010025562,GRAMD1B,0,-2.047855030960612,-2.4120860513884046,0.8489975014705051,-0.1636990355838302
ENSG00000108306,ENSGALG00010021774,FBXL20,0,-0.6779836787892641,-2.46945639025552,0.27454774316509056,-1.29263010541455
ENSG00000151575,ENSGALG00010023219,TEX9,0,0.449619815640089,-0.9199912926059712,-0.48872181644947316,
ENSG00000146700,ENSGALG00010029159,SSC4D,0,-2.426873250886734,-2.82712790724404,0.8584235770402462,-0.1526576217797379
ENSG00000148481,ENSGALG00010004588,MINDY3,0,0.590408523164232,-0.4588070209133467,-1.2868341072656349,
ENSG00000138587,ENSGALG00010023207,MNS1,0,0.5278975645828705,-1.01706771515247,-0.5190387588929933,
ENSG00000253304,ENSGALG00010016221,TMEM200B,0,-3.4763562540300565,-2.3095747765283394,1.5051932023848895,0.4089212636393111
ENSG00000171992,ENSGALG00010016699,SYNPO,0,-3.358510107937308,-2.363802449104948,1.4208082867538296,0.35122592569500255
ENSG00000180098,ENSGALG00010015959,TRNAU1AP,0,0.0070384187460597,0.0027535129260982,2.556159689445629,0.9385060108726566
ENSG00000166167,ENSGALG00010018103,BTRC,0,-0.0030530875779302,-1.213299151173422,0.0025163518617625814,-5.9849451002548335
ENSG00000159784,ENSGALG00010023992,FAM131B,0,-1.8606405734172853,-2.078916121838871,0.8950051201543843,-0.11092583988075819
ENSG00000073861,ENSGALG00010023883,TBX21,0,-1.832888603393668,-2.022655970616217,0.9061791179620452,-0.09851829053474956
ENSG00000169251,ENSGALG00010001140,NMD3,0,0.7765268952149285,-1.0393951563061603,-0.7470949720167809,
ENSG00000128011,ENSGALG00010009111,LRFN1,0,-2.5127739424982547,-2.635993849270289,0.9532548580088134,-0.04787298399853203
ENSG00000183742,ENSGALG00010003698,MACC1,0,0.9759157895515252,-0.2523381423411156,-3.867492169425038,
ENSG00000276231,ENSGALG00010029363,PIK3R6,0,-2.26200660909325,-2.3003607368318013,0.9833269073304672,-0.016813653255902818
ENSG00000168333,ENSGALG00010005494,PPDPFL,0,0.6130250881817787,-2.109014701642956,-0.29066894967788626,
ENSG00000186994,ENSGALG00010028457,KANK3,0,-3.489122833652376,-2.9129430693173197,1.1977998713411486,0.18048643343558657
ENSG00000198478,ENSGALG00010002416,SH3BGRL2,0,-0.4474044591224189,-0.4760649609935994,0.9397970776690582,-0.06209130184256127
ENSG00000112339,ENSGALG00010004639,HBS1L,0,0.9226729304075096,-0.0705931861903138,-13.070283127893596,
ENSG00000162772,ENSGALG00010019307,ATF3,0,-1.7993139589669056,-0.9588356513544896,1.8765613861198454,0.6294410521513196
ENSG00000156521,ENSGALG00010021664,TYSND1,0,-2.6448322445356998,-3.1106206717306697,0.8502586858539015,-0.1622146394999648
ENSG00000156510,ENSGALG00010023229,HKDC1,0,-1.0790475742430825,-0.3589870743273325,3.005811772652245,1.100547672155421
ENSG00000185518,ENSGALG00010020240,SV2B,0,0.2301648070031667,-0.6449364177109684,-0.3568798422332482,
ENSG00000057757,ENSGALG00010015180,PITHD1,0,-1.1221123170675842,-1.841869706326659,0.6092245902157074,-0.49556829400933844
ENSG00000115128,ENSGALG00010008464,SF3B6,0,1.6186093686963492,0.6928291447661711,2.336231639393039,0.8485392207489585
ENSG00000197106,ENSGALG00010025559,SLC6A17,0,-1.0208403577863372,-1.6823855241418664,0.6067814678250021,-0.4995865728030757
ENSG00000161647,ENSGALG00010024243,MPP3,0,-2.08453480846533,-0.9806785836839748,2.1256044978923234,0.7540562315189637
ENSG00000213064,ENSGALG00010005445,SFT2D2,0,0.2273638845388905,-0.8310274390878469,-0.27359371525499787,
ENSG00000106605,ENSGALG00010007133,BLVRA,0,-0.7550170885912113,-1.197483253357093,0.6305032546171759,-0.46123696162827166
ENSG00000159374,ENSGALG00010005354,M1AP,0,-1.458601185584687,-1.686810965359658,0.864709333492913,-0.1453618591652368
ENSG00000035681,ENSGALG00010002983,NSMAF,0,-0.005512417816158,-0.2701040778574389,0.020408495346995306,-3.8918040262402442
ENSG00000132394,ENSGALG00010026943,EEFSEC,0,-1.9380704825775477,-0.6527806866659684,2.96894580701538,1.0882069426730958
ENSG00000143603,ENSGALG00010027534,KCNN3,0,-2.3071468285340107,-2.6641912196555797,0.8659839472154229,-0.14388890729425358
ENSG00000169255,ENSGALG00010001161,B3GALNT1,0,1.032239584028277,0.7682652052150877,1.3435979880662245,0.2953510813346834
ENSG00000184831,ENSGALG00010003125,APOO,1,-0.0348276894357617,-0.2946877614519979,0.11818505547755784,-2.1355036162036347
ENSG00000109089,ENSGALG00010029682,CDR2L,0,-3.5462611765887164,-3.1692944085260497,1.1189434364470998,0.1123848797475324
ENSG00000165061,ENSGALG00010017457,ZMAT4,0,-0.6050942227440235,-2.0865327751427856,0.28999986482484835,-1.2378748221229385
ENSG00000167363,ENSGALG00010029428,FN3K,0,-2.0304315645471256,0.3486025370874278,-5.824488775989325,
ENSG00000117560,ENSGALG00010013583,FASLG,0,-1.103058616002622,-1.6495152016168424,0.6687168538497931,-0.4023945463370311
ENSG00000152465,ENSGALG00010002598,NMT2,0,-0.2283562376312584,-0.500701953888284,0.45607219196554,-0.7851041662844576
ENSG00000010818,ENSGALG00010005758,HIVEP2,0,-1.482532588172413,-1.6786321450326638,0.8831789576766177,-0.12422742883753757
ENSG00000139218,ENSGALG00010013945,SCAF11,0,-0.0347315415430795,-1.4577646330974463,0.023825205217993393,-3.7370112159220574
ENSG00000155189,ENSGALG00010002239,AGPAT5,0,0.6238428628817996,0.0189349118145222,32.94670020080796,3.494891110282861
ENSG00000049249,ENSGALG00010018758,TNFRSF9,0,-0.7837038789500728,-1.9746970312926464,0.39687297166647195,-0.9241390201098865
ENSG00000155906,ENSGALG00010005752,RMND1,0,0.5147914268409579,-0.2532923063205222,-2.032400566440926,
ENSG00000147383,ENSGALG00010012857,NSDHL,1,-0.632152657858537,-0.3188020949691076,1.9828999490100387,0.6845603939077798
ENSG00000005007,ENSGALG00010028176,UPF1,0,-2.066966760217433,-1.1173028412097832,1.8499610705181606,0.6151645959056707
ENSG00000198915,ENSGALG00010011077,RASGEF1A,0,-1.9224847235073543,-1.056064741387647,1.8204231693042319,0.5990689846690229
ENSG00000136449,ENSGALG00010029644,MYCBPAP,0,-1.6368649637444896,-1.910478168526763,0.8567828676140977,-0.15457075583038177
ENSG00000162426,ENSGALG00010018707,SLC45A1,0,-2.3984630872474817,-1.140866591305761,2.1023168751942842,0.7430400104720358
ENSG00000095637,ENSGALG00010021617,SORBS1,0,-1.4518173840764277,-1.4263519958445463,1.0178535090258722,0.01769600701318335
ENSG00000147471,ENSGALG00010017388,PLPBP,0,-1.033106604268493,-1.4970840610567364,0.6900792220974293,-0.37094887334757204
ENSG00000096092,ENSGALG00010002231,TMEM14A,0,2.086736671373423,1.0862229664390517,1.9210942282083576,0.6528949342275486
ENSG00000117362,ENSGALG00010028642,APH1A,0,-0.2143707230070148,-1.8749296622708207,0.1143353413841561,-2.168619557511807
ENSG00000139537,ENSGALG00010022592,DRC2,0,-0.705320628857212,-3.225034890098451,0.21870170490951826,-1.5200465556758536
ENSG00000112640,ENSGALG00010018428,PPP2R5D,0,-1.5116450800717711,-1.1876198759139998,1.2728357875523089,0.241247314830563
ENSG00000101955,ENSGALG00010002840,SRPX,1,-0.6628682517509521,-0.6093194446207881,1.0878829776448218,0.08423358533730375
ENSG00000119778,ENSGALG00010009695,ATAD2B,0,-0.1622968635077644,-0.774530874041895,0.2095421486051512,-1.5628303731958337
ENSG00000187037,ENSGALG00010016682,GPR141,0,0.9020420609147132,-0.2188658359231612,-4.12143840133825,
ENSG00000146918,ENSGALG00010024953,NCAPG2,0,0.0452997271964932,-0.433685160693063,-0.10445302560987024,
ENSG00000137760,ENSGALG00010004717,ALKBH8,0,0.0504237844378341,-0.7564146278567706,-0.066661567057085,
ENSG00000148334,ENSGALG00010028168,PTGES2,0,-1.811286845395424,-0.6276310753662143,2.885910077569952,1.0598403017130842
ENSG00000150627,ENSGALG00010003384,WDR17,0,1.0953914991743918,0.0411354876937883,26.628868662709504,3.2819959153600955
ENSG00000157106,ENSGALG00010020938,SMG1,0,0.1701214169086835,-0.7636197246658716,-0.22278290019698166,
ENSG00000147642,ENSGALG00010008438,SYBU,0,-2.162694240541027,-1.5453972250878758,1.3994422957618875,0.3360737970846417
ENSG00000177105,ENSGALG00010003187,RHOG,0,-1.7325381877622466,-2.393572736777147,0.7238293456229127,-0.3231996248460888
ENSG00000142675,ENSGALG00010013370,CNKSR1,0,-2.804741389081721,-3.155159130031281,0.8889381718930652,-0.11772759381361243
ENSG00000186665,ENSGALG00010029318,C17orf58,0,-2.593274192801349,-1.528822576598056,1.6962558196726243,0.528423363066067
ENSG00000139631,ENSGALG00010024576,CSAD,0,-1.4201691945101818,-2.616043043855014,0.5428692000485639,-0.6108868719538497
ENSG00000174231,ENSGALG00010029347,PRPF8,0,-0.6169797567503554,-1.0625179278232637,0.5806770319766145,-0.5435605596911255
ENSG00000100767,ENSGALG00010020966,PAPLN,0,-3.2412698698008864,-1.9347807987096932,1.675264645980822,0.5159711503972142
ENSG00000130595,ENSGALG00010026972,TNNT3,0,-2.15579713300513,-0.944085683892122,2.283476139705416,0.8256989045869748
ENSG00000137843,ENSGALG00010023257,PAK6,0,-2.784905521577466,-1.8049943257858327,1.542888795711318,0.433656500603233
ENSG00000068001,ENSGALG00010028119,HYAL2,0,-1.6332335886923772,-2.125921520075628,0.7682473568611679,-0.26364351844453876
ENSG00000114248,ENSGALG00010016812,LRRC31,0,-0.1808606999034889,-1.5607487132888562,0.11588072978280652,-2.155193808354818
ENSG00000117090,ENSGALG00010027645,SLAMF1,0,-0.9498379143832788,-2.450431029113169,0.387620750430602,-0.9477278647158417
ENSG00000269113,ENSGALG00010024695,TRABD2B,0,-2.875195464334846,-2.0033189507187337,1.435216026536018,0.3613153790214864
ENSG00000165548,ENSGALG00010005238,TMEM63C,0,-0.7822339317144618,-1.8601133440555209,0.4205302511345855,-0.8662388612897259
ENSG00000117174,ENSGALG00010023210,ZNHIT6,0,0.2040432339137918,-0.8259837975424281,-0.247030552561548,
ENSG00000141034,ENSGALG00010017592,GID4,0,-1.4658053713978312,-0.6665012983432966,2.199253587414371,0.7881180243483029
ENSG00000107263,ENSGALG00010028270,RAPGEF1,0,-2.17908995001018,-1.8746262651888173,1.1624130049147137,0.15049802119716804
ENSG00000137200,ENSGALG00010020548,CMTR1,0,-0.759712909782726,-1.1019810085085049,0.6894065359719516,-0.37192414427713666
ENSG00000256525,ENSGALG00010029633,POLG2,0,-0.3232807897818581,-1.6000456156377445,0.20204473336405798,-1.5992661538005561
ENSG00000143340,ENSGALG00010010930,FAM163A,0,-2.44342792461182,-2.128846577427848,1.1477707931231291,0.13782162040490112
ENSG00000154511,ENSGALG00010021768,DIPK1A,0,1.573647477707416,0.5685263310881729,2.767941239758267,1.0181038091190666
ENSG00000114978,ENSGALG00010020696,MOB1A,0,1.093154600073257,-0.7780375193768257,-1.4050152760612706,
ENSG00000184368,ENSGALG00010002765,MAP7D2,1,-1.2616511894407214,-1.0356519807201996,1.218219259874693,0.19739016940419424
ENSG00000143195,ENSGALG00010008208,ILDR2,0,-1.8124064122216108,-1.8005230723701051,1.00659993755918,0.006578253328708057
ENSG00000240857,ENSGALG00010003665,RDH14,0,-0.8075932351777819,-1.1808042090893882,0.6839349224547405,-0.3798925084959603
ENSG00000152944,ENSGALG00010014861,MED21,0,0.301449263063267,-1.6483509811332706,-0.1828792936174402,
ENSG00000143971,ENSGALG00010017744,ETAA1,0,0.6561751842300634,-1.154929033572015,-0.5681519514671962,
ENSG00000158987,ENSGALG00010016017,RAPGEF6,0,0.0266173668992184,-1.5905423325833112,-0.016734774267835595,
ENSG00000196505,ENSGALG00010022193,GDAP2,0,0.6980373280656718,-0.41946227955557,-1.664124194445466,
ENSG00000177303,ENSGALG00010029711,CASKIN2,0,-3.311197659611805,-2.5705122181361,1.2881470223132345,0.25320476892652466
ENSG00000198554,ENSGALG00010018780,WDHD1,0,0.7041822944366061,-0.6651786201495962,-1.0586363919487343,
ENSG00000104825,ENSGALG00010009180,NFKBIB,0,-2.731583510592968,-3.0244952646152914,0.9031535088022097,-0.10186274133974532
ENSG00000198522,ENSGALG00010008790,GPN1,0,0.3501564056737898,-0.8728190095455117,-0.4011787115591362,
ENSG00000023287,ENSGALG00010004085,RB1CC1,0,0.5315663174958747,-0.8640085561879693,-0.6152327007514377,
ENSG00000184860,ENSGALG00010007403,SDR42E1,0,-0.5841600604859156,0.1579537881400329,-3.6982972511430514,
ENSG00000196581,ENSGALG00010019630,AJAP1,0,-3.241386105197739,-2.747578220530903,1.1797247776157649,0.16528117196438183
ENSG00000002726,ENSGALG00010027191,AOC1,0,-2.050456018274096,-2.656478316729755,0.7718700376211992,-0.25893908817923944
ENSG00000104213,ENSGALG00010015862,PDGFRL,0,-0.872773204217518,-0.457491994850518,1.9077343735876515,0.6459163461372337
ENSG00000198265,ENSGALG00010029204,HELZ,0,-0.5312164363361394,-1.2153783457078895,0.43707906942075364,-0.8276411633640552
ENSG00000106665,ENSGALG00010029385,CLIP2,0,-3.11289011224129,-2.508289348815354,1.241041075947432,0.2159506047459666
ENSG00000134247,ENSGALG00010008291,PTGFRN,0,-1.6746922566729463,-1.588870101417339,1.0540145825508644,0.052606285460714594
ENSG00000178537,ENSGALG00010020754,SLC25A20,0,-0.264385251970463,-0.0895960574967498,2.950858099755716,1.0820960093270973
ENSG00000162676,ENSGALG00010021864,GFI1,0,-2.999909004870704,-2.5682835005848754,1.1680599140194354,0.15534417933994432
ENSG00000239779,ENSGALG00010006111,WBP1,0,-2.5580447573228344,-3.742203523953276,0.6835664444622477,-0.3804314154547758
ENSG00000138780,ENSGALG00010006200,GSTCD,0,0.0451279054287176,-0.7197820116460842,-0.06269662856051886,
ENSG00000122140,ENSGALG00010027638,MRPS2,0,-2.187189993790362,-1.8312504506046905,1.1943696685880067,0.17761857223520117
ENSG00000080572,ENSGALG00010016372,DNAAF6,1,0.997839641368948,-1.4708226584634478,-0.67842281027366,
ENSG00000117425,ENSGALG00010025862,PTCH2,0,-1.8977728761248915,-2.5444886326247538,0.745836649373141,-0.29324867142422717
ENSG00000080819,ENSGALG00010005386,CPOX,0,-1.1799773348900526,-1.460620506922703,0.8078603095721822,-0.21336611960008017
ENSG00000160446,ENSGALG00010028566,ZDHHC12,0,-2.367346211673468,-1.1579815310905932,2.044373030236405,0.7150911558059958
ENSG00000129422,ENSGALG00010015840,MTUS1,0,-0.3835099824688601,-1.335934335305483,0.287072479787088,-1.2480205522939307
ENSG00000147166,ENSGALG00010016999,ITGB1BP2,1,-1.1672171592219005,-2.007527719945387,0.5814201954101305,-0.5422815556330987
ENSG00000134686,ENSGALG00010017685,PHC2,0,-2.9505416045772304,-2.922180847745847,1.0097053393711963,0.009658545091007354
ENSG00000134419,ENSGALG00010020890,RPS15A,0,0.2375549349390091,-0.0750211303379713,-3.1665070076766453,
ENSG00000198399,ENSGALG00010008756,ITSN2,0,-0.0667207409887833,-1.2714046510137835,0.05247797460515973,-2.9473617287427394
ENSG00000172995,ENSGALG00010018378,ARPP21,0,-1.6407602948526012,-1.6961496779586334,0.9673440476239721,-0.033201058157213324
ENSG00000198000,ENSGALG00010027207,NOL8,0,-0.0552763594614056,-1.154334371588206,0.047885916613011274,-3.038933834226399
ENSG00000136213,ENSGALG00010020032,CHST12,0,-2.611868858414658,-1.775832086290791,1.470785936676091,0.38579690871589095
ENSG00000262814,ENSGALG00010029350,MRPL12,0,-1.5158042600869963,-1.6332583514317358,0.9280860304545342,-0.07463084526162177
ENSG00000136250,ENSGALG00010016766,AOAH,0,-0.2760216357139136,-1.4030356112904958,0.1967317390183932,-1.6259142091132832
ENSG00000162687,ENSGALG00010012498,KCNT2,0,0.4909017408774137,-0.3612872514402586,-1.3587574400160858,
ENSG00000133687,ENSGALG00010012106,TMTC1,0,-0.5833968544125447,-1.0528784723395717,0.5540970489368967,-0.590415428990374
ENSG00000167536,ENSGALG00010029675,DHRS13,0,-2.270883376914954,-2.7261606346764378,0.8329969070896222,-0.18272534979983196
ENSG00000146530,ENSGALG00010002934,VWDE,0,0.278033704718025,-0.5579403291519786,-0.49832157704142377,
ENSG00000109103,ENSGALG00010029416,UNC119,0,-2.492514706857964,-1.0709161039013404,2.3274602910328355,0.8447776692428117
ENSG00000183160,ENSGALG00010022533,TMEM119,0,-3.164348105739828,-2.1381515804554114,1.4799456384031686,0.3920053562927612
ENSG00000177706,ENSGALG00010022117,FAM20C,0,-2.694141615424021,-0.9018586020098396,2.987321526256981,1.094377175308087
ENSG00000139714,ENSGALG00010025301,MORN3,0,-0.9953515395512174,-0.742221593790551,1.341043628854724,0.2934481383375851
ENSG00000105072,ENSGALG00010027109,C19orf44,0,-1.837268829479033,-1.3924914299460769,1.3194112293748046,0.2771855987411631
ENSG00000185122,ENSGALG00010009352,HSF1,0,-3.2582266172686065,-2.7703377577998065,1.176111688221107,0.16221381794391923
ENSG00000146729,ENSGALG00010029648,NIPSNAP2,0,-0.3778845175738912,-0.8164077828059247,0.46286246350461524,-0.7703253240911243
ENSG00000203985,ENSGALG00010025319,LDLRAD1,0,-1.9510162451389237,-2.045332091025531,0.9538872702870872,-0.04720977983344035
ENSG00000139620,ENSGALG00010023077,KANSL2,0,-0.8897436436281723,-2.748948975159846,0.3236668456446833,-1.1280405463888894
ENSG00000141756,ENSGALG00010022656,FKBP10,0,-1.9327065856417232,-2.330687938562126,0.8292429688523939,-0.18724208011477572
ENSG00000118733,ENSGALG00010023421,OLFM3,0,0.4619959982667314,-0.5187844744883496,-0.8905355132733573,
ENSG00000018510,ENSGALG00010024011,AGPS,0,0.724860432382636,0.0812274590265931,8.923834883783863,2.188725773909631
ENSG00000103375,ENSGALG00010018335,AQP8,0,-1.1878471671466233,-1.777724154716485,0.6681841859408517,-0.40319141599495556
ENSG00000137145,ENSGALG00010016305,DENND4C,0,0.283040823860949,-0.7547288928539613,-0.3750231726132113,
ENSG00000172840,ENSGALG00010009761,PDP2,0,-1.427348214456165,-0.6034617783534054,2.3652669740754764,0.8608909010169901
ENSG00000166946,ENSGALG00010024512,CCNDBP1,0,-0.3503012102324856,-0.8698436301661009,0.4027174518316515,-0.9095200750097375
ENSG00000197147,ENSGALG00010022731,LRRC8B,0,-0.1838817697669803,-0.417405015338078,0.4405356021370393,-0.8197640147673172
ENSG00000196449,ENSGALG00010013277,YRDC,0,-1.8434249384438937,-2.1515688182981063,0.8567817690823597,-0.1545720379900558
ENSG00000106034,ENSGALG00010001320,CPED1,0,0.197813312990112,-1.2052768059373906,-0.1641227243531538,
ENSG00000090565,ENSGALG00010018082,RAB11FIP3,0,-3.4905147306858044,-2.7125108657818653,1.2868205523960856,0.25217448796492176
ENSG00000160838,ENSGALG00010027813,LRRC71,0,-2.3235136828325267,-2.9362127408753267,0.7913301548238137,-0.23404000913931464
ENSG00000136935,ENSGALG00010028104,GOLGA1,0,-1.3227675641315102,-1.313970801032445,1.0066947934399708,0.006672482831622253
ENSG00000166037,ENSGALG00010008317,CEP57,0,-0.0684672296636392,-1.5836834450596042,0.04323290104296212,-3.141153475384112
ENSG00000141562,ENSGALG00010029150,NARF,0,-1.06117750378486,-0.5152982419256695,2.0593462531896862,0.7223885796138864
ENSG00000104823,ENSGALG00010009232,ECH1,0,-1.0339414168426853,-1.855097439412257,0.5573515411515336,-0.5845591050089736
ENSG00000146802,ENSGALG00010001479,TMEM168,0,1.477746564922931,-0.0062431039748717,-236.70061733247042,
ENSG00000113328,ENSGALG00010009743,CCNG1,0,0.4764654080903057,-1.2858941625026183,-0.3705323672696395,
ENSG00000128829,ENSGALG00010023319,EIF2AK4,0,-0.64755459697259,-0.8434392846224075,0.7677548446922158,-0.2642848094340086
ENSG00000006459,ENSGALG00010013316,KDM7A,0,-0.0672000583693765,-0.7993218346816922,0.08407134079621016,-2.4760895453929384
ENSG00000010072,ENSGALG00010007970,SPRTN,0,-0.3982361651403678,-1.181303020343312,0.33711601365806365,-1.0873281536934187
ENSG00000090674,ENSGALG00010003627,MCOLN1,0,-1.79474875299365,-1.861410898454673,0.9641873024830976,-0.036469706063207694
ENSG00000122507,ENSGALG00010019256,BBS9,0,0.7161366872805175,-0.5309461467928804,-1.3487934541125486,
ENSG00000157500,ENSGALG00010027052,APPL1,0,0.0331272573805723,-0.6356572296524595,-0.05211496988508156,
ENSG00000076382,ENSGALG00010029207,SPAG5,0,-1.3779842753865363,-3.449257740440394,0.39950168386390233,-0.9175372988562741
ENSG00000168938,ENSGALG00010001213,PPIC,0,0.0679411640845852,-0.1319880438736874,-0.5147524131019391,
ENSG00000181751,ENSGALG00010008373,MACIR,0,-0.92756572533977,-0.8605197302634754,1.0779133734165123,0.0750271106461095
ENSG00000105221,ENSGALG00010008377,AKT2,0,-1.6403767075929725,-2.1220644622468097,0.7730098386625666,-0.2574635025810613
ENSG00000158089,ENSGALG00010017376,GALNT14,0,-1.529730866138923,-2.0066352927260227,0.7623362709128758,-0.2713675202292811
ENSG00000134240,ENSGALG00010013346,HMGCS2,0,-0.4990358196589852,-2.223469147209548,0.22444018181465428,-1.4941460580183614
ENSG00000163785,ENSGALG00010024687,RYK,0,-0.1033331540617545,-0.9021349281959729,0.11454290354148354,-2.166805822752567
ENSG00000196660,ENSGALG00010017562,SLC30A10,0,-1.1836696584798003,-1.1932054900925442,0.9920082234854583,-0.008023881927735127
ENSG00000136425,ENSGALG00010024377,CIB2,0,-1.214139476976845,-0.7640947745515906,1.5889906820647521,0.4630990235126857
ENSG00000213047,ENSGALG00010010300,DENND1B,0,0.2590521228868834,-1.003729985514159,-0.25808945296596314,
ENSG00000135404,ENSGALG00010022923,CD63,0,0.3996048638616205,-1.934897387891716,-0.2065250934557486,
ENSG00000084693,ENSGALG00010009089,AGBL5,0,-1.8505697108296728,-2.646289154528816,0.6993074463017914,-0.35766479610679786
ENSG00000197217,ENSGALG00010019355,ENTPD4,0,-0.1885420673706939,-0.5372865698501272,0.35091528050531123,-1.0472104507314863
ENSG00000103196,ENSGALG00010006681,CRISPLD2,0,-1.3970942849399322,-0.8670799331107639,1.6112635428289428,0.47701868040517986
ENSG00000114790,ENSGALG00010001469,ARHGEF26,0,-1.30953249514876,-1.6141425592716154,0.811286764992857,-0.2091336930472803
ENSG00000180772,ENSGALG00010018860,AGTR2,1,1.3277208458078018,-0.7592623930930158,-1.748698286502839,
ENSG00000185278,ENSGALG00010011413,ZBTB37,0,-1.3477168830963286,-2.2978202135445973,0.5865197264573421,-0.5335489772558571
ENSG00000103197,ENSGALG00010017930,TSC2,0,-2.318075272338941,-1.2732974573911076,1.8205292556607362,0.5991272586282248
ENSG00000158109,ENSGALG00010021382,TPRG1L,0,-1.7829551356187316,-1.9063855074482592,0.9352542435161806,-0.06693686845737948
ENSG00000157150,ENSGALG00010027909,TIMP4,0,-1.288383084952306,-1.0483767825529753,1.2289313407102307,0.20614496304305155
ENSG00000115364,ENSGALG00010007941,MRPL19,0,0.2038097154705465,-0.2882121507342577,-0.7071517108189744,
ENSG00000140403,ENSGALG00010024258,DNAJA4,0,-0.5359455392782468,-0.2739365247012778,1.9564588543374586,0.6711361322082232
ENSG00000115687,ENSGALG00010023299,PASK,0,-2.1034496335817874,-1.5749233194414582,1.3355886014360174,0.2893720946364618
ENSG00000105963,ENSGALG00010022304,ADAP1,0,-2.0234351434365507,-1.0396870598547736,1.9461963330765988,0.6658768692587699
ENSG00000181195,ENSGALG00010003972,PENK,0,-0.5740205548455091,-1.086189150939301,0.5284720017219053,-0.6377654519495202
ENSG00000164944,ENSGALG00010012275,VIRMA,0,0.1887755935948689,-1.1396723305050775,-0.16564023583094953,
ENSG00000026652,ENSGALG00010006227,AGPAT4,0,-0.9376912454677876,-0.5749366710083698,1.6309470116477176,0.4891608348509855
ENSG00000175482,ENSGALG00010023262,POLD4,0,-3.344933451183694,-3.437080349467033,0.9731903566648864,-0.02717557701532119
ENSG00000112053,ENSGALG00010027001,SLC26A8,0,0.0494988155522992,-0.6304403220783322,-0.0785146727117955,
ENSG00000261787,ENSGALG00010004143,TCF24,0,-2.587398053339557,-2.8318846371920574,0.9136664747420926,-0.09028968140721383
ENSG00000131459,ENSGALG00010015161,GFPT2,0,-1.054811685107058,-0.2963391163997846,3.5594750295605073,1.2696130703835133
ENSG00000205189,ENSGALG00010004379,ZBTB10,0,-0.4155079600421238,-1.5838984025389775,0.2623324572940206,-1.3381426586513014
ENSG00000141349,ENSGALG00010024934,G6PC3,0,-1.172089831563678,-2.206434887656707,0.5312143304661344,-0.6325897036496615
ENSG00000111203,ENSGALG00010024775,ITFG2,0,-1.305489097818814,-1.3230316214639326,0.9867406618553018,-0.013348028020517643
ENSG00000173698,ENSGALG00010002957,ADGRG2,1,-0.0694033596322807,-0.381044717366804,0.18213967145874677,-1.702981460628286
ENSG00000158806,ENSGALG00010020292,NPM2,0,-2.154055362922021,-3.4080916295534247,0.6320415050590277,-0.45880021442987523
ENSG00000170315,ENSGALG00010029736,UBB,0,-1.2961839903417722,-2.5503863312253627,0.5082304490390699,-0.6768202944264115
ENSG00000175711,ENSGALG00010029413,QTGAL,0,-1.8548426974149788,-0.8040929272910179,2.3067516632237117,0.8358403285009617
ENSG00000069431,ENSGALG00010013156,ABCC9,0,0.7515550918079192,-0.2119678748852257,-3.545608466447399,
ENSG00000106462,ENSGALG00010008330,EZH2,0,0.0362408619291603,-0.1443662580311865,-0.2510341573121015,
ENSG00000113048,ENSGALG00010011649,MRPS27,0,-0.1053099880648957,-0.5317089825251571,0.19805944892028055,-1.6191880462806099
ENSG00000275835,ENSGALG00010002800,TUBGCP5,0,0.0313013409431413,-0.8140778391344441,-0.03845005899733369,
ENSG00000123609,ENSGALG00010009731,NMI,0,0.8687832284925996,-0.2775956728349439,-3.1296713656238113,
ENSG00000179832,ENSGALG00010009489,MROH1,0,-2.6104048456893736,-2.43136311880733,1.0736384152153586,0.07105326827858738
ENSG00000182628,ENSGALG00010029245,SKA2,0,0.8033010711192343,-1.2254880964322872,-0.6554947970999078,
ENSG00000163694,ENSGALG00010015931,RBM47,0,-1.4529894188512031,-0.187175995669064,7.762691009910037,2.0493290537085516
ENSG00000198722,ENSGALG00010009313,UNC13B,0,-0.4198912738890747,-1.2039874819588323,0.3487505311981574,-1.0533984226988833
ENSG00000137819,ENSGALG00010016459,PAQR5,0,-0.5285101085271524,-1.6819834826956033,0.3142183701353264,-1.157667088493749
ENSG00000164855,ENSGALG00010019683,TMEM184A,0,-2.324809489717156,-1.4157612043436534,1.6420915353411856,0.49597075572567156
ENSG00000143252,ENSGALG00010027471,SDHC,0,0.0942281864820753,-1.8067583798463092,-0.05215317528517054,
ENSG00000135930,ENSGALG00010017905,EIF4E2,0,-0.902883449762605,-1.6743057333867597,0.5392584112677357,-0.6175603957487795
ENSG00000121931,ENSGALG00010024712,LRIF1,0,0.6361710042142601,-0.8957633249433867,-0.7101998781368581,
ENSG00000186088,ENSGALG00010009453,GSAP,0,0.3158869643610895,-0.9485283833451472,-0.33302847854384726,
ENSG00000143278,ENSGALG00010012430,F13B,0,0.9698895987032436,0.0111018105336484,87.3631914149149,4.470074043093462
ENSG00000164867,ENSGALG00010027175,NOS3,0,-2.758117548613283,-2.9016590674649767,0.9505312252355347,-0.05073426621446341
ENSG00000179403,ENSGALG00010017721,VWA1,0,-3.2121824262495746,-1.9175661658598275,1.6751351183802554,0.5158938297132714
ENSG00000073331,ENSGALG00010004039,ALPK1,0,-0.6686906260341967,-1.1922723255752643,0.5608539355399006,-0.5782947718166556
ENSG00000198369,ENSGALG00010017672,SPRED2,0,-1.6864500887400666,-1.2706858297760015,1.3271967383451162,0.28306900234520405
ENSG00000068654,ENSGALG00010017763,POLR1A,0,-1.153288538660593,-0.6501372804848371,1.7739154072206613,0.5731891979819219
ENSG00000048342,ENSGALG00010010642,CC2D2A,0,-0.3461044172036818,-0.6356168494797727,0.5445173731422548,-0.6078554305207807
ENSG00000179912,ENSGALG00010025506,R3HDM2,0,-1.888959134333973,-2.719665634641784,0.6945556506187106,-0.36448298951750924
ENSG00000203710,ENSGALG00010027164,CR1,0,-0.8722691558272153,-1.7680458345280958,0.49335211723175165,-0.7065321261471714
ENSG00000110514,ENSGALG00010022619,MADD,0,-1.3351268571954922,-1.4549346147867055,0.9176541980831371,-0.08593464986859549
ENSG00000171848,ENSGALG00010002462,RRM2,0,0.0091263708298221,-0.6923065985696427,-0.013182556469457124,
ENSG00000064692,ENSGALG00010001252,SNCAIP,0,-1.5055940049282324,-1.6685758414924132,0.9023227877862561,-0.10278296507920434
ENSG00000181610,ENSGALG00010029514,MRPS23,0,-1.122225156452748,-1.554712878514952,0.7218214835427924,-0.3259774233721156
ENSG00000133739,ENSGALG00010013233,LRRCC1,0,0.6769213801403673,-1.3308712382967132,-0.5086302571289395,
ENSG00000160551,ENSGALG00010029695,TAOK1,0,-0.5507911646926722,-1.642119505837642,0.3354147872518661,-1.092387342157422
ENSG00000152894,ENSGALG00010004798,PTPRK,0,0.2696724131855941,-0.7415598701937185,-0.363655618413045,
ENSG00000143061,ENSGALG00010009029,IGSF3,0,-2.3563639436178523,-2.8376895824224766,0.8303811516995715,-0.18587046468508386
ENSG00000109680,ENSGALG00010010722,TBC1D19,0,0.978482856632743,-0.70595889759516,-1.3860337478087357,
ENSG00000153317,ENSGALG00010008047,ASAP1,0,-0.9622268965395832,-0.9882980169990724,0.9736201833747951,-0.02673400685936343
ENSG00000171763,ENSGALG00010016122,AFG2B,0,-1.2248143074435696,-1.263721247475985,0.969212403360216,-0.031271492597700255
ENSG00000121101,ENSGALG00010029780,TEX14,0,-1.0537779562874814,-1.202896119971388,0.8760340471565795,-0.1323503221839331
ENSG00000140497,ENSGALG00010023476,SCAMP2,0,-1.1276769184575706,-1.22703987737793,0.9190222251515665,-0.08444497285841558
ENSG00000121316,ENSGALG00010011231,PLBD1,0,0.6758371509733152,-0.3850996566580132,-1.754966900875455,
ENSG00000124383,ENSGALG00010024776,MPHOSPH10,0,0.3164963717275348,-0.4040517400847756,-0.7833065430212712,
ENSG00000085831,ENSGALG00010024588,TTC39A,0,-1.1928310941050384,-0.2448118239526456,4.872440696883047,1.583594981342043
ENSG00000111481,ENSGALG00010023358,COPZ1,0,-0.0687703752175785,-2.184477154151657,0.031481389076044385,-3.458358730737943
ENSG00000171566,ENSGALG00010014918,PLRG1,0,0.3326274883161062,-0.209194094428135,-1.5900424398948538,
ENSG00000171227,ENSGALG00010020728,TMEM37,0,-1.832938291615326,-2.3894155337511185,0.7671073807483855,-0.26512848643837217
ENSG00000115825,ENSGALG00010007141,PRKD3,0,0.4503954919062156,-0.8354938797011183,-0.5390769493934963,
ENSG00000175727,ENSGALG00010025407,MLXIP,0,-2.5154815911272568,-1.7700394356475564,1.4211443770499868,0.35146244638164487
ENSG00000154589,ENSGALG00010003869,LY96,0,1.5023912547495204,0.6545596899460505,2.295270053787377,0.8308505070854679
ENSG00000133275,ENSGALG00010027918,CSNK1G2,0,-2.3241872749771453,-1.732750499360138,1.3413282961600128,0.29366038877437406
ENSG00000109016,ENSGALG00010021629,DHRS7B,0,-0.6273409621925161,-0.1305134565092212,4.806714793797469,1.5700138557177916
ENSG00000179299,ENSGALG00010015664,NSUN7,0,0.4691179983478832,-0.3855495146933881,-1.2167516245506202,
ENSG00000141027,ENSGALG00010029731,NCOR1,0,-1.2536176739987734,-1.2549713402311673,0.9989213568557315,-0.00107922529844693
ENSG00000115282,ENSGALG00010006172,TTC31,0,-2.472230644507313,-2.0921389518366897,1.1816761225811223,0.16693387346827043
ENSG00000198055,ENSGALG00010012031,GRK6,0,-2.0688585209363843,-1.5864259543009986,1.3041002735283362,0.26551335742560633
ENSG00000131370,ENSGALG00010015889,SH3BP5,0,-2.3113193593729644,-1.874933209689904,1.232747570648255,0.20924547544342165
ENSG00000161638,ENSGALG00010022462,ITGA5,0,-1.892199134579533,-2.055494665200944,0.9205565777494016,-0.0827768160485795
ENSG00000116299,ENSGALG00010024772,ELAPOR1,0,-0.8207113693537522,-2.512806615872213,0.3266114328773675,-1.1189840933102428
ENSG00000130475,ENSGALG00010027605,FCHO1,0,-2.672288171554813,-2.959025130640691,0.9030974910903194,-0.10192476783762577
ENSG00000183571,ENSGALG00010018704,PGPEP1L,0,-1.2049204525481103,-0.0278697896565845,43.2339270369569,3.766625535103334
ENSG00000103942,ENSGALG00010016591,HOMER2,0,-1.8208830500080408,-1.9692343874951632,0.9246654748519687,-0.07832325568909569
ENSG00000135924,ENSGALG00010021381,DNAJB2,0,-2.141720541111693,-1.800971213125524,1.189203095253705,0.17328341494173558
ENSG00000156802,ENSGALG00010008023,ATAD2,0,0.3305503950359316,-0.695417909186237,-0.4753262616183332,
ENSG00000140470,ENSGALG00010018887,ADAMTS17,0,-2.273189834286086,-1.3611514133411764,1.6700492039354806,0.5128530894290448
ENSG00000114867,ENSGALG00010017540,EIF4G1,0,-1.7911145518923544,-2.1773286762398105,0.8226202003574224,-0.19526066676787115
ENSG00000167302,ENSGALG00010029529,TEPSIN,0,-3.4843842539992576,-3.101673953408969,1.1233883078424995,0.11634939323089542
ENSG00000001497,ENSGALG00010015057,LAS1L,1,-1.4643498798894772,-1.3938289264600483,1.05059512834802,0.04935679250814571
ENSG00000186628,ENSGALG00010017656,FSD2,0,-0.753103981298965,-1.2538546336231342,0.6006310150346522,-0.5097744846818744
ENSG00000090104,ENSGALG00010012788,RGS1,0,1.320576329478488,-1.1401950177850402,-1.1582021574202799,
ENSG00000066583,ENSGALG00010009724,ISOC1,0,-0.3081634289879087,-0.8269138502611435,0.37266690948590253,-0.9870702623632253
ENSG00000104611,ENSGALG00010007762,SH2D4A,0,-0.8468259909564342,-1.1544775661075848,0.7335144621402883,-0.3099079649741274
ENSG00000162777,ENSGALG00010024608,DENND2D,0,-0.8671052576033791,-2.210300849958813,0.39230191565077527,-0.9357235426514171
ENSG00000187742,ENSGALG00010009153,SECISBP2,0,-0.5801777058250899,-1.0043133699626423,0.5776859326752475,-0.5487249270621996
ENSG00000109083,ENSGALG00010029567,IFT20,0,0.5002626280886613,-1.2240166968843118,-0.4087057222030229,
ENSG00000103353,ENSGALG00010017211,UBFD1,0,-0.8280480197040561,-1.3804657212673217,0.5998323659524667,-0.5111050528818922
ENSG00000116704,ENSGALG00010023216,SLC35D1,0,1.3427847857252484,-0.4604036848855935,-2.9165378771000046,
ENSG00000135424,ENSGALG00010022950,ITGA7,0,-2.040359386601134,-2.5546393239912675,0.7986878489811067,-0.2247850866700671
ENSG00000116218,ENSGALG00010010944,NPHS2,0,-1.1766965304736043,-1.3532666175679724,0.8695230601256598,-0.13981042440588456
ENSG00000101868,ENSGALG00010002087,POLA1,1,0.8206031257526725,-0.3611028456274796,-2.272491440289623,
ENSG00000103319,ENSGALG00010018922,EEF2K,0,-1.7860427484650965,-0.7773568464823458,2.2975841231053704,0.8318581896395753
ENSG00000188910,ENSGALG00010016960,GJB3,0,-1.648558604435676,-1.7948792080745095,0.9184788575294703,-0.08503639306823828
ENSG00000185722,ENSGALG00010029163,ANKFY1,0,-1.0686629180002267,-0.6221890770906517,1.7175854693516657,0.5409195076908423
ENSG00000075391,ENSGALG00010011342,RASAL2,0,-1.1588018957801491,-2.1818643384547207,0.5311062999456954,-0.632793089553538
ENSG00000055163,ENSGALG00010015037,CYFIP2,0,-1.0107787551623009,-1.3557957287929994,0.7455243689712382,-0.29366745722139587
ENSG00000141084,ENSGALG00010021798,RANBP10,0,-2.185958712732482,-1.7223825112118172,1.2691482284005,0.23834598916101196
ENSG00000143167,ENSGALG00010008216,GPA33,0,-1.770965988130449,-0.4160501219672193,4.256616918549981,1.4484746942015394
ENSG00000148384,ENSGALG00010028134,INPP5E,0,-3.1519709445274118,-1.5604176817478104,2.0199533633821147,0.7030744237119978
ENSG00000147180,ENSGALG00010018274,ZNF711,1,0.4864061338865859,-0.2186723985589282,-2.2243599882383345,
ENSG00000106868,ENSGALG00010005531,SUSD1,0,-0.3786766788193159,-0.5728533771296278,0.6610359542903196,-0.4139470468271072
ENSG00000119280,ENSGALG00010007787,C1orf198,0,-2.901498570478518,-1.4962958547322835,1.939120903999064,0.662234728106729
ENSG00000198734,ENSGALG00010007304,F5,0,-0.4150634599356149,-0.2610350031563193,1.590068208925439,0.46377691400726206
ENSG00000050820,ENSGALG00010023431,BCAR1,0,-2.8656813283534195,-2.4706829063508344,1.1598741874107967,0.14831154010753317
ENSG00000167863,ENSGALG00010029685,ATP5PD,0,0.5398924941302994,-0.2740529347578538,-1.970029967412444,
ENSG00000120071,ENSGALG00010024809,KANSL1,0,-1.770102693780096,-2.7720226305262505,0.6385599721615741,-0.44853968127734484
ENSG00000147475,ENSGALG00010017368,ERLIN2,0,0.0549129060604265,-0.3258540180448804,-0.16851995991917845,
ENSG00000119777,ENSGALG00010009076,TMEM214,0,-1.823191179013886,-2.7170100737867107,0.671028494374662,-0.3989436773760816
ENSG00000168096,ENSGALG00010016454,ANKS3,0,-2.788251515744202,-2.053886918775938,1.357548699616786,0.30568064666998296
ENSG00000112062,ENSGALG00010027041,MAPK14,0,0.1565272786874203,-0.8676581103412859,-0.1804020233567017,
ENSG00000160445,ENSGALG00010028569,ZER1,0,-1.8947529560889755,-1.8775983268807288,1.009136474485864,0.009094989396367511
ENSG00000172432,ENSGALG00010006983,GTPBP2,0,-1.493284509756876,-1.5697435377128133,0.9512920256595919,-0.049934191376506974
ENSG00000130479,ENSGALG00010027592,MAP1S,0,-3.382281321685125,-2.982655689627055,1.1339831591852423,0.12573635438862135
ENSG00000187210,ENSGALG00010015132,GCNT1,0,0.3364073887912138,0.2870176972477015,1.1720789066915553,0.1587790154171227
ENSG00000213977,ENSGALG00010029742,TAX1BP3,0,-1.161443332688302,-0.1410868651763049,8.232115237920553,2.1080429972093437
ENSG00000163214,ENSGALG00010017174,DHX57,0,0.1069709674942949,-0.9314303128047944,-0.11484591603227483,
ENSG00000112699,ENSGALG00010011551,GMDS,0,-0.07433463107151,-0.9993355529736936,0.07438405533588255,-2.5985136701123395
ENSG00000111817,ENSGALG00010012650,DSE,0,0.0016851100392454,-0.6528195024370673,-0.002581280174618936,
ENSG00000116857,ENSGALG00010025044,TMEM9,0,-1.3299301365915106,-1.972685564033389,0.674172387550863,-0.3942694328932394
ENSG00000165071,ENSGALG00010008354,TMEM71,0,-0.3422031045673197,-0.9247587825847704,0.37004580114485236,-0.9941284941268509
ENSG00000176978,ENSGALG00010028042,DPP7,0,-2.1536007388487484,-0.9754668578985202,2.2077641299759994,0.7919802975166024
ENSG00000115355,ENSGALG00010016835,CCDC88A,0,0.0476912961675832,-1.3106745313326824,-0.036386833670362925,
ENSG00000116981,ENSGALG00010018322,NT5C1A,0,-1.9167418426099463,-1.964216965561568,0.975830000563075,-0.02446688749104681
ENSG00000203724,ENSGALG00010010231,C1orf53,0,-1.1342717679986745,-1.8651694945156303,0.6081333473091334,-0.4973610998312282
ENSG00000188522,ENSGALG00010017793,FAM83G,0,-3.0156477423371038,-2.539543281564013,1.18747641130175,0.17183039256241664
ENSG00000133878,ENSGALG00010017747,DUSP26,0,-2.3453362971735903,-1.9302322656815571,1.2150539284169832,0.19478846133588462
ENSG00000179526,ENSGALG00010009570,SHARPIN,0,-2.872792527548482,-2.254458513389067,1.2742716312973486,0.2423747458030502
ENSG00000117834,ENSGALG00010024728,SLC5A9,0,-1.3282410236003803,-0.5246516484721966,2.5316627279610446,0.9288762916026604
ENSG00000167258,ENSGALG00010026173,CDK12,0,-1.7138494578999133,-2.197062109532732,0.7800641822840467,-0.24837907770417578
ENSG00000164929,ENSGALG00010010912,BAALC,0,-2.0207545505354823,-2.8106821866588905,0.718955191777691,-0.32995624340100094
ENSG00000179632,ENSGALG00010009543,MAF1,0,-2.459384163922623,-1.9761291275858743,1.2445462847496784,0.21877103357601305
ENSG00000175832,ENSGALG00010024333,ETV4,0,-2.2302267813982333,-1.9672942428918745,1.1336518619196763,0.1254441581005593
ENSG00000040199,ENSGALG00010008441,PHLPP2,0,-0.8834014750526009,-1.6374230326250228,0.5395071752694124,-0.6170991945217645
ENSG00000167671,ENSGALG00010027208,UBXN6,0,-2.7380115073407207,-1.1107507525606763,2.4650098152340916,0.902195789326114
ENSG00000104450,ENSGALG00010010894,SPAG1,0,0.2932423654323255,-0.3869625380500058,-0.7578055666836433,
ENSG00000119392,ENSGALG00010027583,GLE1,0,-1.3040633567669089,-1.3079147429591933,0.9970553232058761,-0.002949020884892992
ENSG00000158106,ENSGALG00010008086,RHPN1,0,-3.1457030702858777,-1.8191157012907653,1.7292484848840697,0.5476869123287759
ENSG00000130520,ENSGALG00010027305,LSM4,0,-1.9275110089881424,-1.020050793982039,1.8896225760127021,0.6363771138984289
ENSG00000141002,ENSGALG00010008104,TCF25,0,-2.4062772100573486,-2.364747179541746,1.0175621440105282,0.017409711664221596
ENSG00000130517,ENSGALG00010027299,PGPEP1,0,-1.6966588401434546,-1.989936947253125,0.8526193970545115,-0.15944202443537056
ENSG00000177570,ENSGALG00010009163,SAMD12,0,-0.5264703766721901,-1.9021368312291715,0.2767783936616074,-1.2845381158661722
ENSG00000188931,ENSGALG00010027446,CFAP126,0,-1.054118767315776,-3.105496113087144,0.3394365115684806,-1.0804683551604364
ENSG00000124532,ENSGALG00010008024,MRS2,0,-0.143720876781435,-1.2827950473985186,0.11203728691726549,-2.1889235441880883
ENSG00000222046,ENSGALG00010017480,DCDC2B,0,-1.996768273300896,-1.5724296550579604,1.2698617498582436,0.23890803616566078
ENSG00000181408,ENSGALG00010029154,UTS2R,0,-2.4680918446774545,-2.1023834533659094,1.1739494242717936,0.16037364064130952
ENSG00000116337,ENSGALG00010027923,AMPD2,0,-2.1547892173085845,-2.58450900788084,0.8337325235617565,-0.18184264321726307
ENSG00000131844,ENSGALG00010009143,MCCC2,0,0.3248246623927961,0.7883928493029261,0.41200863589769565,-0.8867109689355506
ENSG00000165802,ENSGALG00010027869,NSMF,0,-2.6657986530081867,-1.2197407676340724,2.1855452598989773,0.7818653442804343
ENSG00000111885,ENSGALG00010014922,MAN1A1,0,-0.4547927477936611,-0.7471903247913271,0.6086705524735938,-0.4964781223860392
ENSG00000196123,ENSGALG00010022143,MATCAP1,0,-2.012883566241534,-2.461406472914802,0.817777798340586,-0.20116461945069658
ENSG00000164764,ENSGALG00010002827,SBSPON,0,-1.3961129348081336,-1.7572524011469914,0.7944862866010964,-0.23005955356830457
ENSG00000213024,ENSGALG00010016362,NUP62,0,-2.229445334352661,-1.3518702694665814,1.6491562723931723,0.5002638070637146
ENSG00000134153,ENSGALG00010021100,EMC7,0,0.239499793243203,-0.4541569145059124,-0.5273503179044632,
ENSG00000178741,ENSGALG00010023764,COX5A,0,-0.2677723855585299,-1.075875546598822,0.24888788150733782,-1.3907527589926227
ENSG00000007384,ENSGALG00010019213,RHBDF1,0,-2.377019570304636,-1.51235012827809,1.571738928611081,0.45218260426772816
ENSG00000264522,ENSGALG00010028750,OTUD7B,0,-1.6949548354685169,-2.135824665142539,0.7935833231682434,-0.2311967373851935
ENSG00000103742,ENSGALG00010017782,IGDCC4,0,-2.45765626343456,-1.6981633939346232,1.4472436941066085,0.36966084681191946
ENSG00000135338,ENSGALG00010003778,LCA5,0,-0.1448282875106041,-0.9954174313333468,0.14549502846922094,-1.9276133615507693
ENSG00000167889,ENSGALG00010029366,MGAT5B,0,-2.395034907896493,-2.1047422996927594,1.137923112129266,0.12920476938755002
ENSG00000143595,ENSGALG00010027878,AQP10,0,-0.747971591711968,-1.9266118809818356,0.3882315888817152,-0.9461532388588999
ENSG00000140563,ENSGALG00010018602,MCTP2,0,-0.3102580459466502,-1.0543419154431612,0.29426701281836304,-1.2232677169485917
ENSG00000132361,ENSGALG00010029595,CLUH,0,-2.623443390678185,-1.4527061252220488,1.8059009631264458,0.5910596157981545
ENSG00000112769,ENSGALG00010013458,LAMA4,0,-0.2303876335891157,-0.885065982868281,0.2603056021230034,-1.345898945419111
ENSG00000106069,ENSGALG00010001585,CHN2,0,-0.4620779717851029,-0.8852813702911919,0.5219560552066215,-0.6501718800712186
ENSG00000139174,ENSGALG00010001843,PRICKLE1,0,-0.8814420699646117,-1.191429670854157,0.7398188004942754,-0.301349986964979
ENSG00000114446,ENSGALG00010004762,IFT57,0,0.1085682673222816,-0.9147538283137736,-0.11868577530023863,
ENSG00000166938,ENSGALG00010017941,DIS3L,0,-0.0956548927946414,-0.7744129573406393,0.12351923077723749,-2.09135842024095
ENSG00000104313,ENSGALG00010003210,EYA1,0,-0.5867880279717248,-0.440105328221765,1.333289988427606,0.2876495632440668
ENSG00000160271,ENSGALG00010029148,RALGDS,0,-2.4859976222920057,-2.683152941274039,0.9265210283210997,-0.07631853699933615
ENSG00000170222,ENSGALG00010029563,ADPRM,0,0.6181434354671147,-1.7257175717143731,-0.3581950173069367,
ENSG00000172009,ENSGALG00010027502,THOP1,0,-2.3088329742462843,-1.7568133422275858,1.3142164387929536,0.27324062399642374
ENSG00000110717,ENSGALG00010021238,NDUFS8,0,-1.875972525912747,-1.9934179049512748,0.941083413193583,-0.06072350018655781
ENSG00000073417,ENSGALG00010020912,PDE8A,0,-0.062255962107983,-0.8650715651266446,0.07196625645517415,-2.631557930166469
ENSG00000145882,ENSGALG00010011764,PCYOX1L,0,-1.3040211518528242,-2.256178348446551,0.5779778680841802,-0.5482197015546589
ENSG00000146809,ENSGALG00010001699,ASB15,0,0.8297577802040372,0.0766795327058892,10.821111591624364,2.3814990030420553
ENSG00000164253,ENSGALG00010010254,WDR41,0,0.5259558487843581,-0.593361229360973,-0.8864007669506686,
ENSG00000166860,ENSGALG00010025268,ZBTB39,0,-1.7753690381045946,-2.7716602781280577,0.640543522636784,-0.44543820892068464
ENSG00000132478,ENSGALG00010029782,UNK,0,-2.968980152198105,-1.957555696038288,1.5166772307969287,0.4165219096311037
ENSG00000147443,ENSGALG00010019799,DOK2,0,-2.601714371843592,-2.7661513232055563,0.9405538843871324,-0.0612863385413358
ENSG00000152760,ENSGALG00010023130,DYNLT5,0,1.3303195875065192,-1.9115123571691288,-0.6959513405797009,
ENSG00000120318,ENSGALG00010011564,ARAP3,0,-2.3522592676157945,-2.462856237894424,0.9550940210894394,-0.04594549194487371
ENSG00000176994,ENSGALG00010017741,SMCR8,0,-1.646305984532198,-1.8589188449523888,0.8856255285175527,-0.12146107176384564
ENSG00000140488,ENSGALG00010021523,CELF6,0,-2.0237030359997075,-1.688283862689412,1.1986746309213532,0.18121647218060927
ENSG00000004455,ENSGALG00010017707,AK2,0,-0.8875864761506111,-1.6903307608363032,0.5250963283135612,-0.6441735507193475
ENSG00000144339,ENSGALG00010010823,TMEFF2,0,-0.159726261661472,-1.8374020352954377,0.08693049130958944,-2.442646430123063
ENSG00000157782,ENSGALG00010023019,CABP1,0,-2.501450197575116,-2.2431790534928893,1.1151362142402625,0.10897656268842072
ENSG00000169155,ENSGALG00010028675,ZBTB43,0,-1.272177481613646,-0.7851707854986612,1.6202557521363805,0.48258400847299276
ENSG00000187609,ENSGALG00010028483,EXD3,0,-3.099185282973453,-1.7212248529780714,1.8005696801386686,0.5881031037959777
ENSG00000127074,ENSGALG00010012783,RGS13,0,0.6177950908833925,-0.2948519287020654,-2.0952723409438727,
ENSG00000134115,ENSGALG00010020425,CNTN6,0,0.1570819123077314,-0.4525894802745888,-0.3470737150417832,
ENSG00000115652,ENSGALG00010015124,UXS1,0,-0.8089756939741441,-0.4058857812777623,1.9931116863158427,0.6896970789559704
ENSG00000126067,ENSGALG00010015046,PSMB2,0,-0.1186521439418335,-1.4764686053884066,0.08036211776451577,-2.521212385916799
ENSG00000172269,ENSGALG00010024368,DPAGT1,0,0.1038597122408155,-0.3761303918906677,-0.27612688174106675,
ENSG00000117868,ENSGALG00010025048,ESYT2,0,-1.2086910639451125,-1.0415070590411903,1.1605212403052088,0.1488692492836976
ENSG00000163156,ENSGALG00010028595,SCNM1,0,-1.3795594676008367,-2.380973303141887,0.5794098849325174,-0.5457451331563852
ENSG00000064102,ENSGALG00010014728,INTS13,0,0.3498848021077805,-0.6655810917276904,-0.525683205932973,
ENSG00000136448,ENSGALG00010023799,NMT1,0,-0.9073432006891372,-1.7317129495267962,0.5239570455005697,-0.6463455722567203
ENSG00000197603,ENSGALG00010013777,CPLANE1,0,0.3929474342774384,-0.8040958506595073,-0.4886823305395107,
ENSG00000108984,ENSGALG00010029424,MAP2K6,0,-0.0306790402584091,-1.0795920055033612,0.02841725402005451,-3.5607587823727966
ENSG00000165219,ENSGALG00010027973,GAPVD1,0,-0.1166317288851583,-1.016979851851438,0.1146844046839544,-2.1655712302291934
ENSG00000077235,ENSGALG00010019067,GTF3C1,0,-1.8798189294658891,-1.1519989811163658,1.6317887083929676,0.4896767802637578
ENSG00000164961,ENSGALG00010008866,WASHC5,0,0.6876444400110948,-0.146712895454752,-4.687007490920745,
ENSG00000108826,ENSGALG00010029656,MRPL27,0,-0.2066661360291739,-0.5018779552110539,0.4117856420736092,-0.8872523512575597
ENSG00000154124,ENSGALG00010000728,OTULIN,0,-0.3179155394575002,-0.8445800524642176,0.3764184798467867,-0.9770537761775131
ENSG00000186566,ENSGALG00010021148,GPATCH8,0,-2.122984006512354,-2.609762033452575,0.813478002706538,-0.2064363930002101
ENSG00000158560,ENSGALG00010003506,DYNC1I1,0,-0.7779099509741485,-0.9591624950376672,0.811030409340181,-0.20944972946588644
ENSG00000141295,ENSGALG00010023770,SCRN2,0,-2.5240603815142,-2.5809148209459547,0.9779712065774738,-0.022275050508045586
ENSG00000137872,ENSGALG00010022698,SEMA6D,0,-0.1244575262688822,-0.5322017220112449,0.23385404654187217,-1.453058090953659
ENSG00000127220,ENSGALG00010028588,ABHD8,0,-2.292321544634005,-2.0900343142434097,1.096786559441644,0.09238459485248353
ENSG00000162384,ENSGALG00010025155,CZIB,0,-0.8056316537631751,-0.8833041618787488,0.9120659547778336,-0.09204297268734273
ENSG00000158716,ENSGALG00010028875,DUSP23,0,-2.3444434126401656,-2.5962591105323924,0.9030082564291554,-0.10202358227455365
ENSG00000120063,ENSGALG00010029383,GNA13,0,-0.1994306992660792,-1.179517086611642,0.16907826222253117,-1.777393581178031
ENSG00000175707,ENSGALG00010013187,KDF1,0,-2.571893348565004,-2.6273082267971803,0.978908116806786,-0.021317494986143895
ENSG00000020426,ENSGALG00010017895,MNAT1,0,0.2155761236820002,-1.4493676261422292,-0.14873805637276272,
ENSG00000197111,ENSGALG00010024325,PCBP2,0,-0.8957149163235201,-1.917397852808659,0.4671513087445317,-0.7611020721961351
ENSG00000137522,ENSGALG00010002410,RNF121,0,0.0463663115748893,-1.0197602343939107,-0.04546785608133355,
ENSG00000135604,ENSGALG00010005016,STX11,0,-2.265279412287964,-0.408273772583843,5.548432361823503,1.71351543053066
ENSG00000144040,ENSGALG00010018344,SFXN5,0,-1.132378474353331,-1.0670241182173863,1.0612491836127644,0.05944668937364421
ENSG00000114544,ENSGALG00010021164,SLC41A3,0,-1.3373394106073275,-0.8055515426140327,1.6601537454296609,0.5069102158084062
ENSG00000171462,ENSGALG00010007626,DLK2,0,-2.2585514415744345,-2.5376235429303624,0.8900262010362401,-0.11650437732271929
ENSG00000104325,ENSGALG00010012812,DECR1,0,1.171064953036728,0.484752682599704,2.415798808490066,0.8820300019734487
ENSG00000159387,ENSGALG00010025424,IRX6,0,-1.9103995543414296,-1.9053232256150183,1.002664287433316,0.002660744511065998
ENSG00000198729,ENSGALG00010005553,PPP1R14C,0,-2.2844699939619044,-1.461600164685326,1.5629924305965972,0.44660220855915295
ENSG00000172159,ENSGALG00010015589,FRMD3,0,-0.9532959601335608,-0.9212839966768016,1.0347471176881728,0.03415706612765035
ENSG00000103494,ENSGALG00010021298,RPGRIP1L,0,0.1492764110580182,-0.7616427829538845,-0.1959926810821714,
ENSG00000148019,ENSGALG00010015894,CEP78,0,0.1195892055432477,-0.6642634535185896,-0.1800327940816045,
ENSG00000135801,ENSGALG00010009522,TAF5L,0,-1.2589615225762625,-1.7525798679687932,0.7183475889377726,-0.3308017199203051
ENSG00000135749,ENSGALG00010008066,PCNX2,0,-1.2941016619956898,-1.0972651918005245,1.1793882387467083,0.16499586230010943
ENSG00000141934,ENSGALG00010027154,PLPP2,0,-1.183724956635503,-1.92375753891185,0.6153192035338625,-0.4856141156888092
ENSG00000003989,ENSGALG00010015869,SLC7A2,0,0.5897789157329036,0.2538892978279626,2.32297667045636,0.8428494108865121
ENSG00000273611,ENSGALG00010029173,ZNHIT3,0,-0.347869486565374,-1.8723350407496349,0.18579446466274324,-1.6831142449582253
ENSG00000021355,ENSGALG00010011626,SERPINB1,0,0.6184576551538239,-0.5924450985673861,-1.0439071175529002,
ENSG00000145979,ENSGALG00010009989,TBC1D7,0,0.2230535028889289,-0.6062631022172827,-0.3679153523827469,
ENSG00000147905,ENSGALG00010001182,ZCCHC7,0,-0.2265097052952072,-1.413557200765371,0.16024091927271386,-1.831076850791842
ENSG00000149231,ENSGALG00010008258,CCDC82,0,0.4639075272961861,-1.2034591564681216,-0.3854784142883993,
ENSG00000156973,ENSGALG00010015684,PDE6D,0,-0.0186026154639815,-0.8216898744720152,0.022639460509276434,-3.7880608550266364
ENSG00000119711,ENSGALG00010006580,ALDH6A1,0,0.6727991163748968,-0.2726046574914992,-2.4680396973623866,
ENSG00000108370,ENSGALG00010029380,RGS9,0,-1.2654609939525496,-0.4469528285755273,2.831307719845224,1.0407386967417012
ENSG00000182885,ENSGALG00010024466,ADGRG3,0,-1.1809695464061465,-2.0371388527386944,0.579719710719999,-0.5452105496274647
ENSG00000160688,ENSGALG00010027928,FLAD1,0,-1.4076153496688182,-1.948488106668031,0.722414134760042,-0.3251567106809108
ENSG00000213903,ENSGALG00010003212,LTB4R,0,-1.89393857178392,-2.1362376837992967,0.8865767073332178,-0.12038762891656948
ENSG00000167965,ENSGALG00010018075,MLST8,0,-2.321444719721216,-1.6411410206060468,1.414530921214768,0.34679797169359683
ENSG00000165113,ENSGALG00010014537,GKAP1,0,0.4986190233456611,-0.9129569916376128,-0.546158283372435,
ENSG00000074276,ENSGALG00010010179,CDHR2,0,-1.920309563511319,-2.312382003248925,0.8304465096222252,-0.18579175944165668
ENSG00000180921,ENSGALG00010008282,FAM83H,0,-3.014577170313748,-1.214649720466208,2.4818489804259705,0.9090038390109898
ENSG00000064763,ENSGALG00010022354,FAR2,0,0.4678442264736908,-0.1415080026130493,-3.30613264150863,
ENSG00000109991,ENSGALG00010026422,P2RX3,0,-0.7464440341901035,-2.5328841338043517,0.2947012159884931,-1.2217932630559825
ENSG00000126653,ENSGALG00010029707,NSRP1,0,-0.5877873595735501,-1.4891947772059244,0.394701464556823,-0.9296255857632829
ENSG00000105393,ENSGALG00010028586,BABAM1,0,-2.042043434533994,-2.630074788217579,0.776420291803908,-0.25306129226901575
ENSG00000097046,ENSGALG00010022098,CDC7,0,0.6396798437468547,-0.3152309016685246,-2.029242185207777,
ENSG00000151693,ENSGALG00010003242,ASAP2,0,-1.1873244948053916,-0.6193954799608732,1.9169085555490235,0.6507137610733766
ENSG00000189127,ENSGALG00010007259,ANKRD34B,0,-0.6524092212637456,-1.3689145543783705,0.47658870977524753,-0.7411014036974412
ENSG00000138382,ENSGALG00010023518,METTL5,0,1.4658084571812235,-0.0819387806974474,-17.889068457018023,
ENSG00000163472,ENSGALG00010028184,TMEM79,0,-2.042306554119074,-2.586152307714686,0.7897085365106769,-0.23609134272231694
ENSG00000156218,ENSGALG00010016874,ADAMTSL3,0,-0.9603148905518796,-0.7536227173150245,1.2742647859306169,0.24236937380468643
ENSG00000181982,ENSGALG00010009728,CCDC149,0,-2.013426988995757,-1.6934483817170702,1.188950906761176,0.1730713273365927
ENSG00000164022,ENSGALG00010006049,AIMP1,0,0.7954803056283719,0.1857318871334695,4.282949567279897,1.4546419234716579
ENSG00000109118,ENSGALG00010029677,PHF12,0,-2.103977763885183,-1.9250049920369856,1.0929726273898197,0.08890116532162949
ENSG00000113749,ENSGALG00010014576,HRH2,0,-1.461254208894216,-2.014282203037697,0.72544661651209,-0.32096779101630796
ENSG00000155506,ENSGALG00010015796,LARP1,0,-1.8287101406229525,-1.9401762120275243,0.9425484805382252,-0.0591679227460283
ENSG00000140105,ENSGALG00010016667,WARS1,0,-0.7496374705912849,-0.1061787765571,7.0601441728625565,1.9544654723819912
ENSG00000111057,ENSGALG00010024018,KRT18,0,-1.9457339204206845,-3.0553054256907246,0.636837778658677,-0.4512403204285702
ENSG00000166313,ENSGALG00010001605,APBB1,0,-2.437892374758949,-2.978477854035674,0.818502770284405,-0.20027849758974176
ENSG00000277791,ENSGALG00010022122,PSMB3,0,-0.3426223143497768,-1.5333475746714167,0.22344726010552293,-1.4985798654566715
ENSG00000003147,ENSGALG00010003990,ICA1,0,-0.2478979444997442,-0.8983432875586812,0.2759501272319031,-1.28753512802805
ENSG00000161091,ENSGALG00010028127,MFSD12,0,-1.92869073905619,-2.0116044423342547,0.9587823025575286,-0.042091234500550107
ENSG00000117016,ENSGALG00010017176,RIMS3,0,-2.3639933102729707,-3.261649837197493,0.7247845195743589,-0.3218808826846044
ENSG00000143222,ENSGALG00010027531,UFC1,0,-0.0178693098884181,-2.591400197812793,0.00689561955868501,-4.976868915546723
ENSG00000145246,ENSGALG00010013459,ATP10D,0,-0.0093291667309554,-0.6095837961756905,0.015304158000070274,-4.179630722794611
ENSG00000120647,ENSGALG00010012242,CCDC77,0,-0.2153371156297581,-1.6224763512645026,0.13272126614476182,-2.0195040931758794
ENSG00000142784,ENSGALG00010016799,WDTC1,0,-1.6625603769711113,-1.2987613021511824,1.2801123456768817,0.24694784414002327
ENSG00000073536,ENSGALG00010029754,NLE1,0,-2.0385850458172623,-1.823448087582833,1.1179835936649096,0.11152669990690497
ENSG00000157827,ENSGALG00010010336,FMNL2,0,-0.0060874682766023,-1.0345713339631626,0.0058840488584608825,-5.135510172664082
ENSG00000168785,ENSGALG00010004522,TSPAN5,0,1.263811923119908,0.3244695205132671,3.8950096795555025,1.3596961644429877
ENSG00000153071,ENSGALG00010013409,DAB2,0,-0.5161527642633335,-1.020624408120082,0.5057225362795804,-0.6817671073655767
ENSG00000132382,ENSGALG00010029423,MYBBP1A,0,-2.5729759460797013,-1.5237989826861162,1.6885271451908448,0.5238566372264567
ENSG00000156398,ENSGALG00010018701,SFXN2,0,-0.222069503754053,-1.395602662155388,0.15912086568471126,-1.8380912039992885
ENSG00000066279,ENSGALG00010010358,ASPM,0,1.2942225364686273,0.3113598357894197,4.156677861764873,1.424716164307668
ENSG00000167114,ENSGALG00010027394,SLC27A4,0,-1.348373219544822,-1.4532669106114438,0.927822143130962,-0.07491522067319265
ENSG00000163644,ENSGALG00010003531,PPM1K,0,-0.2472033331103169,-0.8233060296689992,0.30025692051557323,-1.2031167691100761
ENSG00000182511,ENSGALG00010000049,FES,0,-2.873409802299795,-3.2872939500912093,0.8740957900099167,-0.13456530977851347
ENSG00000196460,ENSGALG00010013525,RFX8,0,-0.0852570734714426,-0.6864315117324724,0.12420332110957985,-2.0858353698275462
ENSG00000062485,ENSGALG00010024933,CS,0,-0.4076981964721664,-2.1084840961643154,0.19336081178598286,-1.6431973442817853
ENSG00000109610,ENSGALG00010009833,SOD3,0,-3.4771807855575947,-1.2720489019500856,2.733527602772961,1.0055929372616772
ENSG00000002587,ENSGALG00010009497,HS3ST1,0,-1.9395276859724309,-0.3588524109647596,5.404806061517302,1.6872885691370245
ENSG00000171509,ENSGALG00010008674,RXFP1,0,1.1791317474648029,-0.1421381550457378,-8.295673649945556,
ENSG00000183155,ENSGALG00010026013,RABIF,0,-1.1436222169524264,-1.9200141663397965,0.5956321765753225,-0.5181319558314447
ENSG00000179456,ENSGALG00010008312,ZBTB18,0,-1.6631549849440752,-1.9267778242632785,0.8631794304462675,-0.1471326947402703
ENSG00000097096,ENSGALG00010020753,SYDE2,0,-0.1704160349991514,-1.57635483468712,0.10810766158050711,-2.224627681913173
ENSG00000152128,ENSGALG00010019474,TMEM163,0,-1.769872085364712,-0.4399844085042367,4.022579098612922,1.391923263734055
ENSG00000124588,ENSGALG00010011426,NQO2,0,-0.2407147343329558,-0.4475328938406121,0.5378704842614,-0.6201374833754181
ENSG00000011258,ENSGALG00010029226,MBTD1,0,0.6415943493995329,-0.5762560966911228,-1.11338405456113,
ENSG00000136861,ENSGALG00010027929,CDK5RAP2,0,-1.249152450370854,-1.251478708698934,0.9981411922456926,-0.0018605374812600318
ENSG00000189280,ENSGALG00010017020,GJB5,0,-1.548854129479249,-2.4828972504271523,0.6238091927536621,-0.4719107382166943
ENSG00000007968,ENSGALG00010016567,E2F2,0,-2.6661252614887587,-3.392804798192061,0.7858174637425263,-0.241030747947787
ENSG00000091073,ENSGALG00010029192,DTX2,0,-2.658469510593996,-1.770431209424267,1.5015943553426816,0.40652744718791917
ENSG00000162882,ENSGALG00010020302,HAAO,0,-2.33652824079525,-0.0635318963428104,36.77724694675612,3.604879364464792
ENSG00000215217,ENSGALG00010000806,CFAP90,0,-1.7886880927954607,-1.3343043611478116,1.3405397935271481,0.2930723638386086
ENSG00000103184,ENSGALG00010018638,SEC14L5,0,-2.710261458605933,-1.777313047982781,1.524920700763454,0.42194240920797965
ENSG00000152092,ENSGALG00010010430,ASTN1,0,-1.8672495315755704,-2.8691152574308,0.6508102198890511,-0.42953720018180336
ENSG00000150712,ENSGALG00010014887,MTMR12,0,-0.2258748692198597,-0.6541840568190069,0.3452772455479643,-1.0634075743886835
ENSG00000172554,ENSGALG00010002324,SNTG2,0,-0.8421001066370781,-0.4204332898878312,2.0029339419381964,0.6946130765782841
ENSG00000105223,ENSGALG00010008342,PLD3,0,-1.7860532667954452,-2.615515242610973,0.6828686133033175,-0.38145280496850537
ENSG00000135472,ENSGALG00010024233,FAIM2,0,-0.5780531946005905,-0.9875611940520792,0.5853340512791623,-0.5355725668970037
ENSG00000164303,ENSGALG00010007187,ENPP6,0,-0.2577633348686561,-0.9737673220131376,0.2647073166675627,-1.3291305287727186
ENSG00000152784,ENSGALG00010002796,PRDM8,0,-2.460341346587658,-1.8025695623033389,1.3649078504597696,0.31108691753741846
ENSG00000070182,ENSGALG00010021604,SPTB,0,-2.2021030665002765,-2.790413348534221,0.7891673352469524,-0.2367768953925446
ENSG00000150967,ENSGALG00010024943,ABCB9,0,-1.9725978617761493,-1.465254250704334,1.3462495405339654,0.29732260819515544
ENSG00000084072,ENSGALG00010017823,PPIE,0,-0.1271479725352353,-1.4157746455867386,0.08980805874125641,-2.4100805667065184
ENSG00000113456,ENSGALG00010013238,RAD1,0,0.8530629082797727,-1.3948201889040228,-0.6115934620576902,
ENSG00000198208,ENSGALG00010006100,RPS6KL1,0,-3.005119100003382,-3.109822063447388,0.9663315259497717,-0.0342483090824221
ENSG00000138709,ENSGALG00010007935,LARP1B,0,0.0279257387929323,-0.94085795198327,-0.02968114233829515,
ENSG00000040933,ENSGALG00010015669,INPP4A,0,-1.6031014810186424,-1.155828942801824,1.3869712218250851,0.32712239261353737
ENSG00000164484,ENSGALG00010005248,TMEM200A,0,-0.3430850990960277,-0.9877003687646768,0.3473574678575107,-1.05740086255655
ENSG00000167862,ENSGALG00010029683,MRPL58,0,-1.709978456330326,-1.3008574471611625,1.3145010316556829,0.27345715001494075
ENSG00000112130,ENSGALG00010021606,RNF8,0,-0.3373635009800839,-1.7555954331936794,0.19216471779399164,-1.6494023695676243
ENSG00000107819,ENSGALG00010017949,SFXN3,0,-1.107286034905517,-1.457664665729824,0.7596301542722246,-0.27492360326449755
ENSG00000185246,ENSGALG00010018312,PRPF39,0,1.1092974617387077,-0.3077902465660898,-3.6040695704778143,
ENSG00000183605,ENSGALG00010002202,SFXN4,0,-0.1611348694943721,-0.4631091325813684,0.34794146381049973,-1.0557210207972136
ENSG00000096063,ENSGALG00010026964,SRPK1,0,-0.0680475899719859,-1.1263121950981074,0.060416277359101676,-2.806496717647644
ENSG00000139971,ENSGALG00010017452,ARMH4,0,-0.5110034210084784,-1.7183365775591493,0.29738261274420696,-1.2127357108743033
ENSG00000100591,ENSGALG00010005335,AHSA1,0,-0.4713308347752853,-0.930864611535454,0.5063366132243751,-0.680553587344628
ENSG00000158458,ENSGALG00010011853,NRG2,0,-3.244160277716857,-2.3391697001544105,1.3868853882224565,0.32706050505789
ENSG00000100796,ENSGALG00010015172,PPP4R3A,0,0.7111546881682198,-0.4913829572822697,-1.447251431147427,
ENSG00000186501,ENSGALG00010016802,TMEM222,0,-1.1222890761521764,-1.334404042516324,0.8410414240321423,-0.17311436453595325
ENSG00000111726,ENSGALG00010011573,CMAS,0,0.4791687350601883,-0.6941423971251681,-0.6903032245900755,
ENSG00000087008,ENSGALG00010009294,ACOX3,0,-1.0919892169550618,-0.5393376087084791,2.0246858355937496,0.7054145456059284
ENSG00000165983,ENSGALG00010004751,PTER,0,0.0654022382655377,-0.7208453057592692,-0.09072992186118112,
ENSG00000143674,ENSGALG00010008031,MAP3K21,0,-1.6890927623680838,-1.4850109485805485,1.1374278176080839,0.12876941278164644
ENSG00000178691,ENSGALG00010029591,SUZ12,0,0.304307967107901,-0.6684820900752193,-0.4552223187814343,
ENSG00000146410,ENSGALG00010005412,MTFR2,0,0.236636345202081,-0.962061592476935,-0.2459679786122989,
ENSG00000154310,ENSGALG00010013911,TNIK,0,-1.2331822275612936,-2.1522151471740427,0.5729827843561637,-0.5568996074723912
ENSG00000128923,ENSGALG00010022976,MINDY2,0,-0.9322244414471026,-1.7125651248259148,0.5443439364338712,-0.6081739958115574
ENSG00000108423,ENSGALG00010029276,TUBD1,0,0.597089946748671,-0.714557500677827,-0.835607975820383,
ENSG00000145495,ENSGALG00010000790,MARCHF6,0,0.6262675322556621,-0.1180353233552362,-5.305763685425445,
ENSG00000163159,ENSGALG00010028599,VPS72,0,-1.788814943374648,-2.8774966880704924,0.6216566471790239,-0.4753673528405126
ENSG00000112110,ENSGALG00010004424,MRPL18,0,-1.1490800402239127,-0.7246661418709904,1.585668177151402,0.4610058813681285
ENSG00000075826,ENSGALG00010021077,SEC31B,0,-1.7782940229724264,-1.5248965827010976,1.1661735249104421,0.1537278975335113
ENSG00000189077,ENSGALG00010029616,TMEM120A,0,-1.2959529867574329,-2.4510507438099944,0.528733642104431,-0.6372704860185395
ENSG00000132718,ENSGALG00010028445,SYT11,0,-1.45279187940654,-1.1823903616465217,1.2286905632277603,0.2059490195719627
ENSG00000176473,ENSGALG00010016702,WDR25,0,-1.5551049958449426,-0.7218456029917857,2.1543457345997563,0.7674870740248704
ENSG00000116761,ENSGALG00010023888,CTH,0,0.47426746894741,-0.467235005088798,-1.015051234993139,
ENSG00000181350,ENSGALG00010029325,LRRC75A,0,-2.9860693249615675,-2.837531953977927,1.0523473826525218,0.05102327145453519
ENSG00000172057,ENSGALG00010024613,ORMDL3,0,-1.2043776218942224,-2.350746761239657,0.5123383095757617,-0.6687701112588306
ENSG00000197555,ENSGALG00010021265,SIPA1L1,0,-1.250642424128598,-1.2747658484920246,0.9810761918418484,-0.01910515490792008
ENSG00000132680,ENSGALG00010027942,KHDC4,0,-0.7623270398466868,-1.0297954399998226,0.7402703587877785,-0.3007398097946627
ENSG00000108256,ENSGALG00010029691,NUFIP2,0,-0.6338060048105358,-1.5852388987127426,0.39981734319363704,-0.9167474781827787
ENSG00000170852,ENSGALG00010019312,KBTBD2,0,0.9579935134329318,-0.3545534879383034,-2.7019717645525865,
ENSG00000213066,ENSGALG00010006486,CEP43,0,-0.4795814508695173,-0.8713138599427122,0.5504118239333978,-0.5970885101566147
ENSG00000129925,ENSGALG00010019298,PGAP6,0,-2.2997672660878887,-1.3462031424878786,1.7083359810301408,0.5355197862264631
ENSG00000108510,ENSGALG00010029314,MED13,0,0.4521170297540315,-0.8683128634896432,-0.5206844776398089,
ENSG00000122515,ENSGALG00010018542,ZMIZ2,0,-2.6130092607360744,-2.401907084318104,1.0878894016326621,0.08423949035558741
ENSG00000132692,ENSGALG00010028339,BCAN,0,-2.3260086352163736,-2.27391037045742,1.022911309713792,0.022652786939197412
ENSG00000096093,ENSGALG00010007897,EFHC1,0,0.537306816943536,-0.5545716947433973,-0.9688680869155253,
ENSG00000166558,ENSGALG00010024740,SLC38A8,0,-1.277275437846491,-1.8793960903128413,0.6796201420392854,-0.3862212515433865
ENSG00000056558,ENSGALG00010027665,TRAF1,0,-2.2084467564966115,-1.3724920756955834,1.6090779652606473,0.47566132256075994
ENSG00000169914,ENSGALG00010020679,OTUD3,0,-1.3634332817338048,-1.648566401230562,0.827041774426604,-0.18990007202185655
ENSG00000250305,ENSGALG00010014740,TRMT9B,0,-0.6245396867192294,-0.9904230748644326,0.6305786916411609,-0.4611173230523667
ENSG00000138316,ENSGALG00010020285,ADAMTS14,0,-2.740572433075167,-2.633645496765484,1.0406003527965346,0.039797808905850454
ENSG00000157856,ENSGALG00010010453,DRC1,0,-1.1032810523258243,-2.2909310765157973,0.4815863138072965,-0.730669803565548
ENSG00000108854,ENSGALG00010029312,SMURF2,0,0.2056335103842013,-0.9447616135709004,-0.21765650448791163,
ENSG00000144535,ENSGALG00010017657,DIS3L2,0,-1.1614217247973322,-1.4541576439529529,0.7986903824540967,-0.22478191463110953
ENSG00000143363,ENSGALG00010028580,PRUNE1,0,-1.0360476385891797,-3.0864465361810045,0.33567652199513776,-1.0916073149005163
ENSG00000065675,ENSGALG00010005409,PRKCQ,0,-0.3127336859230922,-0.5403994461701537,0.5787083760715455,-0.5469565965628267
ENSG00000112851,ENSGALG00010012387,ERBIN,0,0.1532545936519493,-1.1330139992430075,-0.13526275381799535,
ENSG00000123159,ENSGALG00010003887,GIPC1,0,-2.637233819874117,-2.319773002081607,1.1368499493302329,0.12826123537369077
ENSG00000142627,ENSGALG00010016653,EPHA2,0,-1.7905747261686091,-2.1839463563256025,0.8198803606060981,-0.19859685106840697
ENSG00000146085,ENSGALG00010008105,MMUT,0,1.2901833836024412,-0.1406119194262284,-9.175490874934908,
ENSG00000240682,ENSGALG00010027935,ISY1,0,-0.5966716175225191,-0.4323638116616366,1.3800221050633812,0.32209951720269436
ENSG00000173852,ENSGALG00010019064,DPY19L1,0,1.0882418397456313,0.2835500199551833,3.837918402959852,1.3449301370572253
ENSG00000143303,ENSGALG00010027325,METTL25B,0,-2.171941871484826,-2.640598687590194,0.8225187271705178,-0.19538402800543647
ENSG00000169676,ENSGALG00010010116,DRD5,0,-1.4695337855385515,-2.015520184093359,0.729108940280641,-0.3159321201675192
ENSG00000123358,ENSGALG00010025421,NR4A1,0,-2.565094410893561,-2.6863027228929437,0.954879131467041,-0.04617051042015181
ENSG00000144747,ENSGALG00010020036,TMF1,0,-0.1775872857630798,-1.1775217024840023,0.15081444816554665,-1.8917050178814203
ENSG00000143494,ENSGALG00010019221,VASH2,0,-1.7931686390936807,-1.7347754874972026,1.0336603508738316,0.03310624134494886
ENSG00000157224,ENSGALG00010004730,CLDN12,0,-0.0508747272909424,-0.1783722611993211,0.2852165855210677,-1.254506438131936
ENSG00000138640,ENSGALG00010008290,FAM13A,0,-0.7913966529916561,-1.5842762232055416,0.4995319890557882,-0.6940836407904099
ENSG00000144485,ENSGALG00010025028,HES6,0,-3.3664309819315097,-3.048603728085974,1.1042533835793342,0.09916943563228493
ENSG00000082269,ENSGALG00010001696,FAM135A,0,0.7994744080317577,-0.6900394912999624,-1.158592251764651,
ENSG00000015413,ENSGALG00010008034,DPEP1,0,-2.415320738673812,-2.519161222895326,0.9587797385583094,-0.042093908728725454
ENSG00000078687,ENSGALG00010029728,TNRC6C,0,-1.7622064885452031,-1.8256790501472009,0.9652334502075378,-0.03538528958691526
ENSG00000163412,ENSGALG00010022219,EIF4E3,0,-0.9172234958376996,-1.5040017300924964,0.609855346231078,-0.4945334872623834
ENSG00000108179,ENSGALG00010020782,PPIF,0,-1.3288596173704956,-0.1655511698907871,8.02688146660114,2.0827960922036257
ENSG00000146966,ENSGALG00010013381,DENND2A,0,-2.0926233914992345,-2.058685405323044,1.0164852706918883,0.016350863761789933
ENSG00000182010,ENSGALG00010009484,RTKN2,0,0.5592862908871954,-0.6051296338973248,-0.9242421120332907,
ENSG00000078900,ENSGALG00010021318,TP73,0,-2.9875663445509257,-2.329240933382368,1.2826351717134654,0.24891668955644536
ENSG00000165322,ENSGALG00010005757,ARHGAP12,0,0.2147523952315086,-1.1032651385913783,-0.1946516641554533,
ENSG00000153446,ENSGALG00010018690,C16orf89,0,-2.0370853811934424,-0.4183216223463412,4.8696631308885046,1.5830247623998293
ENSG00000136950,ENSGALG00010028106,ARPC5L,0,-1.2699078014297704,-2.1065486421627786,0.602838109698699,-0.5061065930956218
ENSG00000162004,ENSGALG00010018403,CCDC78,0,-3.302640932601827,-2.409587094592756,1.3706252577518914,0.31526702824427344
ENSG00000198113,ENSGALG00010027896,TOR4A,0,-2.5299784720561824,-1.810022948777488,1.3977604393165077,0.33487126955457586
ENSG00000125482,ENSGALG00010028772,TTF1,0,-0.2186681336286771,-0.998352945869884,0.21902888606007706,-1.5185516580459488
ENSG00000106635,ENSGALG00010029526,BCL7B,0,-2.658845706322987,-2.555406653362432,1.0404785096823823,0.03968071280104798
ENSG00000149357,ENSGALG00010002460,LAMTOR1,0,-2.503673424393895,-2.0134631412839177,1.2434662314192586,0.21790282781640008
ENSG00000187135,ENSGALG00010023881,VSTM2B,0,-2.608073669837584,-2.364138095455976,1.1031816097589509,0.09819837745133077
ENSG00000174891,ENSGALG00010001206,RSRC1,0,-1.325187369594909,-1.7246325560562616,0.7683882372168778,-0.26346015635576825
ENSG00000119326,ENSGALG00010007651,CTNNAL1,0,0.6891701642685035,-0.5114893605237003,-1.347379276008558,
ENSG00000104760,ENSGALG00010015785,FGL1,0,1.0163993140383472,-0.1055650127770181,-9.628183498497346,
ENSG00000055118,ENSGALG00010027188,KCNH2,0,-2.685491661426598,-2.5197264893861995,1.065786970426611,0.06371346564782389
ENSG00000171097,ENSGALG00010028582,KYAT1,0,-1.595565007273418,-1.338299495806499,1.192233137853708,0.1758281349665596
ENSG00000125753,ENSGALG00010008932,VASP,0,-2.791107516349461,-2.3239967839675826,1.2009945691854256,0.18315002117706938
ENSG00000141741,ENSGALG00010024519,MIEN1,0,-2.154424679430901,-2.425884042254129,0.8880987886910752,-0.1186722936516398
ENSG00000117616,ENSGALG00010015793,RSRP1,0,-2.2133666202474416,-1.613548883018486,1.3717381875080654,0.31607868566276504
ENSG00000184500,ENSGALG00010006254,PROS1,0,1.0280687162065494,-0.536591006682327,-1.9159261027555525,
ENSG00000171497,ENSGALG00010008825,PPID,0,0.9022646481839728,0.1524655059014098,5.91782805461199,1.7779694989111094
ENSG00000112739,ENSGALG00010011318,PRP4K,0,0.0154816087214513,-0.9197748229721846,-0.016831955316436716,
ENSG00000117600,ENSGALG00010024123,PLPPR4,0,-0.8479155947276364,-0.9557853802512692,0.8871401595457815,-0.11975229388419953
ENSG00000137628,ENSGALG00010008064,DDX60,0,0.9334544636123888,-0.2286990399618795,-4.081584530341626,
ENSG00000197943,ENSGALG00010007393,PLCG2,0,-1.1507490578925044,-0.5758141858540525,1.9984729208880179,0.6923833493591631
ENSG00000170390,ENSGALG00010006855,DCLK2,0,-1.0152467088635788,-1.0930527630298552,0.9288176593135319,-0.07384283573706925
ENSG00000154914,ENSGALG00010029928,USP43,0,-2.3717497898430477,-3.07759135420518,0.7706513038523846,-0.26051927250427026
ENSG00000111802,ENSGALG00010008035,TDP2,0,0.0284859265631123,-1.2772895276524543,-0.02230185556712966,
ENSG00000133816,ENSGALG00010022024,MICAL2,0,-1.407058326568304,-1.2618113018045587,1.1151099412059653,0.10895300202967075
ENSG00000084754,ENSGALG00010009551,HADHA,0,0.3623341992899718,-0.4881220942040427,-0.7423023944056718,
ENSG00000094804,ENSGALG00010024548,CDC6,0,-0.0954686333648417,-3.044281725318853,0.031359986354364905,-3.462222518628695
ENSG00000119723,ENSGALG00010006557,COQ6,0,-0.8436301279731655,-1.1066709134063315,0.7623134553852808,-0.2713974491069809
ENSG00000075711,ENSGALG00010017343,DLG1,0,0.4275288066253591,-0.6989513394445357,-0.6116717752699651,
ENSG00000197442,ENSGALG00010005342,MAP3K5,0,-0.1298098974559014,-0.9723597072678676,0.13349987302604377,-2.0136547522580623
ENSG00000156671,ENSGALG00010023889,SAMD8,0,0.9030491092279718,-0.1179453556669282,-7.656504184684791,
ENSG00000116898,ENSGALG00010014729,MRPS15,0,-0.7851151347330667,-0.642846683886767,1.2213100797006822,0.199924118416135
ENSG00000065559,ENSGALG00010029573,MAP2K4,0,0.2125575785889122,-0.5386124478271419,-0.3946391871305744,
ENSG00000124496,ENSGALG00010019000,TRERF1,0,-2.4301271096457797,-1.6914608539866942,1.4367031338136402,0.36235099829034645
ENSG00000181904,ENSGALG00010013180,C5orf24,0,-0.6603800193333758,-1.003803955577752,0.6578774826139091,-0.41873656162896195
ENSG00000188215,ENSGALG00010018006,DCUN1D3,0,-1.5325919946925826,-1.0447179480783697,1.4669911601610723,0.3832134733492828
ENSG00000112902,ENSGALG00010000802,SEMA5A,0,-1.3765140310924338,-1.1918282904869764,1.1549600240903792,0.14406573219761543
ENSG00000151806,ENSGALG00010013823,GUF1,0,1.3957002567268653,0.6225816472445719,2.2417947315086617,0.8072767644855212
ENSG00000007376,ENSGALG00010018513,RPUSD1,0,-3.23585054635055,-2.162928531197536,1.4960506090134078,0.40282870853449604
ENSG00000060718,ENSGALG00010023293,COL11A1,0,-0.4094058013722321,0.0572031440786554,-7.157050682551494,
ENSG00000189120,ENSGALG00010023742,SP6,0,-3.109808154137527,-2.887631887002455,1.0769406475025822,0.074124287558737
ENSG00000110906,ENSGALG00010021580,KCTD10,0,-1.0435445478435117,-1.240111626880295,0.8414924311843764,-0.17257825982502842
ENSG00000163629,ENSGALG00010003823,PTPN13,0,0.0113000415510047,-1.4414841516349508,-0.007839171549814155,
ENSG00000277161,ENSGALG00010029179,PIGW,0,1.2323122158942752,-0.7117847578225528,-1.731298966929395,
ENSG00000170456,ENSGALG00010011997,DENND5B,0,-0.0755550342280528,-1.5919332581145371,0.047461182083436776,-3.0478431213433357
ENSG00000167653,ENSGALG00010007954,PSCA,0,-2.0541425975165595,-1.1997875734433774,1.7120885754977377,0.5377140144055644
ENSG00000156675,ENSGALG00010017411,RAB11FIP1,0,-1.712394011298349,-1.672827423814585,1.0236525220237838,0.02337713506937097
ENSG00000100815,ENSGALG00010015234,TRIP11,0,0.2303121912815946,-1.3607296610239423,-0.16925639080159818,
ENSG00000152422,ENSGALG00010006821,XRCC4,0,0.5835570763188898,-0.6628184400898797,-0.8804176845770285,
ENSG00000197748,ENSGALG00010021352,CFAP43,0,0.5747201380648566,-0.4220099180478112,-1.3618640545783196,
ENSG00000171914,ENSGALG00010024582,TLN2,0,-1.1338812714885638,-0.496389412629643,2.2842575660141136,0.8260410551441942
ENSG00000132912,ENSGALG00010016672,DCTN4,0,-0.3683223051842432,-1.605296870627139,0.2294418633236052,-1.4721056004235704
ENSG00000165752,ENSGALG00010001527,STK32C,0,-2.4508173298440408,-1.9800778675931072,1.2377378536244856,0.2132854019407829
ENSG00000165646,ENSGALG00010022271,SLC18A2,0,0.1579791953014346,-0.5099148671743547,-0.30981484453838626,
ENSG00000136003,ENSGALG00010022525,ISCU,0,-0.2233425362291168,-0.7686110339446925,0.2905794041010189,-1.2358784040636746
ENSG00000196792,ENSGALG00010005526,STRN3,0,0.2305280704220624,-0.4081645694937141,-0.5647919678770957,
ENSG00000107438,ENSGALG00010021740,PDLIM1,0,-1.0918756878655955,-2.0545427702240806,0.5314446132199571,-0.6321562950592654
ENSG00000182022,ENSGALG00010001856,CHST15,0,-1.1563822599963132,-0.5975062590088522,1.9353475257556776,0.6602869102293538
ENSG00000135108,ENSGALG00010000466,FBXO21,0,-0.7543775439682427,-1.501250999613816,0.5024992783767005,-0.6881610751162051
ENSG00000198252,ENSGALG00010020545,STYX,0,1.0475169577449055,-0.0949216629876233,-11.035594244503383,
ENSG00000165633,ENSGALG00010020193,VSTM4,0,-1.6871788640699723,-0.4806795373562625,3.5099868684850954,1.2556122962984388
ENSG00000139438,ENSGALG00010021764,FAM222A,0,-3.211988943770967,-2.417958003771957,1.3283890533914735,0.28396697004045657
ENSG00000159199,ENSGALG00010026305,ATP5MC1,0,-0.6188875442712121,-0.3561596184612203,1.7376690455394745,0.5525445861210317
ENSG00000133641,ENSGALG00010011381,RLIG1,0,0.6210857558596512,-0.5219819314927947,-1.1898606415042634,
ENSG00000100478,ENSGALG00010005535,AP4S1,0,1.9348489334324728,0.5667785581960815,3.4137652270943826,1.2278158543141402
ENSG00000128872,ENSGALG00010022520,TMOD2,0,-0.1857453262971624,-0.755477631529651,0.24586475965022966,-1.4029736517412388
ENSG00000157064,ENSGALG00010011471,NMNAT2,0,-1.4708292925510555,-2.293018424592163,0.6414380611933624,-0.44404265267706416
ENSG00000136802,ENSGALG00010028584,LRRC8A,0,-2.0264123093915902,-1.169441577888452,1.7328033718883913,0.5497405431816659
ENSG00000119844,ENSGALG00010017141,AFTPH,0,0.1331195393290265,-0.93640410983872,-0.14216035355927062,
ENSG00000185215,ENSGALG00010015698,TNFAIP2,0,-2.559561602909561,-1.1964945646793692,2.1392170750023087,0.7604399092906367
ENSG00000198933,ENSGALG00010023903,TBKBP1,0,-3.490242201071725,-3.1585963880445767,1.1049978447016662,0.09984338447158421
ENSG00000143256,ENSGALG00010028030,PFDN2,0,-1.1181358026580757,-2.534236858009241,0.4412120355381551,-0.8182297128765912
ENSG00000135750,ENSGALG00010008028,KCNK1,0,-0.8339720417332384,-1.527165813680225,0.5460913505675584,-0.604969008499985
ENSG00000145982,ENSGALG00010010977,FARS2,0,-1.197109213277992,-0.8229789234797266,1.4546049468877822,0.37473434959033847
ENSG00000162782,ENSGALG00010010936,TDRD5,0,0.035140866059832,-1.3483400645728392,-0.026062316905909638,
ENSG00000198018,ENSGALG00010022244,ENTPD7,0,-0.3247365319268738,-2.306724885494936,0.14077818034082448,-1.9605698164374383
ENSG00000108175,ENSGALG00010019977,ZMIZ1,0,-2.7347623968250527,-1.3715733447734957,1.9938870985252901,0.6900860493374875
ENSG00000159899,ENSGALG00010009640,NPR2,0,-0.7273853833082757,-2.2493110921500548,0.323381405909926,-1.1289228291323714
ENSG00000092470,ENSGALG00010016378,WDR76,0,0.0845148223946594,-2.6620885671980963,-0.03174756220962739,
ENSG00000070610,ENSGALG00010009722,GBA2,0,-0.6803143656779032,-1.837222323518279,0.37029506825015157,-0.993455109406318
ENSG00000156711,ENSGALG00010027045,MAPK13,0,-1.5381576978446514,-0.9040530869237698,1.701401964212694,0.5314525960274735
ENSG00000119699,ENSGALG00010005146,TGFB3,0,-1.5869759168560478,-2.6593840797078205,0.596745663390752,-0.5162642808348444
ENSG00000150054,ENSGALG00010005285,MPP7,0,0.2278061088816017,-0.6563984096002725,-0.3470546325977983,
ENSG00000213930,ENSGALG00010010810,GALT,0,-1.6023109204564747,-2.732027417847225,0.586491522738472,-0.5335970649769166
ENSG00000135318,ENSGALG00010004224,NT5E,0,0.1460252039113729,-0.0258768953277744,-5.643072789904589,
ENSG00000138303,ENSGALG00010021645,ASCC1,0,0.4216300533923025,-2.0079085136032195,-0.20998469329445768,
ENSG00000213190,ENSGALG00010028782,MLLT11,0,-1.331537234686296,-3.3803438914408,0.39390585024731206,-0.931643357002565
ENSG00000261308,ENSGALG00010022248,FIGNL2,0,-2.578583400537372,-2.584050431335765,0.9978843172981082,-0.002117923920235197
ENSG00000113621,ENSGALG00010013133,TXNDC15,0,-0.7583314988252496,-1.7315635099805056,0.43794610734999095,-0.8256594187559795
ENSG00000158816,ENSGALG00010020820,VWA5B1,0,-2.305080155074398,-2.689155656137648,0.8571761734257934,-0.15411181158587917
ENSG00000120526,ENSGALG00010007996,NUDCD1,0,1.089854519305261,-0.4627253567283586,-2.3552945682746675,
ENSG00000039560,ENSGALG00010013214,RAI14,0,-0.6813915038943463,-1.2563543261576688,0.5423561567844147,-0.6118323775101653
ENSG00000100503,ENSGALG00010019392,NIN,0,-1.1466334028475789,-2.8004584784937445,0.40944488613318325,-0.8929529729441718
ENSG00000166295,ENSGALG00010021549,ANAPC16,0,-0.5727088146753214,-1.5411053173743232,0.37162211317983185,-0.9898777657940624
ENSG00000125730,ENSGALG00010003164,C3,0,-1.439135040511454,-2.0266766552806224,0.710096026794262,-0.34235506908609536
ENSG00000103707,ENSGALG00010017693,MTFMT,0,-0.0444524887085808,-0.6398672519105078,0.06947142329265188,-2.666839786612572
ENSG00000165102,ENSGALG00010007798,HGSNAT,0,0.0866306623678383,-0.3287619264247888,-0.2635057633039417,
ENSG00000164975,ENSGALG00010013558,SNAPC3,0,-0.3529110825789541,-1.6674563727929614,0.21164636648803828,-1.5528384797125883
ENSG00000106976,ENSGALG00010028128,DNM1,0,-1.8548172314683635,-1.5016511906938643,1.235185136843472,0.21122086722008387
ENSG00000132024,ENSGALG00010003191,CC2D1A,0,-2.575602519756915,-2.829683584326673,0.9102086657401954,-0.0940814027459548
ENSG00000112624,ENSGALG00010018594,BICRAL,0,-1.2019811842892558,-1.2216780939233969,0.9838771688449576,-0.01625421813119394
ENSG00000155975,ENSGALG00010015974,VPS37A,0,-0.3337707635294364,-0.9326128907962614,0.3578877869085255,-1.0275357861049903
ENSG00000126698,ENSGALG00010016491,DNAJC8,0,-0.1602332163493596,-0.509486002841544,0.31449974180977447,-1.156772023796591
ENSG00000005469,ENSGALG00010004137,CROT,0,0.8886064247644558,-0.9511224587925152,-0.9342713091777627,
ENSG00000083168,ENSGALG00010017894,KAT6A,0,-1.3609238433872246,-1.638495968158855,0.8305933428182112,-0.18561496272464512
ENSG00000016402,ENSGALG00010005314,IL20RA,0,-0.455866486976376,-0.7193943051827855,0.6336809781397259,-0.45620964024106836
ENSG00000183520,ENSGALG00010014567,UTP11,0,0.6310521313315665,-0.5785701782638761,-1.0907097445381193,
ENSG00000183783,ENSGALG00010013866,KCTD8,0,-2.0225963602295884,-2.404203687810463,0.8412749595570211,-0.1728367288561762
ENSG00000109323,ENSGALG00010017537,MANBA,0,0.3341977052720164,-0.3737852481718212,-0.8940901410812039,
ENSG00000134291,ENSGALG00010024420,TMEM106C,0,-0.4053031525574813,-1.5129747840797731,0.2678849355734611,-1.3171977355413262
ENSG00000024422,ENSGALG00010010813,EHD2,0,-2.3463306920152203,-2.570434744077714,0.9128147281004391,-0.09122234548508097
ENSG00000025796,ENSGALG00010014504,SEC63,0,0.7389551768227811,-0.2931620055988879,-2.520637608932992,
ENSG00000105251,ENSGALG00010028506,SHD,0,-2.808034329435314,-2.6415137206255945,1.0630398424621024,0.06113257980708311
ENSG00000145730,ENSGALG00010008497,PAM,0,0.2546260111511618,-0.2797630794467148,-0.9101487288985152,
ENSG00000176095,ENSGALG00010026894,IP6K1,0,-2.207154584099623,-2.081918080531694,1.0601543858709104,0.05841454456650289
ENSG00000198242,ENSGALG00010029218,RPL23A,0,0.1956764897755487,-0.1536014959601525,-1.2739230731601165,
ENSG00000168781,ENSGALG00010000043,PPIP5K1,0,-1.3884355853787849,-1.7425044841275958,0.7968045982239871,-0.22714580186496233
ENSG00000168374,ENSGALG00010027077,ARF4,0,1.803546255202873,-0.6224180329383563,-2.8976446050069606,
ENSG00000153944,ENSGALG00010029517,MSI2,0,-0.0302844592471647,-0.4704169762736918,0.064377904656113,-2.7429848001444945
ENSG00000139625,ENSGALG00010024267,MAP3K12,0,-2.526057866412,-2.877266069531613,0.8779368349563912,-0.13018062989807552
ENSG00000162735,ENSGALG00010028474,PEX19,0,-1.261174414730176,-3.456827997511528,0.36483574410935676,-1.0083080428260451
ENSG00000176438,ENSGALG00010016970,SYNE3,0,-2.4230307367949564,-1.5707229863117915,1.5426213010891663,0.43348311298534825
ENSG00000128833,ENSGALG00010020962,MYO5C,0,-0.1619603471840776,-0.6595028643122396,0.24557944468213555,-1.4041347805026914
ENSG00000148175,ENSGALG00010027712,STOM,0,0.1862824716861784,0.1485065331880281,1.2543722332425684,0.22663523487998888
ENSG00000123415,ENSGALG00010022536,SMUG1,0,-2.076146987660336,-2.3665031009337865,0.877305838661745,-0.1308996146074977
ENSG00000155111,ENSGALG00010013842,CDK19,0,-0.5088850466164612,-0.9473064706504438,0.5371915661750397,-0.6214005140559973
ENSG00000161509,ENSGALG00010029671,GRIN2C,0,-2.6522339029986526,-2.3734641478710725,1.1174526926718604,0.11105171342996926
ENSG00000116698,ENSGALG00010011499,SMG7,0,-0.992472454300195,-1.7409078660068755,0.5700890171612766,-0.5619627598884979
ENSG00000197646,ENSGALG00010013312,PDCD1LG2,0,-0.8248143747088896,-0.7213167227943584,1.1434843372458974,0.1340800371817293
ENSG00000185619,ENSGALG00010012551,PCGF3,0,-1.7521688948000484,-1.2610533231209482,1.3894486955267293,0.3289070465441055
ENSG00000070269,ENSGALG00010018406,TMEM260,0,0.5592715088734135,-0.6080317311946795,-0.9198064511773746,
ENSG00000076242,ENSGALG00010016109,MLH1,0,-0.3895186714105652,-0.5751681878852841,0.6772256873988547,-0.38975069766633064
ENSG00000147894,ENSGALG00010006249,C9orf72,0,0.6139866493691102,-0.1857929384116159,-3.3046823771571465,
ENSG00000111859,ENSGALG00010010697,NEDD9,0,-1.6407119249482722,-1.247496227086466,1.3152039175141743,0.2739917239605478
ENSG00000087116,ENSGALG00010015111,ADAMTS2,0,-2.4625880351028435,-1.214747273315825,2.027243105786819,0.7066767940656626
ENSG00000128578,ENSGALG00010005524,STRIP2,0,-0.9969288436435092,-2.4097799418067107,0.4137011958428332,-0.8826113149150495
ENSG00000137831,ENSGALG00010020056,UACA,0,0.1303282691709153,-1.2899168052831669,-0.10103618205230314,
ENSG00000181513,ENSGALG00010023857,ACBD4,0,-2.26755569938004,-2.593306297956645,0.8743879198406779,-0.1342311575850059
ENSG00000125337,ENSGALG00010004927,KIF25,0,-1.9230002494990384,-0.9524501187316562,2.0190036325050063,0.7026041384895605
ENSG00000139973,ENSGALG00010017765,SYT16,0,-1.258216169717052,-1.887341229586076,0.6666606705735978,-0.40547410228821523
ENSG00000119630,ENSGALG00010006107,PGF,0,-2.545275325434668,-2.182064254602544,1.1664529676731639,0.15396749248362182
ENSG00000137502,ENSGALG00010007979,RAB30,0,0.1168577351687822,-1.5712634724171894,-0.0743718270170256,
ENSG00000134851,ENSGALG00010015392,TMEM165,0,0.6610463032860014,-0.2587966343274031,-2.55430796078172,
ENSG00000134287,ENSGALG00010022565,ARF3,0,-0.4199874036193911,-2.676134116640337,0.1569381000032428,-1.851903818872962
ENSG00000138617,ENSGALG00010017761,PARP16,0,-1.5922974238261445,-1.6192824071612426,0.9833352210733856,-0.016805198582577594
ENSG00000108599,ENSGALG00010029753,AKAP10,0,-0.1240413875601866,-1.119796676446002,0.11077134820034272,-2.2002871283587915
ENSG00000109911,ENSGALG00010019458,ELP4,0,0.2292144649695036,-1.3617106912885792,-0.16832831410951118,
ENSG00000145391,ENSGALG00010009114,SETD7,0,0.0521161164219279,-0.4519063307067939,-0.11532504167493485,
ENSG00000135537,ENSGALG00010014346,AFG1L,0,0.2934002876518864,-0.7291296086254314,-0.4023979882054304,
ENSG00000167632,ENSGALG00010008999,TRAPPC9,0,-1.4879104579083116,-0.8555456587301599,1.7391362374706414,0.5533885747248392
ENSG00000137440,ENSGALG00010010483,FGFBP1,0,-1.098095598147406,-1.715727844133791,0.6400173558422343,-0.4462599844926284
ENSG00000183092,ENSGALG00010016745,BEGAIN,0,-3.4318945876913123,-1.8678648489137992,1.8373356025662284,0.608316480111187
ENSG00000198917,ENSGALG00010028578,SPOUT1,0,-1.881912436179368,-2.204527330880389,0.8536580199383679,-0.15822461043013206
ENSG00000161542,ENSGALG00010029446,PRPSAP1,0,-0.0087866759996231,-0.5326345873078777,0.016496630539961827,-4.104599128628525
ENSG00000159713,ENSGALG00010024386,TPPP3,0,-1.1316955144204144,-1.5702359256212737,0.7207168655071065,-0.32750891576164887
ENSG00000138722,ENSGALG00010008376,MMRN1,0,0.5575096889143687,-1.0488970912340347,-0.5315199113179488,
ENSG00000204852,ENSGALG00010025586,TCTN1,0,-0.2299923543414106,-0.3444247195475675,0.6677579781251648,-0.4038294792908242
ENSG00000042445,ENSGALG00010020097,RETSAT,0,-0.9827688076333452,-2.098735869488486,0.46826702774793205,-0.7587165736679007
ENSG00000074935,ENSGALG00010013508,TUBE1,0,0.4279513455308112,-0.5810385575255529,-0.7365283077827254,
ENSG00000103174,ENSGALG00010018673,NAGPA,0,-2.6692198903494333,-2.2723502444213284,1.1746516175939115,0.16097160796783624
ENSG00000148337,ENSGALG00010028155,CIZ1,0,-2.861294016236142,-1.948027022306929,1.4688163888238508,0.38445689879014733
ENSG00000151692,ENSGALG00010003597,RNF144A,0,-0.7412846316056783,-0.7550493298475545,0.9817698027165254,-0.018398414893196158
ENSG00000133056,ENSGALG00010027372,PIK3C2B,0,-1.5478019312418496,-2.5918669938971144,0.5971764503681513,-0.5155426475036089
ENSG00000137822,ENSGALG00010000046,TUBGCP4,0,-0.5740526698052406,-1.5690267038404655,0.36586545557200967,-1.0054896208918043
ENSG00000004864,ENSGALG00010003666,SLC25A13,0,0.6211678569696506,-0.0522962496575872,-11.877866214820068,
ENSG00000166106,ENSGALG00010022967,ADAMTS15,0,-2.2756578645297854,-2.296428798044289,0.9909551153808066,-0.009086037927312303
ENSG00000143751,ENSGALG00010017544,SDE2,0,-0.7690545877002233,-1.8942508892513696,0.4059940486574948,-0.9014167779669179
ENSG00000132698,ENSGALG00010028075,RAB25,0,-1.1364457432646926,-2.010750346774023,0.5651849047734673,-0.5706023362894508
ENSG00000134020,ENSGALG00010019726,PEBP4,0,-0.8668970915922483,-2.538670370687015,0.34147682251384553,-1.074475471926531
ENSG00000105135,ENSGALG00010003468,HACL2,0,-1.7207433774973635,-2.3154640324440114,0.7431527129709243,-0.2968537197568458
ENSG00000122778,ENSGALG00010013209,KIAA1549,0,-1.910231770411798,-1.5689200818211422,1.217545617871418,0.1968370437502326
ENSG00000113163,ENSGALG00010010985,CERT1,0,0.5649689141051866,-0.4094823782232014,-1.3797148403715491,
ENSG00000123268,ENSGALG00010022397,ATF1,0,-0.2225616847261271,-1.0947758298994472,0.2032942988397624,-1.5931006018312506
ENSG00000127990,ENSGALG00010003489,SGCE,0,0.1326960861230244,-0.1376170637103553,-0.9642415158799772,
ENSG00000118160,ENSGALG00010010770,SLC8A2,0,-1.906064132035352,-2.2776758052484563,0.8368461076168969,-0.17811508726483366
ENSG00000067369,ENSGALG00010000045,TP53BP1,0,-1.1055018606885645,-1.540760639173214,0.7175039604346245,-0.33197681159408327
ENSG00000105373,ENSGALG00010008186,NOP53,0,-3.1491781044335045,-2.472088147170389,1.273893937818572,0.242078302364586
ENSG00000198598,ENSGALG00010022900,MMP17,0,-2.6529484212662062,-1.6992639538228502,1.561233859694277,0.4454764443380966
ENSG00000037757,ENSGALG00010003248,MRI1,0,-1.9737641706355389,-2.3562469802839767,0.8376728700985578,-0.17712762452497388
ENSG00000164292,ENSGALG00010012809,RHOBTB3,0,0.3906102169988088,-1.1838047029010426,-0.32996170402227315,
ENSG00000144455,ENSGALG00010020596,SUMF1,0,-0.5613535191776613,-1.1220720684329284,0.500282945249355,-0.6925814501168838
ENSG00000113396,ENSGALG00010009644,SLC27A6,0,1.1856334999455047,-0.0578786606871508,-20.484812292982415,
ENSG00000130294,ENSGALG00010024946,KIF1A,0,-2.4885854016884608,-2.433254323861428,1.0227395374517307,0.02248484795517865
ENSG00000111647,ENSGALG00010011480,BLTP3B,0,0.6426107142002984,-0.692511860643974,-0.9279418169137609,
ENSG00000144824,ENSGALG00010005114,PHLDB2,0,-1.0492762998119591,-1.1570405109016262,0.906862197067161,-0.09776477308120476
ENSG00000164347,ENSGALG00010010733,GFM2,0,0.6546968474257504,-0.3492820384627139,-1.874407428183971,
ENSG00000064115,ENSGALG00010014839,TM7SF3,0,0.5566713721147991,-0.1532026576710501,-3.6335621103261735,
ENSG00000184916,ENSGALG00010019830,JAG2,0,-2.706216701827083,-1.0340961589626052,2.616987480682582,0.9620238396934566
ENSG00000176273,ENSGALG00010020236,SLC35G1,0,0.5334897195482284,0.4957393459017535,1.076149641860294,0.07338952443079648
ENSG00000165996,ENSGALG00010006279,HACD1,0,0.407093695907232,0.1468796048987454,2.771614862307607,1.0194301331133315
ENSG00000173588,ENSGALG00010010573,CEP83,0,0.0673346152889013,-1.421538498867544,-0.04736742293124163,
ENSG00000107929,ENSGALG00010005516,LARP4B,0,-1.5171507886355735,-1.0538989080939007,1.4395600725875293,0.36433756176415577
ENSG00000276043,ENSGALG00010028528,UHRF1,0,-2.4745389334607104,-0.353553277163549,6.999055286131663,1.9457751808234631
ENSG00000187486,ENSGALG00010023268,KCNJ11,0,-2.0720626411186984,-2.174323881435309,0.9529687176828936,-0.048173200963339116
ENSG00000103534,ENSGALG00010021047,TMC5,0,-0.3969233433840209,-0.2250424716832159,1.7637708136389272,0.5674540249027432
ENSG00000173933,ENSGALG00010000581,RBM4,0,-0.828649785538401,-1.556455958121236,0.5323952670904006,-0.630369082263278
ENSG00000076513,ENSGALG00010021810,ANKRD13A,0,-0.6710773299496502,-1.0618761207312435,0.631973275270117,-0.45890817169436093
ENSG00000109501,ENSGALG00010011417,WFS1,0,-1.9208624886933467,-0.4020400694698286,4.777788669737307,1.563977818067204
ENSG00000129151,ENSGALG00010019820,BBOX1,0,0.8446603220635609,-0.5604296598866545,-1.5071656311594774,
ENSG00000163291,ENSGALG00010003171,PAQR3,0,0.9207934970984084,-1.2426644297333869,-0.7409832252911305,
ENSG00000178802,ENSGALG00010023456,MPI,0,-1.3212794899839952,-2.463285525131178,0.5363890935516429,-0.6228954604590977
ENSG00000273559,ENSGALG00010022158,CWC25,0,-1.9748894340150611,-1.964706118763728,1.0051831239054423,0.005169737753531732
ENSG00000052795,ENSGALG00010008931,FNIP2,0,-1.1370552711798982,-1.0316727781064776,1.1021472072441794,0.09726028370072622
ENSG00000151422,ENSGALG00010009663,FER,0,0.621186877217772,-0.2471367833869932,-2.5135346859518326,
ENSG00000149131,ENSGALG00010026291,SERPING1,0,-1.2460359608209135,-2.9066129021779443,0.42869002607373363,-0.8470211711638189
ENSG00000154001,ENSGALG00010017701,PPP2R5E,0,0.2855673191398722,-1.3140768013081447,-0.217314025219526,
ENSG00000040531,ENSGALG00010029744,CTNS,0,-0.4823368711400384,0.2376808844389916,-2.029346500786207,
ENSG00000010319,ENSGALG00010027513,SEMA3G,0,-2.645183335364697,-2.28953974019882,1.1553341000907866,0.14438956629281666
ENSG00000041880,ENSGALG00010027567,PARP3,0,-2.153349508915676,-2.233967553753747,0.9639126160527227,-0.03675463572851449
ENSG00000125457,ENSGALG00010029703,MIF4GD,0,-1.5003904910460903,-1.8248637795548268,0.8221931455136386,-0.19577994131589443
ENSG00000132612,ENSGALG00010008188,VPS4A,0,-1.8643064797905653,-2.274429202213892,0.8196810338065833,-0.19883999756011644
ENSG00000110628,ENSGALG00010024139,SLC67A1,0,-1.8759391397862792,-0.7418653609156998,2.528678704543866,0.9276969151503558
ENSG00000105778,ENSGALG00010019356,AVL9,0,-0.1366985202339101,-0.9979271619417078,0.13698246269590475,-1.9879023708668733
ENSG00000170876,ENSGALG00010021241,TMEM43,0,-1.269233776102773,-0.7199790693198991,1.7628759365209137,0.5669465302764787
ENSG00000104964,ENSGALG00010027173,TLE5,0,-2.46897217594036,-2.8379842693454163,0.8699738763914399,-0.13929209492060715
ENSG00000170545,ENSGALG00010023840,SMAGP,0,-0.7263210244271185,-1.540369839336225,0.47152378985822274,-0.751785722490648
ENSG00000151304,ENSGALG00010001286,SRFBP1,0,0.3977535780780883,-0.4327757370148162,-0.919075502757381,
ENSG00000090905,ENSGALG00010017659,TNRC6A,0,-0.9859771761216648,-1.6631776363050552,0.592827341228643,-0.5228520838832831
ENSG00000109472,ENSGALG00010007882,CPE,0,-0.6789413024903581,-1.139247151563345,0.5959561115063339,-0.5175882530404198
ENSG00000163071,ENSGALG00010016507,SPATA18,0,-0.9054499968669488,-1.5275261111896037,0.5927558227870844,-0.5229727307409917
ENSG00000185432,ENSGALG00010022282,TMT1A,0,-0.7726690445416864,-1.960843445582482,0.39404932927328107,-0.9312791763199986
ENSG00000198690,ENSGALG00010024762,FAN1,0,-0.5020459485488029,-1.0677557386957746,0.4701880124400306,-0.754622637799139
ENSG00000145194,ENSGALG00010019004,ECE2,0,-1.5838837577034024,-2.3605416267749093,0.6709831928985655,-0.3990111901653418
ENSG00000105726,ENSGALG00010002581,ATP13A1,0,-2.1130420882842653,-1.4362660475961349,1.4712052072948771,0.3860819337897997
ENSG00000214114,ENSGALG00010013627,MYCBP,0,-0.2871824887945529,-1.882999104131009,0.1525133432960849,-1.8805031897388045
ENSG00000221866,ENSGALG00010005333,PLXNA4,0,-1.666589959874221,-1.507874494740597,1.1052577423964771,0.10007855880845809
ENSG00000159625,ENSGALG00010021692,DRC7,0,-1.8423746759132091,-1.2094877135151232,1.5232686163952276,0.4208584315687338
ENSG00000059378,ENSGALG00010013063,PARP12,0,-1.4219051967819991,-1.310883395644822,1.0846923544123201,0.08129640246568944
ENSG00000119720,ENSGALG00010017628,NRDE2,0,-0.9601268238253748,-0.9913498683453764,0.9685045153916096,-0.032002133893389295
ENSG00000092850,ENSGALG00010014905,TEKT2,0,-2.125067645942833,-2.407732902068565,0.8826010742790927,-0.12488196497193502
ENSG00000144659,ENSGALG00010016934,SLC25A38,0,0.0903234920257514,-0.740215261613794,-0.12202327715971563,
ENSG00000188549,ENSGALG00010023441,CCDC9B,0,-3.559799384927876,-1.605556855788623,2.217174291955772,0.7962335436720868
ENSG00000165006,ENSGALG00010011846,UBAP1,0,-0.774667815008721,-1.263469941302383,0.6131272218555468,-0.4891828248475925
ENSG00000161642,ENSGALG00010022473,ZNF385A,0,-2.512637698058848,-2.550219114063242,0.9852634560704409,-0.014846205481443242
ENSG00000142279,ENSGALG00010009398,WTIP,0,-2.972149038223973,-1.6653866578899477,1.784660051251821,0.5792279496162072
ENSG00000145439,ENSGALG00010008007,CBR4,0,0.9610396436587898,0.3458275257376285,2.7789564801383357,1.0220754903780587
ENSG00000131873,ENSGALG00010019026,CHSY1,0,-0.8723160336157658,-1.2438772203997552,0.7012878918511124,-0.35483678887976017
ENSG00000105607,ENSGALG00010003403,GCDH,0,-1.9743862506571297,-2.2159035693683737,0.8910072974068602,-0.1154026614137104
ENSG00000138764,ENSGALG00010008214,CCNG2,0,0.0008280190931255,-1.4390334494903447,-0.0005753994762378563,
ENSG00000092010,ENSGALG00010003804,PSME1,0,-0.713759148952219,-1.7299944264991232,0.4125788719427304,-0.8853278867750426
ENSG00000007392,ENSGALG00010016949,LUC7L,0,-2.0950517265630406,-1.9455180724220045,1.076860583440831,0.07404994080785031
ENSG00000163380,ENSGALG00010020088,LMOD3,0,-0.5968000731454115,-2.079729323003728,0.2869604551632038,-1.2484108596037928
ENSG00000157036,ENSGALG00010027098,EXOG,0,0.1723408784320081,-0.8552214626621513,-0.2015160820397816,
ENSG00000050426,ENSGALG00010023945,LETMD1,0,0.0505798367880139,-2.681609964503969,-0.018861742556721857,
ENSG00000132906,ENSGALG00010020932,CASP9,0,-1.558865434791613,-2.2847781132974574,0.6822830741064014,-0.38231064258204495
ENSG00000170185,ENSGALG00010007885,USP38,0,-0.1117261321601574,-1.407710123958116,0.07936728610433835,-2.5336690094293184
ENSG00000263001,ENSGALG00010029379,GTF2I,0,0.2040546507346796,-0.6032349898974032,-0.33826726591139006,
ENSG00000109534,ENSGALG00010003838,GAR1,0,0.1204413408215021,0.8673068624443722,0.13886819767810502,-1.974230013837787
ENSG00000169122,ENSGALG00010003472,FAM110B,0,-2.870450600673779,-1.9014724505800435,1.5095935782809522,0.4118404611422176
ENSG00000179364,ENSGALG00010013265,PACS2,0,-2.9124464424841943,-1.731217329140346,1.6823112808894998,0.52016861035534
ENSG00000066827,ENSGALG00010009345,ZFAT,0,-1.7777227991512294,-0.8195574754021769,2.169125232222252,0.7743239674865563
ENSG00000106829,ENSGALG00010015946,TLE4,0,-1.4476142903358902,-1.3869420215289572,1.0437453533494128,0.04281554529221639
ENSG00000109787,ENSGALG00010015165,KLF3,0,-1.5390176231038772,-0.8374255889295105,1.8377962692437173,0.6085671740704623
ENSG00000198301,ENSGALG00010004149,SDAD1,0,0.6608973374838012,-0.8670418765108959,-0.7622438493321099,
ENSG00000175084,ENSGALG00010018306,DES,0,-2.3275964141906407,-2.974029343184432,0.7826407024277624,-0.24508156132268155
ENSG00000242612,ENSGALG00010018063,DECR2,0,-2.189513418335096,-1.855631773874602,1.1799288248677384,0.16545411874967894
ENSG00000013573,ENSGALG00010012138,DDX11,0,-1.9830420490998544,-1.570454830253638,1.2627182972079374,0.2332667758999494
ENSG00000137509,ENSGALG00010007811,PRCP,0,0.5217192472114931,-0.6138356944372974,-0.8499330552775245,
ENSG00000064932,ENSGALG00010028001,SBNO2,0,-2.8167805320752937,-1.6322762416466103,1.7256763654378606,0.5456190695398171
ENSG00000145526,ENSGALG00010000814,CDH18,0,0.256763417612964,-0.1613537929649282,-1.5913069838325649,
ENSG00000134461,ENSGALG00010006670,ANKRD16,0,-1.819283175159363,-1.7086227854903546,1.064765839838224,0.06275490629021976
ENSG00000081791,ENSGALG00010011630,DELE1,0,-2.160232841823144,-1.6587598371486312,1.3023180290743794,0.26414577592117044
ENSG00000253313,ENSGALG00010022645,C1orf210,0,-1.8012851451511374,-2.536442670980232,0.7101619783328333,-0.34226219646945716
ENSG00000143379,ENSGALG00010028575,SETDB1,0,-0.7383920114429365,-2.0977677295700583,0.3519894033236327,-1.0441542080314055
ENSG00000176049,ENSGALG00010014096,JAKMIP2,0,-0.8118213283395761,-1.1274390084457877,0.7200578676612395,-0.3284236984499508
ENSG00000105127,ENSGALG00010003875,AKAP8,0,-1.7454579011711555,-2.11044975810223,0.8270549414740466,-0.189884151492765
ENSG00000135686,ENSGALG00010007650,KLHL36,0,-2.448698644790051,-0.9771344651840788,2.5059996674344607,0.9186877237661506
ENSG00000003393,ENSGALG00010025055,ALS2,0,-0.1904376830514795,-0.7882025821320872,0.2416100725480317,-1.420430122780458
ENSG00000189050,ENSGALG00010029291,RNFT1,0,0.2729870911255947,-1.1300817776381902,-0.24156401468230287,
ENSG00000145623,ENSGALG00010013344,OSMR,0,0.0167396771185242,-0.6850241372972853,-0.024436623772951156,
ENSG00000165819,ENSGALG00010003470,METTL3,0,-0.7729218346347277,-2.846527149569859,0.27153151683500526,-1.303677062238552
ENSG00000178764,ENSGALG00010009601,ZHX2,0,-1.9263984459272887,-1.4991130682145513,1.2850254505630023,0.25077852403665407
ENSG00000196422,ENSGALG00010027618,PPP1R26,0,-3.3844362037576747,-1.388845879048166,2.436869529452159,0.8907142358492695
ENSG00000085788,ENSGALG00010017813,DDHD2,0,0.2236235589984101,-2.2239124238650865,-0.10055412101604241,
ENSG00000178950,ENSGALG00010013313,GAK,0,-2.452536080735003,-0.6904995981551683,3.5518283968412563,1.2674625122627792
ENSG00000170624,ENSGALG00010015483,SGCD,0,0.1475250671500561,-1.034133126823559,-0.14265577934167312,
ENSG00000140386,ENSGALG00010024029,SCAPER,0,0.0472648478385924,-0.971386893117272,-0.048657078012361334,
ENSG00000123472,ENSGALG00010022867,ATPAF1,0,-0.4414660080608694,-1.127583503511325,0.39151513540782784,-0.9377311042530223
ENSG00000163608,ENSGALG00010005182,RMP64,0,0.3525385073137066,-1.5518293165467545,-0.22717608409293452,
ENSG00000076641,ENSGALG00010004533,PAG1,0,-1.835013925142812,-1.7191443527942871,1.0673995596473276,0.06522537237061798
ENSG00000116649,ENSGALG00010021731,SRM,0,-2.0485157509760263,-1.9162165728770648,1.0690418713477274,0.06676279998278242
ENSG00000142655,ENSGALG00010016774,PEX14,0,-3.340319770504143,-2.3249181456599204,1.4367472578506648,0.3623817098259665
ENSG00000168077,ENSGALG00010010337,SCARA3,0,-2.1909664168631817,-2.540528382887423,0.8624058017305247,-0.14802935142595552
ENSG00000126822,ENSGALG00010021640,PLEKHG3,0,-3.1277376985663192,-2.891690847414059,1.0816293523781593,0.07846856386192981
ENSG00000006025,ENSGALG00010023841,OSBPL7,0,-2.756134150193736,-3.125344897186262,0.881865599113581,-0.12571561654404698
ENSG00000165886,ENSGALG00010020667,UBTD1,0,-2.975977119025872,-2.502669671934357,1.1891210224023243,0.1732143975602913
ENSG00000120733,ENSGALG00010014198,KDM3B,0,-1.0709688444334606,-1.1680921524822918,0.9168530429363504,-0.08680807808932398
ENSG00000140511,ENSGALG00010020166,HAPLN3,0,-2.1545489565482256,-2.3287276196748534,0.9252043641106694,-0.0777406316983756
ENSG00000142002,ENSGALG00010028199,DPP9,0,-2.0154022691921973,-0.8333183896153996,2.4185260931567387,0.8831583022062597
ENSG00000121577,ENSGALG00010025168,POPDC2,0,-1.3745245315284451,-2.517671363979458,0.5459507349505128,-0.6052265363364805
ENSG00000162650,ENSGALG00010027717,ATXN7L2,0,-2.761089130052929,-2.622104711243141,1.0530049079328703,0.0516478940458865
ENSG00000169174,ENSGALG00010022791,PCSK9,0,-3.0225387302884545,-2.7751267444894605,1.089153400395235,0.08540069757064725
ENSG00000060339,ENSGALG00010023140,CCAR1,0,0.2428991346642597,-1.0718652877095072,-0.2266134909390678,
ENSG00000143149,ENSGALG00010010635,ALDH9A1,0,0.3095968823418236,-1.4428588090452692,-0.21457184888844524,
ENSG00000132842,ENSGALG00010012751,AP3B1,0,0.4631601543809598,-0.4974516431592525,-0.9310656839717891,
ENSG00000168079,ENSGALG00010010206,SCARA5,0,-2.28581929287037,-2.476918171017124,0.9228481261985813,-0.0802906016815876
ENSG00000189091,ENSGALG00010023190,SF3B3,0,-0.1602681931265053,-1.188533773973201,0.1348452998443097,-2.0036270846993527
ENSG00000085719,ENSGALG00010013403,CPNE3,0,0.8118355372028532,0.2595574743689698,3.1277679025678964,1.1403196199837877
ENSG00000175931,ENSGALG00010029407,UBE2O,0,-2.3105876270050523,-1.9857706181907295,1.1635722705527134,0.15149481661648045
ENSG00000167107,ENSGALG00010029650,ACSF2,0,-1.330719094377491,-1.1535855820552612,1.1535503867919739,0.14284447933519676
ENSG00000188747,ENSGALG00010028484,NOXA1,0,-2.993287093484655,-1.7788560935943218,1.682703341919288,0.5204016322441039
ENSG00000082805,ENSGALG00010012399,ERC1,0,-0.9792990574194462,-2.001089556181428,0.48938292361496816,-0.714610021073193
ENSG00000143373,ENSGALG00010028602,ZNF687,0,-2.488146031287398,-2.975882520635264,0.8361035807140167,-0.17900277319683497
ENSG00000156414,ENSGALG00010016086,TDRD9,0,-0.0831566336736191,-0.3394550216299935,0.2449709928411663,-1.406615472013505
ENSG00000164904,ENSGALG00010001156,ALDH7A1,0,0.1831993508055802,-0.2829161590966259,-0.6475393678132437,
ENSG00000138380,ENSGALG00010025262,CARF,0,-0.0014353796242918,-1.5393565476739646,0.0009324542949199922,-6.977690421138129
ENSG00000185697,ENSGALG00010002911,MYBL1,0,0.5279537441757967,-0.8845989127360664,-0.5968283891993882,
ENSG00000146151,ENSGALG00010001441,HMGCLL1,0,0.8911554050262858,0.4676460627787387,1.905619390295018,0.6448070949948256
ENSG00000164053,ENSGALG00010027185,ATRIP,0,-1.7443861326542542,-1.6877893626409062,1.0335330766185127,0.03298310409636144
ENSG00000100604,ENSGALG00010015505,CHGA,0,-3.43010700106318,-2.643090596474389,1.297763688327063,0.26064254340763093
ENSG00000135469,ENSGALG00010024939,COQ10A,0,-0.7789635688027161,-2.72842243469738,0.2854996201822076,-1.2535145802470005
ENSG00000116161,ENSGALG00010011124,CACYBP,0,1.0865829359054011,-0.3365256474431696,-3.228826522319957,
ENSG00000167772,ENSGALG00010027751,ANGPTL4,0,-2.7764882216075204,-2.8517913894770737,0.9735944332578402,-0.0267604550143191
ENSG00000186577,ENSGALG00010026192,SMIM29,0,-1.2743205178588486,-2.4953176646189736,0.5106846859329363,-0.6720029322027808
ENSG00000163297,ENSGALG00010003189,ANTXR2,0,0.0421441839357861,-1.1220496928280008,-0.03755999774801987,
ENSG00000100883,ENSGALG00010006720,SRP54,0,1.8149167183280408,0.9019339913196208,2.012250049111281,0.6992535233978587
ENSG00000105397,ENSGALG00010002443,TYK2,0,-2.575228853905683,-2.5418926230637595,1.0131147281908954,0.013029474718240005
ENSG00000187796,ENSGALG00010028162,CARD9,0,-3.270192245052721,-2.3256335945530773,1.4061511033861556,0.34085625801661423
ENSG00000118200,ENSGALG00010012135,CAMSAP2,0,0.1778203263297673,-0.7498511684426051,-0.23714082715786014,
ENSG00000161800,ENSGALG00010023264,RACGAP1,0,-0.5055786702909568,-1.5363744513708903,0.32907255769570654,-1.1114770124236295
ENSG00000103248,ENSGALG00010007214,MTHFSD,0,-1.7750483260377372,-0.9232192170555852,1.922672636406858,0.6537162162370019
ENSG00000067533,ENSGALG00010016141,RRP15,0,0.5616058083126649,-0.5267747219842475,-1.0661214080228,
ENSG00000143633,ENSGALG00010007853,FSAF1,0,-0.291846214725787,-1.2460501694200727,0.23421706596421862,-1.4515069612836895
ENSG00000090432,ENSGALG00010020831,MUL1,0,-1.7046647456712591,-2.6209379353579187,0.6504025611115694,-0.4301637830078738
ENSG00000166263,ENSGALG00010029241,STXBP4,0,0.6761778738581814,-0.6808121580905127,-0.9931930060630393,
ENSG00000162408,ENSGALG00010018985,NOL9,0,-0.6595301816840795,-1.7486923594454549,0.37715620939364636,-0.9750958288285101
ENSG00000106692,ENSGALG00010013065,FKTN,0,0.8899075494099193,-0.3546715771272525,-2.5091030880397547,
ENSG00000175356,ENSGALG00010019483,SCUBE2,0,-1.0944396280885886,-0.9946191053252162,1.100360552324936,0.09563790093873806
ENSG00000156030,ENSGALG00010020847,MIDEAS,0,-2.8827590745648184,-1.3271548034349916,2.1721347555715083,0.7757104423071484
ENSG00000189045,ENSGALG00010010962,ANKDD1B,0,-0.899408775432347,-0.8495614690849325,1.0586741609186976,0.05701733364515364
ENSG00000115290,ENSGALG00010025674,GRB14,0,-0.045612296944606,-0.2095914857372462,0.2176247607776765,-1.524982980135392
ENSG00000140859,ENSGALG00010021534,KIFC3,0,-3.0031950461303847,-3.378161611200776,0.8890027748148175,-0.11765492219659354
ENSG00000107951,ENSGALG00010004974,MTPAP,0,-0.1863850393738122,-0.8843961752528808,0.21074835530639646,-1.5570904861334873
ENSG00000215788,ENSGALG00010019028,TNFRSF25,0,-2.219536092796736,-3.2301624811358614,0.6871283118910642,-0.375234232887785
ENSG00000164039,ENSGALG00010016945,BDH2,0,0.898346787546787,0.1471140184814109,6.106466241762682,1.8093482493672146
ENSG00000160408,ENSGALG00010028076,ST6GALNAC6,0,-2.3429384961978474,-2.464996778998529,0.9504833905502015,-0.05078459164062909
ENSG00000145191,ENSGALG00010017756,EIF2B5,0,-0.7933705500299322,-1.1884200957159483,0.6675842598841081,-0.40408966463820856
ENSG00000137218,ENSGALG00010027874,FRS3,0,-3.018993827239596,-3.035204992890272,0.9946589552637632,-0.005355359107556268
ENSG00000205133,ENSGALG00010010989,TRIQK,0,2.632403174558668,-0.0408337296624835,-64.46639080772535,
ENSG00000138686,ENSGALG00010005214,BBS7,0,0.8153829114241677,-0.6139402019965366,-1.328114544010212,
ENSG00000047056,ENSGALG00010005552,WDR37,0,-1.6509313117566382,-0.7509483874004991,2.1984617577667906,0.7877579147941431
ENSG00000145725,ENSGALG00010008424,PPIP5K2,0,0.7621756616330551,-0.4176904128849516,-1.8247382226677733,
ENSG00000230062,ENSGALG00010008299,ANKRD66,0,-0.6693620472067074,-1.7187752740743911,0.38944128258255156,-0.9430421757862011
ENSG00000068615,ENSGALG00010017817,REEP1,0,-0.5846423113333987,-0.5516780473896297,1.0597527200869163,0.05803559797240752
ENSG00000112406,ENSGALG00010005969,HECA,0,-1.742223778909688,-1.2901521987484832,1.3504017437630524,0.3004021361524515
ENSG00000072858,ENSGALG00010022528,SIDT1,0,0.1113293688162926,-0.8551942013182465,-0.13018021946907846,
ENSG00000137166,ENSGALG00010027702,FOXP4,0,-3.267905577037565,-3.1521400899473724,1.0367259968741191,0.03606766759673012
ENSG00000157796,ENSGALG00010013532,WDR19,0,1.0739008603879618,-0.1455105673824341,-7.3802259155894285,
ENSG00000011260,ENSGALG00010029227,UTP18,0,0.2823323432672673,-0.6002332333010996,-0.4703710617863086,
ENSG00000163466,ENSGALG00010019233,ARPC2,0,-0.0462293262273423,-0.2085857379018956,0.22163224912858326,-1.506735806138673
ENSG00000073803,ENSGALG00010024520,MAP3K13,0,-1.521902718116804,-2.0704760299662968,0.7350496678493678,-0.3078172067471462
ENSG00000197702,ENSGALG00010021919,PARVA,0,-0.9487638324434008,-0.9953720511248326,0.9531750779733451,-0.04795667974208815
ENSG00000103507,ENSGALG00010000650,BCKDK,0,-1.774770334461019,-2.2620497427540656,0.7845850163755552,-0.24260034253974486
ENSG00000198700,ENSGALG00010026102,IPO9,0,-0.3881180958115813,-1.036216212344104,0.3745531976705804,-0.982021436258301
ENSG00000136444,ENSGALG00010029647,RSAD1,0,-2.2031511902256007,-2.46634630922914,0.8932854165618771,-0.11284913376092609
ENSG00000157693,ENSGALG00010028897,TMEM268,0,-1.6599781365517234,-2.0651417657158317,0.803808321593037,-0.21839444420520343
ENSG00000108828,ENSGALG00010022460,VAT1,0,-1.4238209759976872,-0.8624761345965679,1.6508526078390495,0.5012918864761369
ENSG00000120162,ENSGALG00010006544,MOB3B,0,-0.368862327783388,-0.2228750205164851,1.6550187047817,0.5038123107480595
ENSG00000100505,ENSGALG00010019557,TRIM9,0,-1.604724030026528,-2.43434726454501,0.6592009502499874,-0.416726858867909
ENSG00000187109,ENSGALG00010013389,NAP1L1,0,1.182169130348692,-0.1631210006133947,-7.247191507551468,
ENSG00000180537,ENSGALG00010007855,RNF182,0,-1.1157349791716111,-1.3962042172649392,0.7991201898510617,-0.22424391918311118
ENSG00000066697,ENSGALG00010008255,MSANTD3,0,-0.9796825802413168,-0.7567931683702471,1.29451826626694,0.25813863078347354
ENSG00000136828,ENSGALG00010028692,RALGPS1,0,-0.9975988983318675,-0.9486152318733913,1.051637022907317,0.05034801951795317
ENSG00000178425,ENSGALG00010012690,NT5DC1,0,0.4124990231052319,-0.6884961523708713,-0.5991304696253867,
ENSG00000100628,ENSGALG00010016987,ASB2,0,-2.217401550616078,-1.0329208024025716,2.1467294931599854,0.7639455180198754
ENSG00000178038,ENSGALG00010024904,ALS2CL,0,-2.66644555473556,-1.0035666596159196,2.656969050522314,0.9771860184306905
ENSG00000164125,ENSGALG00010008247,GASK1B,0,-1.3360423691865737,-1.533717797818067,0.8711135588876162,-0.13798293303033218
ENSG00000144136,ENSGALG00010018380,SLC20A1,0,0.4316087675203004,-2.0527004949068663,-0.2102638785303567,
ENSG00000110697,ENSGALG00010021953,PITPNM1,0,-2.5163204862165536,-2.73031266799864,0.9216235619128025,-0.0816184230556882
ENSG00000140455,ENSGALG00010024482,USP3,0,-0.1549730412608791,-0.7795639949617925,0.19879450854894157,-1.615483608134437
ENSG00000157657,ENSGALG00010028547,ZNF618,0,-2.1149539962166166,-1.398835456498539,1.511939082178123,0.4133929873809614
ENSG00000115556,ENSGALG00010021634,PLCD4,0,-1.0253895526235492,-2.552388993610472,0.40173717845926316,-0.9119571891008834
ENSG00000173376,ENSGALG00010005399,NDNF,0,-0.0589052014511732,-0.8341069909419937,0.0706206782713198,-2.6504322840063574
ENSG00000171729,ENSGALG00010020971,TMEM51,0,-2.470551698479575,-2.483980778172136,0.9945937264045808,-0.005420940378157999
ENSG00000163624,ENSGALG00010003456,CDS1,0,1.0177222754778177,-0.5609138771629659,-1.8144002438045088,
ENSG00000116586,ENSGALG00010028078,LAMTOR2,0,-0.8024479061643692,-1.6019295022198174,0.5009258553840261,-0.6912971820948101
ENSG00000143772,ENSGALG00010018058,ITPKB,0,-2.968049311298456,-2.4243433224403588,1.224269386198486,0.20234424663806444
ENSG00000166257,ENSGALG00010025429,SCN3B,0,-1.1622824953317998,-1.2198502005589713,0.9528075617802971,-0.048342324595233604
ENSG00000071205,ENSGALG00010006682,ARHGAP10,0,-0.548612682847029,-0.962033437887954,0.5702636324694202,-0.5616565119755124
ENSG00000105289,ENSGALG00010028109,TJP3,0,-2.8733345648626933,-2.492272691109446,1.1528973435020131,0.14227820306642705
ENSG00000042286,ENSGALG00010020750,AIFM2,0,-1.8263157135151165,-0.7402159984850959,2.4672740352178284,0.9031139117259759
ENSG00000179604,ENSGALG00010029487,CDC42EP4,0,-3.1854780269431,-2.8198650437281545,1.1296561989830431,0.12191333774365486
ENSG00000017260,ENSGALG00010018485,ATP2C1,0,1.224249062306722,0.2980208799056248,4.107930500354232,1.4129193738010548
ENSG00000161896,ENSGALG00010027265,IP6K3,0,-2.062579353808225,-2.0180749458429807,1.0220529014826325,0.02181325314503312
ENSG00000160094,ENSGALG00010017704,ZNF362,0,-3.0735803087728986,-2.351773292462941,1.306920322049423,0.2676734703120481
ENSG00000143320,ENSGALG00010027322,CRABP2,0,-0.7100488701876859,-2.7590192659652955,0.257355531708932,-1.357296758228308
ENSG00000148690,ENSGALG00010020313,FRA10AC1,0,1.0461099819123376,-0.179080237755018,-5.8415713259405955,
ENSG00000168175,ENSGALG00010018619,MAPK1IP1L,0,-1.5222323715800368,-0.6351983363401426,2.396467818777309,0.8739959111014778
ENSG00000168653,ENSGALG00010017738,NDUFS5,0,-0.3139597338442979,-2.602347511984544,0.1206448148828797,-2.1149044643544666
ENSG00000112078,ENSGALG00010024671,KCTD20,0,-0.0331499854075048,-1.0579962409546937,0.03133280074567332,-3.4630897830032126
ENSG00000178974,ENSGALG00010018551,FBXO34,0,-0.9135475888895463,-1.7911938575694402,0.5100216177210346,-0.6733021664737951
ENSG00000075413,ENSGALG00010015792,MARK3,0,-0.4055775209077552,-0.7615262656750537,0.5325850718336441,-0.630012634846709
ENSG00000142945,ENSGALG00010025660,KIF2C,0,-0.9756814090041406,-0.7856502626828851,1.2418775317051711,0.21662437293700154
ENSG00000166250,ENSGALG00010025573,CLMP,0,-1.1243199012764968,-1.9812308837184704,0.5674855517930947,-0.5665399893461031
ENSG00000165806,ENSGALG00010019034,CASP7,0,-0.2776502559857441,-0.1039066125504742,2.6721134408156297,0.9828697101682655
ENSG00000109738,ENSGALG00010008198,GLRB,0,1.0004986447288573,-0.1203757464566743,-8.3114636808417,
ENSG00000132837,ENSGALG00010012599,DMGDH,0,0.4827990951400789,0.0975099426201059,4.951280681407446,1.5996462666340974
ENSG00000158805,ENSGALG00010008073,ZNF276,0,-2.7297839003843176,-1.972488496539348,1.3839289330070181,0.3249265068937052
ENSG00000151834,ENSGALG00010014303,GABRA2,0,1.6400929347692197,0.2124664295151447,7.7193038849100315,2.0437241896226532
ENSG00000137776,ENSGALG00010022957,SLTM,0,-0.7892415744431922,-0.8741964609494133,0.9028194572945805,-0.10223268210598055
ENSG00000164576,ENSGALG00010015845,SAP30L,0,-1.914810690436953,-2.063774626304413,0.9278196688878723,-0.0749178873980678
ENSG00000160957,ENSGALG00010007964,RECQL4,0,-3.1277622282458832,-2.05570712674661,1.5215018654899164,0.41969791644018134
ENSG00000161013,ENSGALG00010016927,MGAT4B,0,-1.99880338970803,-2.0590801014173685,0.9707263881245576,-0.029710633999108057
ENSG00000153234,ENSGALG00010010499,NR4A2,0,-1.4424374770260986,-2.283691170447076,0.6316254560566147,-0.45945869333333367
ENSG00000138286,ENSGALG00010009000,FAM149B1,0,-1.0581248848138944,-2.0766658485776643,0.509530642851674,-0.6742652851412718
ENSG00000139998,ENSGALG00010021531,RAB15,0,-1.378795321275204,-2.631145067249678,0.5240286210126952,-0.6462089758994914
ENSG00000179051,ENSGALG00010018582,RCC2,0,-1.660685686817038,-1.832718116267607,0.9061326300408277,-0.09856959287970092
ENSG00000109184,ENSGALG00010016560,DCUN1D4,0,1.0242572949604014,-0.248794932497063,-4.11687362230536,
ENSG00000151376,ENSGALG00010007803,ME3,0,-1.1562743421062098,-0.2616919944692051,4.418455155464359,1.4857901226575534
ENSG00000073712,ENSGALG00010018121,FERMT2,0,0.737568026082112,-1.6214340630874462,-0.4548862287237726,
ENSG00000134516,ENSGALG00010010779,DOCK2,0,-0.528993151869031,-0.1586354722966689,3.334646054948827,1.2043665432852255
ENSG00000119285,ENSGALG00010009130,HEATR1,0,0.4270117698170743,-0.928552286564794,-0.4598683089746261,
ENSG00000118898,ENSGALG00010018583,PPL,0,-3.0635209067077103,-2.3087721092313145,1.3269048488842334,0.28284904884872597
ENSG00000074966,ENSGALG00010016862,TXK,0,0.1311610145841335,-0.666027042034961,-0.19693046423969168,
ENSG00000103932,ENSGALG00010020108,RPAP1,0,-2.2715382005430698,-1.355047917203145,1.6763526748423665,0.5166204064402623
ENSG00000155744,ENSGALG00010024845,HYCC2,0,-0.4080049460009256,-1.1505555454103082,0.35461560080997556,-1.0367208907937984
ENSG00000112419,ENSGALG00010005618,PHACTR2,0,-1.4083179797150258,-1.7461331141618186,0.8065352912060479,-0.21500762390425618
ENSG00000104331,ENSGALG00010003454,BPNT2,0,-0.177582583807542,-0.7316086027003585,0.24272894434549677,-1.4158099135932731
ENSG00000163362,ENSGALG00010024702,INAVA,0,-3.689313781027371,-3.0261584972812217,1.2191409618306328,0.19814648108243268
ENSG00000104529,ENSGALG00010008561,EEF1D,0,-2.982771809027524,-1.5908441467704129,1.8749616768448853,0.6285882201974334
ENSG00000179218,ENSGALG00010003305,CALR,0,-1.2696932594594674,-2.021923230999134,0.6279631392493809,-0.4652738096993538
ENSG00000183208,ENSGALG00010000051,GDPGP1,0,-1.9359441726781288,-2.7519799743917708,0.7034732049988851,-0.35172549128542413
ENSG00000107959,ENSGALG00010005485,PITRM1,0,-0.9285107085867548,-0.4374441803104377,2.122581006627693,0.7526328041418323
ENSG00000172572,ENSGALG00010011688,PDE3A,0,-0.893561197025388,-1.4920396122404758,0.5988857063141904,-0.5126845065615834
ENSG00000213694,ENSGALG00010009116,S1PR3,0,-1.557700275891424,-0.048252491927033,32.28227628631004,3.4745183578396492
ENSG00000119314,ENSGALG00010005519,PTBP3,0,0.7855622767892694,-0.3818128933636929,-2.057453507838951,
ENSG00000091039,ENSGALG00010013444,OSBPL8,0,0.7203743955455266,-0.635335749229446,-1.1338483572177671,
ENSG00000137269,ENSGALG00010001995,LRRC1,0,-0.7065415740397221,-1.360116859721569,0.5194712270417403,-0.6549438558443886
ENSG00000114062,ENSGALG00010015520,UBE3A,0,1.2088467212505716,-0.221696417112026,-5.452712032958684,
ENSG00000100433,ENSGALG00010017881,KCNK10,0,-1.2544308436948253,-0.9981959734019784,1.256697960240779,0.22848761453012414
ENSG00000040275,ENSGALG00010010828,SPDL1,0,0.0787652319430609,-1.1173920968333702,-0.07049023540284327,
ENSG00000179044,ENSGALG00010022104,EXOC3L1,0,-2.5403485275905417,-2.7447257608829934,0.9255381953981798,-0.0773798778059277
ENSG00000119684,ENSGALG00010006123,MLH3,0,0.1658484111274507,-1.2558093122157703,-0.13206496361682896,
ENSG00000163281,ENSGALG00010013740,GNPDA2,0,1.9220478883576677,0.815654997002084,2.356447144224088,0.8571550373503765
ENSG00000112562,ENSGALG00010006546,SMOC2,0,-1.6798391734878226,-1.4912448016709794,1.1264677480220002,0.11908685022908821
ENSG00000159674,ENSGALG00010017676,SPON2,0,-3.088242287763437,-0.420697570877108,7.340765674792921,1.9934431525528378
ENSG00000138777,ENSGALG00010006259,PPA2,0,1.4171523973493407,-0.0895079889042441,-15.832691748503189,
ENSG00000080298,ENSGALG00010011873,RFX3,0,-0.3748196116824314,-0.8005620278940382,0.468195590875617,-0.7588691411511785
ENSG00000145675,ENSGALG00010011922,PIK3R1,0,0.2902869048759022,-0.4605797416767972,-0.6302641618996897,
ENSG00000151338,ENSGALG00010004881,MIPOL1,0,0.4363760361936091,-1.1484647807988917,-0.3799646654293208,
ENSG00000173218,ENSGALG00010025428,VANGL1,0,-0.9057552420527272,-1.331484419680466,0.6802597376769105,-0.38528058657094677
ENSG00000169181,ENSGALG00010019015,GSG1L,0,-2.2975441040972946,-1.5445290093650952,1.4875370356700124,0.3971217560571196
ENSG00000164465,ENSGALG00010012354,DCBLD1,0,-1.0961357868873574,-1.2121086153510512,0.904321422193583,-0.10057042626097172
ENSG00000135299,ENSGALG00010003364,ANKRD6,0,-1.5900247474740166,-2.026495153359527,0.7846180854852137,-0.24255819489215968
ENSG00000165929,ENSGALG00010015177,TC2N,0,0.3382706844402214,-1.212693333118008,-0.27894165425192785,
ENSG00000116584,ENSGALG00010027310,ARHGEF2,0,-2.4263620529680274,-2.538468142431567,0.9558371099524005,-0.04516776752734224
ENSG00000160867,ENSGALG00010011810,FGFR4,0,-2.452822402371078,-2.4784670857564697,0.9896530062744148,-0.010400896005244221
ENSG00000105321,ENSGALG00010008782,CCDC9,0,-3.6615360544936646,-2.4519588052949004,1.4933105917549405,0.40099552890729484
ENSG00000198948,ENSGALG00010008344,MFAP3L,0,-0.9201931031798588,-0.7651333963769418,1.2026570889954031,0.1845333498049389
ENSG00000164169,ENSGALG00010006634,PRMT9,0,0.3928892433474331,-0.4381957044874159,-0.8966067885284714,
ENSG00000198894,ENSGALG00010005229,CIPC,0,-2.093846412543339,-1.501345817856866,1.3946463150856563,0.3326408455542386
ENSG00000144224,ENSGALG00010019811,UBXN4,0,0.0905818937331783,-0.8156434751275963,-0.11105574493685247,
ENSG00000196663,ENSGALG00010017248,TECPR2,0,-1.851801766254644,-1.0592522040968713,1.7482161085834211,0.558595901504261
ENSG00000165887,ENSGALG00010020642,ANKRD2,0,-2.440612444719786,-2.6390844050103377,0.9247951448942862,-0.07818303097585176
ENSG00000091490,ENSGALG00010010857,SEL1L3,0,-0.0141577417269687,0.1035834947646083,-0.13667951403977943,
ENSG00000188690,ENSGALG00010002466,UROS,0,-0.5017036666799068,-0.887916513075644,0.5650347293824519,-0.5708680817912289
ENSG00000162402,ENSGALG00010022813,USP24,0,0.166988017334539,-0.9477814025464768,-0.1761883245291367,
ENSG00000154175,ENSGALG00010005860,ABI3BP,0,-0.9089363304282312,-0.5500048784658189,1.6525968514381437,0.5023479000659855
ENSG00000197776,ENSGALG00010019113,KLHDC1,0,0.7269626683643313,-0.7806241351402743,-0.931258253030698,
ENSG00000165521,ENSGALG00010018027,EML5,0,0.8648728477996119,-0.0889983959953447,-9.717847587330128,
ENSG00000197614,ENSGALG00010022764,MFAP5,0,0.236757464560247,-1.4753497132824245,-0.1604754875598263,
ENSG00000138778,ENSGALG00010016956,CENPE,0,0.5571907719027376,-0.9275823208578802,-0.6006914527946331,
ENSG00000116874,ENSGALG00010024190,WARS2,0,-0.5796964110741119,-0.575455889182772,1.0073689781806943,0.0073419599111506
ENSG00000010165,ENSGALG00010013793,METTL13,0,-1.3611043418848894,-2.127236650296328,0.6398462257103765,-0.44652740382597644
ENSG00000181035,ENSGALG00010028147,SLC25A42,0,-1.57835280551995,-0.6271573152137799,2.5166776616197724,0.922939643438819
ENSG00000164978,ENSGALG00010011911,NUDT2,0,-1.171099132233712,-1.0396860252423743,1.1263969158003277,0.11902396831449008
ENSG00000118193,ENSGALG00010012209,KIF14,0,0.6170471926284762,-0.6791277285913508,-0.9085878350282615,
ENSG00000118369,ENSGALG00010001911,USP35,0,-2.2602865942350423,-2.0359907744546533,1.1101654401358805,0.10450904938557522
ENSG00000163874,ENSGALG00010016458,ZC3H12A,0,-3.044245253149027,-1.8195582683413936,1.673068296913618,0.5146592441921422
ENSG00000004139,ENSGALG00010029411,SARM1,0,-2.0480038705310903,-2.479815472597314,0.8258694621281832,-0.1913185541146165
ENSG00000010295,ENSGALG00010022052,IFFO1,0,-2.3956647139357994,-2.4895831941634348,0.9622754200591419,-0.038454569854516424
ENSG00000140553,ENSGALG00010000056,UNC45A,0,-1.7723420545790738,-2.1549838895496976,0.8224386563508926,-0.19548138106818508
ENSG00000165533,ENSGALG00010018064,TTC8,0,0.3572907084664454,-0.5169220015034897,-0.69118882041633,
ENSG00000164118,ENSGALG00010002787,CEP44,0,1.0147764233324637,-0.4766052480326049,-2.129175932328471,
ENSG00000112305,ENSGALG00010001657,SMAP1,0,-0.0908599753056638,-0.6338521133498218,0.14334570066427835,-1.9424960789805958
ENSG00000123352,ENSGALG00010023096,SPATS2,0,-0.3534344110301255,-1.9851844403579832,0.17803605742869494,-1.7257691793804195
ENSG00000177674,ENSGALG00010017615,AGTRAP,0,-1.5237268619799114,-0.4396379623168964,3.4658673558349142,1.2429629204615322
ENSG00000012779,ENSGALG00010023818,ALOX5,0,-1.2487456937483827,-0.8375811518355267,1.4908951699925492,0.39937672478807085
ENSG00000030582,ENSGALG00010023487,GRN,0,-2.505123214383861,-2.899166365014876,0.8640839810415665,-0.1460853146221317
ENSG00000187097,ENSGALG00010006568,ENTPD5,0,-0.3395305286975763,-0.8957847326424477,0.3790313859179154,-0.9701362648801466
ENSG00000090857,ENSGALG00010023225,PDPR,0,-0.5979689502116603,-1.6059035637925527,0.37235669917779984,-0.9879030153724516
ENSG00000167202,ENSGALG00010024391,TBC1D2B,0,-1.1246068182750228,-1.4094591417149966,0.7978995523819356,-0.2257725636632521
ENSG00000127329,ENSGALG00010013259,PTPRB,0,-0.4819047049405203,-1.2047961233799394,0.3999885919192561,-0.9163192524827235
ENSG00000121454,ENSGALG00010010858,LHX4,0,-1.922372204479414,-2.697703880468748,0.7125957071853959,-0.33884104998600406
ENSG00000196365,ENSGALG00010027614,LONP1,0,-2.132301959883428,-1.0779975364494243,1.9780211807408594,0.6820969413033803
ENSG00000132122,ENSGALG00010024758,SPATA6,0,-0.650204303386948,-0.8486536998124975,0.7661597463495474,-0.26636458483603664
ENSG00000066933,ENSGALG00010021062,MYO9A,0,0.1792946901503,-2.032995290587482,-0.08819237849709359,
ENSG00000119514,ENSGALG00010007513,GALNT12,0,-1.1926879178234184,-1.1525941461103988,1.0347856805002196,0.034194333294505545
ENSG00000165272,ENSGALG00010010572,AQP3,0,-1.0841135217607256,-0.197999478302059,5.475335243595194,1.7002535055348649
ENSG00000137055,ENSGALG00010006465,PLAA,0,0.495955541892096,0.0309072495089937,16.04657644310206,2.775495521097395
ENSG00000131188,ENSGALG00010008871,PRR7,0,-3.464665197794057,-3.143455591942266,1.1021835990542252,0.09729330216596312
ENSG00000265241,ENSGALG00010027889,RBM8A,0,-0.5977466300445222,-1.5201142093702988,0.39322481584599905,-0.9333737801726641
ENSG00000145780,ENSGALG00010001152,FEM1C,0,0.6464242194863594,-0.2022130519881138,-3.1967482471129345,
ENSG00000204764,ENSGALG00010010451,RANBP17,0,0.646870366120119,-0.6816436211395785,-0.9489861652907052,
ENSG00000083290,ENSGALG00010029757,ULK2,0,-0.9234249655239511,-0.92310471360903,1.0003469291297074,0.0003468689637119874
ENSG00000184545,ENSGALG00010024637,DUSP8,0,-3.359313032277077,-2.778950099989146,1.2088425165641505,0.18966330389603234
ENSG00000117419,ENSGALG00010025595,ERI3,0,-0.758180239608798,-0.7920683798335033,0.9572156380843927,-0.04372658575960718
ENSG00000107331,ENSGALG00010028002,ABCA2,0,-2.1014362317537536,-2.11334893470177,0.9943631159282755,-0.005652831259277516
ENSG00000143858,ENSGALG00010026315,SYT2,0,-0.9317804906856946,-1.360870418481687,0.6846944999548709,-0.3787825256683513
ENSG00000127946,ENSGALG00010029547,HIP1,0,-1.833488652433168,-2.9361548752579862,0.6244522957162019,-0.4708803402986624
ENSG00000151881,ENSGALG00010014427,TMEM267,0,1.316647947772985,-0.3568680060499853,-3.689453594751687,
ENSG00000145332,ENSGALG00010003816,KLHL8,0,1.0860359670174091,-0.7411951758162733,-1.4652496433498303,
ENSG00000129968,ENSGALG00010027931,ABHD17A,0,-2.7652635987784056,-1.8296305943820597,1.5113780930802303,0.41302187904411747
ENSG00000067248,ENSGALG00010013953,DHX29,0,0.616699268924684,-0.5428636819174657,-1.136011285091722,
ENSG00000008256,ENSGALG00010019239,CYTH3,0,-1.0473312114005182,-0.2039500945968968,5.135232780698371,1.6361251745241054
ENSG00000203867,ENSGALG00010018455,RBM20,0,-2.168499436285684,-1.615591762418068,1.342232293286811,0.2943341184188976
ENSG00000099821,ENSGALG00010027511,POLRMT,0,-2.494822616571604,-1.8329965186213093,1.3610623867677,0.30826556153697987
ENSG00000175287,ENSGALG00010028589,PHYHD1,0,-1.8445469357195223,-1.8558863439422288,0.9938900308956314,-0.006128711347613138
ENSG00000010256,ENSGALG00010027268,UQCRC1,0,-1.2818686961974937,-0.852464643343038,1.503720660097407,0.40794247695923735
ENSG00000105792,ENSGALG00010004609,CFAP69,0,1.0716443330345555,-0.5736579143685996,-1.8680895115237242,
ENSG00000169435,ENSGALG00010005111,RASSF6,0,1.0299803013131577,-0.9264809498970404,-1.1117123362629517,
ENSG00000166888,ENSGALG00010025355,STAT6,0,-1.9335326308424816,-2.9461846244612606,0.6562835929523756,-0.42116227712566623
ENSG00000163349,ENSGALG00010025348,HIPK1,0,-0.8077686585619066,-1.5242442829949676,0.5299469826284883,-0.6349783102160186
ENSG00000138670,ENSGALG00010002880,RASGEF1B,0,0.023479249317134,-0.6475022215414205,-0.03626126449611269,
ENSG00000140740,ENSGALG00010017140,UQCRC2,0,0.6796912655432124,-0.7877450101313381,-0.8628315721478066,
ENSG00000150760,ENSGALG00010002587,DOCK1,0,-0.50032730730738,-0.4833811910086185,1.035057459028147,0.034456941145602105
ENSG00000219545,ENSGALG00010003962,UMAD1,0,-0.564622280876554,-1.889226201351684,0.298864307763985,-1.2077656287863388
ENSG00000172262,ENSGALG00010014263,ZNF131,0,-0.299493985061936,-0.5414857115844474,0.5530967459613723,-0.5922223452724105
ENSG00000145244,ENSGALG00010013434,CORIN,0,-0.7371390510422309,-1.472950282123408,0.5004507348201663,-0.6922461169993415
ENSG00000222011,ENSGALG00010009524,FAM185A,0,-0.2972876390557388,-1.2160007061580802,0.24447982435389423,-1.408622491451989
ENSG00000183379,ENSGALG00010006328,SYNDIG1L,0,-2.9637995984008985,-2.711599891881717,1.0930077137391265,0.08893326657034586
ENSG00000092148,ENSGALG00010005562,HECTD1,0,0.345574081904541,-0.7948534695557711,-0.43476451338594013,
ENSG00000134480,ENSGALG00010005887,CCNH,0,0.3358509699221343,0.2462700731670338,1.3637506401126613,0.31023872754187026
ENSG00000018408,ENSGALG00010001121,WWTR1,0,-1.8832218274011223,-1.4801227721665846,1.272341634636488,0.24085900954565678
ENSG00000151208,ENSGALG00010022105,DLG5,0,-2.6471913421330573,-1.064141889059095,2.4876300513587344,0.9113304706372172
ENSG00000131389,ENSGALG00010021320,SLC6A6,0,-0.0155196097551346,-0.2633504368685999,0.058931399315954786,-2.8313812350221608
ENSG00000141994,ENSGALG00010027102,DUS3L,0,-2.426086291743509,-1.514411830022817,1.6019990359603544,0.47125224687342365
ENSG00000059377,ENSGALG00010013152,TBXAS1,0,-1.026533440428091,-0.4338664146913513,2.3660126842460434,0.8612061265925615
ENSG00000162636,ENSGALG00010012001,EEIG2,0,-0.1679854181206188,-1.0037217927790738,0.16736252946696112,-1.7875929842919662
ENSG00000070214,ENSGALG00010014184,SLC44A1,0,0.9577452986589492,-0.1390723240876645,-6.88667069412914,
ENSG00000188916,ENSGALG00010002603,INSYN2A,0,-2.288377646623724,-1.857712697481804,1.231825378448294,0.2084971167930212
ENSG00000163827,ENSGALG00010008960,LRRC2,0,-0.2785947026859627,-0.8039911905204962,0.3465146210191721,-1.059830264938891
ENSG00000065717,ENSGALG00010027170,TLE2,0,-2.710912979592789,-3.3095680022614338,0.8191138474086096,-0.19953219696483993
ENSG00000008118,ENSGALG00010027193,CAMK1G,0,-1.546295641091307,-1.4865723583042425,1.040175160296396,0.039389122333578434
ENSG00000171813,ENSGALG00010001547,PWWP2B,0,-3.4304721364164745,-1.898046142751725,1.8073702525709352,0.5918728896642791
ENSG00000108001,ENSGALG00010001334,EBF3,0,-1.4449537941527897,-0.8613066238710694,1.677629956749395,0.517382057354459
ENSG00000134077,ENSGALG00010018999,THUMPD3,0,0.7365275065014654,-0.7776148281506883,-0.9471623737590805,
ENSG00000146013,ENSGALG00010014161,GFRA3,0,-2.008656419621252,-1.9032172935330007,1.055400466592294,0.05392028408928915
ENSG00000144468,ENSGALG00010023637,RHBDD1,0,0.2787600012128433,-0.012250081135546,-22.75576774785326,
ENSG00000168140,ENSGALG00010016606,VASN,0,-3.5120517792610446,-3.026274189390339,1.1605200188316607,0.14886819676165106
ENSG00000167113,ENSGALG00010028110,COQ4,0,-1.9607327507943837,-2.703089440268057,0.7253673228807197,-0.3210771001831091
ENSG00000214711,ENSGALG00010017369,CAPN14,0,-1.2623448474148038,-1.061557457496572,1.1891441565412206,0.17323385219394768
ENSG00000166033,ENSGALG00010001705,HTRA1,0,-1.6829349890669203,-0.9103341057389618,1.8487003600736251,0.6144828841475021
ENSG00000198643,ENSGALG00010020958,FAM3D,0,-0.4457860555867867,-1.6497672613936876,0.27021148135173706,-1.30855036230944
ENSG00000175309,ENSGALG00010015182,PHYKPL,0,-1.6739942804680368,0.1447227622459117,-11.566903882221371,
ENSG00000080493,ENSGALG00010004340,SLC4A4,0,0.3275462899231574,-0.8265932526762958,-0.3962605415210528,
ENSG00000134318,ENSGALG00010002706,ROCK2,0,0.4828363939942814,-0.6783231446960227,-0.711808815267029,
ENSG00000107140,ENSGALG00010009347,TESK1,0,-2.902017387402376,-2.892210785367771,1.0033906940960935,0.003384958653963349
ENSG00000166123,ENSGALG00010023612,GPT2,0,-1.900066381794165,-0.0838933177383453,22.64860221311402,3.1200981375794545
ENSG00000023041,ENSGALG00010019807,ZDHHC6,0,1.1222030147616042,-0.3122421164589108,-3.5940155270798626,
ENSG00000106823,ENSGALG00010027198,ECM2,0,-0.1961494299223858,-0.671578744305345,0.29207212346375727,-1.2307545090493273
ENSG00000105989,ENSGALG00010001486,WNT2,0,-0.99272035481688,-1.6919288217031003,0.5867388403594928,-0.5331754638447553
ENSG00000171298,ENSGALG00010029308,GAA,0,-2.5945212241310607,-2.35062250333628,1.103759204401647,0.098721812110002
ENSG00000005020,ENSGALG00010001906,SKAP2,0,1.1451332999378394,-0.5559651002637387,-2.059721553375583,
ENSG00000198853,ENSGALG00010009246,RUSC2,0,-2.991627236968858,-2.591292697883388,1.1544922113246683,0.14366060342730735
ENSG00000161714,ENSGALG00010023815,PLCD3,0,-2.5536801386573167,-2.593331124078612,0.9847104039074907,-0.015407687223628477
ENSG00000160695,ENSGALG00010026433,VPS11,0,-1.2842176968921404,-0.870378918628035,1.4754696712053104,0.38897636026266863
ENSG00000181045,ENSGALG00010029303,SLC26A11,0,-1.4157480813096708,-2.232532221440497,0.6341445232965943,-0.45547839579615257
ENSG00000103047,ENSGALG00010008129,TANGO6,0,-0.5773025825730027,-2.7151776133121497,0.21262055923802775,-1.5482461139020736
ENSG00000127663,ENSGALG00010027292,KDM4B,0,-2.7591395937912555,-0.9854104255659888,2.799990260105572,1.029615938641384
ENSG00000196155,ENSGALG00010021602,PLEKHG4,0,-2.5797544000151973,-1.9046393762732765,1.3544581888582439,0.30340151374486635
ENSG00000164989,ENSGALG00010014372,CCDC171,0,-0.0870945380484702,-1.387729968492982,0.06276043612652633,-2.7684304020253516
ENSG00000103647,ENSGALG00010017482,CORO2B,0,-1.5139510957669329,-2.004413582446596,0.7553087391869484,-0.28062868724516493
ENSG00000166886,ENSGALG00010025343,NAB2,0,-3.090556408308414,-2.970064923962055,1.0405686365217983,0.03976732961762202
ENSG00000168421,ENSGALG00010016169,RHOH,0,-1.6201634690573563,-1.4996927668538298,1.0803302548803106,0.07726678594726288
ENSG00000173726,ENSGALG00010009508,TOMM20,0,-0.32971891561305,-0.5897955567515707,0.5590393346281715,-0.5815354422414835
ENSG00000136378,ENSGALG00010016209,ADAMTS7,0,-2.977752840139709,-2.2640479433461933,1.3152340032776346,0.2740145990591949
ENSG00000081803,ENSGALG00010001745,CADPS2,0,0.0935896812019585,-0.7834231773488032,-0.1194624870796867,
ENSG00000135048,ENSGALG00010014170,CEMIP2,0,0.1071653891738702,-0.1441624018616069,-0.7433657305234612,
ENSG00000175970,ENSGALG00010022933,UNC119B,0,-0.8612900354033837,-1.4229768822638933,0.6052733857721633,-0.5020750457077399
ENSG00000152642,ENSGALG00010002343,GPD1L,0,0.0055397395543366,0.3267349438549319,0.016954842628636033,-4.0772017851558955
ENSG00000168214,ENSGALG00010010837,RBPJ,0,0.335966837188046,-0.5206096124388837,-0.6453335266211327,
ENSG00000155265,ENSGALG00010017891,GOLGA7B,0,-2.8333533710803014,-2.817423854944987,1.0056539296021632,0.005638006134107492
ENSG00000107816,ENSGALG00010023177,LZTS2,0,-3.798298248506006,-3.766679675627496,1.0083942823922882,0.008359246335672543
ENSG00000143107,ENSGALG00010012042,FNDC7,0,0.0337231062063239,-0.3150731829640358,-0.10703261346800574,
ENSG00000103404,ENSGALG00010017299,USP31,0,-2.0028998264074485,-2.087574688096985,0.9594386432388076,-0.041406912177482144
ENSG00000005238,ENSGALG00010011571,ATOSB,0,-2.8380594097663003,-2.883125697137686,0.9843689481120693,-0.015754504936681756
ENSG00000168038,ENSGALG00010016286,ULK4,0,-0.1661332122778329,-0.9041301018194724,0.18374923248712352,-1.6941833178387389
ENSG00000146147,ENSGALG00010001971,MLIP,0,-1.4279171653843503,-1.7320234738416511,0.8244213701198928,-0.1930735082737914
ENSG00000166816,ENSGALG00010025882,LDHD,0,-2.424364914183897,-2.42167676045666,1.0011100382062263,0.0011094225693615504
ENSG00000176678,ENSGALG00010007155,FOXL1,0,-2.8069117183019348,-2.0470207704784995,1.3712179958221955,0.31569939291629856
ENSG00000148339,ENSGALG00010028056,SLC25A25,0,-1.7092689706836772,-0.9791229204645052,1.7457143888254436,0.5571638637534456
ENSG00000153266,ENSGALG00010021054,FEZF2,0,-2.032424386476279,-1.8705239738522497,1.086553508475277,0.08301076798329783
ENSG00000142751,ENSGALG00010013087,GPN2,0,-1.5695492849937995,-1.4349231272841747,1.0938211637611743,0.08967722058333276
ENSG00000181555,ENSGALG00010025723,SETD2,0,-0.2869778929488262,-2.152603757938544,0.1333166366036881,-2.0150282538559683
ENSG00000124302,ENSGALG00010025230,CHST8,0,-2.3959063034627306,0.010346862617099,-231.55872384961484,
ENSG00000145217,ENSGALG00010013587,SLC26A1,0,-2.6526282592568986,0.0344046319509843,-77.10090498965526,
ENSG00000151718,ENSGALG00010007399,WWC2,0,-1.2165430902492869,-1.5901668487212013,0.7650411598176761,-0.26782564291973077
ENSG00000094880,ENSGALG00010014131,CDC23,0,0.5301430584663258,-0.5262061355246056,-1.0074817123479476,
ENSG00000132423,ENSGALG00010004329,COQ3,0,0.3387850726502694,-1.446458068915622,-0.234217002159108,
ENSG00000103021,ENSGALG00010023155,CFAP263,0,-0.5269254911362005,-2.3013765141022744,0.22896101003348626,-1.4742035517865992
ENSG00000185250,ENSGALG00010014142,PPIL6,0,0.6609865942389455,-0.9942991945556638,-0.6647763549022381,
ENSG00000178773,ENSGALG00010008006,CPNE7,0,-2.231469746702881,-2.1623740390342845,1.0319536335626072,0.03145373733164198
ENSG00000067113,ENSGALG00010014125,PLPP1,0,0.8557190731121835,-0.3075445802728106,-2.7824228681029237,
ENSG00000090097,ENSGALG00010027548,PCBP4,0,-2.2353849063627127,-2.7792938572286325,0.8042995887422003,-0.2177834563961282
ENSG00000130305,ENSGALG00010029543,NSUN5,0,-2.157646880999586,-1.9146709798055488,1.1269021694885215,0.1194724251571349
ENSG00000137486,ENSGALG00010001752,ARRB1,0,-1.3637284128730318,-2.086426914734519,0.6536190667606275,-0.425230563951451
ENSG00000102981,ENSGALG00010024366,PARD6A,0,-2.6221099302153377,-3.159001833643416,0.8300438139319288,-0.18627679171493025
ENSG00000029639,ENSGALG00010005322,TFB1M,0,0.1545546472198644,-0.659687779993449,-0.23428453869707758,
ENSG00000143786,ENSGALG00010016477,CNIH3,0,0.2635668588366826,-1.5259280546534757,-0.17272561313287882,
ENSG00000197355,ENSGALG00010027789,UAP1L1,0,-2.30513281109047,-1.2828567841314475,1.7968746313729398,0.5860488398545846
ENSG00000111880,ENSGALG00010003485,RNGTT,0,0.6638765665599315,-0.1543258095552231,-4.301785738064595,
ENSG00000146842,ENSGALG00010006548,TMEM209,0,0.22899682270336,-1.2702139853261611,-0.1802820826638584,
ENSG00000176261,ENSGALG00010017636,ZBTB8OS,0,1.0671323671688882,-0.5856402846757633,-1.822163527838083,
ENSG00000163481,ENSGALG00010021588,RNF25,0,-2.113117670476873,-2.5316283461793603,0.834687158431415,-0.18069828489526457
ENSG00000146463,ENSGALG00010013880,ZMYM4,0,0.2201552684688703,-1.1354612650908356,-0.19389060220496215,
ENSG00000153048,ENSGALG00010017256,CARHSP1,0,-2.637716360120864,-2.0394283682389,1.2933606304587209,0.25724397076912753
ENSG00000198755,ENSGALG00010025904,RPL10A,0,-0.4017393756649507,-1.494932675656699,0.26873409231520967,-1.31403289267741
ENSG00000120868,ENSGALG00010010618,APAF1,0,0.8903541376663497,-0.4876348050286099,-1.8258625686370193,
ENSG00000079215,ENSGALG00010013632,SLC1A3,0,0.5283331705435472,0.4494085121377099,1.1756189664285952,0.16179478883550744
ENSG00000138081,ENSGALG00010017762,FBXO11,0,0.7744716861616983,0.2394518820843744,3.2343520519450406,1.1738286148297186
ENSG00000108424,ENSGALG00010023927,KPNB1,0,0.2408941003462335,-1.1211671883637744,-0.21486010547436113,
ENSG00000137942,ENSGALG00010021254,FNBP1L,0,0.4262917769516345,-0.3932058913380805,-1.0841439213969117,
ENSG00000141873,ENSGALG00010027562,SLC39A3,0,-1.9537490438325216,-1.9091446942310275,1.0233635249000652,0.023094775655459285
ENSG00000143771,ENSGALG00010016533,CNIH4,0,1.6540899649577572,-0.1472436971644249,-11.233689433311763,
ENSG00000014824,ENSGALG00010015436,SLC30A9,0,0.7550732086896499,-0.3203690087606546,-2.3568859285442296,
ENSG00000166444,ENSGALG00010020602,DENND2B,0,-2.49133615771714,-2.174275193592913,1.145823750856622,0.13612381140084462
ENSG00000115211,ENSGALG00010009065,EIF2B4,0,-1.0800160307741198,-2.421139517825265,0.44607756918701663,-0.8072624201407574
ENSG00000159377,ENSGALG00010027985,PSMB4,0,0.1004615869692724,-1.3580856589494492,-0.07397293853097951,
ENSG00000113312,ENSGALG00010009303,TTC1,0,-0.4062127351211977,-0.8592560845721773,0.47274932632388705,-0.7491899964601603
ENSG00000153786,ENSGALG00010009030,ZDHHC7,0,-0.7171603493638692,-0.7633092782668902,0.9395409826436236,-0.06236383931990806
ENSG00000127125,ENSGALG00010017651,PPCS,0,-0.151809467807368,-0.876992224243093,0.17310241027323867,-1.7538718927303125
ENSG00000112874,ENSGALG00010008522,NUDT12,0,0.7883168693019211,-0.2691646585109074,-2.928753253354679,
ENSG00000141569,ENSGALG00010029773,TRIM65,0,-3.4659652536970302,-3.1629456193470995,1.0958029858295448,0.09148741491272123
ENSG00000109790,ENSGALG00010013550,KLHL5,0,0.8210262066208678,-0.1560518379616685,-5.261240222127593,
ENSG00000198624,ENSGALG00010014769,CCDC69,0,-2.633762901845396,-3.545160868587688,0.7429177403999238,-0.2971699531795961
ENSG00000124615,ENSGALG00010020100,MOCS1,0,-2.0126667059707835,-1.0018255097839237,2.0089992581691,0.6976367165789213
ENSG00000103056,ENSGALG00010022911,SMPD3,0,-2.734440628215575,-0.9454641206182932,2.8921675276554835,1.0620062305770865
ENSG00000169247,ENSGALG00010012312,SH3TC2,0,-1.5937767403583205,-1.9343291258724231,0.8239428952606469,-0.19365405334229774
ENSG00000168743,ENSGALG00010006118,NPNT,0,-0.6209489855782504,-1.120854987615021,0.5539958267924728,-0.590598125128798
ENSG00000168830,ENSGALG00010003918,HTR1E,0,-0.6719532693836978,-1.037587810609177,0.6476109901379702,-0.43446508675753776
ENSG00000171604,ENSGALG00010011913,CXXC5,0,-2.0926663789108524,-1.4515026305272754,1.4417241380752213,0.3658397154820096
ENSG00000204351,ENSGALG00010025933,SKIC2,0,-1.6798022984208778,-3.1110751975568327,0.5399426859691621,-0.6162922821509013
ENSG00000111670,ENSGALG00010011453,GNPTAB,0,0.358022402041076,-0.394804500984463,-0.9068346514498462,
ENSG00000168385,ENSGALG00010023354,SEPTIN2,0,0.0046106391359899,-0.2389488133217817,-0.019295509661230073,
ENSG00000103429,ENSGALG00010020662,BFAR,0,-0.6436696670108351,-0.4159452214291278,1.5474866252803166,0.4366320827478702
ENSG00000123094,ENSGALG00010014328,RASSF8,0,-0.5294601967584143,-2.68264737016131,0.19736481307514428,-1.622701419770479
ENSG00000084636,ENSGALG00010017250,COL16A1,0,-2.423916602697352,-1.891950520298158,1.281173358759594,0.24777634456195238
ENSG00000163738,ENSGALG00010003303,MTHFD2L,0,0.4628419257069875,0.079215351271855,5.842831197182786,1.76521547340362
ENSG00000163703,ENSGALG00010019310,CRELD1,0,-1.8321794669307248,-2.639627157823305,0.6941054010224612,-0.3651314553349887
ENSG00000161513,ENSGALG00010029674,FDXR,0,-2.5748112330391884,-1.6643478320184195,1.5470391365947913,0.43634286965153246
ENSG00000153132,ENSGALG00010009166,CLGN,0,1.2120454036242787,0.1399752145439303,8.659000149229177,2.1585992596996606
ENSG00000198793,ENSGALG00010021746,MTOR,0,-0.9111757347074664,-1.0653216285512916,0.8553057689690906,-0.15629624945253312
ENSG00000010017,ENSGALG00010008939,RANBP9,0,-0.6484953264013917,-0.7245227600015021,0.8950654999437799,-0.11085837909039535
ENSG00000145331,ENSGALG00010004757,TRMT10A,0,-0.064069195822153,-1.041725860934956,0.06150293299299535,-2.788670414363828
ENSG00000248487,ENSGALG00010027538,ABHD14A,0,-2.1170141345945552,-2.898805878002715,0.7303055891597625,-0.3142922171472889
ENSG00000166024,ENSGALG00010017790,R3HCC1L,0,0.0929943617114137,-2.4556884719744243,-0.03786895722837527,
ENSG00000042753,ENSGALG00010010816,AP2S1,0,-0.2495537485019454,-1.6707937826800578,0.14936238756026823,-1.9013797946041497
ENSG00000127526,ENSGALG00010028399,SLC35E1,0,-1.5919914286056116,-0.5766769529788998,2.760629535101018,1.0154587461478408
ENSG00000077152,ENSGALG00010024783,UBE2T,0,-0.1671917674091521,-1.3018237623563058,0.12842887973294817,-2.0523799929784587
ENSG00000089876,ENSGALG00010002497,DHX32,0,0.3430912485077702,-0.9577757675730764,-0.3582166725486642,
ENSG00000110888,ENSGALG00010012072,CAPRIN2,0,-0.3218522198632119,-1.168766959969758,0.27537758243229243,-1.2896120960287314
ENSG00000163520,ENSGALG00010027649,FBLN2,0,-2.48068048012164,-1.5109337781257253,1.6418194602802916,0.49580505387694346
ENSG00000138814,ENSGALG00010005416,PPP3CA,0,0.2242993227722749,-0.4995325500939094,-0.44901843279303394,
ENSG00000127980,ENSGALG00010004952,PEX1,0,0.160132011019261,-0.9121833508591792,-0.17554805277736515,
ENSG00000086205,ENSGALG00010007404,FOLH1,0,0.8534930304687975,0.0267786589476154,31.8721349018413,3.4617321140062227
ENSG00000171962,ENSGALG00010017570,DRC3,0,-1.493585350159492,-1.3673326362471738,1.092335040183664,0.08831764362012458
ENSG00000186439,ENSGALG00010005075,TRDN,0,0.2622994275562238,0.0308134417641566,8.512500147300674,2.1415356887796744
ENSG00000163285,ENSGALG00010013677,GABRG1,0,1.7557767371443198,0.3035496399636658,5.78415028709796,1.75512146776544
ENSG00000164116,ENSGALG00010007835,GUCY1A1,0,-0.2033351541251402,-0.0461271686454296,4.408142968586197,1.4834535052144366
ENSG00000121578,ENSGALG00010025523,B4GALT4,0,-0.1477295053216547,-0.8041325022816134,0.18371288923466336,-1.6943811246353053
ENSG00000164008,ENSGALG00010021839,C1orf50,0,-1.4034487373700184,-1.99733930466442,0.7026591496459921,-0.352883355893476
ENSG00000224470,ENSGALG00010008397,ATXN1L,0,-2.126260066048518,-1.7592625220385152,1.2086087433868316,0.18946989922895963
ENSG00000182255,ENSGALG00010022945,KCNA4,0,-1.2507734051852015,-1.2216066425907268,1.0238757400112193,0.023595171608801185
ENSG00000167705,ENSGALG00010029345,RILP,0,-3.318138695566775,-3.089784138364635,1.0739063141553324,0.07130276151400136
ENSG00000112992,ENSGALG00010014579,NNT,0,1.0060515098195868,0.6182343021282325,1.6272981074591268,0.4869210366893024
ENSG00000135315,ENSGALG00010002853,CEP162,0,0.393951473550457,-1.0133012035916888,-0.38878022857772143,
ENSG00000134369,ENSGALG00010026262,NAV1,0,-2.264478349758365,-2.9802254816229827,0.7598345708141407,-0.27465453937670276
ENSG00000149090,ENSGALG00010025127,PAMR1,0,-1.049770413169627,-0.9563432736410992,1.097692054833848,0.09320984367259343
ENSG00000160796,ENSGALG00010025645,NBEAL2,0,-2.1651605167931294,-2.6391691293861697,0.8203947570789875,-0.19796964349303578
ENSG00000060566,ENSGALG00010027225,CREB3L3,0,-2.503560327759533,-2.642013246010276,0.9475956759642209,-0.05382736985247155
ENSG00000162851,ENSGALG00010010346,TFB2M,0,0.3043929921805368,-1.0307887590471023,-0.29530103962515897,
ENSG00000197785,ENSGALG00010017714,ATAD3A,0,-2.553319738268577,-1.0756746974590814,2.3736913625466265,0.8644462803839036
ENSG00000059573,ENSGALG00010001692,ALDH18A1,0,-0.6955535139566393,-0.905336146029078,0.7682820541380431,-0.2635983552649306
ENSG00000129757,ENSGALG00010024146,CDKN1C,0,-2.5825125509835445,-3.10520591997735,0.8316719140489021,-0.1843172500068946
ENSG00000093167,ENSGALG00010017711,LRRFIP2,0,-0.6501465685657948,-0.968920828284937,0.6710007150084731,-0.3989850764246249
ENSG00000164880,ENSGALG00010019625,INTS1,0,-2.864508267926242,-1.716558609801515,1.6687506337214222,0.5120752229245061
ENSG00000103148,ENSGALG00010019706,NPRL3,0,-2.1039451189383183,-1.804150435562588,1.1661694487700773,0.15372440221536057
ENSG00000104824,ENSGALG00010009225,HNRNPL,0,-1.523193782600341,-1.8201462648879607,0.8368524068553915,-0.17810755993725327
ENSG00000092621,ENSGALG00010013380,PHGDH,0,-1.4445207951182937,-2.4626152140042143,0.586579984929721,-0.5334462434952962
ENSG00000182173,ENSGALG00010029725,TSEN54,0,-3.0726949697503816,-2.329792923659244,1.3188704191462273,0.2767756271701178
ENSG00000178175,ENSGALG00010012008,ZNF366,0,-2.643723822018689,-1.3357942696337042,1.9791399634792863,0.6826623884648486
ENSG00000184922,ENSGALG00010023984,FMNL1,0,-2.047045565398408,-2.5079659304780626,0.8162174535633364,-0.2030744723094685
ENSG00000179134,ENSGALG00010009100,SAMD4B,0,-2.859385701257393,-2.4505546379118206,1.166832053862691,0.15429243023392988
ENSG00000174567,ENSGALG00010027345,GOLT1A,0,0.1708601246340073,-0.9331721465187534,-0.183096039965841,
ENSG00000145293,ENSGALG00010003988,ENOPH1,0,-0.0850575939803803,-1.9552912181883888,0.043501240730364266,-3.134965818757149
ENSG00000188895,ENSGALG00010024679,MSL1,0,-2.187780512212898,-2.951689507561164,0.7411960189608674,-0.2994901556581205
ENSG00000138002,ENSGALG00010008936,IFT172,0,-0.2467748315351396,-0.9069766330329706,0.27208510401190106,-1.3016403792269342
ENSG00000099785,ENSGALG00010027740,MARCHF2,0,-2.511165135895084,-1.8088876451699345,1.3882372089833002,0.32803474732677423
ENSG00000189409,ENSGALG00010020187,MMP23B,0,-2.81742217046609,-0.4853998354127564,5.804332768407955,1.7586046677009204
ENSG00000170502,ENSGALG00010003788,NUDT9,0,0.0299215231424021,-1.0675522999881817,-0.02802815669333797,
ENSG00000170430,ENSGALG00010001308,MGMT,0,-1.3127666227961576,-1.5865472402030862,0.8274362020434493,-0.18942327193152328
ENSG00000164463,ENSGALG00010009256,CREBRF,0,-0.2525488886286311,-1.5444711266805389,0.16351803815939434,-1.8108319695962887
ENSG00000177954,ENSGALG00010027362,RPS27,0,-0.8977166804823913,-1.6119340289119677,0.5569189956789591,-0.5853354792915272
ENSG00000112039,ENSGALG00010027520,FANCE,0,-2.120950025684584,-3.1162146097675265,0.6806174449720616,-0.3847548854893946
ENSG00000180817,ENSGALG00010021693,PPA1,0,1.2478728072731575,-0.3995075530539447,-3.1235274470634597,
ENSG00000137960,ENSGALG00010022172,GIPC2,0,0.5406689791634971,-0.3495217762390284,-1.5468820998258728,
ENSG00000270647,ENSGALG00010029621,TAF15,0,-0.0808377931513408,-0.2439992029073893,0.33130351324148816,-1.1047203653211395
ENSG00000169026,ENSGALG00010012974,SLC49A3,0,-1.9719164186795373,-0.4668588452872456,4.223795775929383,1.4407341967335674
ENSG00000112290,ENSGALG00010014030,WASF1,0,-0.7339585922877987,-1.4004570526025533,0.5240850413255012,-0.6461013152231969
ENSG00000146592,ENSGALG00010001711,CREB5,0,-2.4905064008923787,-1.7651899171381429,1.4108999698628308,0.3442277772767301
ENSG00000058453,ENSGALG00010020351,CROCC,0,-3.980753289256723,-3.621492743764291,1.0992023375198057,0.09458476904828429
ENSG00000132434,ENSGALG00010007204,LANCL2,0,-0.3533118690124457,-0.984501988097143,0.3588736978534,-1.0247847689601701
ENSG00000109180,ENSGALG00010016640,OCIAD1,0,0.316416232113978,-0.951314390317708,-0.33260952986142184,
ENSG00000070614,ENSGALG00010013387,NDST1,0,-1.544721101657121,-1.6215355440385348,0.9526285793340659,-0.048530189664962996
ENSG00000064703,ENSGALG00010027272,DDX20,0,-0.0345750562366582,-0.8856781123570293,0.03903794816002014,-3.243221076194966
ENSG00000145687,ENSGALG00010006575,SSBP2,0,-0.5277786856158979,-0.7656978334255876,0.6892780187906705,-0.3721105787754551
ENSG00000000460,ENSGALG00010014274,FIRRM,0,0.3769211004698967,-1.5090215497918806,-0.2497784743510657,
ENSG00000154678,ENSGALG00010019585,PDE1C,0,-0.5235489690874662,-0.8669624085498112,0.6038888929027719,-0.5043650501163222
ENSG00000167720,ENSGALG00010029404,SRR,0,0.8321011586466618,-1.3536185451044322,-0.6147235213761532,
ENSG00000142694,ENSGALG00010014780,EVA1B,0,-3.755169676142151,-2.5542676239101936,1.4701551399667196,0.3853679326142924
ENSG00000167967,ENSGALG00010018095,E4F1,0,-2.905167065111355,-1.250438511892649,2.3233186098164302,0.8429965988459771
ENSG00000148832,ENSGALG00010022567,PAOX,0,-2.4647106243690637,-2.7999069211754657,0.8802830571718867,-0.12751176735290212
ENSG00000055483,ENSGALG00010029280,USP36,0,-2.1753462757796687,-2.6283914566178934,0.8276340536347715,-0.1891841865010578
ENSG00000171806,ENSGALG00010014298,METTL18,0,0.8399798664535378,-0.9021130209120204,-0.9311248668202715,
ENSG00000162814,ENSGALG00010016215,SPATA17,0,0.3725243963343949,-0.0895408716628919,-4.160383849477074,
ENSG00000134744,ENSGALG00010024894,TUT4,0,0.1416033587914711,-0.8989732795872415,-0.1575167605164944,
ENSG00000048540,ENSGALG00010013537,LMO3,0,0.530988857090259,-0.1555585354973375,-3.4134344052072105,
ENSG00000157637,ENSGALG00010029525,SLC38A10,0,-2.51277529630291,-1.5510007477571124,1.6200993454945853,0.4824874717434035
ENSG00000136770,ENSGALG00010005866,DNAJC1,0,-0.6115560913729201,-1.204624744586079,0.5076735258190773,-0.677916703712261
ENSG00000111684,ENSGALG00010023569,LPCAT3,0,0.5044757113173368,-0.2640681187030385,-1.9103999142155137,
ENSG00000181027,ENSGALG00010010845,FKRP,0,-2.273085167330981,-2.6074296845646137,0.8717723744525594,-0.13722692762146518
ENSG00000131508,ENSGALG00010011952,UBE2D2,0,1.012289600150451,-1.1557343516922156,-0.875884322957318,
ENSG00000132773,ENSGALG00010026093,TOE1,0,-1.2027412505584447,-1.6765952917016125,0.7173712442778942,-0.33216179793529654
ENSG00000178163,ENSGALG00010009441,ZNF518B,0,0.0813541255741263,-0.4834768825347451,-0.1682689049114562,
ENSG00000044115,ENSGALG00010008385,CTNNA1,0,-0.0294119450205236,-0.9451845456327704,0.0311176744863441,-3.4699793097667375
ENSG00000052126,ENSGALG00010013753,PLEKHA5,0,-0.401179901973169,-0.972439550549413,0.41254996441322106,-0.885397954692312
ENSG00000108384,ENSGALG00010029783,RAD51C,0,0.3010256709010352,-1.2527671274045105,-0.24028860936405777,
ENSG00000272514,ENSGALG00010003766,CFAP206,0,0.862869312918594,-0.9562534500758108,-0.9023437383155969,
ENSG00000143842,ENSGALG00010025738,SOX13,0,-2.8910347481404965,-2.78633951147392,1.0375744722548885,0.03688575103325999
ENSG00000141968,ENSGALG00010003064,VAV1,0,-1.3067109039623157,-2.2618450467521667,0.5777190200710923,-0.5486676529510314
ENSG00000060140,ENSGALG00010024005,STYK1,0,-0.5348824031769333,-1.097055144016794,0.4875620027800035,-0.718337811441835
ENSG00000115504,ENSGALG00010016584,EHBP1,0,0.0458315562010103,-1.4605309463690717,-0.03138006511601077,
ENSG00000135837,ENSGALG00010010882,CEP350,0,-0.3711858752772272,-1.6833362093391453,0.22050608382204864,-1.5118299934461628
ENSG00000112787,ENSGALG00010022226,FBRSL1,0,-3.757524087434964,-2.632769812308165,1.4272132982794725,0.3557238005408598
ENSG00000146350,ENSGALG00010012959,TBC1D32,0,1.0056635764985575,-0.3376247034364593,-2.9786433464807844,
ENSG00000087269,ENSGALG00010016417,NOP14,0,-1.196907070648647,-0.6392359954205523,1.872402491760815,0.6272223612273488
ENSG00000008294,ENSGALG00010029250,SPAG9,0,-0.2677965130612474,-0.9113718783480635,0.2938389031123613,-1.2247236104195613
ENSG00000247077,ENSGALG00010021069,PGAM5,0,-2.483392352535814,-1.7885714013129488,1.3884781735371667,0.328208308186478
ENSG00000079156,ENSGALG00010023623,OSBPL6,0,-0.4673953248191669,-0.88265575089417,0.5295329740339587,-0.6357598419722332
ENSG00000198822,ENSGALG00010005431,GRM3,0,-0.4870978542547863,-0.7159878653441211,0.680315795604546,-0.38519818331394856
ENSG00000162694,ENSGALG00010023670,EXTL2,0,0.8548657961684505,-0.1241549675490532,-6.885473960844104,
ENSG00000172081,ENSGALG00010027901,MOB3A,0,-1.4429066039766756,-1.410302226648148,1.0231187164796713,0.02285552762622005
ENSG00000148985,ENSGALG00010003166,PGAP2,0,-0.7039626386763072,-1.3656142341342354,0.5154915795986862,-0.6626343100936691
ENSG00000139540,ENSGALG00010024909,SLC39A5,0,-2.4343597090505487,-2.952981160317929,0.8243735997247122,-0.19313145410219046
ENSG00000109686,ENSGALG00010007549,SH3D19,0,-0.781429281000074,-1.1383169689604573,0.6864777582237898,-0.3761814530989787
ENSG00000118689,ENSGALG00010014302,FOXO3,0,-2.331633283806536,-2.158127042145812,1.0803966765034407,0.07732826675928615
ENSG00000146094,ENSGALG00010009440,DOK3,0,-3.3265841553216067,-2.868410708361685,1.159730768548696,0.14818788210109973
ENSG00000167460,ENSGALG00010027959,TPM4,0,-1.135298124263798,-1.5436152586657774,0.7354799830400045,-0.30723195475626097
ENSG00000133302,ENSGALG00010013327,SLF1,0,1.0569588113760933,-0.1096311914067653,-9.641041001319161,
ENSG00000047932,ENSGALG00010012341,GOPC,0,-0.0588190916837856,-0.9809299571319984,0.0599625806675926,-2.81403456685417
ENSG00000107745,ENSGALG00010021481,MICU1,0,0.4604618644328866,-1.017308449442822,-0.4526275827995735,
ENSG00000156427,ENSGALG00010010399,FGF18,0,-2.035069197057906,-0.9349934175783696,2.176559918816038,0.7777456115260772
ENSG00000113389,ENSGALG00010013669,NPR3,0,-0.8299469815218377,-1.031970895999365,0.8042348720678925,-0.21786392302698943
ENSG00000142459,ENSGALG00010003762,EVI5L,0,-2.761871735568386,-2.9614444080232545,0.9326096846815092,-0.06976851005803052
ENSG00000143155,ENSGALG00010005449,TIPRL,0,0.2569109987830646,-0.5627646185501707,-0.4565159043667933,
ENSG00000124279,ENSGALG00010000805,FASTKD3,0,0.2303639527846943,-0.9672664129614118,-0.2381597765598054,
ENSG00000163344,ENSGALG00010027899,PMVK,0,-1.8325050721131328,-1.619966748473996,1.131199189019989,0.12327829923981973
ENSG00000138744,ENSGALG00010004146,NAAA,0,-0.5493415894791625,-0.6969505014711511,0.7882074671294305,-0.23799394061801094
ENSG00000111344,ENSGALG00010000404,RASAL1,0,-2.1359548264323127,-3.011214493195669,0.7093333375150962,-0.34342971129336936
ENSG00000103042,ENSGALG00010021426,SLC38A7,0,-1.1293908066569411,-1.7190408809644937,0.656988916996133,-0.420088129747676
ENSG00000145362,ENSGALG00010003978,ANK2,0,-0.8727581001500173,-1.066014742326097,0.8187110979775156,-0.20002400708208906
ENSG00000097021,ENSGALG00010019141,ACOT7,0,-2.2295425026316806,-2.385786302955936,0.9345105636113877,-0.06773234812538254
ENSG00000138172,ENSGALG00010021124,CALHM2,0,-1.9481807089645533,-1.5672073463367246,1.2430905926508935,0.2176006921341696
ENSG00000198825,ENSGALG00010002383,INPP5F,0,0.1361629632159608,-0.7198505351113006,-0.18915449329339984,
ENSG00000168724,ENSGALG00010013264,DNAJC21,0,0.2738152377668648,-0.667496948296149,-0.41021196945664673,
ENSG00000143368,ENSGALG00010028887,SF3B4,0,-1.680000512716898,-1.4806486192385822,1.1346382192831355,0.12631385059165964
ENSG00000164506,ENSGALG00010005411,STXBP5,0,0.1164435829097101,-0.7272964747514765,-0.16010469863682467,
ENSG00000135773,ENSGALG00010007771,CAPN9,0,-1.0149220496232711,-1.292207703866703,0.7854171172221744,-0.2415403428025155
ENSG00000152409,ENSGALG00010012535,JMY,0,-1.3849839138255309,-1.9216650924969676,0.7207207537011117,-0.32750352087816115
ENSG00000180233,ENSGALG00010016866,ZNRF2,0,-2.079548473651844,-1.6104950417402466,1.2912479826108338,0.2556091790968287
ENSG00000214960,ENSGALG00010004302,CRPPA,0,0.1249928689095298,-0.0908778742992706,-1.3753938444677398,
ENSG00000119927,ENSGALG00010019752,GPAM,0,-0.0368109507022058,-0.8150531955880859,0.04516386280240957,-3.097458007432855
ENSG00000133597,ENSGALG00010013393,ADCK2,0,-1.7051658534180358,-1.9508565394137596,0.8740600956390392,-0.13460614637801294
ENSG00000079387,ENSGALG00010024465,SENP1,0,-0.1398983500529276,-2.233929723874479,0.06262432902781336,-2.7706014337612377
ENSG00000110497,ENSGALG00010023866,AMBRA1,0,-2.291465596221384,-2.2600695749873,1.0138916171349548,0.01379601300154755
ENSG00000146276,ENSGALG00010004942,GABRR1,0,-0.7350449828036023,-1.32272832230319,0.5557036697631991,-0.5875200948613113
ENSG00000149380,ENSGALG00010001895,P4HA3,0,-1.2925958540475229,-2.3837546047385945,0.5422520638147946,-0.612024323261567
ENSG00000159461,ENSGALG00010024413,AMFR,0,-1.0499004821654978,-1.7761936544972905,0.591095728501883,-0.5257772975323762
ENSG00000024048,ENSGALG00010018529,UBR2,0,0.3185138476351259,-0.6294706170545867,-0.5060027251558032,
ENSG00000137261,ENSGALG00010007995,KIAA0319,0,-1.1084222990427826,-0.909286409030524,1.2190023825656606,0.1980328050219665
ENSG00000082438,ENSGALG00010025659,COBLL1,0,-0.2182279927466233,-0.8485370673885972,0.25718144926564923,-1.3579734149366176
ENSG00000204219,ENSGALG00010016543,TCEA3,0,-1.6363787198698745,-2.340523088682438,0.699150855542745,-0.35788874380619556
ENSG00000067365,ENSGALG00010017361,METTL22,0,-1.41073358133454,-0.0939610494227198,15.014025386070502,2.7089847899759767
ENSG00000148660,ENSGALG00010021169,CAMK2G,0,-1.6340556412758396,-1.2740387815847574,1.282579200017179,0.24887305055542294
ENSG00000153395,ENSGALG00010007581,LPCAT1,0,-1.524040049050976,-0.0712351761737736,21.394486978359947,3.0631332710049843
ENSG00000133030,ENSGALG00010021689,MPRIP,0,-3.164363776577561,-2.709452715640485,1.1678977670697384,0.15520535238150227
ENSG00000112701,ENSGALG00010004038,SENP6,0,0.4288826613240672,-0.9225669653983162,-0.46487970782575994,
ENSG00000113300,ENSGALG00010015156,CNOT6,0,0.2106208075756708,-0.5754509878001188,-0.36600998528275935,
ENSG00000064270,ENSGALG00010007595,ATP2C2,0,-1.2544396738958898,-0.5635938239089641,2.2257867646514815,0.8001104552062713
ENSG00000170606,ENSGALG00010013805,HSPA4,0,0.7122514915651266,-0.1425068557958076,-4.9980156223900085,
ENSG00000214530,ENSGALG00010001717,STARD10,0,-1.8555857681846657,-1.4114183801776474,1.3146957657949114,0.27360528205265927
ENSG00000064961,ENSGALG00010028125,HMG20B,0,-2.3462640586459877,-2.500104156370843,0.9384665245514532,-0.0635080926898096
ENSG00000115507,ENSGALG00010016593,OTX1,0,-2.681620704726548,-2.610061850430682,1.027416535851079,0.02704743377364026
ENSG00000112893,ENSGALG00010009762,MAN2A1,0,0.7501660346962868,-0.1866605216840583,-4.018878914128496,
ENSG00000154920,ENSGALG00010029654,EME1,0,-1.295807083489068,-1.3173556101765949,0.9836425893501617,-0.01649267011616671
ENSG00000179889,ENSGALG00010020130,PDXDC1,0,-0.7954908938423255,-0.8139883980760354,0.97727546943245,-0.022986712297756257
ENSG00000096401,ENSGALG00010008120,CDC5L,0,0.2326584249688892,-0.9421058769140044,-0.24695570919374096,
ENSG00000124507,ENSGALG00010026124,PACSIN1,0,-2.0826489454228767,-2.364986879019753,0.8806175475637731,-0.12713185903211455
ENSG00000146247,ENSGALG00010003819,PHIP,0,0.3241803213138006,-0.7957494408134167,-0.4073899454863868,
ENSG00000160584,ENSGALG00010024788,SIK3,0,-1.9120534777773592,-2.031271053422909,0.9413088787709275,-0.06048394801734723
ENSG00000112208,ENSGALG00010002342,BAG2,0,-0.3839664239748011,-2.314171868747484,0.16591957976855798,-1.7962520672394335
ENSG00000130024,ENSGALG00010004624,PHF10,0,-0.1365929151423248,-0.6918672911142486,0.1974264673248863,-1.6223890813106183
ENSG00000115318,ENSGALG00010005417,LOXL3,0,-2.286444214158582,-2.6219227064684194,0.872048671960392,-0.13691004016249902
ENSG00000105229,ENSGALG00010027113,PIAS4,0,-2.515901010285232,-2.050711772227004,1.2268428183610847,0.20444405512775773
ENSG00000124702,ENSGALG00010018448,KLHDC3,0,-1.038977484979636,-1.212814894098778,0.8566661656572766,-0.15470697459701616
ENSG00000198858,ENSGALG00010027455,R3HDM4,0,-3.0177158257355625,-2.2752201169911186,1.326340165155696,0.28242339367246055
ENSG00000132470,ENSGALG00010029804,ITGB4,0,-2.6816943521981607,-2.367155262897305,1.1328764083332126,0.12475989254173261
ENSG00000130669,ENSGALG00010009155,PAK4,0,-3.3079600336569808,-3.0436342680959814,1.0868454427431435,0.0832794110407158
ENSG00000173926,ENSGALG00010012745,MARCHF3,0,-2.0439253223475564,-2.360522512176659,0.8658783433769647,-0.14401086137704963
ENSG00000113318,ENSGALG00010007217,MSH3,0,0.4630870183809605,-0.456186620897363,-1.0151262601038666,
ENSG00000162949,ENSGALG00010017447,CAPN13,0,-0.7575461237085115,-1.1075343559302824,0.6839933403891607,-0.37980709768014126
ENSG00000198677,ENSGALG00010013132,SKIC3,0,1.0161286731862056,-0.1566561774304654,-6.486361979802758,
ENSG00000108219,ENSGALG00010010963,TSPAN14,0,-0.5715673038052262,0.0964534638297244,-5.925834916766196,
ENSG00000168807,ENSGALG00010008172,SNTB2,0,-1.4116915924937086,-2.4208628054559886,0.5831357271928531,-0.5393353115062559
ENSG00000197948,ENSGALG00010011536,FCHSD1,0,-2.881199216628845,-2.5784323289258397,1.1174228558595278,0.11102501233481972
ENSG00000001036,ENSGALG00010005645,FUCA2,0,0.2574765747094307,-0.8193655976136626,-0.3142389373672886,
ENSG00000116641,ENSGALG00010023869,DOCK7,0,0.3328894290965269,-1.0297452244854233,-0.3232735837768764,
ENSG00000139436,ENSGALG00010021783,GIT2,0,-1.4028036234375936,-1.374436906988889,1.0206387912784227,0.02042869723272911
ENSG00000198945,ENSGALG00010005275,L3MBTL3,0,0.2040195099643984,-0.6723234107201517,-0.3034544189765238,
ENSG00000138308,ENSGALG00010021316,PLA2G12B,0,-0.7748028567530412,-2.277261696963328,0.3402344393647079,-1.0781203714435663
ENSG00000164574,ENSGALG00010016768,GALNT10,0,-1.352063074978167,-0.9956296373862964,1.3579980187487903,0.30601157018756847
ENSG00000107862,ENSGALG00010020886,GBF1,0,-1.3536227426274277,-1.4630698829249158,0.9251934978808494,-0.07775237644802471
ENSG00000130511,ENSGALG00010027168,SSBP4,0,-2.686536547086978,-1.927569885490085,1.3937427469219492,0.33199275221056207
ENSG00000102984,ENSGALG00010008374,ZNF821,0,-2.076404351890117,-2.398380682530925,0.8657526167609731,-0.14415607316767556
ENSG00000152348,ENSGALG00010006223,ATG10,0,0.6156508017538371,-0.4307125079670812,-1.429377578700107,
ENSG00000112584,ENSGALG00010007921,FAM120B,0,-0.6960795364494228,-0.798226515764509,0.8720325906271681,-0.13692848119912887
ENSG00000146005,ENSGALG00010011875,PSD2,0,-2.465855856244554,-2.11741329301616,1.1645604872594584,0.15234375168066772
ENSG00000143867,ENSGALG00010002500,OSR1,0,-1.8608202307676291,-1.838991885700161,1.0118697343023662,0.011799841534916342
ENSG00000187123,ENSGALG00010009591,LYPD6,0,-0.8032883485382882,-1.8523792950950817,0.4336521956735949,-0.8355124586254845
ENSG00000095002,ENSGALG00010017712,MSH2,0,1.1114510877770307,-0.4903845069277301,-2.2664889939943182,
ENSG00000108559,ENSGALG00010029253,NUP88,0,-0.413249411687806,-1.736117766659595,0.2380307486184679,-1.4353554177798151
ENSG00000149476,ENSGALG00010019934,TKFC,0,-1.6981766442777655,-2.18737315586493,0.7763543406960545,-0.2531462384118917
ENSG00000152910,ENSGALG00010008965,CNTNAP4,0,-0.1229487653245335,-0.3304654462321642,0.37204726462735066,-0.9887343773299831
ENSG00000151572,ENSGALG00010011601,ANO4,0,0.5283318171053732,-0.0814458285857331,-6.4869107022372585,
ENSG00000187550,ENSGALG00010000591,SBK2,0,-3.1512437924864063,-1.5307254737419522,2.0586603192687436,0.722055440792849
ENSG00000172456,ENSGALG00010026839,FGGY,0,0.1657686185183795,0.0036100612376809,45.91850597661028,3.826868216129461
ENSG00000156599,ENSGALG00010026234,ZDHHC5,0,-1.7992141168983125,-2.415810846276767,0.7447661391500292,-0.29468501706291855
ENSG00000143951,ENSGALG00010016605,WDPCP,0,-0.0843084213154217,-0.8755585174795082,0.09629101839831611,-2.340380231419521
ENSG00000070404,ENSGALG00010027364,FSTL3,0,-2.646069812188429,-2.213078859105017,1.1956509372912796,0.1786907544773658
ENSG00000112308,ENSGALG00010008027,C6orf62,0,0.3332113570601507,-1.0027987127967504,-0.3322813968626292,
ENSG00000156650,ENSGALG00010022332,KAT6B,0,-1.2520247813230636,-1.152143985115807,1.0866912447555044,0.08313752432788989
ENSG00000162545,ENSGALG00010020828,CAMK2N1,0,-1.50267978684394,-2.339854342440553,0.6422108246603891,-0.4428386418780126
ENSG00000185761,ENSGALG00010027448,ADAMTSL5,0,-2.9291087292322384,-2.1822701740835844,1.3422301069858498,0.29433248956318264
ENSG00000138792,ENSGALG00010003726,ENPEP,0,0.2426454742348198,-0.2894370249985611,-0.8383359877196985,
ENSG00000169180,ENSGALG00010018022,XPO6,0,-1.0208960921743238,-2.130445740076356,0.47919366026084964,-0.7356504621080419
ENSG00000162419,ENSGALG00010015314,GMEB1,0,-0.9044799160449148,-2.122589998843651,0.4261208789910719,-0.8530322194630082
ENSG00000172247,ENSGALG00010021945,C1QTNF4,0,-2.0504977596208995,-0.8597306433687744,2.3850467299690696,0.8692187174267947
ENSG00000172292,ENSGALG00010025404,CERS6,0,0.5992332188176999,-0.4291265321858603,-1.3964021654996717,
ENSG00000110583,ENSGALG00010000564,NAA40,0,-0.9941613555638966,-1.5685625263969405,0.633804096957187,-0.4560153676294735
ENSG00000144115,ENSGALG00010016190,THNSL2,0,-1.340435195068865,-1.3594167327879023,0.9860369986177014,-0.01406140113046349
ENSG00000250510,ENSGALG00010023336,GPR162,0,-2.0697380716834037,-2.2502944230459225,0.9197632320849269,-0.08363899849032705
ENSG00000169213,ENSGALG00010024642,RAB3B,0,-0.1905400732112134,-0.6342882111636514,0.3003998337942506,-1.2026409123737665
ENSG00000057657,ENSGALG00010013292,PRDM1,0,-1.4780952557295493,-1.6422139058378629,0.9000625621760402,-0.10529100454484615
ENSG00000068137,ENSGALG00010021416,PLEKHH3,0,-3.156277439211694,-3.082180826763761,1.0240403196997798,0.023755900548968853
ENSG00000189079,ENSGALG00010013878,ARID2,0,-0.0475840035063903,-0.8660740616087284,0.05494218752840056,-2.9014737824276473
ENSG00000071242,ENSGALG00010005839,RPS6KA2,0,-1.5653545820543986,-0.6206182118531369,2.522250478889949,0.9251515501725043
ENSG00000102871,ENSGALG00010024696,TRADD,0,-2.6420188499865773,-2.44356691740879,1.0812140364006195,0.0780845175784133
ENSG00000144290,ENSGALG00010021067,SLC4A10,0,0.3807191435730228,-0.576293101620595,-0.6606345668591238,
ENSG00000110925,ENSGALG00010023931,CSRNP2,0,-1.9405496903609207,-2.9451595239629813,0.6588945945276791,-0.4171917048785621
ENSG00000109667,ENSGALG00010010094,SLC2A9,0,-0.9551281891217388,-0.2370736927038249,4.028824026101353,1.393474528437617
ENSG00000079246,ENSGALG00010021235,XRCC5,0,0.4186116960767414,-0.5175553817818237,-0.8088249312287277,
ENSG00000006712,ENSGALG00010009085,PAF1,0,-2.03787425756766,-2.594035696398771,0.7855999284808552,-0.24130761297949294
ENSG00000166856,ENSGALG00010025305,ACKR5,0,-1.7878205445694793,-2.178068152675982,0.8208285596449113,-0.19744101028193559
ENSG00000170515,ENSGALG00010024839,PA2G4,0,0.0343639319011792,-0.6544208242909104,-0.05251044989042611,
ENSG00000166575,ENSGALG00010007679,TMEM135,0,0.9534642157978244,0.1417950586624129,6.724241484802665,1.9057191287626754
ENSG00000107938,ENSGALG00010002445,EDRF1,0,0.1514900722544183,-0.6391961626628291,-0.23700091005447432,
ENSG00000099817,ENSGALG00010027995,POLR2E,0,-2.497161358469233,-2.0743630829087607,1.2038207674654557,0.1855004715739008
ENSG00000144909,ENSGALG00010020497,OSBPL11,0,-0.2155237834041141,-0.9267423354241648,0.23256063219068335,-1.4586043043370203
ENSG00000050405,ENSGALG00010023110,LIMA1,0,-1.0098433575992,-1.4723625424274551,0.6858659660916742,-0.3770730550523445
ENSG00000173145,ENSGALG00010019916,NOC3L,0,0.6548159853275841,-0.3329356258046073,-1.966794583022129,
ENSG00000145685,ENSGALG00010012614,LHFPL2,0,-0.5512978055434505,-0.208918323945687,2.63881977957459,0.9703317640087115
ENSG00000166900,ENSGALG00010020356,STX3,0,-0.7635040640696378,-2.349514391711184,0.3249624972561105,-1.1240454963688122
ENSG00000177791,ENSGALG00010021224,MYOZ1,0,-0.887513715477743,-0.8452749693487605,1.0499704210589902,0.04876199335262892
ENSG00000170584,ENSGALG00010009715,NUDCD2,0,-0.1061665344743492,-1.3586745125687298,0.07813978513045719,-2.549255939161179
ENSG00000113569,ENSGALG00010012803,NUP155,0,0.6156885423466569,-0.5312174157581793,-1.1590142267228125,
ENSG00000145348,ENSGALG00010006077,TBCK,0,0.4454005411520505,-0.6322033531822551,-0.7045210040568197,
ENSG00000157077,ENSGALG00010024842,ZFYVE9,0,0.3261495234295406,-0.9160579473292444,-0.3560359084056042,
ENSG00000051009,ENSGALG00010001551,FHIP1B,0,-2.143222736615364,-2.399866187117196,0.8930592664376338,-0.1131023325165792
ENSG00000163904,ENSGALG00010024670,SENP2,0,-0.2755083042233845,-1.0836934698363538,0.2542308428461679,-1.369512594596603
ENSG00000186187,ENSGALG00010023350,ZNRF1,0,-2.3466861451140044,-1.735362494292522,1.3522743247200975,0.3017878599382435
ENSG00000170144,ENSGALG00010024144,HNRNPA3,0,1.2420630917669335,0.6251566018050195,1.9868031276974683,0.6865268784885289
ENSG00000103544,ENSGALG00010017700,VPS35L,0,-0.4439290101273005,-0.37008890387536,1.1995199139415667,0.18192140502855356
ENSG00000118473,ENSGALG00010022848,SGIP1,0,-0.7700442294259631,-2.012394641238977,0.38265070560507336,-0.9606327017318967
ENSG00000161904,ENSGALG00010027260,LEMD2,0,-2.0733833489077025,-2.08414001520282,0.9948387986331759,-0.005174566372756468
ENSG00000155287,ENSGALG00010022250,SLC25A28,0,-1.419364858833024,-1.8903427346727764,0.7508505377352749,-0.28654866468739515
ENSG00000124784,ENSGALG00010010201,RIOK1,0,0.4545680870432491,-0.440685907081888,-1.03150130226148,
ENSG00000198561,ENSGALG00010026163,CTNND1,0,-0.74209110715233,-2.000028350785659,0.37104029393424287,-0.9914446132850534
ENSG00000163781,ENSGALG00010017198,TOPBP1,0,0.2038739926204229,-0.6841134346940595,-0.29801197035634425,
ENSG00000276023,ENSGALG00010029367,DUSP14,0,-1.0237967103097532,-1.363581707679102,0.7508143476435429,-0.2865968646447775
ENSG00000087206,ENSGALG00010012963,UIMC1,0,-1.132425688618449,-2.719699738724379,0.41637893790054586,-0.8761595249313988
ENSG00000033178,ENSGALG00010004896,UBA6,0,0.9480185697075996,-0.116464656541518,-8.13996793413154,
ENSG00000122912,ENSGALG00010023079,SLC25A16,0,1.549244548302342,0.954668427949746,1.6228090329011013,0.484158618578872
ENSG00000011376,ENSGALG00010017552,LARS2,0,-0.5838560113765805,-0.2968918306730526,1.9665613905676733,0.6762865305909436
ENSG00000123095,ENSGALG00010014338,BHLHE41,0,-2.0880484107565067,-2.5120987793389835,0.8311967777421322,-0.18488871583825703
ENSG00000111642,ENSGALG00010022093,CHD4,0,-0.6941077848189412,-0.9540754626961084,0.727518746638208,-0.3181155116936371
ENSG00000151876,ENSGALG00010012536,FBXO4,0,0.3539255500224065,-0.8554118922148485,-0.41374869024326494,
ENSG00000113763,ENSGALG00010012970,UNC5A,0,-2.6866542397228965,-2.965719745531946,0.9059029410214906,-0.0988231077932438
ENSG00000196911,ENSGALG00010014707,KPNA5,0,1.2393443572777514,-0.559872034165529,-2.2136207591167754,
ENSG00000152413,ENSGALG00010012521,HOMER1,0,-0.4729487583595499,-1.4108587587824069,0.3352204856903692,-1.0929667974135737
ENSG00000112759,ENSGALG00010019602,SLC29A1,0,-0.5245471691201349,-0.8332610236783529,0.6295112266316868,-0.46281159145233575
ENSG00000117153,ENSGALG00010025970,KLHL12,0,0.0965443098857452,-1.6519656666796334,-0.05844208014310268,
ENSG00000133706,ENSGALG00010016629,LARS1,0,1.0928215317775631,-0.3831530147808902,-2.852180433455558,
ENSG00000165630,ENSGALG00010005699,PRPF18,0,0.2674659294696813,-0.9154010997290356,-0.29218440916102556,
ENSG00000125459,ENSGALG00010028433,MSTO1,0,-1.6390026153544603,-1.5429326367699492,1.0622645320314363,0.06040298034418899
ENSG00000119203,ENSGALG00010003272,CPSF3,0,0.742117467584368,-0.2428387425649553,-3.0560093490266036,
ENSG00000065000,ENSGALG00010027897,AP3D1,0,-2.2451481718264024,-1.1757105513332586,1.9096096137611411,0.6468988304669393
ENSG00000175093,ENSGALG00010025297,SPSB4,0,-2.637529016772256,-0.8993945012822435,2.93256075394279,1.0758760187879368
ENSG00000109762,ENSGALG00010005849,SNX25,0,-0.3486562055187114,-1.0673607336293025,0.3266526437909985,-1.1188579240774392
ENSG00000243989,ENSGALG00010027529,ACY1,0,-1.6747541761152416,-2.084699409651994,0.8033552311480789,-0.21895828284650273
ENSG00000134242,ENSGALG00010027911,PTPN22,0,0.4827304601449533,-1.8145098585874824,-0.2660390396119083,
ENSG00000175029,ENSGALG00010002419,CTBP2,0,-1.8425351071627496,-1.109358707505971,1.6609011086279615,0.5073602916088727
ENSG00000034152,ENSGALG00010021550,MAP2K3,0,-1.5500562112713308,-1.6502406037207424,0.9392910390015072,-0.06262990210861014
ENSG00000135736,ENSGALG00010024498,CCDC102A,0,-3.6983329282020296,-3.911740799661637,0.9454442708785646,-0.05610033405007324
ENSG00000164323,ENSGALG00010005858,CFAP97,0,-0.3575551276572799,-1.4292152995967538,0.25017583268116594,-1.385591277616369
ENSG00000129116,ENSGALG00010008296,PALLD,0,-1.2551542782839675,-1.3839242637018834,0.906953011233818,-0.09766463700745559
ENSG00000142583,ENSGALG00010017402,SLC2A5,0,-0.918555766573892,-0.7493907714900228,1.2257366937512675,0.2035420458927041
ENSG00000181396,ENSGALG00010029153,OGFOD3,0,-2.204199093607324,-1.8722803492086864,1.1772804722000754,0.16320709402830336
ENSG00000164161,ENSGALG00010006341,HHIP,0,-0.3417242573700072,-0.6672924045728996,0.5121057201134003,-0.6692241906611546
ENSG00000005961,ENSGALG00010026006,ITGA2B,0,-2.049227697023925,-2.5551970003830875,0.8019842292851372,-0.22066633554196208
ENSG00000160883,ENSGALG00010010084,HK3,0,-2.025680167912117,-2.6370118652115924,0.768172564801705,-0.26374087732210516
ENSG00000198740,ENSGALG00010024430,ZNF652,0,-1.301431592119231,-1.658412850677622,0.7847452409618452,-0.2423961476787874
ENSG00000162873,ENSGALG00010025323,KLHDC8A,0,-1.2841940105669618,-1.477959794671437,0.8688964444073048,-0.14053132720737613
ENSG00000113716,ENSGALG00010016814,HMGXB3,0,-1.5537135057203455,-1.66438491399682,0.9335061214832148,-0.06880775846083767
ENSG00000141076,ENSGALG00010008167,UTP4,0,-0.1566897422771962,-2.486257704639373,0.06302232547527642,-2.764266242742317
ENSG00000008382,ENSGALG00010027184,MPND,0,-2.8240633146446203,-2.611345919959404,1.0814589109238057,0.07831097301591775
ENSG00000270885,ENSGALG00010029624,RASL10B,0,-2.023364658394158,-2.4622141937089723,0.821766304314187,-0.1962992256681795
ENSG00000123977,ENSGALG00010023159,DAW1,0,0.2346597229730722,-0.0183355208370249,-12.798094205168367,
ENSG00000169660,ENSGALG00010029152,HEXD,0,-2.507342636067856,-1.144354726568421,2.1910536810440147,0.7843825610178998
ENSG00000144674,ENSGALG00010017662,GOLGA4,0,-0.0303314364641256,-1.549879810455018,0.019570186190902644,-3.9337479835211666
ENSG00000118307,ENSGALG00010014154,DNAI7,0,0.5566849339869684,-0.5702255121389915,-0.9762539944920552,
ENSG00000065054,ENSGALG00010017898,NHERF2,0,-3.288470943054909,-2.8901785783673493,1.1378089117636994,0.12910440575557278
ENSG00000134815,ENSGALG00010008830,DHX34,0,-2.755551775710396,-3.1285389273704096,0.8807791239556301,-0.12694839508566483
ENSG00000114423,ENSGALG00010005166,CBLB,0,-0.5839409242047076,-1.160745017905159,0.5030742455897576,-0.687017514228787
ENSG00000167508,ENSGALG00010009646,MVD,0,-2.2719295136015702,-2.5799600425130795,0.8806064730322475,-0.1271444349808823
ENSG00000170801,ENSGALG00010009102,HTRA3,0,-2.535786605001244,-0.9129880435082688,2.777458722522994,1.0215363810433566
ENSG00000174705,ENSGALG00010012382,SH3PXD2B,0,-2.571516509253094,-1.9899813217249085,1.2922314803558623,0.2563705536745151
ENSG00000175087,ENSGALG00010016394,PDIK1L,0,0.3907220248494685,-0.7538891923460691,-0.5182751375352115,
ENSG00000170382,ENSGALG00010027241,LRRN2,0,-2.601354028164081,-2.750284325615203,0.9458491269197019,-0.05567220793511669
ENSG00000151229,ENSGALG00010008134,SLC2A13,0,0.204340383160245,-1.15826397555808,-0.17641952738950445,
ENSG00000178927,ENSGALG00010029151,CYBC1,0,-1.9637993999340857,-0.7962063551101766,2.466445271794322,0.9027779528358446
ENSG00000165606,ENSGALG00010020207,DRGX,0,-2.383749193215856,-2.157185751033802,1.105027321858341,0.09987006032769903
ENSG00000145920,ENSGALG00010014492,CPLX2,0,-2.668160277747077,-2.382650584680565,1.1198286038675662,0.11317564133527036
ENSG00000121940,ENSGALG00010012107,CLCC1,0,0.3403005155872876,-0.6965916274517622,-0.488522259206816,
ENSG00000174720,ENSGALG00010004001,LARP7,0,0.4838659454277216,-0.5080574079558995,-0.952384391705833,
ENSG00000103066,ENSGALG00010022886,PLA2G15,0,-1.491789408858656,-0.605701755515255,2.4629108224882543,0.9013439116165967
ENSG00000180992,ENSGALG00010019659,MRPL14,0,-1.4091043258810334,-0.6681812902789935,2.1088652830920687,0.7461500223070783
ENSG00000189308,ENSGALG00010003899,LIN54,0,-0.121656985003332,-0.8153816096694694,0.14920251273835816,-1.9024507499443843
ENSG00000108666,ENSGALG00010029605,C17orf75,0,0.0267487900371818,-1.0355722783852914,-0.025829959526233803,
ENSG00000256870,ENSGALG00010011616,SLC5A8,0,0.9068002459887836,-0.2644297592438808,-3.429266995446043,
ENSG00000109576,ENSGALG00010008325,AADAT,0,0.8419401928669554,-0.6330937887066881,-1.3298822510751653,
ENSG00000198673,ENSGALG00010011825,TAFA2,0,-0.1598113848702329,-0.4207246171780967,0.379847953614236,-0.9679842283996994
ENSG00000068383,ENSGALG00010001567,INPP5A,0,-0.8750573777717694,-0.3300716771527442,2.6511131925046305,0.9749796244355758
ENSG00000143207,ENSGALG00010010404,COP1,0,-0.2751482474193611,-1.3767522030804638,0.1998531375535269,-1.6101724944057498
ENSG00000155329,ENSGALG00010013787,ZCCHC10,0,-1.803014024018033,-3.142603956781604,0.5737324998039306,-0.555592019503618
ENSG00000155324,ENSGALG00010001221,GRAMD2B,0,-0.2959647402526393,-1.079986379784322,0.27404488222503764,-1.2944633822674214
ENSG00000163138,ENSGALG00010010308,PACRGL,0,-0.3032361978027165,-0.746308702167826,0.4063147018410705,-0.9006272919493565
ENSG00000169718,ENSGALG00010029160,DUS1L,0,-2.487059105705111,-1.210999926450247,2.0537235811362287,0.7196545265671763
ENSG00000158865,ENSGALG00010018170,SLC5A11,0,-0.6353073747874767,-0.9638828563140158,0.6591126407382693,-0.4168608323207413
ENSG00000123106,ENSGALG00010022274,CCDC91,0,0.1300959780565485,-0.6330702484400388,-0.2055000663466979,
ENSG00000119929,ENSGALG00010022221,CUTC,0,0.4576501057033741,-1.812084513743465,-0.25255450407108504,
ENSG00000069248,ENSGALG00010010321,NUP133,0,0.1566127646549198,-0.8870431031884638,-0.17655598030352465,
ENSG00000205089,ENSGALG00010016375,CCNI2,0,-2.0470127606851225,-0.8616559781073291,2.375672905074586,0.8652807258091356
ENSG00000108309,ENSGALG00010024872,RUNDC3A,0,-2.704217760462763,-3.261757410602311,0.8290677141324886,-0.1874534454787645
ENSG00000145632,ENSGALG00010015163,PLK2,0,-0.3676653268627419,-0.4321929320590976,0.850697222444322,-0.1616990040293479
ENSG00000076344,ENSGALG00010016928,RGS11,0,-2.165582340238201,-2.223905470620566,0.9737744561750233,-0.02657556665683039
ENSG00000131462,ENSGALG00010021375,TUBG1,0,-2.154084724664415,-1.8330547604051772,1.175133864625123,0.16138206844742592
ENSG00000167100,ENSGALG00010025263,SAMD14,0,-3.5986869664062464,-4.415522648727583,0.8150081547975474,-0.20455715990477166
ENSG00000120705,ENSGALG00010010303,ETF1,0,0.9658709669698826,-0.187853814712377,-5.141609545958531,
ENSG00000114054,ENSGALG00010022733,PCCB,0,-0.1398780048625916,-0.5351696507187385,0.26137133276286123,-1.3418131518899274
ENSG00000173918,ENSGALG00010030103,C1QTNF1,0,-2.211383637690572,-2.3984766338956613,0.9219950723884233,-0.08121539992092776
ENSG00000153885,ENSGALG00010009079,KCTD15,0,-2.6148833903067,-1.2630467300133756,2.0702982147612294,0.7276926620029407
ENSG00000111361,ENSGALG00010024701,EIF2B1,0,0.072063805547188,-1.0779056165179406,-0.06685539479790675,
ENSG00000171475,ENSGALG00010024541,WIPF2,0,-3.1721668973339963,-2.80395315761295,1.1313195046505387,0.1233846547196658
ENSG00000142230,ENSGALG00010008762,SAE1,0,-0.1465992758373602,-1.6023076996189896,0.09149258651894379,-2.39149733163398
ENSG00000105647,ENSGALG00010027324,PIK3R2,0,-2.616167036064665,-2.6230137109641927,0.9973897677808894,-0.0026136448149680835
ENSG00000153914,ENSGALG00010012121,SREK1,0,-1.078363106174281,-1.1180570122159503,0.9644974222173185,-0.036148119302114076
ENSG00000135597,ENSGALG00010004214,REPS1,0,-0.5045218049400084,-1.0633762014000654,0.4744527894039226,-0.745593161342804
ENSG00000105255,ENSGALG00010028415,FSD1,0,-1.594550127173397,-1.903435351256041,0.8377222405379745,-0.17706868864875278
ENSG00000261371,ENSGALG00010029625,PECAM1,0,-0.5547280472467229,-0.0587399591039105,9.443793555685211,2.245357759145837
ENSG00000130307,ENSGALG00010028583,USHBP1,0,-3.173199487005485,-3.371210078478244,0.9412642384000761,-0.060531372864172664
ENSG00000197766,ENSGALG00010027425,CFD,0,-2.552598272715697,-2.0537887763826004,1.2428728319431488,0.21742549992808377
ENSG00000188783,ENSGALG00010026822,PRELP,0,-2.4155018649985536,-1.974675494828104,1.2232399051515164,0.20150299867114443
ENSG00000130695,ENSGALG00010013365,CEP85,0,-1.8846647221705397,-2.210514051311078,0.85259115229452,-0.15947515202774312
ENSG00000073711,ENSGALG00010022681,PPP2R3A,0,0.1836591657367385,-1.1390697853487284,-0.16123609641749112,
ENSG00000178028,ENSGALG00010025582,DMAP1,0,-1.615232154222788,-1.1583137959971737,1.3944685454016033,0.3325133716471492
ENSG00000145214,ENSGALG00010009665,DGKQ,0,-2.973961136120133,-0.9191133600664284,3.235684808134213,1.1742405927633361
ENSG00000169189,ENSGALG00010017356,NSMCE1,0,-0.7940695518606162,-0.4091345749309537,1.9408517405174688,0.6631269182285658
ENSG00000169905,ENSGALG00010010918,TOR1AIP2,0,-1.3859993904360357,-2.902162813081897,0.4775746502534087,-0.7390347956712572
ENSG00000163788,ENSGALG00010016504,SNRK,0,-0.9742655910772536,-1.1431449196963963,0.8522677871288666,-0.15985449739415858
ENSG00000090989,ENSGALG00010015143,EXOC1,0,0.7874714997877472,-0.3298416194546518,-2.387423094422481,
ENSG00000196154,ENSGALG00010028412,S100A4,0,-0.6608842411349514,-1.9349617403078496,0.34154899674130285,-1.0742641351785156
ENSG00000185621,ENSGALG00010020535,LMLN,0,-0.2542063307763609,-1.0123174597377016,0.2511132533881491,-1.381851232896671
ENSG00000180875,ENSGALG00010008824,GREM2,0,-2.6069878490655167,-2.123938632389073,1.2274308726769072,0.204923263562598
ENSG00000196455,ENSGALG00010018451,PIK3R4,0,0.4049924825834701,-1.092017163955877,-0.3708664075538595,
ENSG00000132334,ENSGALG00010002712,PTPRE,0,-1.1932874752250022,-0.4836946086293333,2.4670266195574797,0.9030136277433546
ENSG00000103034,ENSGALG00010023119,NDRG4,0,-1.8174244061971976,-1.8686697884832104,0.9725765447689886,-0.027806497312923825
ENSG00000156990,ENSGALG00010021646,RPUSD3,0,-2.5014030566229266,-3.6263158212961337,0.6897918382985363,-0.37136541053180105
ENSG00000058063,ENSGALG00010016588,ATP11B,0,1.0918913551602198,-0.1366431695906088,-7.990822800961017,
ENSG00000120254,ENSGALG00010005610,MTHFD1L,0,-0.5539967721642665,-0.2734362809278828,2.0260543710012637,0.7060902420909091
ENSG00000148482,ENSGALG00010006104,SLC39A12,0,-0.4407506461447283,-0.1151126250574376,3.8288645222433897,1.3425682898486688
ENSG00000109436,ENSGALG00010009306,TBC1D9,0,-0.8590795084711225,-0.8221547761210977,1.044912142363552,0.04393280758908106
ENSG00000166135,ENSGALG00010021071,HIF1AN,0,-0.3523053871005217,-0.8284872925633721,0.42523933711822554,-0.8551031224044829
ENSG00000138801,ENSGALG00010005915,PAPSS1,0,0.6255513805208306,-0.2245181932713588,-2.786194612588799,
ENSG00000153933,ENSGALG00010029581,DGKE,0,0.497053674166894,-0.8488131067177593,-0.5855867095277669,
ENSG00000064999,ENSGALG00010026001,ANKS1A,0,-2.3406374206102623,-1.94351797363904,1.204330215803282,0.18592357490003425
ENSG00000068028,ENSGALG00010028123,RASSF1,0,-2.2926531913723345,-2.926418663802215,0.7834330814421315,-0.24406963060760672
ENSG00000125386,ENSGALG00010017533,FAM193A,0,-1.9864544176437988,-1.1541756911070826,1.7211022836032843,0.5429649481206932
ENSG00000128805,ENSGALG00010020520,ARHGAP22,0,-3.019949531250779,-2.052212597058908,1.4715578374183873,0.38632159299432284
ENSG00000176974,ENSGALG00010017745,SHMT1,0,-1.0101857680684423,-1.499636689798721,0.6736203341384158,-0.39508862924952776
ENSG00000131236,ENSGALG00010015101,CAP1,0,-0.3964510098509279,-0.90354425502035,0.4387732063461561,-0.8237726136437409
ENSG00000204130,ENSGALG00010023050,RUFY2,0,0.3680724438775993,-0.865776081509534,-0.4251358425562442,
ENSG00000198546,ENSGALG00010022505,ZNF511,0,-1.984401788999877,-2.2289271006747344,0.8902946123267848,-0.11620284594639242
ENSG00000124786,ENSGALG00010010416,SLC35B3,0,2.127400490175344,0.9708627242633632,2.1912474719734427,0.7844710035611153
ENSG00000150051,ENSGALG00010005497,MKX,0,-1.312445985034353,-2.049823823747785,0.6402725784671334,-0.4458612894448265
ENSG00000134802,ENSGALG00010026393,SLC43A3,0,-0.4454318637830319,-2.1745252232174503,0.20484097357305714,-1.5855213395526795
ENSG00000138660,ENSGALG00010004079,AP1AR,0,-0.1897848368827279,-1.0501500486897566,0.1807216379407088,-1.710797343446525
ENSG00000154822,ENSGALG00010001512,PLCL2,0,0.1242771953459822,-0.3356875905022749,-0.370216829165569,
ENSG00000172765,ENSGALG00010021874,TMCC1,0,-1.3962327784355466,-1.902943108409925,0.7337228171798688,-0.30962395495895445
ENSG00000188316,ENSGALG00010022787,ENO4,0,-0.5845152915941974,-0.3618662838351866,1.6152797806949517,0.47950818049091176
ENSG00000151461,ENSGALG00010005814,UPF2,0,0.3488376791533696,-0.7508283208882919,-0.46460378417887305,
ENSG00000168447,ENSGALG00010017490,SCNN1B,0,-1.4936592456691642,-1.741564994837539,0.8576534611666902,-0.1535551524943947
ENSG00000241935,ENSGALG00010020633,HOGA1,0,-1.4763274711514924,-2.7484772093686693,0.5371437922494572,-0.6214894507650787
ENSG00000079689,ENSGALG00010007953,SCGN,0,0.3295010433324741,-1.1951364050373243,-0.2757016202867519,
ENSG00000107651,ENSGALG00010002396,SEC23IP,0,-0.0964844024016393,-0.988321204565829,0.09762453942696196,-2.326626388611014
ENSG00000112232,ENSGALG00010002330,KHDRBS2,0,-0.1822690195346421,-0.2609407685987771,0.6985072532491051,-0.3588097163030928
ENSG00000237441,ENSGALG00010002536,RGL2,0,-2.474775959035721,-3.0612044119567834,0.8084321155978585,-0.21265856688173904
ENSG00000129197,ENSGALG00010029252,RPAIN,0,-1.6798661590229091,-2.598216744791615,0.646545813543219,-0.4361112193316612
ENSG00000113924,ENSGALG00010024948,HGD,0,-0.1027513952716798,-1.1031189881729877,0.09314624838600516,-2.373584457721388
ENSG00000181852,ENSGALG00010024896,RNF41,0,-1.197008172772156,-2.308707244104523,0.5184755130079036,-0.6568624790277591
ENSG00000089847,ENSGALG00010027220,ANKRD24,0,-3.056837541708143,-3.152029506622261,0.9697997862284842,-0.030665634739364615
ENSG00000187535,ENSGALG00010017406,IFT140,0,-2.0095145537158903,-0.8564421351597216,2.3463518096772846,0.8528617004874509
ENSG00000146535,ENSGALG00010020116,GNA12,0,-1.6741858271737584,-1.0625601274690175,1.575615142986414,0.4546457630016697
ENSG00000164638,ENSGALG00010021172,SLC29A4,0,-2.312225964577255,-1.9156881407585933,1.2069949776176183,0.18813378106085352
ENSG00000158006,ENSGALG00010013502,PAFAH2,0,-0.6180686802695554,-1.998357926560088,0.30928827716738405,-1.1734815011817568
ENSG00000154274,ENSGALG00010014455,PGCKA1,0,-1.3071070251689765,-1.2370258010089252,1.0566530011766064,0.05510636649701669
ENSG00000081800,ENSGALG00010001714,SLC13A1,0,1.216303530120424,0.1845895608614066,6.589232481210831,1.8854368745405132
ENSG00000100726,ENSGALG00010017429,TELO2,0,-2.6619128561496925,-1.8143587650403183,1.4671369893542197,0.38331287541070364
ENSG00000117266,ENSGALG00010026942,CDK18,0,-2.2757717779320945,-2.3553053783499656,0.9662321492792628,-0.0343511534770159
ENSG00000112182,ENSGALG00010003274,BACH2,0,-2.1862415245958378,-1.9552707241738028,1.1181272739198975,0.11165520896901675
ENSG00000108604,ENSGALG00010026277,SMARCD2,0,-1.5942987999966751,-2.161932926601536,0.73744137960045,-0.3045686792148105
ENSG00000139579,ENSGALG00010024898,NABP2,0,-1.877365031387054,-2.368278230305587,0.7927130382585205,-0.2322939913639599
ENSG00000174945,ENSGALG00010020112,AMZ1,0,-3.2351927105112974,-2.613037438631193,1.2380965778301334,0.21357518239104287
ENSG00000163104,ENSGALG00010005512,SMARCAD1,0,1.055599607440346,-0.5841186497571076,-1.8071664170957271,
ENSG00000096070,ENSGALG00010027074,BRPF3,0,-1.9564631342846788,-2.2426827225486696,0.8723762459191196,-0.1365344734536996
ENSG00000162174,ENSGALG00010002463,ASRGL1,0,-0.1632890958219324,0.1309754472745393,-1.2467153135935474,
ENSG00000106105,ENSGALG00010026268,GARS1,0,0.2677985429457745,-0.5320444488934543,-0.5033386655997291,
ENSG00000109944,ENSGALG00010025647,JHY,0,-1.3315592155698504,-1.6330627869212335,0.8153753953821952,-0.20410666395758412
ENSG00000167703,ENSGALG00010029341,SLC43A2,0,-1.4556227906130363,-1.0183576310388156,1.4293827102058156,0.3572426798902445
ENSG00000053900,ENSGALG00010010933,ANAPC4,0,0.9060542493634324,-0.9921818855827228,-0.9131937022124664,
ENSG00000069122,ENSGALG00010008316,ADGRF5,0,-0.0822977224193337,-0.9727169095825255,0.08460603656479515,-2.4697496607217526
ENSG00000115241,ENSGALG00010008988,PPM1G,0,-1.168729312716014,-1.5712613577237144,0.7438159838724423,-0.2959616082458027
ENSG00000204842,ENSGALG00010025805,ATXN2,0,-1.32100863292815,-1.0795165202178332,1.2237039528228681,0.2018822862264372
ENSG00000108823,ENSGALG00010025247,SGCA,0,-2.4633010248241742,-1.6794830817642192,1.4667018986797953,0.3830162737947195
ENSG00000186522,ENSGALG00010013383,SEPTIN10,0,0.3107860358189533,-0.8262002881827206,-0.3761630687669532,
ENSG00000171208,ENSGALG00010024340,NETO2,0,0.2081142385774761,-0.3203233850300468,-0.6497004224588682,
ENSG00000158769,ENSGALG00010028480,F11R,0,-0.5783358023418597,-2.702260081484265,0.2140192967747939,-1.5416890961806906
ENSG00000133195,ENSGALG00010029466,SLC39A11,0,-0.6570918082733179,-1.635360386931208,0.40180244888184313,-0.9117947318417697
ENSG00000075399,ENSGALG00010008062,VPS9D1,0,-3.022275524579824,-3.0845513001797102,0.9798104263669539,-0.020396168512629806
ENSG00000121486,ENSGALG00010021201,TRMT1L,0,0.4574473842300275,-0.2954641223977006,-1.5482332694671275,
ENSG00000073670,ENSGALG00010021782,ADAM11,0,-2.540051086723216,-2.3475705902602715,1.0819913561967074,0.07880319166475254
ENSG00000248098,ENSGALG00010008284,BCKDHA,0,-1.892480248844107,-2.24327461431346,0.8436239757579963,-0.17004841001561846
ENSG00000079819,ENSGALG00010005193,EPB41L2,0,-0.9265235190615364,-1.203823389685296,0.7696507037496162,-0.26181849855030553
ENSG00000156374,ENSGALG00010021108,PCGF6,0,-0.6949389942702382,-1.5764865381221256,0.44081505135973664,-0.8191298761734369
ENSG00000173846,ENSGALG00010025734,PLK3,0,-2.0628969438581617,-2.120059567621801,0.9730372558221266,-0.027332907886688223
ENSG00000103064,ENSGALG00010022992,SLC7A6,0,-0.3413658071639212,0.6548910696498437,-0.5212558591560001,
ENSG00000156931,ENSGALG00010024502,VPS8,0,0.5924075765583368,-1.3054095426760433,-0.45380974873519175,
ENSG00000120594,ENSGALG00010005966,PLXDC2,0,0.0051252488201605,-0.9178470840840394,-0.005583989870464332,
ENSG00000168404,ENSGALG00010023272,MLKL,0,-0.6309262833260245,-2.345284504398658,0.2690190815411527,-1.312972966798851
ENSG00000160049,ENSGALG00010016751,DFFA,0,-1.8267486789420868,-2.467305865856261,0.7403819300320622,-0.3005891042639485
ENSG00000107960,ENSGALG00010021231,STN1,0,-0.7915374729194582,-0.9243171599844604,0.8563483479336957,-0.15507803710081391
ENSG00000272636,ENSGALG00010029778,DOC2B,0,-2.2156019803686355,-1.883624163272053,1.1762441911553643,0.1623264734613596
ENSG00000124422,ENSGALG00010021655,USP22,0,-1.894337828443179,-1.058911135044193,1.7889488227585026,0.5816281974983455
ENSG00000159166,ENSGALG00010026638,LAD1,0,-3.2478544136856105,-2.9619840468333782,1.0965131352269952,0.09213526803524122
ENSG00000148842,ENSGALG00010021065,CNNM2,0,-1.444388579399579,-1.684650698004828,0.8573816406630781,-0.15387213785008577
ENSG00000006282,ENSGALG00010029636,SPATA20,0,-1.997318577906821,-2.314241948083291,0.8630552132032032,-0.14727661172598913
ENSG00000155229,ENSGALG00010020673,MMS19,0,-1.2150380944035284,-2.670082178562256,0.45505644139304474,-0.787333820706701
ENSG00000013441,ENSGALG00010024803,CLK1,0,0.0670373928303078,-1.5266106911829644,-0.04391256606382128,
ENSG00000173120,ENSGALG00010023166,KDM2A,0,-1.1019783466309503,-1.9872581784705523,0.5545219833887224,-0.5896488275515648
ENSG00000158715,ENSGALG00010027026,SLC45A3,0,-1.7265692130757824,-1.5190681038909872,1.1365976342030324,0.12803926841033172
ENSG00000172819,ENSGALG00010024607,RARG,0,-2.0309377506980386,-2.4850309614678925,0.8172685902868495,-0.20178748626810442
ENSG00000136193,ENSGALG00010001380,SCRN1,0,-0.812615635066523,-0.7352891598440637,1.1051647153874242,0.09999438755985335
ENSG00000198860,ENSGALG00010011607,TSEN15,0,-0.0530299003604159,-1.3965656599053982,0.037971648510968035,-3.270915489537397
ENSG00000188396,ENSGALG00010025817,DYNLT4,0,-3.000637173520909,-2.85275788442898,1.0518373079955676,0.05053845216161641
ENSG00000114982,ENSGALG00010020582,KANSL3,0,-2.01703639483709,-2.168014013637089,0.9303613270715364,-0.07218224455780246
ENSG00000074201,ENSGALG00010002065,CLNS1A,0,-0.2664726603763068,-1.3740979309774632,0.1939255233335165,-1.640281093970109
ENSG00000121481,ENSGALG00010011752,RNF2,0,-0.3447655507663416,-1.622553083738131,0.21248337217544272,-1.5488915422653977
ENSG00000163902,ENSGALG00010027286,RPN1,0,-0.6132701216653675,-1.309906335449255,0.4681786056520109,-0.7589054198604189
ENSG00000111783,ENSGALG00010010996,RFX4,0,-1.2528285836057425,-1.140651929823338,1.098344333489865,0.09380389455323222
ENSG00000164124,ENSGALG00010008273,TMEM144,0,1.2193341936979645,0.7291919224922353,1.6721718330758777,0.5141232803603304
ENSG00000168389,ENSGALG00010015097,MFSD2A,0,-0.6547890837687103,-1.849656699494487,0.35400573736070307,-1.038442158746074
ENSG00000144021,ENSGALG00010020113,CIAO1,0,-1.372106839079576,-3.01389357889354,0.45526054691795176,-0.7868853933326145
ENSG00000073792,ENSGALG00010024655,IGF2BP2,0,-1.3141153738160725,-1.7828809735383442,0.7370740914958841,-0.3050668606437094
ENSG00000144320,ENSGALG00010022433,LNPK,0,0.0015923152094696,-0.5011440274659438,-0.003177360443705595,
ENSG00000143409,ENSGALG00010028585,MINDY1,0,-1.922728663181129,-2.5519917563909864,0.7534227563102484,-0.28312877936186537
ENSG00000085871,ENSGALG00010010107,MGST2,0,0.7819899472483307,-0.1596864350852082,-4.897034283663877,
ENSG00000243943,ENSGALG00010008839,ZNF512,0,-1.02902912895558,-1.0731334744352523,0.9589013421626021,-0.041967085133625924
ENSG00000163697,ENSGALG00010015636,APBB2,0,-1.1472703722247566,-1.438517138832783,0.7975368115222145,-0.22622728673987028
ENSG00000143367,ENSGALG00010027994,TUFT1,0,-2.4012889823510424,-2.797703720258818,0.8583071055604475,-0.15279331164787832
ENSG00000138031,ENSGALG00010010724,ADCY3,0,-1.4232650118830763,-1.9744369092016951,0.7208460322282626,-0.3273297120353255
ENSG00000107968,ENSGALG00010004987,MAP3K8,0,-0.2314830574916424,-0.6235505301048045,0.37123383962601303,-0.9909231194395703
ENSG00000214102,ENSGALG00010013595,WEE2,0,-0.7317385156822596,-1.3189371557338303,0.5547940722582304,-0.589158275064599
ENSG00000119912,ENSGALG00010021405,IDE,0,0.5917057348257995,-0.1802266430861616,-3.2831202129361117,
ENSG00000156928,ENSGALG00010001460,MALSU1,0,-0.2563905178423926,-1.000143123451292,0.25635382759783487,-1.361196649723522
ENSG00000110660,ENSGALG00010004967,SLC35F2,0,0.3231842375007581,-0.3739331333613007,-0.8642835006238718,
ENSG00000196511,ENSGALG00010008248,TPK1,0,0.5163731081662419,-0.8118697346669353,-0.6360295083275654,
ENSG00000157353,ENSGALG00010023213,FCSK,0,-2.3544457317056318,-2.4196125652980878,0.9730672445138225,-0.02730208868690414
ENSG00000110786,ENSGALG00010024540,PTPN5,0,-2.535574576894792,-0.8946019527548162,2.834304764355592,1.0417966740736413
ENSG00000128626,ENSGALG00010009168,MRPS12,0,-2.2919946513859597,-2.0122225988476115,1.1390363336037335,0.13018258352056108
ENSG00000105486,ENSGALG00010004489,LIG1,0,-2.5043302861934453,-2.398652438908451,1.044057173757564,0.043114252096544056
ENSG00000145375,ENSGALG00010006022,AFG2A,0,0.5042501725741886,-0.9125727302491842,-0.5525588874834115,
ENSG00000169313,ENSGALG00010001118,P2RY12,0,1.3831067803652175,-0.207126804006081,-6.677584714359862,
ENSG00000163617,ENSGALG00010006576,CCDC191,0,-0.6767579832891659,-1.6970095231330111,0.3987944522784636,-0.919309152028165
ENSG00000061918,ENSGALG00010008078,GUCY1B1,0,0.2659559941482765,-0.575834716201832,-0.46186168819848994,
ENSG00000176142,ENSGALG00010025481,TMEM39A,0,0.1016128638375448,-1.3698417115405783,-0.07417854412044947,
ENSG00000150773,ENSGALG00010025144,PIH1D2,0,0.3262659959898624,-1.3118984381764072,-0.24869760226514603,
ENSG00000197769,ENSGALG00010008400,MAP1LC3C,0,-1.6368478723273867,-1.5784436025075672,1.0370011761757192,0.03633306345669806
ENSG00000103168,ENSGALG00010009574,TAF1C,0,-2.694394607383765,-2.927155315857998,0.9204822828453136,-0.08285752581057147
ENSG00000121210,ENSGALG00010014284,TMEM131L,0,-0.2863064697659219,-1.1203131665618582,0.2555593188684652,-1.3643007285025042
ENSG00000143850,ENSGALG00010027365,PLEKHA6,0,-3.104943922413481,-2.7864807304178085,1.1142886755035704,0.10821624213990576
ENSG00000135127,ENSGALG00010020865,BICDL1,0,-3.0029819671781386,-3.066769809652913,0.9792003161521947,-0.021019044356281626
ENSG00000166321,ENSGALG00010021269,NUDT13,0,-0.5742905000662653,-1.5211510703463,0.3775367951688876,-0.9740872443969525
ENSG00000151491,ENSGALG00010012768,EPS8,0,-0.3174105975547387,-0.9885161720837126,0.3210980320996294,-1.1360088065269704
ENSG00000159714,ENSGALG00010024378,ZDHHC1,0,-2.4784456005309785,-1.4104005942102265,1.7572635822085843,0.5637578162849145
ENSG00000187091,ENSGALG00010026436,PLCD1,0,-2.092387229707116,-1.0111326987734657,2.069349781927975,0.7272344429221842
ENSG00000118162,ENSGALG00010010774,KPTN,0,-2.3896875104021653,-2.4861087523576875,0.9612159999581348,-0.03955612944257593
ENSG00000015171,ENSGALG00010025491,ZMYND11,0,-0.3523955949071133,-1.085168372016641,0.3247381733511391,-1.124736041796989
ENSG00000077009,ENSGALG00010027821,NMRK2,0,-2.0002208894733258,-1.8894709159387912,1.0586142779972392,0.05696076797335028
ENSG00000114166,ENSGALG00010001778,KAT2B,0,-0.237138459927511,-0.4780042094065882,0.4961011958909385,-0.7009753490936037
ENSG00000138061,ENSGALG00010007388,CYP1B1,0,-1.4908506740161798,-2.165699015929932,0.6883923680299692,-0.3733963012402454
ENSG00000143390,ENSGALG00010027397,RFX5,0,-1.8723538425516344,-2.7575045615675906,0.6790029901119132,-0.3871297477337068
ENSG00000162267,ENSGALG00010028079,ITIH3,0,-1.2448665170231958,0.2241247920749655,-5.554345440761464,
ENSG00000115289,ENSGALG00010005338,PCGF1,0,-1.1678902442994783,-2.657693905701381,0.4394374543261276,-0.822259882959892
ENSG00000006611,ENSGALG00010025330,USH1C,0,-1.6238376660047358,-0.2233283307883004,7.271077790591737,1.983904532358005
ENSG00000185163,ENSGALG00010026104,DDX51,0,-2.79665567847268,-1.2245662143205744,2.2837929429764214,0.8258376322449159
ENSG00000135297,ENSGALG00010001542,MTO1,0,-0.1651398783087145,-1.7881727713300402,0.09235118717632844,-2.3821567172345834
ENSG00000171103,ENSGALG00010017684,TRMT61B,0,-0.3168105557841283,-1.3009104357518892,0.243529874984069,-1.4125156541123063
ENSG00000114268,ENSGALG00010028114,PFKFB4,0,-1.32535195518755,-0.5210959994381742,2.543393072709239,0.9334990449667825
ENSG00000184574,ENSGALG00010021601,LPAR5,0,-2.3550661919252374,-0.9152259604943048,2.5732073756444676,0.9451531268821981
ENSG00000167770,ENSGALG00010000555,OTUB1,0,-1.4496727634118916,-2.254979440654997,0.6428762663090221,-0.44180300512967796
ENSG00000143393,ENSGALG00010028604,PI4KB,0,-1.6598751450104317,-2.6521275081625952,0.6258655135930474,-0.4686197654781775
ENSG00000120457,ENSGALG00010023437,KCNJ5,0,-1.227602867640881,-1.215808359842478,1.009700959614993,0.009654207423837085
ENSG00000166025,ENSGALG00010008453,AMOTL1,0,-2.346922965750659,-2.473156316125701,0.9489586042127771,-0.052390101752715135
ENSG00000076706,ENSGALG00010024116,MCAM,0,-2.312408361836935,-2.40156656266433,0.9628749824329326,-0.03783169655339777
ENSG00000110274,ENSGALG00010023223,CEP164,0,-2.8196418995367427,-1.977444847970398,1.4259016641757445,0.35480436041076374
ENSG00000066405,ENSGALG00010024572,CLDN18,0,-0.1268137064128627,-0.5379678186519009,0.23572730935959416,-1.4450796108405688
ENSG00000053328,ENSGALG00010013944,METTL24,0,-1.8520387711125248,-2.1500370296963536,0.8613985459469438,-0.14919799437499365
ENSG00000143952,ENSGALG00010018923,VPS54,0,0.7415901507377356,-0.7694345640040889,-0.9638118501962626,
ENSG00000152952,ENSGALG00010016915,PLOD2,0,1.6454283064546011,0.1191154275682931,13.8137295902432,2.625662995424022
ENSG00000151503,ENSGALG00010025272,NCAPD3,0,-0.9156843121077732,-1.3580703707700257,0.6742539501753362,-0.3941484583582711
ENSG00000144357,ENSGALG00010023312,UBR3,0,0.2905039755410463,-0.7918915276088453,-0.3668481924768624,
ENSG00000085377,ENSGALG00010013317,PREP,0,0.3073986101785699,-0.1890395031815419,-1.626107797603357,
ENSG00000103227,ENSGALG00010018472,LMF1,0,-2.0313885848055198,-1.6555580572015556,1.2270113850548032,0.2045814444589976
ENSG00000143164,ENSGALG00010007889,DCAF6,0,-0.2923526609363929,-1.2455878827008595,0.2347105852559135,-1.4494020759239803
ENSG00000115295,ENSGALG00010017660,CLIP4,0,0.5129889006067376,-0.628402957373534,-0.8163375022148532,
ENSG00000124780,ENSGALG00010020136,KCNK17,0,-1.8957401587175688,-1.060892185255759,1.7869300811755395,0.5804991090411237
ENSG00000118407,ENSGALG00010004055,FILIP1,0,-0.6030492637127445,-1.091186137115869,0.5526548067286423,-0.5930216916629923
ENSG00000124587,ENSGALG00010019042,PEX6,0,-2.236100459111796,-1.715486493641817,1.3034789066539163,0.2650367721768028
ENSG00000146755,ENSGALG00010029540,TRIM50,0,-3.1476706825135192,-2.71426503931256,1.159676979559346,0.14814150044233063
ENSG00000111731,ENSGALG00010014626,C2CD5,0,0.5172395582169802,-0.541245429075842,-0.9556469771950757,
ENSG00000130810,ENSGALG00010002762,PPAN,0,-2.555934778582275,-2.795696405456316,0.9142390331059902,-0.08966321753349094
ENSG00000151502,ENSGALG00010025341,VPS26B,0,-1.6176009898590171,-1.0262860676922074,1.5761696867779662,0.4549976549151262
ENSG00000182272,ENSGALG00010020770,B4GALNT4,0,-2.728188920746538,-2.136167411019921,1.2771419068901317,0.24462469608407453
ENSG00000112079,ENSGALG00010024737,STK38,0,0.4192298546255557,-0.3069815101063816,-1.3656518090626222,
ENSG00000090520,ENSGALG00010024597,DNAJB11,0,0.0609931280717468,-1.2084959725530235,-0.05047027831039849,
ENSG00000103415,ENSGALG00010016792,HMOX2,0,-1.051135236294897,-0.5858168547614293,1.7943069199041157,0.5846188303328013
ENSG00000144959,ENSGALG00010018534,NCEH1,0,0.2228992300498919,-0.3801349788809558,-0.5863686385979641,
ENSG00000087111,ENSGALG00010029201,PIGS,0,-1.193547126022196,-2.1148394581633374,0.5643677213488105,-0.5720492517289393
ENSG00000114770,ENSGALG00010017985,ABCC5,0,-0.8372887830440536,-0.5497193006522775,1.5231205854525325,0.42076124704436524
ENSG00000185615,ENSGALG00010016914,PDIA2,0,-1.9538690959849028,-2.2200769487329195,0.8800907090630569,-0.12773029834136002
ENSG00000184009,ENSGALG00010029521,ACTG1,0,-1.6386912617625595,-1.793482194156306,0.9136925178860984,-0.09026117781912565
ENSG00000105643,ENSGALG00010027232,ARRDC2,0,-2.6547475688330024,-2.32835999304625,1.1401791719328298,0.13118541841888243
ENSG00000115841,ENSGALG00010007318,RMDN2,0,0.8878167523332081,-0.3862342291591961,-2.29864855392522,
ENSG00000272886,ENSGALG00010027787,DCP1A,0,-1.5658615763074568,-1.5436025635519184,1.0144201708918643,0.01431718905741194
ENSG00000162889,ENSGALG00010027136,MAPKAPK2,0,-1.3652768770388573,-1.5005895530169695,0.9098269905277809,-0.09450081784553824
ENSG00000130762,ENSGALG00010021459,ARHGEF16,0,-3.094671832003586,-2.654657799442401,1.1657516960014989,0.15336611156390859
ENSG00000170581,ENSGALG00010024965,STAT2,0,-1.3625840222218564,-3.3500768565371666,0.4067321678196667,-0.8996003744840515
ENSG00000006607,ENSGALG00010023388,FARP2,0,-1.471602647081612,-1.1034832344890315,1.3335976488696164,0.28788028945770444
ENSG00000110429,ENSGALG00010024818,FBXO3,0,0.6122210111509521,-0.4802480776150103,-1.2748015862787847,
ENSG00000162032,ENSGALG00010018452,SPSB3,0,-2.7778568281583755,-1.6562257522236918,1.6772211302890034,0.517138334785672
ENSG00000197580,ENSGALG00010025042,BCO2,0,0.4524304207871559,-1.159186386238669,-0.39029997777596687,
ENSG00000175048,ENSGALG00010006081,ZDHHC14,0,-1.7146439185331008,-0.733892724450296,2.336368601851738,0.8485978444067365
ENSG00000117143,ENSGALG00010013004,UAP1,0,0.8170708365397132,-2.3085967208691307,-0.3539253214533311,
ENSG00000135521,ENSGALG00010006833,LTV1,0,0.188190350642424,-1.1409135471922986,-0.16494707342685705,
ENSG00000137409,ENSGALG00010025696,MTCH1,0,-0.9529991653336918,-1.430355674660697,0.666267266398449,-0.4060643880428457
ENSG00000174233,ENSGALG00010022807,ADCY6,0,-1.3463670513787047,-1.8774787059247413,0.7171144189971302,-0.33251987092282537
ENSG00000073921,ENSGALG00010008170,PICALM,0,0.712843270011966,-0.2025446386742424,-3.51943786158887,
ENSG00000198520,ENSGALG00010025624,ARMH1,0,-1.1028036138805906,-1.5491936289547883,0.7118565383105993,-0.33987887900902636
ENSG00000135476,ENSGALG00010024563,ESPL1,0,-1.8480830410865727,-2.851950687531964,0.6480066605520015,-0.43385430405305514
ENSG00000058668,ENSGALG00010027490,ATP2B4,0,-0.4069502390412278,-1.6764676116418338,0.2427426788416656,-1.4157533315171371
ENSG00000139163,ENSGALG00010014515,ETNK1,0,0.8526768133328702,-0.7286104186829239,-1.170278095767853,
ENSG00000058600,ENSGALG00010018948,POLR3E,0,-1.9187730273400767,-0.8622204362882161,2.2253856978851343,0.7999302479593906
ENSG00000087903,ENSGALG00010027873,RFX2,0,-2.5999571030206727,-1.7377851140038296,1.4961326818080587,0.4028835666676346
ENSG00000143457,ENSGALG00010028452,GOLPH3L,0,0.1129570794218519,-2.457620087742975,-0.04596197759987763,
ENSG00000167281,ENSGALG00010029239,RBFOX3,0,-1.8768758990480008,-1.364519442284584,1.375484907643082,0.3188063290526359
ENSG00000163913,ENSGALG00010019144,IFT122,0,-0.7908227648500219,-0.6539553959721602,1.2092915965230269,0.190034730742549
ENSG00000120262,ENSGALG00010005141,CCDC170,0,-0.8071949038826904,-0.8906311982586725,0.9063177951332566,-0.0983652671883592
ENSG00000180917,ENSGALG00010022827,CMTR2,0,0.9167808840934216,-0.7764922911226922,-1.180669653227198,
ENSG00000130348,ENSGALG00010013016,QRSL1,0,0.822446965434926,-0.2208305029169223,-3.724335880104096,
ENSG00000154174,ENSGALG00010005649,TOMM70,0,0.47097627030195,-0.3112379945932156,-1.5132351399369168,
ENSG00000196510,ENSGALG00010025116,ANAPC7,0,0.0196599439914706,-0.4944394305603989,-0.03976208768218176,
ENSG00000109111,ENSGALG00010029212,SUPT6H,0,-1.1020954491506243,-1.313552571940551,0.8390189115327644,-0.17552203220547996
ENSG00000071282,ENSGALG00010019441,LMCD1,0,-1.3782922261865664,-2.0904204053245063,0.6593373384013668,-0.4165199810653609
ENSG00000187231,ENSGALG00010026183,SESTD1,0,0.3328414614639658,-1.1822180360577526,-0.28153982709810915,
ENSG00000077097,ENSGALG00010002453,TOP2B,0,1.41623141326839,0.0984453518563641,14.385965274772252,2.6662530976213317
ENSG00000186283,ENSGALG00010011055,TOR3A,0,-1.885891279896912,-1.86613795111109,1.0105851385606626,0.010529508207146116
ENSG00000011523,ENSGALG00010017594,CEP68,0,-2.367742319936127,-2.405124631838116,0.9844572246248132,-0.01566483067896875
ENSG00000059588,ENSGALG00010007988,TARBP1,0,-0.0278359397645342,-0.9518933856406856,0.02924270741286727,-3.5321250556076875
ENSG00000110057,ENSGALG00010021493,UNC93B1,0,-1.7543157060031105,-1.4666270994657151,1.1961566144810762,0.17911359551819814
ENSG00000163328,ENSGALG00010022552,GPR155,0,0.8360966466848918,0.003362793105734,248.63160485824662,5.515972302364754
ENSG00000178078,ENSGALG00010027189,STAP2,0,-1.7673989789009994,-2.696841038889449,0.6553589749690285,-0.4225721400854643
ENSG00000172830,ENSGALG00010023218,SSH3,0,-3.2116978100913744,-2.972720102577893,1.080390248414657,0.07732231699282877
ENSG00000130340,ENSGALG00010006157,SNX9,0,-0.1438808299836296,-0.0477780095092211,3.011444626127859,1.1024199058605164
ENSG00000130023,ENSGALG00010004542,ERMARD,0,0.0018396600730419,-0.334020428438015,-0.005507627427593969,
ENSG00000198797,ENSGALG00010010418,BRINP2,0,-1.6999404360856687,-2.7847916930572585,0.6104371972682109,-0.49357986170050117
ENSG00000143643,ENSGALG00010007801,TTC13,0,-0.0293430440230899,-0.1444468894395284,0.20314071238878523,-1.5938563755911124
ENSG00000019485,ENSGALG00010021738,PRDM11,0,-1.8137692974550284,-1.529319329591916,1.1859977588454433,0.17058441089874266
ENSG00000124839,ENSGALG00010012215,RAB17,0,-1.8907215217559743,-0.9671584360157296,1.9549242930092419,0.6703514678840476
ENSG00000171148,ENSGALG00010021568,TADA3,0,-1.9829761969151605,-2.8485986945026625,0.6961233959497298,-0.3622283413310485
ENSG00000250067,ENSGALG00010028511,YJEFN3,0,-2.422765040034623,-2.352466950597944,1.0298827107512862,0.02944492270051195
ENSG00000146457,ENSGALG00010004494,WTAP,0,-0.9226481912485802,-1.885272425821391,0.48939780724082527,-0.71457960848866
ENSG00000110675,ENSGALG00010004669,ELMOD1,0,0.9077996070805608,-0.4475276856183032,-2.028476977522289,
ENSG00000138035,ENSGALG00010019166,PNPT1,0,1.034065156264342,0.1960951914882632,5.273281554821977,1.6626528546893065
ENSG00000256269,ENSGALG00010024403,HMBS,0,-1.2996414494387185,-0.7991218403605317,1.62633704123563,0.48633027207832036
ENSG00000063046,ENSGALG00010024004,EIF4B,0,-0.7649082581695552,-2.747373270901315,0.27841439176505356,-1.278644657299608
ENSG00000078401,ENSGALG00010009717,EDN1,0,-0.6357756439691915,-1.301478856322545,0.48850247614904585,-0.7164107386297598
ENSG00000166501,ENSGALG00010018355,PRKCB,0,-0.5844852828804274,-1.3805260277692892,0.4233786767677701,-0.8594882834584797
ENSG00000118503,ENSGALG00010006025,TNFAIP3,0,-1.4895723002441308,-1.5904815211753065,0.9365542952950453,-0.06554778195525837
ENSG00000183696,ENSGALG00010000621,UPP1,0,-0.6480615622495023,-0.2619314922446983,2.4741643576179015,0.9059027057240066
ENSG00000163636,ENSGALG00010020179,PSMD6,0,0.9498566418712766,-0.3060206864155409,-3.103896841083091,
ENSG00000118495,ENSGALG00010005588,PLAGL1,0,-2.117773089715813,-1.2503515758106258,1.693742088774369,0.5269403348006447
ENSG00000131148,ENSGALG00010006819,EMC8,0,-1.7355878685561414,-1.036383858865927,1.6746573711166488,0.5156085897956683
ENSG00000135763,ENSGALG00010009596,URB2,0,-0.843230694706941,-1.3326953747511707,0.6327257606520783,-0.45771818822891197
ENSG00000167191,ENSGALG00010017641,GPRC5B,0,-1.6364531283270676,-0.1124085533728878,14.558083697586035,2.678146419929851
ENSG00000152904,ENSGALG00010009465,GGPS1,0,0.9735746485989284,-0.0662283785938819,-14.700263984552175,
ENSG00000130005,ENSGALG00010028044,GAMT,0,-1.9886992365867735,-2.076343834086378,0.95778897692146,-0.0431277998875468
ENSG00000159164,ENSGALG00010028753,SV2A,0,-0.6905408705218612,-2.1187353707625247,0.3259212453102806,-1.121099505603109
ENSG00000039523,ENSGALG00010022571,RIPOR1,0,-2.795147903864928,-2.821906474271056,0.9905175558970145,-0.009527688722952376
ENSG00000105655,ENSGALG00010027156,ISYNA1,0,-2.0161812997820707,-2.56511361619854,0.7860007786984583,-0.24079749584291452
ENSG00000175224,ENSGALG00010023064,ATG13,0,-0.6610233351880819,-1.092379899167165,0.6051222067451524,-0.5023248467293755
ENSG00000157837,ENSGALG00010022806,SPPL3,0,0.1222956089405542,-0.6683557262239277,-0.18297981769603325,
ENSG00000006451,ENSGALG00010017866,RALA,0,0.7832129045773364,0.1509988483400236,5.186879987413379,1.6461323579150469
ENSG00000102189,ENSGALG00010013440,EEA1,0,-0.0588430089827642,-1.877620887821061,0.03133913207103818,-3.4628877364058974
ENSG00000135093,ENSGALG00010021458,USP30,0,-1.3492948879794593,-1.7922612716518591,0.7528449726171148,-0.28389595203691576
ENSG00000141294,ENSGALG00010023784,LRRC46,0,-2.6139619531844147,-3.363054721881774,0.7772582278178901,-0.2519826442930759
ENSG00000263528,ENSGALG00010027110,IKBKE,0,-2.4061605169427622,-2.309576724952869,1.041818828076328,0.040968058805622966
ENSG00000242173,ENSGALG00010016919,ARHGDIG,0,-2.151750229920076,-2.713656420482461,0.7929339225403916,-0.2320153867454531
ENSG00000176715,ENSGALG00010007944,ACSF3,0,-2.023681538359144,-1.6444319989358909,1.2306264653501422,0.20752336114707398
ENSG00000119227,ENSGALG00010017154,PIGZ,0,-1.841726593189012,-0.9778274119145088,1.8834884057740382,0.6331255924495885
ENSG00000144655,ENSGALG00010026696,CSRNP1,0,-2.4815757650956947,-2.675641788708753,0.9274693554152055,-0.07529552502998509
ENSG00000134202,ENSGALG00010027915,GSTM3,0,0.0735580644994637,-1.7540632496375128,-0.04193581076090893,
ENSG00000153558,ENSGALG00010018157,FBXL2,0,-1.1710175116226331,-1.1289103613607558,1.0372989315211196,0.03662015339738764
ENSG00000103326,ENSGALG00010018046,CAPN15,0,-3.4422972146134203,-2.6011683198291045,1.3233658077304193,0.28017834557655674
ENSG00000163512,ENSGALG00010002622,AZI2,0,0.1549874140881364,-1.4702526803632776,-0.10541549500854595,
ENSG00000171551,ENSGALG00010017702,ECEL1,0,-2.074959558581373,-1.98758108507606,1.0439622182769812,0.04302329941573047
ENSG00000166006,ENSGALG00010012870,KCNC2,0,-0.8775626343372736,-1.2788755582975768,0.6861986130264887,-0.3765881697978242
ENSG00000162458,ENSGALG00010016550,FBLIM1,0,-2.5416378855193558,-2.297438539216943,1.1062920039574358,0.10101388629821019
ENSG00000163935,ENSGALG00010028093,SFMBT1,0,-0.3826542787382632,-1.0628100398793656,0.36004014299836345,-1.0215397454197856
ENSG00000115808,ENSGALG00010007441,STRN,0,-0.0055595857395598,-0.7099309406563057,0.007831164161432607,-4.8496441004101225
ENSG00000136630,ENSGALG00010017633,HLX,0,-2.975882026681143,-2.1526923129792626,1.3824000804660328,0.3238211772751414
ENSG00000011638,ENSGALG00010017033,LDAF1,0,-0.3490496311170066,-1.0551392211790596,0.3308090762913381,-1.1062138788107585
ENSG00000074660,ENSGALG00010029343,SCARF1,0,-3.180262314066292,-2.528023823650139,1.2580033005679532,0.22952578193772682
ENSG00000087263,ENSGALG00010024393,OGFOD1,0,-0.5872098760115172,-2.420327227099714,0.242615903104628,-1.4162757318398527
ENSG00000156171,ENSGALG00010024692,DRAM2,0,1.2388064609903695,-1.0627883082032965,-1.1656192032114483,
ENSG00000157445,ENSGALG00010027868,CACNA2D3,0,-0.0590534898638495,0.0971457051020108,-0.6078857506035762,
ENSG00000188037,ENSGALG00010024025,CLCN1,0,-1.1757090405962387,-0.84456585654083,1.392086871012882,0.33080396730181155
ENSG00000005187,ENSGALG00010017967,ACSM3,0,0.6424291077709388,-0.8879158781591817,-0.7235247432479937,
ENSG00000105866,ENSGALG00010003824,SP4,0,-0.5285001092327253,-1.0449076326592577,0.5057864376851271,-0.6816407586978408
ENSG00000129657,ENSGALG00010029734,SEC14L1,0,-0.9466397389859472,-0.8908932016899517,1.0625737598965272,0.06069404048598771
ENSG00000089163,ENSGALG00010021415,SIRT4,0,-1.200116985942623,-1.6524574851784566,0.7262619442296979,-0.3198445245076113
ENSG00000105793,ENSGALG00010004650,GTPBP10,0,1.362305632670321,-0.2054431413559775,-6.631059200510437,
ENSG00000169991,ENSGALG00010020489,IFFO2,0,-2.5393982830892696,-1.59614604935188,1.5909560933477236,0.46433515208466863
ENSG00000196208,ENSGALG00010002758,GREB1,0,-2.018583693962644,-1.0950751038163504,1.8433289981005452,0.6115731750191793
ENSG00000176871,ENSGALG00010000407,WSB2,0,-1.5127776908689707,-2.324135472184385,0.6508991016118163,-0.429400638629335
ENSG00000051825,ENSGALG00010024864,MPHOSPH9,0,-0.0905931035506206,-1.3070039933209845,0.06931356293750207,-2.669114678551777
ENSG00000180423,ENSGALG00010023083,HARBI1,0,-0.392056390671323,-2.181048443641845,0.17975592968337728,-1.7161552944222953
ENSG00000137478,ENSGALG00010002894,FCHSD2,0,-0.328845346072125,-1.885252254715298,0.17443042184388513,-1.7462293455414128
ENSG00000008869,ENSGALG00010007423,HEATR5B,0,0.4807449760941544,-0.6267513101275367,-0.767042634496174,
ENSG00000114450,ENSGALG00010018185,GNB4,0,0.7028646993636389,-1.0820069880912868,-0.6495934934796739,
ENSG00000114767,ENSGALG00010028009,RRP9,0,-2.39081902761545,-2.071079404046386,1.1543830830166968,0.14356607401870725
ENSG00000105700,ENSGALG00010027146,KXD1,0,-2.9995922210059103,-2.3148044506355534,1.2958296413255734,0.2591511396953629
ENSG00000196639,ENSGALG00010027243,HRH1,0,-0.6217641506977962,-0.646975025975262,0.9610326917341787,-0.039746852136579004
ENSG00000087095,ENSGALG00010029564,NLK,0,-0.3584106378958314,-0.7284656907322392,0.4920075749011105,-0.7092611664678797
ENSG00000175264,ENSGALG00010022135,CHST1,0,-2.78802951679778,-2.631208110508966,1.0596005331780767,0.05789198160371882
ENSG00000164896,ENSGALG00010027160,FASTK,0,-2.9595691992030506,-3.0352226562603373,0.9750748246092436,-0.025241067739930005
ENSG00000177427,ENSGALG00010017729,MIEF2,0,-2.6842656324844736,-2.4209581320328466,1.1087616910708535,0.10324379895661633
ENSG00000108557,ENSGALG00010017528,RAI1,0,-3.2231878161211096,-2.5065267487654577,1.285917981010428,0.25147284540702786
ENSG00000013306,ENSGALG00010024858,SLC25A39,0,-1.13692311571271,-2.281503938456773,0.49832178527017296,-0.6965092554648571
ENSG00000066654,ENSGALG00010017957,THUMPD1,0,-0.1585895652071585,-1.4831329363437002,0.10692875960136257,-2.2355924643803338
ENSG00000116353,ENSGALG00010016312,MECR,0,-1.2056082496339595,-2.1247082365439502,0.5674229660798047,-0.5666502814310911
ENSG00000111641,ENSGALG00010022069,NOP2,0,-1.3820750521056908,-1.5601564268180694,0.8858567181782057,-0.12120005908658434
ENSG00000102996,ENSGALG00010021358,MMP15,0,-2.2937943893970534,-2.0239247629563417,1.1333397522378814,0.12516880667727423
ENSG00000103423,ENSGALG00010016623,DNAJA3,0,-1.509443297081761,-0.4841566818290744,3.1176752355855157,1.1370876072843812
ENSG00000170325,ENSGALG00010023248,PRDM10,0,-1.9453129477351787,-1.8128857848843796,1.0730477142878831,0.07050293077533902
ENSG00000206561,ENSGALG00010002005,COLQ,0,-1.4176356764602254,-0.9867048125282528,1.43673736913048,0.36237482708847624
ENSG00000058804,ENSGALG00010025270,NDC1,0,0.3053266213852286,-0.9017825124805542,-0.33858121793176,
ENSG00000172992,ENSGALG00010026796,DCAKD,0,-1.6791985379747594,-2.190496659373752,0.7665834735647717,-0.26581168436254127
ENSG00000153767,ENSGALG00010024925,GTF2E1,0,-0.1565834933481884,-1.345857175289331,0.11634480702941326,-2.151197022551218
ENSG00000165171,ENSGALG00010029609,METTL27,0,-2.480538739718849,-3.0286502467493364,0.8190244952784569,-0.19964128681142118
ENSG00000177600,ENSGALG00010023115,RPLP2,0,-0.7686096936191245,0.2259153532305401,-3.4022021196354038,
ENSG00000122417,ENSGALG00010023161,ODF2L,0,0.8218096835276718,-0.8381021314062255,-0.9805603073085889,
ENSG00000181722,ENSGALG00010006517,ZBTB20,0,-2.699469106774588,-2.161397329247982,1.248946258166155,0.22230020232832692
ENSG00000153187,ENSGALG00010008192,HNRNPU,0,-0.1438643706617934,-0.775895535856838,0.18541719086309846,-1.68514690704697
ENSG00000214376,ENSGALG00010008739,VSTM5,0,-1.38915998482452,-0.391558073972802,3.5477750994377715,1.2663206744556401
ENSG00000062282,ENSGALG00010003035,DGAT2,0,-1.0573347656208725,-1.0407911822597542,1.0158951993859124,0.015770193625225196
ENSG00000064201,ENSGALG00010024557,TSPAN32,0,-2.1096319382945623,-0.9029382818149464,2.33640768232144,0.8486145712805804
ENSG00000135374,ENSGALG00010024926,ELF5,0,-0.4643650897200082,-1.1291851726970048,0.41123909607393655,-0.8885804913599898
ENSG00000119242,ENSGALG00010024654,CCDC92,0,-3.06236094477723,-2.2590326043197826,1.3556072360006233,0.3042494985947478
ENSG00000115084,ENSGALG00010019398,SLC35F5,0,1.3832214310573343,0.0709038942780898,19.50839858854928,2.9708450696951174
ENSG00000173905,ENSGALG00010001238,GOLIM4,0,-1.4581626017866345,-2.0793155414066598,0.7012704771110332,-0.35486162170021956
ENSG00000158545,ENSGALG00010009569,ZC3H18,0,-3.3179755778309232,-2.4924953716725997,1.331186254361781,0.2860704652816321
ENSG00000079337,ENSGALG00010023317,RAPGEF3,0,-2.556797359691396,-2.854077394138688,0.8958402336748804,-0.10999319253715095
ENSG00000138100,ENSGALG00010009309,TRIM54,0,-2.250546755895876,-2.949549908062329,0.76301362107629,-0.27047939585664504
ENSG00000158467,ENSGALG00010005511,AHCYL2,0,-0.456877635584906,-1.3216708606537475,0.34568185558613085,-1.0622364194426108
ENSG00000188554,ENSGALG00010024738,NBR1,0,-0.9554897213497018,-1.4258350498480516,0.6701264086975043,-0.4002889146952468
ENSG00000144591,ENSGALG00010018209,GMPPA,0,-2.114277796812532,-1.8731013932601568,1.1287577941163156,0.12111773081165499
ENSG00000173898,ENSGALG00010000585,SPTBN2,0,-2.576785277585275,-3.1083971854465977,0.8289755535906703,-0.1875646133158255
ENSG00000129910,ENSGALG00010007957,CDH15,0,-2.811167177342893,-3.009285450442359,0.9341643468650197,-0.06810289599156139
ENSG00000135709,ENSGALG00010008592,KIAA0513,0,-2.099098369627887,-2.289271844164717,0.9169284001716195,-0.0867258902848888
ENSG00000064309,ENSGALG00010023809,CDON,0,-0.2754546838054033,-2.3037792387955816,0.11956644072780659,-2.1238830727613567
ENSG00000135409,ENSGALG00010024335,AMHR2,0,-2.3557509215476653,-2.8749133842359527,0.8194163116235024,-0.19916300727777678
ENSG00000204991,ENSGALG00010008092,SPIRE2,0,-2.9227467401923963,-2.9583834592637444,0.9879539892099664,-0.012119151944208043
ENSG00000108389,ENSGALG00010029602,MTMR4,0,-1.4602265437305704,-2.062080069356756,0.7081328050399481,-0.3451236251388822
ENSG00000115183,ENSGALG00010010917,TANC1,0,-1.594420800649775,-0.9598726947064654,1.6610752753388387,0.5074651488931553
ENSG00000109920,ENSGALG00010021695,FNBP4,0,-0.6041565221061571,-2.2793640426648434,0.26505486214471796,-1.327818447461839
ENSG00000167972,ENSGALG00010018864,ABCA3,0,-1.7763488473692384,-1.9330041375721327,0.9189576022327326,-0.08451529236671237
ENSG00000075651,ENSGALG00010014093,PLD1,0,0.0693641362076515,-1.3711213768210555,-0.050589347799734716,
ENSG00000177106,ENSGALG00010022157,EPS8L2,0,-3.0299738311105155,-1.7735217880308274,1.7084503001650457,0.5355867024018041
ENSG00000196290,ENSGALG00010024811,NIF3L1,0,-0.0905019067387922,-2.020815188187648,0.04478485082050384,-3.1058853480752893
ENSG00000136699,ENSGALG00010026295,SMPD4,0,-2.090935420539953,-0.9412161492478016,2.2215252279840083,0.7981939996129399
ENSG00000144645,ENSGALG00010002334,OSBPL10,0,-1.8093660201147836,-1.2065682120284191,1.4995969577824138,0.4051963771915217
ENSG00000016391,ENSGALG00010027863,CHDH,0,-2.3470319820456997,-0.1124320576852645,20.875113649665998,3.0385577150174763
ENSG00000051523,ENSGALG00010009637,CYBA,0,-1.8490582194552945,-1.7681367003484962,1.0457665513593202,0.04475015847700098
ENSG00000173585,ENSGALG00010017455,CCR9,0,0.4528961419358737,-0.9511292528466992,-0.4761667676400133,
ENSG00000188487,ENSGALG00010022949,INSC,0,-1.9905850280260449,-0.5546209200706235,3.58909113592861,1.2778990049689019
ENSG00000176842,ENSGALG00010025430,IRX5,0,-2.331132318310024,-1.9129319624483576,1.218617475200954,0.19771699912082955
ENSG00000122547,ENSGALG00010018832,EEPD1,0,-2.4835197824374635,-1.8605670786251816,1.3348187286386883,0.2887954988415146
ENSG00000083799,ENSGALG00010022737,CYLD,0,0.1884192938900781,-0.5686826193203275,-0.33132592326326277,
ENSG00000075856,ENSGALG00010022467,SART3,0,-0.8419410409731078,-0.798554991081127,1.0543306977935765,0.05290615593072527
ENSG00000106483,ENSGALG00010016100,SFRP4,0,-1.292006232066516,-2.2654653593399625,0.5703050045501198,-0.5615839655642314
ENSG00000180773,ENSGALG00010009039,SLC36A4,0,1.368039103021669,-0.1583750696006346,-8.637970019343166,
ENSG00000138459,ENSGALG00010005250,SLC35A5,0,0.9696281812825394,-0.4060836462652684,-2.3877548140639564,
ENSG00000007202,ENSGALG00010029926,BLTP2,0,-1.023481101561126,-2.706676725430638,0.378132006657828,-0.9725119203645364
ENSG00000177728,ENSGALG00010029708,TMEM94,0,-2.503828171203063,-1.7401689205047828,1.4388420237253519,0.36383863989497556
ENSG00000136048,ENSGALG00010011431,DRAM1,0,0.7099975561884531,0.2298025010660626,3.0895989072997345,1.1280412790215864
ENSG00000065970,ENSGALG00010021635,FOXJ2,0,-2.3252146526441297,-1.8703458181630093,1.2432003911062166,0.21768901522757403
ENSG00000198270,ENSGALG00010025924,TMEM116,0,0.3070990453223139,-0.8260162832951216,-0.3717832826457643,
ENSG00000085563,ENSGALG00010005222,ABCB1,0,0.7873700400072927,0.1365481326961461,5.766245385130157,1.7520211555652994
ENSG00000125703,ENSGALG00010024179,ATG4C,0,1.4835044072529389,0.0283599422877581,52.30985282693297,3.957184743899934
ENSG00000216490,ENSGALG00010027321,IFI30,0,-1.0030489167024488,-2.494118720512665,0.4021656661541246,-0.9108911703939957
ENSG00000059758,ENSGALG00010011953,CDK17,0,0.0723264679771453,-0.4638275384217021,-0.15593396679993507,
ENSG00000099797,ENSGALG00010003933,TECR,0,-1.2012019134308805,-1.4561198103431288,0.8249334326052621,-0.19245258365408524
ENSG00000144857,ENSGALG00010004395,BOC,0,-2.3066202671613443,-2.1065277611283237,1.09498688302396,0.09074238422316312
ENSG00000149418,ENSGALG00010023375,ST14,0,-2.219335971057875,-1.823356446224026,1.2171706610925581,0.19652903514564588
ENSG00000150556,ENSGALG00010009583,LYPD6B,0,-0.6931079041715975,-0.8380809699176699,0.8270178288855383,-0.18992902568352554
ENSG00000139370,ENSGALG00010020779,SLC15A4,0,-0.328049354039754,-0.4097605230531778,0.8005879912379468,-0.22240883223894992
ENSG00000180370,ENSGALG00010024742,PAK2,0,0.2084127955984787,-0.4720878216751129,-0.4414703917990639,
ENSG00000149781,ENSGALG00010000511,FERMT3,0,-2.540625349615528,-2.7814842976245013,0.9134063247401122,-0.09057445386270901
ENSG00000109065,ENSGALG00010029642,NAT9,0,-1.589180094739204,-1.652049442806779,0.9619446328671848,-0.038798384164852234
ENSG00000106078,ENSGALG00010000684,COBL,0,-2.1813497915329982,-1.0004810341119694,2.180300992381302,0.7794629371699061
ENSG00000111452,ENSGALG00010023149,ADGRD1,0,-1.4757207949799265,-0.5230275924536605,2.8214970228567307,1.0372676032631944
ENSG00000114405,ENSGALG00010021052,CEP15,0,0.5238258838921777,0.0770372094255901,6.799647700091457,1.9168708020298584
ENSG00000137474,ENSGALG00010002138,MYO7A,0,-2.002349301322345,-1.1119656075429236,1.8007295259309999,0.5881918749773153
ENSG00000168509,ENSGALG00010027586,HJV,0,-1.4053084557185311,-2.230550220915734,0.6300277135843161,-0.4619914707477075
ENSG00000163848,ENSGALG00010020429,ZNF148,0,0.1143980480861532,-1.0601480848330884,-0.10790761189194076,
ENSG00000132881,ENSGALG00010020268,CPLANE2,0,-1.894132857795574,-2.402050247522828,0.7885483910042864,-0.23756150349921404
ENSG00000170989,ENSGALG00010023590,S1PR1,0,-0.802785455954119,-0.9224138683854785,0.8703093952384435,-0.13890650384284367
ENSG00000153898,ENSGALG00010020811,MCOLN2,0,0.917600413913771,0.1594736597416132,5.753930871095018,1.7498832509965365
ENSG00000007216,ENSGALG00010029414,SLC13A2,0,-1.632861137014732,-0.6493721448396566,2.514522912617262,0.9220830887845337
ENSG00000139624,ENSGALG00010023127,CERS5,0,0.0427332482325795,-0.3890500839787565,-0.10983996660674897,
ENSG00000176749,ENSGALG00010024126,CDK5R1,0,-2.418645564797883,-2.381067199146138,1.0157821525008703,0.01565890933586322
ENSG00000140995,ENSGALG00010008110,DEF8,0,-2.380500336337421,-2.936392914698527,0.8106886256336788,-0.20987123738950533
ENSG00000143819,ENSGALG00010015935,EPHX1,0,-1.128744248071051,-0.4268345495091618,2.6444538038662757,0.9724645426121095
ENSG00000126870,ENSGALG00010025121,DYNC2I1,0,-1.3074857867309468,-0.9400289558574264,1.3908994808977484,0.32995064641766936
ENSG00000105088,ENSGALG00010002713,OLFM2,0,-1.85237520965376,-2.623053598197575,0.7061903770958455,-0.3478704218964002
ENSG00000042493,ENSGALG00010019079,CAPG,0,-1.7628190635692018,-2.714130381682345,0.649496824274346,-0.4315573323763603
ENSG00000073060,ENSGALG00010021011,SCARB1,0,-0.8943905689976148,-1.41399154306104,0.632528937946417,-0.45802930773309875
ENSG00000106609,ENSGALG00010029673,TMEM248,0,-0.6471840912778184,-0.9342989590983104,0.6926948649310433,-0.3671656871021128
ENSG00000163755,ENSGALG00010001131,HPS3,0,0.2431742430719534,-0.6031947871429577,-0.40314380736569744,
ENSG00000116521,ENSGALG00010027962,SCAMP3,0,-1.121594373239169,-1.1324634002348883,0.9904023149944936,-0.009644039620678543
ENSG00000073350,ENSGALG00010030108,LLGL2,0,-2.911672017399089,-1.3700197231184568,2.125277445474656,0.7539023564301375
ENSG00000168827,ENSGALG00010001187,GFM1,0,0.7651740058459513,-0.2513235803755382,-3.0445770536238435,
ENSG00000133612,ENSGALG00010024966,AGAP3,0,-3.005576089352571,-2.8258561201097105,1.0635984146411117,0.06165788982630101
ENSG00000067836,ENSGALG00010016559,ROGDI,0,-2.2174861183006342,-1.2606502391332897,1.7590018622652857,0.5647465244616746
ENSG00000158062,ENSGALG00010013315,UBXN11,0,-2.572654183198031,-1.7344860576740848,1.4832371651622929,0.3942269729334647
ENSG00000114650,ENSGALG00010027301,SCAP,0,-2.372142063286544,-2.2787658524752046,1.0409766587953362,0.040159367474959705
ENSG00000116783,ENSGALG00010023987,TNNI3K,0,0.4395045524797698,-0.9449515991730444,-0.46510800432995036,
ENSG00000135617,ENSGALG00010018179,PRADC1,0,-1.597221448057372,-1.5567926648713186,1.0259692790814858,0.025637803884588896
ENSG00000149743,ENSGALG00010000507,TRPT1,0,-1.827978165850212,-2.086317210176501,0.8761746089874638,-0.13218988258024444
ENSG00000006016,ENSGALG00010028460,CRLF1,0,-2.785501886333245,-2.4072133450981963,1.157147907976398,0.14595827753142837
ENSG00000007541,ENSGALG00010019684,PIGQ,0,-2.6691607570966447,-1.6685978751582746,1.5996429078776466,0.46978042176032725
ENSG00000143369,ENSGALG00010028461,ECM1,0,-2.349644351061956,-3.006418691689713,0.7815426233068599,-0.24648559022801914
ENSG00000051128,ENSGALG00010028744,HOMER3,0,-2.8454721745695317,-2.143532157291899,1.3274688531682453,0.28327401108525174
ENSG00000137672,ENSGALG00010007455,TRPC6,0,0.5879712111107285,-0.3642961712536296,-1.613992288437674,
ENSG00000158850,ENSGALG00010027547,B4GALT3,0,-1.6445250576715988,-2.4842935717765324,0.6619688898102287,-0.41253671839376044
ENSG00000064419,ENSGALG00010005492,TNPO3,0,0.0081174879752961,-2.7356653723580435,-0.0029672810341928343,
ENSG00000114735,ENSGALG00010028140,HEMK1,0,-2.7876724812532405,-1.7817011358321917,1.5646128439780012,0.4476384093480217
ENSG00000115380,ENSGALG00010018885,EFEMP1,0,-0.4942936008286995,-0.7571270439586784,0.6528542399492951,-0.4264013906262483
ENSG00000163812,ENSGALG00010016015,ZDHHC3,0,-0.7659563028418326,-0.9509253812923452,0.8054851809727359,-0.216310473836965
ENSG00000158966,ENSGALG00010024449,CACHD1,0,-0.6626533645951511,-1.004200200766033,0.6598817288521353,-0.4156946587285589
ENSG00000129667,ENSGALG00010029398,RHBDF2,0,-2.6343560527787258,-2.5174801260404425,1.0464257594446669,0.045380318624093544
ENSG00000088543,ENSGALG00010028136,C3orf18,0,-2.027644529837365,-1.5089323708208937,1.3437610386304326,0.29547242765483517
ENSG00000196323,ENSGALG00010023408,ZBTB44,0,-0.4119957966520129,-1.6411733280980725,0.2510373460245468,-1.3821535619759124
ENSG00000116983,ENSGALG00010016461,HPCAL4,0,-1.372642244019742,-2.503485695057168,0.5482924255288775,-0.6009465111324874
ENSG00000173114,ENSGALG00010001281,LRRN3,0,0.8585627074651789,-0.2088118413125929,-4.111657184134036,
ENSG00000006530,ENSGALG00010013561,AGK,0,-0.4298002167664219,-0.6884728922691148,0.6242805222873158,-0.47115545668463865
ENSG00000182795,ENSGALG00010027149,C1orf116,0,-2.9771167941355667,-2.3300836028629,1.2776866849230977,0.24505116543154346
ENSG00000180902,ENSGALG00010024879,D2HGDH,0,-2.497665686444561,-1.7335976189302391,1.4407412995789703,0.36515777250257214
ENSG00000125454,ENSGALG00010029704,SLC25A19,0,-0.711809619151822,-0.5498317789333116,1.2945952679067618,0.25819811186750335
ENSG00000010379,ENSGALG00010012205,SLC6A13,0,-0.7116004353610919,-1.4329510836084205,0.4965978556428863,-0.6999747239945459
ENSG00000162631,ENSGALG00010011886,NTNG1,0,-0.4106269275583631,-0.5738130448460486,0.7156110012600575,-0.3346185539888606
ENSG00000172273,ENSGALG00010024180,HINFP,0,-2.079720502544728,-2.6176085194229284,0.7945116647936408,-0.23002761118282294
ENSG00000143793,ENSGALG00010026076,C1orf35,0,-3.4178581308312257,-2.8689304116938144,1.191335320264295,0.17507479588891225
ENSG00000110921,ENSGALG00010021727,MVK,0,-2.1322920483065086,-2.095490788853564,1.0175621194083504,0.01740968748665338
ENSG00000174514,ENSGALG00010026954,SLC60A1,0,-1.3318626061588414,-1.4167682990538872,0.9400708690674788,-0.061800013934991106
ENSG00000038358,ENSGALG00010021908,EDC4,0,-2.5325119638562548,-2.21654961939266,1.1425469304631084,0.13325991993436598
ENSG00000149115,ENSGALG00010026484,TNKS1BP1,0,-3.143398454835614,-2.987530531279631,1.0521728303440037,0.05085738822106425
ENSG00000176834,ENSGALG00010021019,VSIG10,0,-1.6857138342080855,-2.533958383474449,0.6652492184566627,-0.4075935439365089
ENSG00000058091,ENSGALG00010004777,CDK14,0,-0.4269282601302926,-0.9362931532569478,0.45597712494767145,-0.7853126353144758
ENSG00000185627,ENSGALG00010020894,PSMD13,0,-0.3760224770945388,-1.6836746144061945,0.22333441026973969,-1.4990850331735492
ENSG00000114473,ENSGALG00010015261,DRC9,0,-0.3151566180325709,-1.2763948693018436,0.24691153624344617,-1.3987251593667553
ENSG00000108479,ENSGALG00010029791,GALK1,0,-2.659781394597511,-1.8189646476249293,1.462250186154227,0.37997647264769335
ENSG00000010626,ENSGALG00010023401,LRRC23,0,-1.4600021162550405,-2.7453488070050382,0.5318093323987451,-0.6314702516270343
ENSG00000182359,ENSGALG00010005187,KBTBD3,0,1.2626046125168902,-0.2451471710092567,-5.150394382765341,
ENSG00000165973,ENSGALG00010020290,NELL1,0,-0.6233186004378553,-1.2940184063015427,0.48169222122533273,-0.7304499140639941
ENSG00000166578,ENSGALG00010000287,DRC10,0,-1.493572908839134,-1.560769576787607,0.9569464519632822,-0.04400784315602578
ENSG00000132437,ENSGALG00010000702,DDC,0,-0.8753625763589241,-1.0162533983779178,0.8613625083627026,-0.14923983138327324
ENSG00000231738,ENSGALG00010011168,TSPAN19,0,2.197518925062948,0.1653633317547828,13.289033921508354,2.586939177946636
ENSG00000168778,ENSGALG00010024691,TCTN2,0,0.1517048704584898,-0.7009387800566462,-0.2164309848090154,
ENSG00000135776,ENSGALG00010009554,ABCB10,0,-0.6074730456120179,-0.3526594677639427,1.7225485238316018,0.5438048940932774
ENSG00000134533,ENSGALG00010011589,RERG,0,-0.6098699073494309,-0.7582737785723506,0.8042872173394563,-0.2177988380997422
ENSG00000111181,ENSGALG00010015929,SLC6A12,0,-0.7172783677330923,-0.7796326525260738,0.9200209424387902,-0.08335884567771196
ENSG00000138398,ENSGALG00010023699,PPIG,0,-0.9528925057291104,-1.6343827840299423,0.5830289666778901,-0.5395184083120886
ENSG00000166086,ENSGALG00010025320,JAM3,0,-0.5545290569376125,-1.145161201253437,0.4842366789327584,-0.7251814857305864
ENSG00000132781,ENSGALG00010026083,MUTYH,0,-2.149098051520168,-2.1118485667316804,1.0176383313535284,0.017484581284151444
ENSG00000011405,ENSGALG00010023209,PIK3C2A,0,0.7579022068856016,-0.592889178462991,-1.2783201893655594,
ENSG00000124019,ENSGALG00010025990,FAM124B,0,-1.9035283183337857,-1.799248084633405,1.0579576738699865,0.05634032684189092
ENSG00000148926,ENSGALG00010021090,ADM,0,-2.3167579997923617,-2.34486034043763,0.9880153456644573,-0.012057049305844456
ENSG00000166407,ENSGALG00010020651,LMO1,0,-0.8056529942165707,-0.9530437428848376,0.8453473413275668,-0.1680076812593308
ENSG00000182938,ENSGALG00010029680,OTOP3,0,-1.3788624390083477,-1.846819666612836,0.7466145525389891,-0.2922062209437059
ENSG00000159210,ENSGALG00010026298,SNF8,0,-0.9066116221103684,-0.6177897384177002,1.4675083863199259,0.3835659874022019
ENSG00000015676,ENSGALG00010018611,NUDCD3,0,-1.4128479711708817,-2.355221138271715,0.5998791146243039,-0.5110271196910914
ENSG00000132323,ENSGALG00010024937,ILKAP,0,-1.0010091936928838,-1.5355076484190278,0.6519076571995793,-0.4278523571479633
ENSG00000177311,ENSGALG00010023274,ZBTB38,0,-0.5949886215830151,-0.7744152619990543,0.7683069417396654,-0.263565961955215
ENSG00000167434,ENSGALG00010029180,CA4,0,-1.6949396319332948,-0.5602588517104402,3.025279523489428,1.1070034916730909
ENSG00000108932,ENSGALG00010029386,SLC16A6,0,0.3392585089439457,-0.3667825252687173,-0.9249582124867957,
ENSG00000154265,ENSGALG00010029418,ABCA5,0,1.6380897327676038,-1.3406748799883017,-1.2218396549519128,
ENSG00000163660,ENSGALG00010001495,CCNL1,0,-1.4025783711262356,-2.0557267582512733,0.6822785983091227,-0.38231720263333346
ENSG00000149428,ENSGALG00010024873,HYOU1,0,-1.395408672683633,-1.130446456272468,1.2343872325318714,0.21057467895748452
ENSG00000180376,ENSGALG00010027891,CCDC66,0,-0.0024666192728748,-1.0392740411828565,0.0023734060268333092,-6.043429213411732
ENSG00000115828,ENSGALG00010007169,QPCT,0,-0.5326330820474006,-1.7934448077767955,0.2969888338563747,-1.2140607373293844
ENSG00000169359,ENSGALG00010001066,SLC33A1,0,1.0303889487972633,-1.0859021911196458,-0.9488782297555324,
ENSG00000257949,ENSGALG00010029750,TEN1,0,-1.7401646188183708,-2.174404928575369,0.8002946442723966,-0.22277531378147714
ENSG00000068912,ENSGALG00010016967,ERLEC1,0,0.176664637104281,-0.9624073812032504,-0.18356533891438565,
ENSG00000164604,ENSGALG00010001470,GPR85,0,0.5641818261881628,-0.0803053134247119,-7.025460733891493,
ENSG00000165685,ENSGALG00010024114,TMEM52B,0,-1.136415292571101,-1.614820167094142,0.7037410825851108,-0.3513447708907765
ENSG00000136197,ENSGALG00010007902,C7orf25,0,-0.3450600789862275,-1.114093320248312,0.3097227787967704,-1.1720776435396028
ENSG00000001630,ENSGALG00010005267,CYP51A1,0,0.6734656676692783,-0.8074470723189425,-0.8340678798117662,
ENSG00000196850,ENSGALG00010025569,PPTC7,0,-0.6975927467467038,-0.8377660806884666,0.8326820133054683,-0.18310344642343634
ENSG00000111058,ENSGALG00010012337,ACSS3,0,0.3185321008214572,-0.0886699406600495,-3.592334656483793,
ENSG00000182870,ENSGALG00010022247,GALNT9,0,-2.1537694847988504,-0.9577501658581532,2.2487800697680407,0.8103878779633171
ENSG00000168301,ENSGALG00010020905,KCTD6,0,0.4902342508837822,-0.8894906638083752,-0.5511404119575947,
ENSG00000131386,ENSGALG00010002159,GALNT15,0,-2.3062992917222798,-1.6834998659650506,1.369943258296736,0.3147693216806608
ENSG00000172782,ENSGALG00010029676,FADS6,0,-2.074246148435524,-2.229679189215499,0.9302890561423488,-0.07225992807091804
ENSG00000067596,ENSGALG00010024362,DHX8,0,-0.5864361860887488,-0.7457297797619584,0.7863923394288248,-0.24029945151297408
ENSG00000198648,ENSGALG00010025420,STK39,0,0.19973394380394,-0.1938309943433799,-1.030454105033908,
ENSG00000141161,ENSGALG00010029628,UNC45B,0,-1.248212250699801,-1.3332974894023113,0.9361843554204454,-0.065942860979521
ENSG00000144278,ENSGALG00010010448,GALNT13,0,0.9171892570974832,-1.1567672130208928,-0.7928900878010254,
ENSG00000116701,ENSGALG00010011503,NCF2,0,-1.0158288959915094,-1.7144292534092167,0.5925172438416398,-0.5233753028661565
ENSG00000008311,ENSGALG00010001234,AASS,0,0.5120697748477792,-0.1343618343708112,-3.811125214579694,
ENSG00000134072,ENSGALG00010021556,CAMK1,0,-1.5160402512312563,-2.3041786523249805,0.6579525635746731,-0.4186224420873646
ENSG00000160703,ENSGALG00010024159,NLRX1,0,-2.1225363886960817,-2.625309937595852,0.8084898313529453,-0.21258717722038886
ENSG00000113805,ENSGALG00010020369,CNTN3,0,0.1515313232378616,-0.5877056343410529,-0.2578354100820583,
ENSG00000134376,ENSGALG00010010314,CRB1,0,-0.0572463433196368,-1.4980583654182469,0.038213693565706995,-3.2645613572982715
ENSG00000167264,ENSGALG00010025291,DUS2,0,-1.0136413819002923,0.2575485082669345,-3.9357299668368113,
ENSG00000113946,ENSGALG00010014643,CLDN16,0,1.557490899863673,-0.5131857012423132,-3.03494601679922,
ENSG00000114859,ENSGALG00010017575,CLCN2,0,-1.579204441531969,-2.2514545165983684,0.7014152095410415,-0.35465525696448547
ENSG00000081985,ENSGALG00010023249,IL12RB2,0,-0.6422354186643631,-0.958273028105846,0.6702008715969254,-0.400177803177049
ENSG00000108950,ENSGALG00010029403,FAM20A,0,-1.977458167142899,-1.8388061639893527,1.0754032729870429,0.07269572889545124
ENSG00000108439,ENSGALG00010023726,PNPO,0,-1.2880412869100066,-2.120124501141755,0.6075309663259658,-0.4983521316904565
ENSG00000006128,ENSGALG00010003334,TAC1,0,0.2823668375605823,-1.4365127917112406,-0.19656409548864082,
ENSG00000206562,ENSGALG00010016917,METTL6,0,0.9121767540490442,-0.7813328889975009,-1.1674623798563302,
ENSG00000163817,ENSGALG00010017488,SLC6A20,0,-0.8489941127874996,-0.9409120473805416,0.9023097484521135,-0.10279741603681586
ENSG00000149557,ENSGALG00010024431,FEZ1,0,-1.6850308390120592,-2.911307113696498,0.5787884181248638,-0.5468182945755603
ENSG00000168309,ENSGALG00010020943,FAM107A,0,-3.360191369551762,-2.5341883538290646,1.3259438133217831,0.2821245178054119
ENSG00000127947,ENSGALG00010009407,PTPN12,0,0.0024032823883093,-0.8520482753383175,-0.002820594158652623,
ENSG00000150722,ENSGALG00010022396,PPP1R1C,0,-2.1053505327185587,-2.297301114059037,0.9164451798826989,-0.08725302813106174
ENSG00000163166,ENSGALG00010023128,IWS1,0,-1.4397605454668874,-1.6932369696636766,0.8503006792681023,-0.162165251733715
ENSG00000120332,ENSGALG00010011095,TNN,0,-1.8928234413167395,-1.496175639585458,1.265107779619497,0.23515731983029536
ENSG00000062716,ENSGALG00010029274,VMP1,0,0.5652076884031647,-0.5722731725960979,-0.9876536512084241,
ENSG00000174842,ENSGALG00010021980,GLMN,0,0.9933419113186872,-0.4541675677443842,-2.1871705112104407,
ENSG00000111325,ENSGALG00010024899,OGFOD2,0,-2.3471202148807784,-1.5353986812459033,1.5286715063322847,0.42439906170172226
ENSG00000164828,ENSGALG00010022237,SUN1,0,-1.2770945604430342,-0.4534283651359946,2.816529927632563,1.0355056051199176
ENSG00000049283,ENSGALG00010029638,EPN3,0,-3.0524603155714747,-2.643230305495211,1.1548219272552545,0.14394615655091086
ENSG00000167930,ENSGALG00010016939,FAM234A,0,-2.2954323275010697,-1.2839047336222196,1.7878525309468059,0.5810151962507976
ENSG00000151176,ENSGALG00010000449,PLBD2,0,-1.819820895952928,-2.535306222299357,0.7177913578827845,-0.3315763400697451
ENSG00000080371,ENSGALG00010012738,RAB21,0,0.3924021638682529,-0.1073759032308676,-3.6544713670492146,
ENSG00000135968,ENSGALG00010015201,GCC2,0,0.3028169407260872,-1.0952571898560262,-0.2764802126210129,
ENSG00000143891,ENSGALG00010017054,GALM,0,-0.8384083012003689,-1.6157731502132786,0.5188898584493131,-0.6560636371252923
ENSG00000171621,ENSGALG00010017441,SPSB1,0,-1.6667018017774566,-0.6363495961878542,2.6191606182546177,0.9628538917300857
ENSG00000142330,ENSGALG00010017958,CAPN10,0,-2.725424577716078,-1.194891830620132,2.2808964860874656,0.8245685613375932
ENSG00000213533,ENSGALG00010028087,STIMATE,0,-0.9983871071485062,-0.6827661954541949,1.4622679239184528,0.3799886030319539
ENSG00000109113,ENSGALG00010029216,RAB34,0,-0.5132603974273717,-2.385838087281195,0.21512792513605256,-1.5365224271643643
ENSG00000110074,ENSGALG00010023909,FOXRED1,0,-1.1255352018662157,-2.688937771802919,0.41857986215558646,-0.8708875777347403
ENSG00000115561,ENSGALG00010016969,CHMP3,0,-0.6010030551010477,-0.2689667202475946,2.234488543964846,0.8040123624884731
ENSG00000003509,ENSGALG00010007098,NDUFAF7,0,0.6360246855188549,-1.016653073978793,-0.6256064155982892,
ENSG00000155974,ENSGALG00010012122,GRIP1,0,-1.1086787568052223,-1.0443493347208674,1.061597609100358,0.05977495186712078
ENSG00000168329,ENSGALG00010017004,CX3CR1,0,0.1004001525784961,-0.3306699590666676,-0.3036264705202751,
ENSG00000173473,ENSGALG00010027289,SMARCC1,0,-0.3055882921909916,-1.2739368946656635,0.23987710338759854,-1.4276285560107018
ENSG00000185482,ENSGALG00010025499,STAC3,0,-1.089333121787739,-1.9189211630974792,0.567679977029052,-0.5661974397655847
ENSG00000158014,ENSGALG00010016436,SLC30A2,0,-1.459699956877225,-2.454812739519672,0.594627823694137,-0.5198195755436581
ENSG00000082497,ENSGALG00010018894,SERTAD4,0,-0.2947039065252728,-1.567554410505962,0.18800234591547654,-1.6713008379562295
ENSG00000004660,ENSGALG00010029238,CAMKK1,0,-2.487530658977848,-0.9598280168895268,2.5916420600422576,0.952291674834658
ENSG00000117477,ENSGALG00010005279,CCDC181,0,-0.1900784354628903,-1.211126309375404,0.15694352768285297,-1.8518692346276162
ENSG00000121905,ENSGALG00010017697,HPCA,0,-1.4272563333205035,-2.2655528932164275,0.6299814661551396,-0.46206487883066577
ENSG00000185269,ENSGALG00010029178,NOTUM,0,-2.856219745344786,-1.820894679520745,1.56858042228809,0.45017102070878023
ENSG00000184014,ENSGALG00010019373,DENND5A,0,-0.8670706080054504,-0.8771248291030989,0.9885372973560339,-0.011528905817683578
ENSG00000175105,ENSGALG00010006232,ZNF654,0,0.4184943416602262,-0.8626382973237714,-0.48513304238700405,
ENSG00000138050,ENSGALG00010017335,THUMPD2,0,1.053811069060508,-0.7319494834251064,-1.439731966377342,
ENSG00000124006,ENSGALG00010021177,OBSL1,0,-2.7176706282461804,-2.969957135346775,0.9150538221248983,-0.08877239344213707
ENSG00000083093,ENSGALG00010017080,PALB2,0,-0.4172720702223547,-1.815661013541236,0.22981826844897327,-1.4704664195602286
ENSG00000074527,ENSGALG00010011859,NTN4,0,-0.3115614679528509,-2.2090843944971232,0.14103647136748473,-1.9587367598705203
ENSG00000166391,ENSGALG00010003018,MOGAT2,0,-1.0329133480768906,-1.802069716703251,0.5731816802107561,-0.5565525440923307
ENSG00000162878,ENSGALG00010018672,PKDCC,0,-2.6823194149194816,-1.679986293495624,1.5966317256900098,0.4678962388138072
ENSG00000143458,ENSGALG00010028591,GABPB2,0,-0.2891750669722253,-1.797920976136809,0.1608385856833238,-1.8273539903060514
ENSG00000159063,ENSGALG00010001938,ALG8,0,1.1522829076913528,-0.38361592764741,-3.00374104578484,
ENSG00000185946,ENSGALG00010023227,RNPC3,0,0.3612954114834892,-0.7631722647970999,-0.473412659433509,
ENSG00000136044,ENSGALG00010011605,APPL2,0,-0.0147747447178012,-0.6571597414615552,0.022482729518612094,-3.795007841460356
ENSG00000113812,ENSGALG00010027864,ACTR8,0,-0.2973556132975954,-1.0149334437059887,0.2929804068844291,-1.227649542902622
ENSG00000133657,ENSGALG00010014411,ATP13A3,0,1.3142065568694417,-0.1642558077343106,-8.000974668702224,
ENSG00000021762,ENSGALG00010024035,OSBPL5,0,-3.187081036300905,-1.2946506056368734,2.4617306186120342,0.900864606102508
ENSG00000144642,ENSGALG00010001504,RBMS3,0,-0.2941505731004099,-0.93814904106204,0.313543541831492,-1.159817039138756
ENSG00000066136,ENSGALG00010017183,NFYC,0,-1.183663433632402,-1.954284739220104,0.605676035778065,-0.5014100302850059
ENSG00000159579,ENSGALG00010022170,RSPRY1,0,-0.1930204333706768,-0.9859018820165814,0.19578057095891668,-1.6307607828239772
ENSG00000150687,ENSGALG00010007753,PRSS23,0,-0.7607891723184661,-0.7024109533500865,1.0831112024804708,0.07983764278498849
ENSG00000166478,ENSGALG00010021160,ZNF143,0,-0.3510908743604073,-0.314990091758376,1.114609264058133,0.10850390767279826
ENSG00000033867,ENSGALG00010002589,SLC4A7,0,0.5143119790726889,-0.3566719030902654,-1.4419750325624288,
ENSG00000094914,ENSGALG00010024389,AAAS,0,-1.860634666785573,-3.0498568347064863,0.6100727895198523,-0.4941770018519649
ENSG00000271447,ENSGALG00010029622,MMP28,0,-1.7535985884652536,-1.9255138307662376,0.9107172124374863,-0.09352284435913957
ENSG00000163798,ENSGALG00010020080,SLC4A1AP,0,-0.9336287152664884,-1.691893631122278,0.5518247117268168,-0.5945248343546414
ENSG00000066084,ENSGALG00010022415,DIP2B,0,-0.1918834804188858,-0.8744983945523185,0.219421192324906,-1.516762143622933
ENSG00000138442,ENSGALG00010025233,WDR12,0,0.5535965739780231,-1.156079478815189,-0.47885684688857033,
ENSG00000139173,ENSGALG00010001912,TMEM117,0,1.1750444117462102,-0.3186690638668707,-3.68735012268748,
ENSG00000135447,ENSGALG00010025650,PPP1R1A,0,-2.964198008771272,-2.7974563402700188,1.0596047438170773,0.05789595539431504
ENSG00000128654,ENSGALG00010024183,MTX2,0,1.1166086137944315,-0.4894760628410249,-2.2812323187233994,
ENSG00000180881,ENSGALG00010012891,CAPS2,0,0.8604139266030018,-0.2245249586783909,-3.8321526999386157,
ENSG00000165434,ENSGALG00010001820,PGM2L1,0,0.7972233194313532,-0.693327695920065,-1.149850675405972,
ENSG00000170745,ENSGALG00010003438,KCNS3,0,-0.4922564182659386,-0.7603408004242953,0.647415498407087,-0.4347669983154824
ENSG00000110080,ENSGALG00010024062,ST3GAL4,0,-1.1647985845216091,-1.828321412319717,0.6370863332195783,-0.4508501016365123
ENSG00000152102,ENSGALG00010024169,FAM168B,0,-0.9322034986612612,0.3410752812141792,-2.733131217667695,
ENSG00000103264,ENSGALG00010006939,FBXO31,0,-2.675386128856568,-2.082735049788944,1.2845542351283141,0.25041175943106947
ENSG00000120837,ENSGALG00010011856,NFYB,0,0.8189573353389648,-1.0752809544728883,-0.7616217249383204,
ENSG00000177119,ENSGALG00010013784,ANO6,0,0.6499592595341923,-0.1833410546723276,-3.5450830186169604,
ENSG00000088727,ENSGALG00010025736,KIF9,0,-0.9871620535314544,-1.0103503916298489,0.977049211550274,-0.023218258146190312
ENSG00000242802,ENSGALG00010021146,AP5Z1,0,-3.190094653685888,-2.174335892158098,1.4671581631849973,0.38332730738136594
ENSG00000140795,ENSGALG00010023686,MYLK3,0,-2.475703128388769,-0.7681942997505508,3.222756442208284,1.1702370313176795
ENSG00000163320,ENSGALG00010006205,CGGBP1,0,-0.0525260060717318,-1.8282110101582507,0.028730822525341388,-3.549784776907494
ENSG00000240303,ENSGALG00010018920,ACAD11,0,0.4667396788480413,-0.8238695302216766,-0.5665213504405932,
ENSG00000103528,ENSGALG00010020998,SYT17,0,-1.844206988821636,-1.8304390279390497,1.0075216713981936,0.007493524680011431
ENSG00000115307,ENSGALG00010005366,AUP1,0,-1.6837938168500095,-1.9077486527932896,0.8826077871341333,-0.12487435923735325
ENSG00000153560,ENSGALG00010018188,UBP1,0,-0.4649739762172444,-1.0121982694561082,0.4593704516676285,-0.7778983101957455
ENSG00000136059,ENSGALG00010026409,VILL,0,-2.041577706460938,-1.3004452975100973,1.5699066391872483,0.45101615210624546
ENSG00000070540,ENSGALG00010029396,WIPI1,0,-0.7230262537208887,-1.503432436026062,0.48091702453355545,-0.7320605299245205
ENSG00000136297,ENSGALG00010021159,MMD2,0,-0.6098599714828143,-1.6399171369566812,0.37188462620408846,-0.9891716174264429
ENSG00000135272,ENSGALG00010001381,MDFIC,0,-0.6001614832622035,-1.6890854386127332,0.35531742180852827,-1.0347437430775563
ENSG00000258890,ENSGALG00010029306,CEP95,0,-0.2381887351933489,-1.0591964048645224,0.22487683502269315,-1.4922024265548812
ENSG00000136235,ENSGALG00010001409,GPNMB,0,-0.301273535839087,-0.3719037426125882,0.8100847109595328,-0.21061645535238727
ENSG00000111667,ENSGALG00010023380,USP5,0,-1.5377545347339971,-0.890884194160531,1.726099244787931,0.5458640908853144
ENSG00000163710,ENSGALG00010015809,PCOLCE2,0,0.1753473148683042,-0.3877840672907424,-0.45217771862926226,
ENSG00000159111,ENSGALG00010023807,MRPL10,0,-1.6381005529256587,-2.353130154739796,0.6961368242322306,-0.36220905142775817
ENSG00000170412,ENSGALG00010030106,GPRC5C,0,-1.5035066821157663,-1.9369597029111008,0.7762199078566848,-0.25331941253200985
ENSG00000184432,ENSGALG00010025139,COPB2,0,0.5441477573308049,-0.2435573681206674,-2.2341666833138625,
ENSG00000164654,ENSGALG00010003915,MIOS,0,0.8174799536022945,-0.6157097146283291,-1.3277035170636593,
ENSG00000129048,ENSGALG00010018943,ACKR4,0,1.4829977850708629,0.2066046987645947,7.177948003789545,1.9710135488693579
ENSG00000213853,ENSGALG00010019495,EMP2,0,0.3793650308480156,0.5750851533502009,0.6596675790324209,-0.4160192389777619
ENSG00000175110,ENSGALG00010025160,MRPS22,0,0.2138740876392724,-0.5006382355859061,-0.4272028631392319,
ENSG00000125170,ENSGALG00010022223,DOK4,0,-2.023786077068415,-2.6289690403755466,0.7698021718731684,-0.26162171678914947
ENSG00000106628,ENSGALG00010019049,POLD2,0,-2.161266127039161,-2.826070053168636,0.7647602806646332,-0.26819285287099154
ENSG00000058866,ENSGALG00010023519,DGKG,0,-0.9813564349968223,-2.459139296121117,0.39906500479446155,-0.9186309560778142
ENSG00000111218,ENSGALG00010024622,PRMT8,0,-0.5375825056214651,0.2430380026522652,-2.2119277633738186,
ENSG00000137747,ENSGALG00010022782,TMPRSS13,0,-2.4105926539908964,-2.470967620972598,0.9755662654300838,-0.024737191518161197
ENSG00000139641,ENSGALG00010024848,ESYT1,0,-1.3993556819421349,-2.826786024264697,0.49503417306095354,-0.7031284823095805
ENSG00000205336,ENSGALG00010024475,ADGRG1,0,-2.5172526997515785,-2.069374849318098,1.2164314747427543,0.19592155180919463
ENSG00000149084,ENSGALG00010019546,HSD17B12,0,0.8261826296398578,-0.0424271418239347,-19.472974000190085,
ENSG00000174953,ENSGALG00010001462,DHX36,0,0.8365212851465156,-0.837786612528879,-0.9984896782027299,
ENSG00000117475,ENSGALG00010005293,BLZF1,0,0.3093411772444199,-0.4641357893809082,-0.666488524095583,
ENSG00000131626,ENSGALG00010024757,PPFIA1,0,-1.3020269026842914,-1.2191492830724242,1.0679798780695702,0.06576889960168435
ENSG00000105865,ENSGALG00010009213,DUS4L,0,1.3561110763240976,-0.0512201037333966,-26.476148572106155,
ENSG00000168264,ENSGALG00010010100,IRF2BP2,0,-2.6977622800814363,-2.467072138291919,1.093507659629781,0.08939056580131052
ENSG00000171492,ENSGALG00010022815,LRRC8D,0,0.2902891968482812,-1.092725235695826,-0.2656561662213564,
ENSG00000174928,ENSGALG00010001070,C3orf33,0,0.6819836804412365,-1.7749415803631012,-0.38422880391461817,
ENSG00000158163,ENSGALG00010024568,DZIP1L,0,-2.443835986641908,-2.3912364346745822,1.0219968009873872,0.02175836162728618
ENSG00000160752,ENSGALG00010028374,FDPS,0,-0.609217221009974,-1.6590849253404016,0.3672007452451406,-1.0018465907031644
ENSG00000010327,ENSGALG00010028039,STAB1,0,-2.39052030783297,-1.4571986468033415,1.6404903429447024,0.49499518674805215
ENSG00000129173,ENSGALG00010021036,E2F8,0,-1.3041025310396854,-1.4605520833528574,0.8928832774288851,-0.11329941501503107
ENSG00000105948,ENSGALG00010010913,IFT56,0,1.0052195498503238,-0.8301774911543146,-1.2108489576760546,
ENSG00000162520,ENSGALG00010017645,SYNC,0,-2.395709823715221,-3.1354798197008344,0.7640648198921602,-0.2691026506237769
ENSG00000109929,ENSGALG00010025799,SC5D,0,1.1910577143420706,-1.76595883614853,-0.674453837746133,
ENSG00000006042,ENSGALG00010023527,TMEM98,0,-1.0787305107396268,-1.6778745762379397,0.6429148674260929,-0.4417429625363365
ENSG00000187715,ENSGALG00010028414,KBTBD12,0,0.8197391819871154,-0.8775739621475749,-0.934096973411873,
ENSG00000163820,ENSGALG00010017431,FYCO1,0,-2.5192976884135536,-1.8536827693989708,1.3590770384246484,0.30680582114484917
ENSG00000127995,ENSGALG00010003366,CASD1,0,1.6588380580462907,-0.1666065795764501,-9.956617933477869,
ENSG00000174106,ENSGALG00010012372,LEMD3,0,-0.8919854227605057,-1.1603062979535872,0.7687499622588324,-0.26298950895561235
ENSG00000002919,ENSGALG00010021554,SNX11,0,-1.3394647523239271,-2.6132757846018064,0.512561575099134,-0.668334428651695
ENSG00000167257,ENSGALG00010023123,RNF214,0,-1.1907766252877146,-2.0270747110318945,0.5874359829004736,-0.5319880041767596
ENSG00000176170,ENSGALG00010029445,SPHK1,0,-1.59624288903888,-2.1876798701283198,0.7296510384516411,-0.3151888886505351
ENSG00000137501,ENSGALG00010008111,SYTL2,0,-0.3210382857231142,-1.090824203607052,0.29430799634031773,-1.2231284534005877
ENSG00000163482,ENSGALG00010021582,STK36,0,-1.7506150587232092,-2.568472123912525,0.6815783758853947,-0.38334402949055024
ENSG00000167778,ENSGALG00010024625,SPRYD3,0,-1.5214214952563054,-2.3210792624854144,0.65548019830532,-0.4223871847696504
ENSG00000168268,ENSGALG00010028043,NT5DC2,0,-1.6878167009235732,-0.6771046383311441,2.4926970003979374,0.9133652570015637
ENSG00000123983,ENSGALG00010025705,ACSL3,0,1.1702675510084737,0.3958102725030871,2.956637642595156,1.0840526911210326
ENSG00000108588,ENSGALG00010021666,CCDC47,0,0.4733555721034754,-0.2597242263914137,-1.8225314545363653,
ENSG00000072041,ENSGALG00010011117,SLC6A15,0,1.5641118410412247,-0.1130147767709142,-13.839887895471815,
ENSG00000127838,ENSGALG00010019184,PNKD,0,-2.2655886480738747,-2.483227049677032,0.9123566241631174,-0.09172433007559443
ENSG00000137491,ENSGALG00010001796,SLCO2B1,0,-1.7310288478630476,-1.739870219728794,0.994918372781204,-0.005094582594621451
ENSG00000139636,ENSGALG00010024677,LMBR1L,0,-0.7607168194631235,-2.11727646286122,0.35929026407591336,-1.0236246821518258
ENSG00000257057,ENSGALG00010008466,C11orf97,0,-1.5341167294780362,-1.649516826723528,0.9300400605947661,-0.07252761785422511
ENSG00000167711,ENSGALG00010029936,SERPINF2,0,-2.3543945569633866,-1.466159125671107,1.605824712843298,0.4736374643892822
ENSG00000172031,ENSGALG00010022049,EPHX4,0,0.6439827639506763,-0.4612568122639714,-1.396147974031727,
ENSG00000196666,ENSGALG00010021988,FAM180B,0,-2.4115054195419283,-1.7314844787346682,1.3927386870393461,0.3312720871353735
ENSG00000148948,ENSGALG00010023696,LRRC4C,0,-0.3896285506748143,-0.8224103716998896,0.4737641499698837,-0.7470456550212325
ENSG00000014914,ENSGALG00010028752,MTMR11,0,-1.5557436091183003,-3.3192411961527464,0.46870459758137667,-0.7577825648816663
ENSG00000171532,ENSGALG00010026122,NEUROD2,0,-2.611499692397196,-2.652308172111898,0.9846139750486804,-0.015505618128173927
ENSG00000177425,ENSGALG00010013283,PAWR,0,-1.537879800261388,-1.4324682081685831,1.0735873867857593,0.07100573864331436
ENSG00000189292,ENSGALG00010003837,ALKAL2,0,-1.99564790967726,-1.1647082366538886,1.7134316104869258,0.5384981493603073
ENSG00000114923,ENSGALG00010021348,SLC4A3,0,-2.596845222327067,-1.6154650216571715,1.6074908385594007,0.47467447792795414
ENSG00000185359,ENSGALG00010029348,HGS,0,-2.556974891311487,-1.7371926760686502,1.4719005706943475,0.38655447094263323
ENSG00000070019,ENSGALG00010011323,GUCY2C,0,0.5586441726376812,-0.6910188321487452,-0.8084355254118897,
ENSG00000180891,ENSGALG00010029511,CUEDC1,0,-2.479132242525221,-2.3478895947395744,1.0558981342562677,0.054391716858667
ENSG00000131374,ENSGALG00010001521,TBC1D5,0,-0.3937245832708953,-1.0474707306530648,0.37588122679611347,-0.9784820716753406
ENSG00000072609,ENSGALG00010021134,CHFR,0,-1.870842521634284,-0.9976378706670964,1.8752721570035196,0.6287537992909509
ENSG00000006744,ENSGALG00010029756,ELAC2,0,-1.7999055420207617,-1.0268860626505725,1.7527801841763153,0.5612032039957783
ENSG00000161036,ENSGALG00010029310,LRWD1,0,-2.6370612886652776,-1.5446409916728647,1.7072324914861339,0.5348736334168914
ENSG00000106541,ENSGALG00010004377,AGR2,0,0.5327158685803344,-0.983036241417255,-0.5419086765431065,
ENSG00000276600,ENSGALG00010027087,RAB7B,0,-0.8488738200805592,-1.6439270493909617,0.5163695191918937,-0.6609326473290055
ENSG00000204084,ENSGALG00010013269,INPP5B,0,-0.5028427975770118,-1.3012950912130543,0.3864171938958647,-0.9508376799736603
ENSG00000135926,ENSGALG00010019127,TMBIM1,0,-0.3699833359286675,-1.0953060787310198,0.3377899046788056,-1.085331160552929
ENSG00000123836,ENSGALG00010027888,PFKFB2,0,-0.3276888428429902,-1.6963861247562244,0.19316878277938052,-1.6441909500760155
ENSG00000005981,ENSGALG00010002928,ASB4,0,-0.3896896528493556,-1.1064359894395048,0.352202618650143,-1.0435486478251759
ENSG00000005249,ENSGALG00010009073,PRKAR2B,0,0.3545715060314709,-0.2040778168887966,-1.7374328647619717,
ENSG00000161381,ENSGALG00010026681,PLXDC1,0,-1.838757596253295,-2.3694235841023263,0.7760358293850282,-0.25355658797688413
ENSG00000161040,ENSGALG00010009531,FBXL13,0,0.7353330820439563,-0.5075879917234012,-1.4486810051342975,
ENSG00000173226,ENSGALG00010018470,IQCB1,0,-0.0604937274844186,-1.3395461315631487,0.045159868748847795,-3.097546446063451
ENSG00000136247,ENSGALG00010018102,ZDHHC4,0,-0.0824963129017692,-0.4433629307272586,0.18606948660874414,-1.6816350911160536
ENSG00000224982,ENSGALG00010023343,TMEM233,0,-0.9147039334647856,-0.5603650724350018,1.6323357369331482,0.49001195654423635
ENSG00000174989,ENSGALG00010000470,FBXW8,0,-1.3815201024275137,-1.4814290681741769,0.9325590621292463,-0.06982279206587762
ENSG00000131375,ENSGALG00010015928,CAPN7,0,0.7520397983808778,-0.4536425493068243,-1.65778055768801,
ENSG00000154025,ENSGALG00010017785,SLC5A10,0,-1.447411455841035,-1.827146334978737,0.7921705164670781,-0.23297861177157903
ENSG00000111602,ENSGALG00010024989,TIMELESS,0,-1.3977805000225114,-2.903591933727136,0.4813970185639272,-0.7310629469138162
ENSG00000176428,ENSGALG00010029507,VPS37D,0,-3.787169508939028,-3.05060476279696,1.241448762922256,0.2162790548142051
ENSG00000198324,ENSGALG00010025720,PHETA1,0,-2.850011550979053,-2.105453504469929,1.353633098488477,0.30279216176389556
ENSG00000151065,ENSGALG00010014200,DCP1B,0,-1.3802256849772068,-1.165883249886606,1.1838455395181702,0.1687680714635942
ENSG00000130779,ENSGALG00010027040,CLIP1,0,-0.9006232768306237,-1.406675811083817,0.6402493522204741,-0.44589756566330463
ENSG00000142700,ENSGALG00010022784,DMRTA2,0,-2.540873850356501,-2.772103863131618,0.9165868148555232,-0.08709849185072108
ENSG00000170632,ENSGALG00010009616,ARMC10,0,0.0493238017297112,-0.2770832278366459,-0.17801078078529528,
ENSG00000172380,ENSGALG00010023389,GNG12,0,-0.9605401626777752,-1.3064530414155575,0.7352274687477618,-0.3075753463592845
ENSG00000203666,ENSGALG00010006865,DRC8,0,0.9249219642224312,-0.3821318449344144,-2.4204262913005232,
ENSG00000143502,ENSGALG00010016681,SUSD4,0,-1.479046678038145,-1.234342751340042,1.1982463350900263,0.1808591005008931
ENSG00000154114,ENSGALG00010025830,TBCEL,0,-0.0496942259114838,-1.9194092455610563,0.025890375398789873,-3.6538839855636773
ENSG00000106245,ENSGALG00010021414,BUD31,0,-0.8254186505836856,-1.1978482296258797,0.68908450183333,-0.3723913713183695
ENSG00000108582,ENSGALG00010029713,CPD,0,0.1334238701483769,-1.406588304204227,-0.09485637677320304,
ENSG00000171680,ENSGALG00010019016,PLEKHG5,0,-3.1481718722321315,-3.295790516165991,0.9552099433474962,-0.04582412669582734
ENSG00000008277,ENSGALG00010004242,ADAM22,0,0.1617747609542199,-0.796653075812794,-0.20306801776817018,
ENSG00000108406,ENSGALG00010029260,DHX40,0,0.5139158457289454,-1.2829882595779225,-0.4005616122301957,
ENSG00000186815,ENSGALG00010000457,TPCN1,0,-1.031850809640666,-0.6618083713327866,1.5591383462899802,0.4441333265425352
ENSG00000184154,ENSGALG00010002440,LRRC51,0,-0.8473889600038884,-3.163213293635141,0.2678886566735673,-1.3171838449720257
ENSG00000163075,ENSGALG00010020680,CFAP221,0,0.1849075851525636,-0.3911104955220053,-0.4727758197993949,
ENSG00000123473,ENSGALG00010024669,STIL,0,-0.0950581283843821,-1.221831979868602,0.07779967290969486,-2.5536180520521965
ENSG00000116005,ENSGALG00010018533,PCYOX1,0,0.7318704240246667,-1.1424259733473556,-0.6406283129927937,
ENSG00000108312,ENSGALG00010024910,UBTF,0,-1.7007482648044068,-2.543872980410898,0.6685665038706823,-0.4026194051582768
ENSG00000166452,ENSGALG00010020601,AKIP1,0,-0.936348860263898,-1.5316646460823735,0.611327592276058,-0.49212230592036776
ENSG00000157214,ENSGALG00010004576,STEAP2,0,1.0166915482894812,-0.2306160085601551,-4.408590516491755,
ENSG00000085998,ENSGALG00010023073,POMGNT1,0,-1.5776132853493277,-1.3053413326860928,1.2085829551592928,0.18944856188318335
ENSG00000128641,ENSGALG00010014080,MYO1B,0,0.3124488353693184,-0.2226596950106697,-1.403257268246712,
ENSG00000205060,ENSGALG00010006992,SLC35B4,0,0.5143664514695008,-0.5247654609973769,-0.980183509966316,
ENSG00000065883,ENSGALG00010017880,CDK13,0,-1.418249539686263,-1.6877654212330495,0.8403120018006511,-0.17398202539302873
ENSG00000178234,ENSGALG00010027143,GALNT11,0,-0.2066571239452415,-0.8193694795168641,0.2522148177487591,-1.3774741032170774
ENSG00000196091,ENSGALG00010011558,MYBPC1,0,0.2400947700353057,-0.2415429474566955,-0.994004472344822,
ENSG00000144749,ENSGALG00010019323,LRIG1,0,-2.0166218827272395,-1.8917513468251757,1.066007901150237,0.06392073767700708
ENSG00000155380,ENSGALG00010024452,SLC16A1,0,0.93373416227117,-0.9561451164290552,-0.9765611372449571,
ENSG00000085491,ENSGALG00010011966,SLC25A24,0,0.8403929068502158,-0.3298180081432514,-2.5480503977975757,
ENSG00000116747,ENSGALG00010012672,RO60,0,1.5897900770376356,0.0530138716593543,29.988190397656368,3.400803650748857
ENSG00000175591,ENSGALG00010002878,P2RY2,0,-1.3914104918957673,-1.4497277662165622,0.959773637727179,-0.041057816358227625
ENSG00000108819,ENSGALG00010025252,PPP1R9B,0,-3.080420072148721,-2.828772582888732,1.0889599576799516,0.08522307346759048
ENSG00000196169,ENSGALG00010029499,KIF19,0,-3.19156333122176,-2.7478962166145937,1.1614570127956885,0.14967526246654372
ENSG00000011347,ENSGALG00010020160,SYT7,0,-2.657373192990232,-2.724868314188962,0.9752299511696516,-0.02508198843841597
ENSG00000088280,ENSGALG00010016556,ASAP3,0,-2.599426540697671,-2.8496297571310487,0.9121979914031788,-0.09189821663287791
ENSG00000002822,ENSGALG00010019848,MAD1L1,0,-3.1465160363049147,-2.310370879541317,1.3619094943447345,0.30888775496485793
ENSG00000159650,ENSGALG00010021202,UROC1,0,-1.8142938539655693,-0.2097614463958284,8.649319906680672,2.1574806943476736
ENSG00000143324,ENSGALG00010009804,XPR1,0,0.7037197705303129,-1.00629393032363,-0.699318309814303,
ENSG00000067208,ENSGALG00010021817,EVI5,0,-0.0857884995841367,-1.1851332779938293,0.07238721684480738,-2.6257255580965584
ENSG00000075785,ENSGALG00010027283,RAB7A,0,-0.3759537879385117,-0.4891328493796485,0.7686128388541514,-0.2631678967830599
ENSG00000154803,ENSGALG00010021700,FLCN,0,-2.304747240254338,-1.6286795232511495,1.4151017479814756,0.34720143521072755
ENSG00000138443,ENSGALG00010022079,ABI2,0,-0.5501553570691708,-1.2301959752776397,0.4472095244377691,-0.8047280594302791
ENSG00000183034,ENSGALG00010029679,OTOP2,0,-1.5894911528533786,-1.50279140690977,1.0576924685255498,0.056089618711551784
ENSG00000008283,ENSGALG00010023314,CYB561,0,-1.1881784052088342,-1.9563254861099704,0.6073521066126127,-0.4986465793103623
ENSG00000161526,ENSGALG00010029812,SAP30BP,0,-0.5850859612121795,-0.7414898677166383,0.7890680462214639,-0.23690271822833364
ENSG00000132436,ENSGALG00010000695,FIGNL1,0,0.5077426536264653,-1.1025007273395062,-0.4605372504848335,
ENSG00000161328,ENSGALG00010025587,LRRC56,0,-3.795795988852946,-2.0383109074970225,1.8622262064593749,0.6217726572222531
ENSG00000075303,ENSGALG00010004234,SLC25A40,0,1.6378936702946714,-0.1176404751067456,-13.922875343783383,
ENSG00000213445,ENSGALG00010000569,SIPA1,0,-3.1442893046043583,-2.959806182202607,1.062329460459625,0.06046410113097301
ENSG00000188313,ENSGALG00010016973,PLSCR1,0,0.2656279636634409,-0.7599911274391175,-0.3495145588850578,
ENSG00000136279,ENSGALG00010019115,DBNL,0,-2.805487651468836,-2.667776381217428,1.0516202449429304,0.050332065250595075
ENSG00000108773,ENSGALG00010023179,KAT2A,0,-1.915328748746944,-1.9769426629814613,0.968833737372233,-0.031662263472390005
ENSG00000131788,ENSGALG00010028748,PIAS3,0,-1.7064471751554873,-2.762862673696774,0.6176373481756231,-0.4818538090177025
ENSG00000134108,ENSGALG00010021730,ARL8B,0,1.048356214414607,-0.2602584564082071,-4.028135065745159,
ENSG00000049239,ENSGALG00010017425,H6PD,0,-2.489345007483589,-1.870790802207708,1.3306378268195083,0.2856583963144075
ENSG00000108784,ENSGALG00010021204,NAGLU,0,-1.8090257685808329,-2.079702505386291,0.8698483383539599,-0.13943640626073586
ENSG00000068885,ENSGALG00010001173,IFT80,0,1.3618104749635016,-0.0967465341422073,-14.076064709065262,
ENSG00000139200,ENSGALG00010021697,PIANP,0,-2.9852989954343645,-2.529902228610735,1.1800056783513349,0.16551925062814316
ENSG00000187778,ENSGALG00010023080,MCRS1,0,-1.8750128109415432,-2.224457921896196,0.8429077450668183,-0.17089776342580534
ENSG00000146872,ENSGALG00010023142,TLK2,0,-0.4102973025375078,-1.3946195650297497,0.2942001624140096,-1.2234949187618946
ENSG00000138411,ENSGALG00010010928,HECW2,0,-1.458286410271734,-1.200364863306493,1.2148692908710916,0.19463649147545337
ENSG00000133019,ENSGALG00010008996,CHRM3,0,-0.9832498015846536,-0.9675214772663416,1.0162563050928348,0.01612558613402907
ENSG00000213672,ENSGALG00010027130,NCKIPSD,0,-2.2017508216322863,-2.358987349803095,0.9333457518608851,-0.06897956601023568
ENSG00000169902,ENSGALG00010029670,TPST1,0,0.1648803830040623,-0.6861610555831156,-0.2402939975425203,
ENSG00000138375,ENSGALG00010019294,SMARCAL1,0,-1.2539172134346952,-0.5926525012056114,2.115771402101395,0.7494194751266973
ENSG00000153237,ENSGALG00010010784,CCDC148,0,0.6857388519415082,-0.6121124732836407,-1.1202824347997733,
ENSG00000119004,ENSGALG00010022116,CYP20A1,0,0.6569938337149903,-1.564745083071897,-0.41987275807582947,
ENSG00000136267,ENSGALG00010004094,DGKB,0,0.2048683411673071,-0.3715760080978167,-0.551349755373269,
ENSG00000196950,ENSGALG00010010868,SLC39A10,0,0.3021140207937556,-0.8199878887810104,-0.36843717441104734,
ENSG00000114107,ENSGALG00010020646,CEP70,0,0.6324193009866335,-1.362970606760641,-0.46400068926629184,
ENSG00000167183,ENSGALG00010023722,PRR15L,0,-1.1003030446073725,-2.1659244214469746,0.5080062045158069,-0.6772616178644476
ENSG00000067191,ENSGALG00010021720,CACNB1,0,-2.3236859185235765,-2.645916597379428,0.878215859420892,-0.12986286200950634
ENSG00000132128,ENSGALG00010023090,LRRC41,0,-1.8665481640694708,-2.0696820920203804,0.9018525943022415,-0.10330419322512373
ENSG00000131778,ENSGALG00010025448,CHD1L,0,-0.3318923043389112,-0.7609364681567004,0.4361629626490241,-0.8297393379231573
ENSG00000136270,ENSGALG00010025951,TBRG4,0,-2.084581854835198,-2.6254656043195985,0.7939855892248214,-0.23068996749061216
ENSG00000144524,ENSGALG00010017626,COPS7B,0,-0.974048358086158,-1.398581031836814,0.6964547179700415,-0.3617525015583973
ENSG00000198909,ENSGALG00010021605,MAP3K3,0,-1.943137364545244,-1.6676246145213307,1.165212690928645,0.1529036376750041
ENSG00000177463,ENSGALG00010021978,NR2C2,0,-1.227241269433346,-0.3181617390351801,3.8572874072002934,1.349964192187627
ENSG00000152332,ENSGALG00010013027,UHMK1,0,0.2984098761494653,-1.5094676505900142,-0.1976921307540603,
ENSG00000057935,ENSGALG00010020272,MTA3,0,-0.0070980908290891,-0.5022261549811688,0.014133256021592992,-4.259224675597603
ENSG00000117525,ENSGALG00010021018,F3,0,-0.1817712767047741,-0.0276044213113009,6.584860977699948,1.884773223005785
ENSG00000233670,ENSGALG00010029334,PIRT,0,-1.2533692843410424,-2.441307516663977,0.5134008213982643,-0.6666984106276698
ENSG00000052841,ENSGALG00010021074,TTC17,0,-0.3741326659294817,-1.2299979434575268,0.3041734077032633,-1.190157320127082
ENSG00000131242,ENSGALG00010029588,RAB11FIP4,0,-2.488000225977718,-2.029882185639932,1.2256870096100485,0.20350151096505562
ENSG00000141198,ENSGALG00010029234,TOM1L1,0,-0.08694003578948,-1.0302050344874638,0.08439100264418087,-2.472294486804741
ENSG00000146859,ENSGALG00010012028,TMEM140,0,-1.5926697793246696,-0.6845152124842595,2.326712029590275,0.844456124874679
ENSG00000126107,ENSGALG00010025940,HECTD3,0,-1.4291373518518995,-1.777174357649946,0.8041627123979694,-0.21795365167451833
ENSG00000146926,ENSGALG00010024823,ASB10,0,-2.586368576105107,-2.8357184984544284,0.9120681680903001,-0.09204054598807891
ENSG00000010803,ENSGALG00010013017,SCMH1,0,-1.4079079033271782,-1.831129829884111,0.7688738834079735,-0.2628283236959553
ENSG00000121057,ENSGALG00010029522,AKAP1,0,-1.8849312304964805,-1.4544533002163442,1.2959723287204232,0.25926124640617104
ENSG00000162461,ENSGALG00010021797,SLC25A34,0,-1.8782504892995144,-2.061279522452561,0.9112061071002762,-0.0929861646105666
ENSG00000019144,ENSGALG00010024907,PHLDB1,0,-3.0648629459990584,-3.000690784023932,1.021385796336226,0.02116032906092141
ENSG00000076864,ENSGALG00010018377,RAP1GAP,0,-2.351633535471798,-2.711432278133048,0.8673030687275772,-0.14236680304412144
ENSG00000166260,ENSGALG00010029237,COX11,0,0.0324838982713977,-1.4585775662293503,-0.02227094329674467,
ENSG00000070882,ENSGALG00010002404,OSBPL3,0,-0.821859707005995,-0.9929869371639816,0.827664167822052,-0.18914780129035264
ENSG00000163171,ENSGALG00010010080,CDC42EP3,0,-1.6280688615730998,-1.3734481253416702,1.185387952798063,0.17007010733536393
ENSG00000136295,ENSGALG00010020065,TTYH3,0,-2.936705944505734,-1.8716517919171487,1.5690450313397457,0.4504671740017199
ENSG00000163833,ENSGALG00010021826,FBXO40,0,-1.0761087604375703,-1.2439231563460391,0.8650926344988905,-0.14491868587795476
ENSG00000163611,ENSGALG00010022544,SPICE1,0,-0.3627993694229001,-1.5556232116042623,0.23321802266549957,-1.4557815433346926
ENSG00000158528,ENSGALG00010002868,PPP1R9A,0,-0.4180885416312492,-1.3603303159094358,0.3073433979538566,-1.1797895964069034
ENSG00000149403,ENSGALG00010025846,GRIK4,0,-1.4853282059486173,-2.1405952719127934,0.6938855866113156,-0.365448192856978
ENSG00000121068,ENSGALG00010029321,TBX2,0,-2.596249635159838,-2.3122861995454262,1.1228063531539634,0.11583122380269527
ENSG00000131748,ENSGALG00010024345,STARD3,0,-1.5719779443689583,-1.262935043454308,1.2447021345368434,0.2188962519239779
ENSG00000106554,ENSGALG00010005317,CHCHD3,0,-0.8434417216330772,-1.2805589439620433,0.6586512285201589,-0.41756112809865925
ENSG00000127954,ENSGALG00010004483,STEAP4,0,0.9237565924815688,0.1125928166241422,8.20440077953869,2.1046706907403174
ENSG00000160999,ENSGALG00010029297,SH2B2,0,-2.8677372339383904,-2.6667088658625864,1.0753844450923136,0.07267822098932783
ENSG00000122779,ENSGALG00010013244,TRIM24,0,-0.7567859880452801,-1.209922523535501,0.6254830150891681,-0.4692311035778751
ENSG00000175220,ENSGALG00010022997,ARHGAP1,0,-1.7421496587306784,-1.509035559541613,1.1544788641427883,0.1436490422760899
ENSG00000115207,ENSGALG00010009351,GTF3C2,0,-1.365243131107432,-2.4500140476758707,0.5572388992636704,-0.5847612274822378
ENSG00000205339,ENSGALG00010021175,IPO7,0,1.2131844676791648,-0.3902591228069214,-3.108663953717185,
ENSG00000114805,ENSGALG00010001333,PLCH1,0,-0.4137133438816036,-1.3207017702345107,0.3132526609759465,-1.1607451905063761
ENSG00000144230,ENSGALG00010024064,GPR17,0,-1.6140311733024593,-0.8198412969228351,1.9687117242818943,0.6773793817682218
ENSG00000115461,ENSGALG00010019277,IGFBP5,0,-2.346266579441292,-2.7859879082601706,0.8421668207836976,-0.17177715991766973
ENSG00000171055,ENSGALG00010007551,FEZ2,0,-0.900626007387693,-1.4032479331461984,0.6418153101201544,-0.44345469562026957
ENSG00000151779,ENSGALG00010002952,NBAS,0,-0.1072129411546249,-0.6030789073270413,0.1777759756676166,-1.727231085011519
ENSG00000188176,ENSGALG00010029305,SMTNL2,0,-2.98749819565805,-1.537360452108907,1.9432646335866683,0.6643693595702709
ENSG00000118007,ENSGALG00010022783,STAG1,0,0.4372005931198934,-0.7680548685989745,-0.5692309377810474,
ENSG00000128487,ENSGALG00010029722,SPECC1,0,-1.6998667041159798,-1.6626069994854542,1.0224104100620632,0.02216298657488335
ENSG00000144619,ENSGALG00010020436,CNTN4,0,0.2597846007027513,-1.4469697222485491,-0.17953699839624393,
ENSG00000183077,ENSGALG00010029330,AFMID,0,-1.283570124768234,-1.4206650504430938,0.9034994732698598,-0.10147975193855752
ENSG00000092929,ENSGALG00010029781,UNC13D,0,-2.8046270356929046,-2.810883662155089,0.9977741425067064,-0.0022283383961917277
ENSG00000149043,ENSGALG00010024615,SYT8,0,-2.7944530274927875,-1.6914184516284674,1.6521358300202638,0.5020688932806819
ENSG00000143774,ENSGALG00010026040,GUK1,0,-2.755988939564832,-1.9207802014193531,1.4348278566846455,0.3610448815172435
ENSG00000162804,ENSGALG00010025389,SNED1,0,-2.68475564114568,-2.350922928407184,1.1420007047890237,0.13278172838688873
ENSG00000011143,ENSGALG00010029520,MKS1,0,-1.568040699085861,-1.8044548124195408,0.8689830791513815,-0.14043162553879207
ENSG00000108799,ENSGALG00010022210,EZH1,0,-0.309297599442857,-1.33000820300705,0.2325531517351232,-1.4586364704684887
ENSG00000134780,ENSGALG00010021181,DAGLA,0,-2.271304246033276,-1.856383247533838,1.2235104195486848,0.2017241200463332
ENSG00000158435,ENSGALG00010013491,CNOT11,0,-1.2069009818782153,-1.7991332991608882,0.6708235473386609,-0.3992491462820768
ENSG00000121988,ENSGALG00010019717,ZRANB3,0,0.3066631997709095,-0.7055696420514089,-0.4346320781025972,
ENSG00000117543,ENSGALG00010023646,DPH5,0,0.4929244614021915,-0.1634124748215463,-3.016443279134515,
ENSG00000108671,ENSGALG00010024133,PSMD11,0,-0.3468791525200263,-2.0380116509981208,0.17020469551787965,-1.770753474986751
ENSG00000143028,ENSGALG00010027714,SYPL2,0,-1.2314365279784294,-1.4943688560004302,0.8240512528307635,-0.19352255096967308
ENSG00000110063,ENSGALG00010024042,DCPS,0,-2.014050480357481,-1.8351507156670297,1.097485052951319,0.09302124669569482
ENSG00000169193,ENSGALG00010001414,CCDC126,0,0.9958843891591176,0.2124275602534043,4.688112917039247,1.5450301383837954
ENSG00000106009,ENSGALG00010020104,BRAT1,0,-2.930316496830377,-1.7008959942713884,1.7228075712446103,0.5439552689203477
ENSG00000117595,ENSGALG00010027212,IRF6,0,-1.2469414094714022,-1.674863341597435,0.744503374395971,-0.2950378944358787
ENSG00000099849,ENSGALG00010025580,RASSF7,0,-3.2799587663284573,-3.260527569737829,1.0059595253145461,0.005941837582427683
ENSG00000116667,ENSGALG00010011643,C1orf21,0,-0.1404399050962901,-0.7473157015638778,0.18792580538907064,-1.6717080462336513
ENSG00000143248,ENSGALG00010012829,RGS5,0,-0.2852477685295618,-2.1577488701987844,0.13219692637507122,-2.023462601645186
ENSG00000085552,ENSGALG00010028878,IGSF9,0,-2.699676825028492,-2.910742234847741,0.9274874266459084,-0.07527604076935077
ENSG00000144744,ENSGALG00010020061,UBA3,0,0.9532039958229124,0.2042878186906455,4.665985480349937,1.540299061796269
ENSG00000124356,ENSGALG00010020605,STAMBP,0,-0.9906736930151024,-1.5636332998674225,0.6335716264798785,-0.4563822209242252
ENSG00000131771,ENSGALG00010024327,PPP1R1B,0,-3.4078693165038043,-3.3039466129967505,1.0314541110011441,0.030969564901314185
ENSG00000144868,ENSGALG00010017132,TMEM108,0,-2.4794658478058214,-1.7114314037363227,1.4487672964237768,0.3707130544607996
ENSG00000167861,ENSGALG00010029669,HID1,0,-2.219567883766995,-1.729506716589495,1.2833531448457614,0.24947629705457725
ENSG00000138095,ENSGALG00010020375,LRPPRC,0,0.8626217635815916,-0.3025152959839969,-2.8514980069874696,
ENSG00000072849,ENSGALG00010029242,DERL2,0,0.7672504616269062,-0.8368656062145964,-0.9168144274651445,
ENSG00000198720,ENSGALG00010029699,ANKRD13B,0,-2.66917422019338,-3.06038557921844,0.8721692581217274,-0.13677177055817064
ENSG00000108852,ENSGALG00010024752,MPP2,0,-2.17727354026683,-2.320692721710844,0.9381998400295392,-0.06379230359563964
ENSG00000084628,ENSGALG00010012905,NKAIN1,0,-1.0665785576379625,-1.6984868811085898,0.6279580781582573,-0.4652818692671888
ENSG00000144815,ENSGALG00010006103,NXPE3,0,-0.3325145708255554,-0.556114726226127,0.597924412255806,-0.5142909339307971
ENSG00000143575,ENSGALG00010027870,HAX1,0,-1.814299121289052,-2.8037834522667486,0.6470896030940844,-0.4352705039710565
ENSG00000154783,ENSGALG00010022028,FGD5,0,-2.339627518248953,-1.4234551231587675,1.6436257667590681,0.49690463492970777
ENSG00000106089,ENSGALG00010029519,STX1A,0,-2.1087114286453854,-2.1569824713667027,0.9776210315280254,-0.022633177367385474
ENSG00000214063,ENSGALG00010024336,TSPAN4,0,-1.041351980940858,-0.7733559825341569,1.3465364003890206,0.2975356662416795
ENSG00000203705,ENSGALG00010019252,TATDN3,0,0.0463634198212385,-0.8528969813810419,-0.05435992954995005,
ENSG00000164659,ENSGALG00010005425,ELAPOR2,0,0.2368457013210037,-1.114416156732959,-0.21252895508563382,
ENSG00000146701,ENSGALG00010029614,MDH2,0,-0.8580399360606172,-0.3123977170539567,2.7466267812463507,1.0103735337569426
ENSG00000167549,ENSGALG00010029702,CORO6,0,-2.1448021193663305,-2.482625173163444,0.8639250671229406,-0.14626924180612724
ENSG00000054356,ENSGALG00010021360,PTPRN,0,-2.641640183122222,-2.7183499764723105,0.9717807515536917,-0.02862506421031163
ENSG00000006704,ENSGALG00010029382,GTF2IRD1,0,-2.340238541470137,-1.7245991650825712,1.3569753417792534,0.30525820955959787
ENSG00000143294,ENSGALG00010027334,PRCC,0,-1.5694850013460204,-1.8572724293834455,0.8450483496742794,-0.16836143471243883
ENSG00000145103,ENSGALG00010004374,ILDR1,0,-2.719636485292776,-2.524053407176875,1.0774876940241365,0.07463212207127719
ENSG00000159842,ENSGALG00010029718,ABR,0,-1.9065764065783544,-2.1303028444880767,0.8949790455903536,-0.11095497372957265
ENSG00000135931,ENSGALG00010015477,ARMC9,0,-1.316725219142814,-1.2374861659952825,1.064032273915403,0.06206572308668616
ENSG00000143093,ENSGALG00010024474,STRIP1,0,-1.4966215432802912,-2.045947641445472,0.7315053000197604,-0.3126508131349996
ENSG00000143641,ENSGALG00010009647,GALNT2,0,-1.049453998001859,-0.6064880903230309,1.7303785758478674,0.5483402145397677
ENSG00000183726,ENSGALG00010015769,TMEM50A,0,2.545054606539461,-0.4591087930542611,-5.543467354672656,
ENSG00000006125,ENSGALG00010029626,AP2B1,0,0.2369211498494472,-1.4516832315193495,-0.1632044406833043,
ENSG00000049449,ENSGALG00010023668,RCN1,0,-0.5913247315028904,-0.9214903195444069,0.6417047677671175,-0.44362694435282096
ENSG00000116406,ENSGALG00010011677,EDEM3,0,0.590533315818563,-0.3447841655665745,-1.7127622866559304,
ENSG00000178149,ENSGALG00010020657,DALRD3,0,-1.831570979466292,-2.407478222669237,0.7607840279591725,-0.2734057617158438
ENSG00000117598,ENSGALG00010024104,PLPPR5,0,0.6168638672919098,0.5336939694775137,1.1558381817501506,0.14482577926691445
ENSG00000168237,ENSGALG00010027467,GLYCTK,0,-1.9129701339156835,-2.1016762083028238,0.9102116331518417,-0.09407814260691098
ENSG00000135912,ENSGALG00010021574,TTLL4,0,-1.4304649995764809,-2.3212770887808825,0.6162405197079468,-0.4841179375846296
ENSG00000162614,ENSGALG00010022290,NEXN,0,0.4014418953348126,-0.2730043164783584,-1.470459883247435,
ENSG00000115657,ENSGALG00010021465,ABCB6,0,-1.1955917024872846,-2.541833029145272,0.4703659480297648,-0.7542442744104653
ENSG00000066135,ENSGALG00010021260,KDM4A,0,-0.761200445727388,-1.212316931557318,0.6278889834109347,-0.46539190614907794
ENSG00000055130,ENSGALG00010008300,CUL1,0,0.4844415747869401,-0.3948331879433913,-1.2269525196458315,
ENSG00000158286,ENSGALG00010019206,RNF207,0,-2.783000031068573,-2.9774550960681125,0.9346908488204145,-0.06753944734070862
ENSG00000204634,ENSGALG00010013480,TBC1D8,0,-1.343259436461235,-1.375480883300559,0.9765744131884941,-0.02370432758670652
ENSG00000013297,ENSGALG00010017612,CLDN11,0,-0.8004180618799523,-2.251582574594976,0.3554913201546405,-1.0342544459169687
ENSG00000154928,ENSGALG00010024555,EPHB1,0,-1.1083594549795848,-1.6413862444910512,0.6752581598021473,-0.39266020226225073
ENSG00000124380,ENSGALG00010019305,SNRNP27,0,-1.7091461451967334,-2.518415549678978,0.678659304424402,-0.38763603813631387
ENSG00000163637,ENSGALG00010020194,PRICKLE2,0,-2.0481385269156185,-2.467204699320725,0.8301453574077235,-0.186154464117962
ENSG00000185090,ENSGALG00010013284,MANEAL,0,-2.098397137298649,-1.0919458126204968,1.9217044591826664,0.6532125313899712
ENSG00000078018,ENSGALG00010011321,MAP2,0,-0.6408281396560618,-1.1925223661659248,0.5373720089765582,-0.621064670170373
ENSG00000070759,ENSGALG00010026106,TESK2,0,-0.9728967876776178,-1.3396785733452203,0.7262165768974443,-0.31990699335876255
ENSG00000106086,ENSGALG00010001969,PLEKHA8,0,0.3346178394927523,-0.7966275720883709,-0.4200430053099301,
ENSG00000182118,ENSGALG00010007821,FAM89A,0,-2.9712795961596026,-0.9332769040688784,3.1837063396784906,1.1580460337282146
ENSG00000143847,ENSGALG00010025188,PPFIA4,0,-2.754779013046816,-3.0273530034535923,0.9099629312816098,-0.09435141515630197
ENSG00000105982,ENSGALG00010024988,RNF32,0,-0.4855077566429226,-0.9065187648584256,0.5355738628518585,-0.6244164661096779
ENSG00000235750,ENSGALG00010014347,KIAA0040,0,-1.2653026536786791,-2.7538794146019,0.4594618947255506,-0.777699268317033
ENSG00000135766,ENSGALG00010007965,EGLN1,0,-1.4676211840844555,-1.2245201836380513,1.198527556911435,0.1810937674618758
ENSG00000118217,ENSGALG00010012932,ATF6,0,-0.3613791678619744,-1.4654298194823292,0.2466028485687793,-1.399976136944809
ENSG00000197415,ENSGALG00010001226,VEPH1,0,-0.3320080006038512,-1.667420522190684,0.19911473811516592,-1.6138740469692037
ENSG00000188191,ENSGALG00010022184,PRKAR1B,0,-2.077176033564495,-0.8057572572746833,2.5779178714320707,0.9469820465355521
ENSG00000088179,ENSGALG00010018829,PTPN4,0,0.657427659737035,-0.7655502197422549,-0.8587649023970987,
ENSG00000196083,ENSGALG00010014572,IL1RAP,0,0.4589317950052756,-1.4413081934458165,-0.3184133671703354,
ENSG00000169504,ENSGALG00010015874,CLIC4,0,0.3334358153101977,-1.0146481853682705,-0.32862209790399016,
ENSG00000164818,ENSGALG00010022203,DNAAF5,0,-2.742611684170127,-1.6834943713665833,1.6291184163234242,0.4880390196258226
ENSG00000082684,ENSGALG00010018458,SEMA5B,0,-2.64781327159435,-1.591138552078621,1.6640997530575306,0.509284288353142
ENSG00000106263,ENSGALG00010019991,EIF3B,0,-1.2397015918543328,-1.1779505107065482,1.0524224749567328,0.05109462586316222
ENSG00000185104,ENSGALG00010024514,FAF1,0,-0.066279791232171,-0.8556166316835858,0.0774643558549734,-2.557937372872483
ENSG00000010270,ENSGALG00010016137,STARD3NL,0,0.0898861259049699,-0.2635134285950582,-0.3411064338702,
ENSG00000113851,ENSGALG00010020509,CRBN,0,0.31684941526286,-0.687653465271211,-0.4607690228651642,
ENSG00000173369,ENSGALG00010016881,C1QB,0,-1.6976866669883233,-1.2878933147720522,1.318188896173284,0.2762587461245095
ENSG00000198758,ENSGALG00010027729,EPS8L3,0,-3.034300165562156,-3.087206322543844,0.9828627725347188,-0.017285769256838543
ENSG00000093183,ENSGALG00010027367,SEC22C,0,-0.043956099847227,-0.5441354256390394,0.08078154403493287,-2.516006754955107
ENSG00000072756,ENSGALG00010020484,TRNT1,0,0.9364057549728032,-0.7038715591170484,-1.3303645286470316,
ENSG00000160746,ENSGALG00010016347,ANO10,0,0.7828956066343302,0.042356464323033,18.483497599411287,2.916878312342767
ENSG00000135845,ENSGALG00010013609,PIGC,0,0.3355296358407571,-1.880311622760214,-0.17844363231037977,
ENSG00000116668,ENSGALG00010021186,SWT1,0,0.5266139617440242,-0.4770406377774934,-1.1039184506324036,
ENSG00000114857,ENSGALG00010027374,NKTR,0,-1.200834090355151,-1.5357673437603148,0.78191146284887,-0.24601376370990286
ENSG00000143147,ENSGALG00010005454,GPR161,0,-1.4944097172645332,-0.7182448965403865,2.080640912957052,0.7326759774799009
ENSG00000141738,ENSGALG00010024529,GRB7,0,-2.4215808391468343,-2.7305553926459227,0.8868455280814902,-0.12008446281775438
ENSG00000163931,ENSGALG00010027776,TKT,0,-1.6530885982209504,-0.1368974448690523,12.075379491576292,2.491168626918604
ENSG00000169087,ENSGALG00010018434,HSPBAP1,0,0.0805502462652025,-1.0756812070750406,-0.07488300970157531,
ENSG00000167291,ENSGALG00010029315,TBC1D16,0,-2.7355992705726155,-2.361801165757094,1.1582682362237287,0.14692598982588237
ENSG00000113971,ENSGALG00010018977,NPHP3,0,0.1939842893056305,-1.0016439010006355,-0.1936659217031537,
ENSG00000161204,ENSGALG00010018008,ABCF3,0,-1.4654842193434092,-2.290790316129541,0.6397286600283227,-0.44671116123430776
ENSG00000141314,ENSGALG00010029603,RHBDL3,0,-1.490034288818869,-0.892854070681019,1.6688441456982488,0.5121312584728763
ENSG00000184060,ENSGALG00010029597,ADAP2,0,-1.2614915826102455,-0.5296521945045121,2.3817357800062866,0.8678295411896523
ENSG00000128694,ENSGALG00010012926,OSGEPL1,0,0.8023711379528429,-0.8971405714518211,-0.8943650120007223,
ENSG00000160062,ENSGALG00010018370,ZBTB8A,0,-0.1480643754494455,-1.9271829674114411,0.07682943340264314,-2.5661674648187995
ENSG00000141258,ENSGALG00010029574,SGSM2,0,-2.3261228083902274,-0.9752156716725696,2.3852393639252623,0.869299481537167
ENSG00000115221,ENSGALG00010021106,ITGB6,0,-0.3428697264928022,-1.0578541203513463,0.3241181557046112,-1.1266471515680525
ENSG00000136478,ENSGALG00010029618,TEX2,0,-1.2716350449396074,-1.0816345974456156,1.1756604753053352,0.16183009631619868
ENSG00000011566,ENSGALG00010017313,MAP4K3,0,0.395067926425984,-0.5262152065426944,-0.7507725385239893,
ENSG00000180198,ENSGALG00010016936,RCC1,0,-1.4785888005727197,-2.345444013975733,0.6304089084038217,-0.4613866091870743
ENSG00000127252,ENSGALG00010013808,PLAAT1,0,0.6379768724681529,-1.7344467014295302,-0.3678273145795329,
ENSG00000114439,ENSGALG00010004689,BBX,0,-0.2809482133827217,-0.9550558493055704,0.29416940756606186,-1.2235994613811765
ENSG00000152527,ENSGALG00010020324,PLEKHH2,0,-0.2171679651153404,-0.980288066846508,0.22153484517459113,-1.5071753873116107
ENSG00000115840,ENSGALG00010022751,SLC25A12,0,0.4176934205364677,0.1000277272667526,4.175776376709714,1.4293002995080262
ENSG00000181038,ENSGALG00010029372,METTL23,0,0.5399360490925833,-1.25772490849233,-0.42929582251799375,
ENSG00000005882,ENSGALG00010025274,PDK2,0,-1.5919317448573214,-2.330659197428499,0.6830392648628154,-0.381202932245588
ENSG00000170190,ENSGALG00010029687,SLC16A5,0,-1.4906419290565367,-0.9728286720949746,1.5322758999757455,0.426754146471876
ENSG00000117133,ENSGALG00010020957,RPF1,0,0.1156776710076812,-0.2278837569749153,-0.5076170085277935,
ENSG00000122482,ENSGALG00010022152,ZNF644,0,0.4690243674044527,-0.8812823266817617,-0.5322067097049834,
ENSG00000155893,ENSGALG00010025346,PXYLP1,0,-0.8540282273740285,-0.7067035905809365,1.2084673670215624,0.18935291791850642
ENSG00000162511,ENSGALG00010013414,LAPTM5,0,-0.92386054616634,-1.1985394620533725,0.7708219674165382,-0.2602978433455143
ENSG00000163686,ENSGALG00010027118,ABHD6,0,-0.5394938865749364,-1.6885881899431068,0.319494054138276,-1.1410166152335637
ENSG00000114670,ENSGALG00010018522,NEK11,0,-0.1290992500168375,-0.749211824710509,0.17231341759284258,-1.7584402650452777
ENSG00000055732,ENSGALG00010020776,MCOLN3,0,1.1517593968484796,-0.1800658710760991,-6.396322578872957,
ENSG00000160602,ENSGALG00010029220,NEK8,0,-2.203012434496385,-1.924191522988833,1.144902889435071,0.13531982068893883
ENSG00000278259,ENSGALG00010029181,MYO19,0,-1.8927871880361984,-0.7362318658619039,2.570911795321871,0.9442606201580402
ENSG00000143196,ENSGALG00010005369,DPT,0,-0.1936465109385263,-0.3125711714007145,0.6195277385011062,-0.47879780328804833
ENSG00000065243,ENSGALG00010022983,PKN2,0,0.6483914868531713,-0.6636681745785821,-0.9769814369430759,
ENSG00000154309,ENSGALG00010016786,DISP1,0,-0.3112865139290637,-0.5702946057610019,0.5458345752958378,-0.6054393247922751
ENSG00000126062,ENSGALG00010028130,TMEM115,0,-1.6029327599398648,-2.5302195742953755,0.6335152791576419,-0.4564711608730528
ENSG00000082126,ENSGALG00010024947,MPP4,0,-0.5146601577718339,-0.5023959897036484,1.0244113574143374,0.02411816217589484
ENSG00000115514,ENSGALG00010015856,TXNDC9,0,0.6301973724040906,-0.248461782447761,-2.5363956025574654,
ENSG00000141576,ENSGALG00010029456,RNF157,0,-1.9353799130941256,-2.794380813739465,0.6925970517612391,-0.36730690379267183
ENSG00000179314,ENSGALG00010029269,WSCD1,0,-2.3833163555945287,-1.2338914542771957,1.931544583871567,0.658319985369615
ENSG00000141293,ENSGALG00010021479,SKAP1,0,-0.5118974629819135,-2.2593465888057693,0.22656880777751276,-1.484706593095819
ENSG00000010244,ENSGALG00010029607,ZNF207,0,-0.111109840432876,0.228078667080143,-0.48715577767662893,
ENSG00000034533,ENSGALG00010018497,ASTE1,0,0.0721688741423847,-1.892582240641107,-0.0381324904105291,
ENSG00000162618,ENSGALG00010021613,ADGRL4,0,1.4254131995244617,-0.0776884048416548,-18.347824265792966,
ENSG00000141696,ENSGALG00010022608,P3H4,0,-2.0269684479175005,-1.7687108128020412,1.1460146188094595,0.13629037458942286
ENSG00000092931,ENSGALG00010029369,MFSD11,0,1.025304316008656,0.4785807427368643,2.142385232939458,0.7619198031656396
ENSG00000142949,ENSGALG00010021153,PTPRF,0,-1.9216212173328664,-1.716558804636929,1.1194613386631462,0.11284762199240853
ENSG00000144504,ENSGALG00010028026,ANKMY1,0,-2.1323181566282248,-0.7601589241785223,2.805095209442615,1.0314374811589078
ENSG00000141540,ENSGALG00010029496,TTYH2,0,-1.55022049911158,-2.543530110027693,0.6094759771075413,-0.49515574493512
ENSG00000121067,ENSGALG00010024203,SPOP,0,0.0665237713704076,-0.6656079030672323,-0.09994438326806963,
ENSG00000114354,ENSGALG00010005769,TFG,0,-0.052972175721246,-1.5612739521937409,0.033928815405403365,-3.38349061369251
ENSG00000163702,ENSGALG00010019246,IL17RC,0,-2.2752919295811527,-2.87999976895028,0.7900319833742434,-0.23568184905672446
ENSG00000123607,ENSGALG00010025541,TTC21B,0,1.291033155701106,-0.1520999051539565,-8.488060228534096,
ENSG00000007923,ENSGALG00010018917,DNAJC11,0,-1.1646870122191384,-0.6842995024550446,1.7020135306844728,0.5318119799929506
ENSG00000126705,ENSGALG00010016852,AHDC1,0,-3.1982461590616094,-3.068623237889055,1.0422413933297734,0.041373579965612306
ENSG00000196187,ENSGALG00010015917,TMEM63A,0,-1.098778102948236,0.2542287118502301,-4.322006334184403,
ENSG00000134313,ENSGALG00010003160,KIDINS220,0,-0.1467577024783093,-0.5149238775579816,0.2850085398531243,-1.2552361347654828
ENSG00000163468,ENSGALG00010028186,CCT3,0,-0.3293010122446382,-2.065816666261567,0.1594047611400881,-1.83630864393729
ENSG00000107404,ENSGALG00010018012,DVL1,0,-3.3926639476265184,-1.9054171859554336,1.78053602782287,0.5769144581970093
ENSG00000119787,ENSGALG00010016994,ATL2,0,1.09064321867009,-0.4292694260585281,-2.5406962445105234,
ENSG00000159202,ENSGALG00010026856,UBE2Z,0,-1.3276400405511168,-1.452782192867585,0.9138603481438223,-0.09007751116705193
ENSG00000108349,ENSGALG00010024504,CASC3,0,-1.8931232992753664,-2.274280572042903,0.8324053428354458,-0.18343576589189953
ENSG00000243710,ENSGALG00010022534,CFAP57,0,-0.5089158761178556,-1.1056777764733812,0.4602750339624897,-0.7759310682514821
ENSG00000005448,ENSGALG00010006065,WDR54,0,-1.4357255245714509,-2.1686679616026927,0.6620310485476156,-0.4124428230156237
ENSG00000115020,ENSGALG00010022245,PIKFYVE,0,-0.2056857088105523,-1.3286068206278023,0.15481307608624217,-1.8655368505526133
ENSG00000143318,ENSGALG00010028479,CASQ1,0,-0.3908121429718516,-1.7006162358259769,0.22980619303686523,-1.4705189642488719
ENSG00000117395,ENSGALG00010022506,EBNA1BP2,0,-0.4046157505274568,-0.8913299648520799,0.4539460878493012,-0.7897768372226514
ENSG00000011295,ENSGALG00010029730,TTC19,0,-0.5669309257383812,-1.355882825007433,0.4181267844699436,-0.8719705803181536
ENSG00000141577,ENSGALG00010029531,CEP131,0,-3.7836659785694815,-3.2074574171019115,1.1796465195127053,0.165214833865598
ENSG00000284770,ENSGALG00010009452,TBCE,0,0.055514829197298,-0.8423024521769883,-0.06590842642546763,
ENSG00000144028,ENSGALG00010020131,SNRNP200,0,-0.718612545356331,-2.088828252332364,0.34402663050633087,-1.0670362103424784
ENSG00000244045,ENSGALG00010029406,VMA12,0,-1.0709699464929,-2.3967307626493324,0.44684616360873836,-0.8055408966033882
ENSG00000153827,ENSGALG00010023215,TRIP12,0,-0.2201333433326322,-0.8910233333663173,0.24705676618025335,-1.3981371461672074
ENSG00000004487,ENSGALG00010014192,KDM1A,0,-0.3832971995161927,-1.0538818137187953,0.3637003642407164,-1.0114249255029852
ENSG00000142733,ENSGALG00010016816,MAP3K6,0,-2.3550423212770912,-3.057858529586354,0.770160652787186,-0.2611561459133434
ENSG00000162885,ENSGALG00010009439,B3GALNT2,0,-0.1813041672026951,-1.1630183878080966,0.15589105821825675,-1.8585978604436464
ENSG00000162591,ENSGALG00010021409,MEGF6,0,-3.2294180942181985,-2.694663464139428,1.1984495048065493,0.181028642011858
ENSG00000141524,ENSGALG00010029342,TMC6,0,-2.5890347648717125,-2.5572517699173463,1.012428574819363,0.01235197412197196
ENSG00000117479,ENSGALG00010005266,SLC19A2,0,0.7441283331437543,-1.0125099897713643,-0.7349343124128449,
ENSG00000160087,ENSGALG00010016541,UBE2J2,0,-1.6715948283076134,-0.1830438873289707,9.132207869380442,2.2118074911527263
ENSG00000117122,ENSGALG00010020382,MFAP2,0,-2.091261054544079,-2.450290201762614,0.8534748467915074,-0.1584392078421241
ENSG00000174332,ENSGALG00010025250,GLIS1,0,-3.535039517183547,-2.038526122117423,1.7341153879900697,0.5504974205446406
ENSG00000275066,ENSGALG00010029935,SYNRG,0,-0.2033165892556372,-1.1070141064624166,0.18366214853879087,-1.6946573584072169
ENSG00000143418,ENSGALG00010028577,CERS2,0,-0.0173970580451463,-1.353141668100174,0.012856789836035398,-4.353883215281388
ENSG00000143870,ENSGALG00010002609,PDIA6,0,0.0241794781641324,-0.2629046813812181,-0.09197051203919636,
ENSG00000077232,ENSGALG00010022293,DNAJC10,0,1.237137293129008,-0.1526557615206973,-8.104098271857726,
ENSG00000131697,ENSGALG00010019618,NPHP4,0,-2.387950531205893,-2.6987771949873363,0.8848268525616834,-0.12236329993850052
ENSG00000173163,ENSGALG00010017876,COMMD1,0,-1.2150368995647651,-1.4264598494583094,0.8517848574750765,-0.1604212987406409
ENSG00000116198,ENSGALG00010021259,CEP104,0,-0.6071053317186763,-0.66552154728921,0.9122249072047727,-0.09186871053358882
ENSG00000160753,ENSGALG00010028380,RUSC1,0,-2.7518059646925632,-3.0381587129319234,0.9057479298166684,-0.09899423481081178
ENSG00000162975,ENSGALG00010002644,KCNF1,0,-2.258920278122732,-1.07365404294253,2.1039554528493927,0.7438191220512222
ENSG00000135940,ENSGALG00010019149,COX5B,0,-1.216116246551188,-1.9919102452079,0.610527632696753,-0.49343172405314545
ENSG00000144362,ENSGALG00010023663,PHOSPHO2,0,2.411666531552237,-0.4065836257510403,-5.93153875072419,
ENSG00000197121,ENSGALG00010010973,PGAP1,0,1.408753036912815,-0.1736785537085036,-8.111266514098338,
ENSG00000117859,ENSGALG00010027084,OSBPL9,0,0.1581156819852101,-0.7379706461117718,-0.21425741364956968,
ENSG00000187961,ENSGALG00010021487,KLHL17,0,-2.90569489210902,-2.1815740822752345,1.331925840023996,0.2866258949105897
ENSG00000116885,ENSGALG00010018258,OSCP1,0,-0.521074069355624,-1.156737776461342,0.45046861956015505,-0.7974668612740952
ENSG00000130147,ENSGALG00010010719,SH3BP4,0,-2.047906723598702,-1.590612557347992,1.2874956343945574,0.2526989627884967
ENSG00000077254,ENSGALG00010022345,USP33,0,0.8303563443470985,-0.6856178591259432,-1.2111066438754592,
ENSG00000128699,ENSGALG00010012892,ORMDL1,0,1.372887155022548,0.1851771922051689,7.413910637015406,2.003358051380394
ENSG00000115194,ENSGALG00010009343,SLC30A3,0,-2.3001074103359542,-2.8488544382200462,0.8073797592035109,-0.21396113998390928
ENSG00000162981,ENSGALG00010002918,LRATD1,0,-3.003112955158814,-2.7227055925289663,1.1029884991602759,0.09802331334508849
ENSG00000117461,ENSGALG00010023309,PIK3R3,0,0.6115637034878372,-1.7177297756429049,-0.3560302162538596,
ENSG00000116962,ENSGALG00010009327,NID1,0,-1.4880054065580506,-0.436729454126238,3.4071560608044953,1.225877943560059
ENSG00000115252,ENSGALG00010022334,PDE1A,0,0.5793123181983226,-0.4430250365471049,-1.3076288480520828,
ENSG00000115705,ENSGALG00010002300,TPO,0,-1.9854120763672736,-0.569320985830307,3.487333377447375,1.2491373689301017
ENSG00000134324,ENSGALG00010002832,LPIN1,0,-1.2592882070050884,-0.6541364401150989,1.9251155107388755,0.6549859715181214
ENSG00000183386,ENSGALG00010014655,FHL3,0,-1.5171816932065436,-1.753779840901888,0.8650924465104622,-0.14491890318236955
ENSG00000133067,ENSGALG00010025865,LGR6,0,-2.200884699419859,-2.5172024359100487,0.8743375852582828,-0.1342887247472189
ENSG00000138413,ENSGALG00010022213,IDH1,0,0.8318405532111957,-0.22918033780606,-3.6296331577760683,
ENSG00000162670,ENSGALG00010010155,BRINP3,0,-0.1551885532072408,-0.9388054706860042,0.1653042702167483,-1.7999674413566547
ENSG00000162757,ENSGALG00010027743,C1orf74,0,-1.3201421599797063,-2.4372620119600743,0.5416496681528437,-0.6131358552505034
ENSG00000224051,ENSGALG00010018025,CPTP,0,-2.6324002687217583,-2.6719491870801453,0.9851984766216286,-0.014912159000014401
ENSG00000069812,ENSGALG00010019092,HES2,0,-2.9335114115355427,-3.055053559059154,0.9602160338030074,-0.04059698462541432
ENSG00000074054,ENSGALG00010021749,CLASP1,0,-0.957055958425558,-1.415723064202488,0.6760191895048989,-0.3915338165005053
ENSG00000117640,ENSGALG00010015486,MTFR1L,0,-1.5875672981288709,-1.428030352091799,1.1117181758800714,0.10590672475054062
ENSG00000198952,ENSGALG00010028182,SMG5,0,-1.7677385331855433,-2.1112743473932287,0.837285090574872,-0.17759065648126038
ENSG00000213160,ENSGALG00010023639,KLHL23,0,1.1321589052489465,-0.996187392910496,-1.136491902332945,
ENSG00000135932,ENSGALG00010024970,CAB39,0,0.6455749072397658,-0.1054432752698295,-6.122485341883953,
ENSG00000085978,ENSGALG00010023002,ATG16L1,0,-0.7351605400582706,-1.5001514359374433,0.49005755182233945,-0.713232442075841
ENSG00000158710,ENSGALG00010028686,TAGLN2,0,-0.8701511737284076,-2.363137686952573,0.36821856742952913,-0.9990785838893255
ENSG00000151690,ENSGALG00010012798,MFSD6,0,-0.1072783822906853,-1.1108116987081051,0.09657656866186418,-2.337419127622394
ENSG00000138074,ENSGALG00010009208,SLC5A6,0,-0.559065622416238,-2.1707210137444006,0.2575483532321244,-1.356547796964487
ENSG00000132694,ENSGALG00010027826,ARHGEF11,0,-2.3245192529200303,-2.9347875523027604,0.7920570778951657,-0.2331218217150367
ENSG00000197245,ENSGALG00010016383,FAM110D,0,-3.2970305980062538,-2.6583583145377503,1.240250638890852,0.21531348732958966
ENSG00000143702,ENSGALG00010010897,CEP170,0,-0.3954284369315921,-1.194602992707221,0.33101242784891094,-1.1055993579385894
ENSG00000135953,ENSGALG00010012991,SLC67A2,0,-1.1446885798651607,0.2415712455554785,-4.738513382389607,
ENSG00000173641,ENSGALG00010016602,HSPB7,0,-2.395136485856611,-2.803102974039553,0.8544589720886987,-0.15728679151869587
ENSG00000158292,ENSGALG00010019169,GPR153,0,-2.5252595304751804,-2.546666115393168,0.9915942711183862,-0.008441256249664499
ENSG00000204923,ENSGALG00010017849,FBXO48,0,-0.0851904803153846,-1.3075780493771905,0.06515135395241721,-2.7310421935486824
ENSG00000163521,ENSGALG00010021421,GLB1L,0,-0.3124087189305005,-1.93083179149024,0.16180006995294993,-1.8213938420157507
ENSG00000115524,ENSGALG00010010748,SF3B1,0,1.0655498197144784,-0.0447633061246212,-23.804091162256515,
ENSG00000163516,ENSGALG00010021434,ANKZF1,0,-1.721482190292047,-2.680211877150789,0.6422933220197786,-0.4427101917523884
ENSG00000162616,ENSGALG00010022186,DNAJB4,0,0.9797336008227902,0.5371873977003391,1.8238208956817672,0.6009336936739501
ENSG00000037637,ENSGALG00010020283,FBXO42,0,-1.0601296873511146,-2.020453957275524,0.5246987606590371,-0.6449309702914274
ENSG00000117643,ENSGALG00010015573,MAN1C1,0,-2.1173784023409574,-1.1834489870536804,1.7891589967155168,0.5817456752088337
ENSG00000143924,ENSGALG00010018756,EML4,0,0.0582238961618397,-0.9356112720804172,-0.06223086221735395,
ENSG00000116786,ENSGALG00010021791,PLEKHM2,0,-2.558237100240184,-2.3235933539790987,1.1009831371135845,0.09620354165012279
ENSG00000144366,ENSGALG00010013271,GULP1,0,0.4287887919152719,-0.7162627095978409,-0.5986473764019118,
ENSG00000116679,ENSGALG00010021168,IVNS1ABP,0,0.9874462033594718,-0.6900162959701888,-1.431047656593509,
ENSG00000009790,ENSGALG00010027209,TRAF3IP3,0,-2.1240532402122394,-2.842169395700951,0.7473352022666454,-0.2912414632184424
ENSG00000027869,ENSGALG00010027341,SH2D2A,0,-3.285433774479392,-2.63805020190062,1.2454022945099208,0.21945860584244153
ENSG00000128652,ENSGALG00010024724,HOXD3,0,-2.5383836386698366,-2.568447143041104,0.9882950659690541,-0.011773976054984508
ENSG00000077044,ENSGALG00010023103,DGKD,0,-1.81608514969445,-1.6896104636205376,1.0748543458963313,0.07218516021027098
ENSG00000122484,ENSGALG00010021932,RPAP2,0,-0.0627197271158568,-0.8510362470090419,0.07369806789814727,-2.6077786958951084
ENSG00000117151,ENSGALG00010020946,CTBS,0,1.3717514939328854,-0.2243629079956653,-6.113985177796803,
ENSG00000218739,ENSGALG00010007033,CEBPZOS,0,1.917243569430344,-0.944438245110794,-2.0300359280827602,
ENSG00000135956,ENSGALG00010020102,TMEM127,0,-1.6691333574583354,-2.677479956944305,0.6233971436944935,-0.47257149347766203
ENSG00000134243,ENSGALG00010024856,SORT1,0,-0.2088219226735876,-2.574763264490694,0.08110334862762383,-2.512031028606847
ENSG00000163162,ENSGALG00010013506,RNF149,0,-0.5962572780640443,-0.9208597659751744,0.6475006294064962,-0.43463551335255185
ENSG00000055813,ENSGALG00010018897,CCDC85A,0,-3.263485684258468,-2.7979749361097084,1.1663741665949314,0.15389993404596064
ENSG00000123600,ENSGALG00010022816,METTL8,0,0.6581289615548034,-0.5298108330585727,-1.2421961207464487,
ENSG00000135870,ENSGALG00010011389,RC3H1,0,-0.8264195139318335,-1.651912921121227,0.5002803134265127,-0.6925867107994433
ENSG00000142686,ENSGALG00010015032,C1orf216,0,-3.369894860937057,-3.252540055745422,1.036080971542329,0.03544529864251581
ENSG00000117308,ENSGALG00010015299,GALE,0,-1.326852081243869,-1.1950245871948482,1.110313624892411,0.10464252036405404
ENSG00000171853,ENSGALG00010002422,TRAPPC12,0,-2.175666464496695,-1.0332161297810811,2.105722512246956,0.7446586444641001
ENSG00000171612,ENSGALG00010016965,SLC25A33,0,0.4157880660679929,-0.2258047861610117,-1.8413607308195508,
ENSG00000143624,ENSGALG00010028197,INTS3,0,-1.1976223600242637,-2.5324429735714835,0.4729118769988596,-0.7488462144037485
ENSG00000188687,ENSGALG00010020707,SLC4A5,0,-1.2070759235552746,-1.5820774994735478,0.7629688962499885,-0.27053801360069707
ENSG00000137996,ENSGALG00010023788,RTCA,0,0.7749999977494664,0.066719829245746,11.615737128087446,2.4523608276686133
ENSG00000116906,ENSGALG00010010888,GNPAT,0,0.6597402627263804,-0.1446999944682595,-4.559366191759579,
ENSG00000163082,ENSGALG00010023552,SGPP2,0,-0.0400919203646701,-1.5062912898759575,0.026616312949649768,-3.6262309823831105
ENSG00000162630,ENSGALG00010012618,B3GALT2,0,0.7285635171602767,-0.8207994447241226,-0.8876267178825308,
ENSG00000121310,ENSGALG00010025031,ECHDC2,0,-1.81854591708176,0.1828872997712619,-9.943533090357969,
ENSG00000003400,ENSGALG00010024881,CASP10,0,-0.5968651501265398,-0.8425513669117042,0.7084020910372445,-0.3447434213030487
ENSG00000168427,ENSGALG00010024935,KLHL30,0,-2.431449718730372,-2.50491737069219,0.9706706285718651,-0.029768076708897168
ENSG00000048991,ENSGALG00010019786,R3HDM1,0,-1.047735838445691,-1.4026020186800352,0.7469943893505139,-0.29169760478714674
ENSG00000138399,ENSGALG00010023716,FASTKD1,0,1.002083354062643,-0.830592539142202,-1.2064680415953999,
ENSG00000138036,ENSGALG00010020341,DYNC2LI1,0,0.9542818428879816,-0.4909626688952239,-1.943695322162334,
ENSG00000144034,ENSGALG00010008199,TPRKB,0,1.5946482449380763,0.0185856956661044,85.79976093369002,4.452016220169406
ENSG00000187957,ENSGALG00010026581,DNER,0,-1.3770341694768984,-1.4866114515054565,0.9262905704664176,-0.07656730255760598
ENSG00000136709,ENSGALG00010024106,WDR33,0,-1.4508477978646308,-1.131408008491222,1.282338278477801,0.24868519145889728
ENSG00000118197,ENSGALG00010012180,DDX59,0,0.2908223553855684,-0.5257393490622893,-0.5531683255291434,
ENSG00000177888,ENSGALG00010010334,ZBTB41,0,0.3077550698831484,-1.1858840878382697,-0.2595153042690289,
ENSG00000143036,ENSGALG00010021002,SLC44A3,0,0.4556637887298755,-0.1137423609169534,-4.006104542375104,
ENSG00000142661,ENSGALG00010015751,MYOM3,0,-1.90410657368774,-0.3528922125234613,5.395717179678907,1.6856055240139534
ENSG00000054523,ENSGALG00010016707,KIF1B,0,-0.6623869758925949,-1.3307849321103808,0.4977415658307542,-0.6976742807705353
ENSG00000172878,ENSGALG00010022660,METAP1D,0,-0.5157147483075359,-0.6808039319743786,0.7575084750346952,-0.27772055349658575
ENSG00000061676,ENSGALG00010011212,NCKAP1,0,0.9213704086080908,-0.3480730203335684,-2.6470606877979654,
ENSG00000155367,ENSGALG00010027516,PPM1J,0,-2.0657227869420804,-2.331225464540076,0.8861102533253358,-0.12091389669988349
ENSG00000162378,ENSGALG00010025007,ZYG11B,0,0.000423702402438,-0.6501255427732421,-0.0006517239741583012,
ENSG00000076258,ENSGALG00010013980,FMO4,0,0.6234008866795904,-1.5528320727735316,-0.4014605942329145,
ENSG00000198715,ENSGALG00010028185,GLMP,0,-1.889769558811249,-1.6153736292492136,1.1698653021156276,0.15688861578521293
ENSG00000162444,ENSGALG00010017142,RBP7,0,-0.5226010271635495,-0.9208703050123918,0.5675077416645736,-0.5665008880199373
ENSG00000162407,ENSGALG00010026553,PLPP3,0,-0.851411372698669,-1.0217156067388613,0.8333154226901027,-0.1823430497968043
ENSG00000198625,ENSGALG00010027229,MDM4,0,0.2095317764657132,-1.2303981351436872,-0.17029591518459497,
ENSG00000187583,ENSGALG00010021877,PLEKHN1,0,-3.8254763838154258,-2.859622303704998,1.3377558214100664,0.29099344984254183
ENSG00000115590,ENSGALG00010013619,IL1R2,0,-0.4603871534506663,-0.0957831821297378,4.8065552137020715,1.5699806557566363
ENSG00000132854,ENSGALG00010023821,KANK4,0,-2.580351101888484,-2.415095310307537,1.0684261986993397,0.06618672338632521
ENSG00000137936,ENSGALG00010021242,BCAR3,0,-1.9180564369070527,-1.1547984729239946,1.6609447292136257,0.5073865544686176
ENSG00000204099,ENSGALG00010024860,NEU4,0,-3.423259134069289,-2.400773808542936,1.425898234097661,0.35480195485763527
ENSG00000173744,ENSGALG00010023830,AGFG1,0,-0.3546560569905654,-0.7479880082116644,0.47414671505028383,-0.7462384797576319
ENSG00000116514,ENSGALG00010017699,RNF19B,0,-1.664950973170214,-2.5343108666957046,0.656963987745125,-0.42012607517314915
ENSG00000152763,ENSGALG00010023145,DNAI4,0,0.6108697699856958,-0.7688115313960674,-0.7945637455208706,
ENSG00000186854,ENSGALG00010012308,TRABD2A,0,-2.040795381886406,-1.989479086820836,1.025793834881458,0.025466785895951166
ENSG00000158864,ENSGALG00010027570,NDUFS2,0,-0.2205377200970542,-1.6044447010988434,0.13745423569040024,-1.9844642486186992
ENSG00000163002,ENSGALG00010011121,NUP35,0,0.0139030527291037,-0.5085736686044857,-0.02733734282243387,
ENSG00000115827,ENSGALG00010022799,DCAF17,0,0.4400636649271501,0.1892218703299623,2.3256490603320517,0.8439991658140324
ENSG00000158859,ENSGALG00010027561,ADAMTS4,0,-2.086495805186704,-2.120975943501905,0.9837432676118564,-0.016390322870529765
ENSG00000136536,ENSGALG00010010987,MARCHF7,0,-0.4848470472178867,-1.7365029154655571,0.2792088875289328,-1.2757950764768662
ENSG00000158158,ENSGALG00010020462,CNNM4,0,-1.68915044389904,-2.5287734252553298,0.6679722378561799,-0.40350866640467514
ENSG00000118246,ENSGALG00010025869,FASTKD2,0,1.135973570755768,-0.9455996526990676,-1.2013261294177802,
ENSG00000198586,ENSGALG00010023211,TLK1,0,-0.0888079468157307,-0.914028315891203,0.09716104552968961,-2.331385413999419
ENSG00000157978,ENSGALG00010015605,LDLRAP1,0,-2.394784141585456,-1.734635643734984,1.3805689686100608,0.3224957102926802
ENSG00000169291,ENSGALG00010027892,SHE,0,-2.6234089376483443,-2.3389439464392647,1.1216211237734621,0.11477507072770553
ENSG00000173409,ENSGALG00010007809,ARV1,0,0.80102070239586,-0.0427444479634887,-18.73976014569361,
ENSG00000054267,ENSGALG00010009482,ARID4B,0,0.1698274290489045,-1.1541077441716945,-0.14715041113495864,
ENSG00000116213,ENSGALG00010021361,WRAP73,0,-1.5606136709356644,-1.0567795915423557,1.4767636349392115,0.38985296023467475
ENSG00000174827,ENSGALG00010007572,PDZK1,0,-0.0700161659725324,-0.5203813576882758,0.13454779833691546,-2.0058357651024057
ENSG00000130766,ENSGALG00010016875,SESN2,0,-2.3811505272864064,-2.1341984563097234,1.1157118590572368,0.10949263981320637
ENSG00000213088,ENSGALG00010028678,ACKR1,0,-1.011116912501132,-1.9930028677355325,0.5073333956864657,-0.6785869063249456
ENSG00000065600,ENSGALG00010019403,PACC1,0,-1.120352676799973,-0.5065817043357523,2.2115932478631826,0.7937131824218087
ENSG00000171793,ENSGALG00010013047,CTPS1,0,-0.4151455655790972,-1.5262083893577405,0.2720110624957309,-1.3019125425729927
ENSG00000183853,ENSGALG00010027600,KIRREL1,0,-1.9122631469887583,-2.279830914550253,0.8387741103010679,-0.1758138455939588
ENSG00000203697,ENSGALG00010016656,CAPN8,0,-1.0163360498646092,-0.8799730550090057,1.1549626935499837,0.14406804349537797
ENSG00000117758,ENSGALG00010013257,STX12,0,-1.0408504256165916,-1.1136868294206006,0.9345988460311573,-0.0676378834360714
ENSG00000174348,ENSGALG00010025069,PODN,0,-2.8254487855087707,-1.6252504832753705,1.7384697402548304,0.5530052666512734
ENSG00000036257,ENSGALG00010025996,CUL3,0,1.0075466253045242,0.0137334507522782,73.3644182717432,4.295439053393934
ENSG00000163449,ENSGALG00010021253,TMEM169,0,-0.8935995332933917,-1.1939215094153914,0.7484575210735138,-0.2897408288057077
ENSG00000157851,ENSGALG00010009437,DPYSL5,0,-1.1721785157132452,-2.1298784807162527,0.5503499501619714,-0.5972009300697106
ENSG00000180758,ENSGALG00010017421,GPR157,0,-1.7963035958334643,-2.006962533204684,0.8950359391937213,-0.11089140598978223
ENSG00000183607,ENSGALG00010019314,GKN2,0,0.1668893748706015,-0.6249770060807209,-0.26703282400288236,
ENSG00000115998,ENSGALG00010019622,C2orf42,0,-0.841410456109033,-2.4765259020145325,0.3397543532351456,-1.079532412978826
ENSG00000135638,ENSGALG00010018362,EMX1,0,-2.689589255927084,-2.193066603623384,1.226405641982485,0.20408764900722462
ENSG00000159399,ENSGALG00010019264,HK2,0,-1.102679007841756,-1.7687033232885891,0.6234392129662089,-0.47250401185265717
ENSG00000144445,ENSGALG00010011412,KANSL1L,0,0.0061552081630562,-1.857431613999231,-0.003313827608330321,
ENSG00000036549,ENSGALG00010022359,ZZZ3,0,-0.1522788300648763,-1.308227817515405,0.11640085008594701,-2.1507154405675926
ENSG00000143156,ENSGALG00010005334,NME7,0,1.527270625283622,-0.0681925216652974,-22.396453276501095,
ENSG00000115042,ENSGALG00010020149,FAHD2A,0,-1.0925476121276674,-2.039912114193709,0.5355856286776871,-0.6243944977176278
ENSG00000182866,ENSGALG00010017442,LCK,0,-1.6837718642683337,-2.32869996153068,0.7230523004610573,-0.3242737213192368
ENSG00000163273,ENSGALG00010017635,NPPC,0,-2.3807699416499286,-2.6353050532709204,0.9034134164828225,-0.10157500477292539
ENSG00000198570,ENSGALG00010018807,RD3,0,-3.0692916677866062,-2.0779942894697307,1.4770452851291704,0.3900436632885514
ENSG00000158773,ENSGALG00010028485,USF1,0,-1.444280089129629,-2.850355609182184,0.5067017197703335,-0.6798327724457732
ENSG00000138030,ENSGALG00010009136,KHK,0,-1.9134372513733064,-2.397885987672754,0.7979684026722118,-0.22568627796511406
ENSG00000155729,ENSGALG00010024207,KCTD18,0,-0.4907618974843206,-0.885143138896626,0.5544435424264591,-0.5897902944602613
ENSG00000196504,ENSGALG00010010386,PRPF40A,0,0.487442141821246,-0.99614939924458,-0.48932634220418436,
ENSG00000204104,ENSGALG00010015025,TRAF3IP1,0,-1.4916676179537998,-1.1273724129055962,1.3231365260298495,0.2800050740866974
ENSG00000118965,ENSGALG00010002551,WDR35,0,1.1674927513644988,0.107000333675794,10.911113183085458,2.389781827919999
ENSG00000073737,ENSGALG00010024175,DHRS9,0,0.8068205151028973,0.3737486653772747,2.158724805849046,0.7695176796979883
ENSG00000135637,ENSGALG00010006146,CCDC142,0,-2.5632540863293425,-3.256781200990817,0.7870513639508601,-0.2394617671914353
ENSG00000135966,ENSGALG00010013217,TGFBRAP1,0,-1.401506123374121,-0.4669122267210793,3.0016479397343834,1.0991614510956118
ENSG00000132780,ENSGALG00010026287,NASP,0,-0.2153473051269365,-0.7189581540431667,0.2995268972413754,-1.2055510583092193
ENSG00000084764,ENSGALG00010009392,MAPRE3,0,-0.6787345275479275,-2.3693251562806688,0.28646744654220224,-1.2501303739176577
ENSG00000136731,ENSGALG00010024148,UGGT1,0,0.7242737228513576,-0.4015910837401521,-1.803510466681566,
ENSG00000057252,ENSGALG00010010998,SOAT1,0,1.2579060700757054,-0.3548388177770085,-3.5450069357017524,
ENSG00000168243,ENSGALG00010009404,GNG4,0,-0.8336781708428305,-0.6104991932684214,1.3655680139060935,0.31157046948365813
ENSG00000142961,ENSGALG00010022860,MOB3C,0,-1.6971507929043703,-0.8480550688951008,2.001227107946568,0.6937605463859454
ENSG00000142687,ENSGALG00010013772,KIAA0319L,0,-0.9182016592345564,-1.7753335465114426,0.5171995206415362,-0.6593265589187076
ENSG00000115902,ENSGALG00010019257,SLC1A4,0,-0.8173896526547928,-0.726919496925202,1.1244569118207322,0.1173001740492409
ENSG00000115947,ENSGALG00010009498,ORC4,0,0.5220890993264522,-1.0078137392591755,-0.5180412599953538,
ENSG00000196843,ENSGALG00010020597,ARID5A,0,-2.9304280360833754,-2.221492538820504,1.3191257611152183,0.2769692149938599
ENSG00000115919,ENSGALG00010009338,KYNU,0,0.9230571312534472,-0.6615301421396805,-1.3953364668582946,
ENSG00000162542,ENSGALG00010020666,TMCO4,0,-1.9042840449654768,-1.0902714651727428,1.7466145870962162,0.5576793926723512
ENSG00000114988,ENSGALG00010020485,LMAN2L,0,-0.5741052297278451,-1.6369537113326031,0.35071561630199083,-1.0477795938795964
ENSG00000173559,ENSGALG00010010786,NABP1,0,0.1898134032419651,-1.6095015298360815,-0.1179330368584965,
ENSG00000115339,ENSGALG00010025558,GALNT3,0,0.9263734244960578,-0.2713318787757869,-3.414170972742792,
ENSG00000028116,ENSGALG00010017065,VRK2,0,0.6557456733126372,-0.696921832799912,-0.9409171049759657,
ENSG00000196878,ENSGALG00010027199,LAMB3,0,-2.1750163399994484,-2.3356953939759086,0.9312071880644734,-0.0712734828933542
ENSG00000143621,ENSGALG00010028190,ILF2,0,-0.347572026094193,-1.9081442600459035,0.1821518599887367,-1.7029145442772744
ENSG00000168679,ENSGALG00010027331,SLC16A4,0,0.945317840903682,-1.580731928560692,-0.5980253981232762,
ENSG00000162734,ENSGALG00010028478,PEA15,0,-1.6662287596576082,-2.9677577266361355,0.5614436598725424,-0.5772438484442297
ENSG00000204311,ENSGALG00010023559,PJVK,0,0.7938047630366505,-0.0939972486153937,-8.444978706607067,
ENSG00000091428,ENSGALG00010021781,RAPGEF4,0,-0.0594201326089169,-0.4875059735813563,0.12188595797585793,-2.1046694421091483
ENSG00000116922,ENSGALG00010013103,AIRIM,0,-1.2267640718677733,-1.923818236770728,0.6376715057691666,-0.44993200947375966
ENSG00000116459,ENSGALG00010027569,ATP5PB,0,0.813717811218023,-0.807939305424222,-1.0071521533300907,
ENSG00000133069,ENSGALG00010025303,TMCC2,0,-3.177756888450732,-3.102276661047315,1.0243305919008319,0.024039318167673705
ENSG00000168118,ENSGALG00010010263,RAB4A,0,0.6825754119052458,-0.2702378406264556,-2.525832097839903,
ENSG00000162819,ENSGALG00010016796,BROX,0,0.9096005941194408,-0.1586234322087768,-5.734339381348423,
ENSG00000126088,ENSGALG00010025959,UROD,0,-0.9036941375256032,-1.832817526839991,0.4930627977372554,-0.7071187342740402
ENSG00000172318,ENSGALG00010025486,B3GALT1,0,0.1245996167335512,-0.1597149004423286,-0.7801377103105219,
ENSG00000115839,ENSGALG00010019643,RAB3GAP1,0,0.2198028216492851,-0.7628568002540446,-0.2881311690163697,
ENSG00000084652,ENSGALG00010017514,TXLNA,0,-2.478984566112242,-2.6366873724260227,0.9401890387298066,-0.06167431890528447
ENSG00000115884,ENSGALG00010007999,SDC1,0,-2.5115928436868185,-0.5701423201364665,4.405203323769504,1.482786415818833
ENSG00000124831,ENSGALG00010012194,LRRFIP1,0,-0.9943928259539074,-1.474005820121263,0.6746193348626677,-0.39360669553989325
ENSG00000122477,ENSGALG00010023852,LRRC39,0,0.1932495064471471,-0.8952309321616064,-0.21586553759992494,
ENSG00000203740,ENSGALG00010014145,NTMT2,0,-0.8521729421681652,-1.2885566455024755,0.661339138750752,-0.4134885014910065
ENSG00000131591,ENSGALG00010021636,C1orf159,0,-2.611039931319297,-0.58129109152591,4.491794161966638,1.5022522125775348
ENSG00000136643,ENSGALG00010019130,RPS6KC1,0,-0.239201530753661,-1.5941427633687413,0.15005025663333973,-1.8967849967783983
ENSG00000122435,ENSGALG00010023862,TRMT13,0,0.6994016084473902,-0.6312534069778333,-1.1079569642179372,
ENSG00000215883,ENSGALG00010025373,CYB5RL,0,-1.400011773393686,-1.0553936797133583,1.3265303746881685,0.2825667927037676
ENSG00000162522,ENSGALG00010017661,NHSL3,0,-3.5844729147279377,-3.0575312702477317,1.1723421930652933,0.15900362214402183
ENSG00000135862,ENSGALG00010011447,LAMC1,0,-0.6495351539615903,-2.028277111693608,0.32023984800539884,-1.1386850389250898
ENSG00000162600,ENSGALG00010026759,OMA1,0,0.7199306691795773,-1.077465990631172,-0.668170202530334,
ENSG00000135951,ENSGALG00010015772,TSGA10,0,0.3910389286329483,-1.6165875345768266,-0.24189158970306573,
ENSG00000143569,ENSGALG00010027867,UBAP2L,0,-1.5989177059378663,-2.453041226423984,0.6518103685802096,-0.4280016050951828
ENSG00000119771,ENSGALG00010009650,KLHL29,0,-2.0028400791503085,-1.5067894661921373,1.3292103005018736,0.2845850068678195
ENSG00000119760,ENSGALG00010020091,SUPT7L,0,-1.6457477826394822,-2.273224164479331,0.7239707409218181,-0.3230043005044631
ENSG00000071054,ENSGALG00010013582,MAP4K4,0,-1.399177547757782,-1.768852290796303,0.791008698147373,-0.23444631488129838
ENSG00000117407,ENSGALG00010021384,ARTN,0,-3.329543846238538,-2.2761831033148936,1.4627750471346503,0.38033534885845777
ENSG00000130939,ENSGALG00010016661,UBE4B,0,-0.8149003301705022,-1.276603021552381,0.6383349533197589,-0.44889212820097835
ENSG00000144118,ENSGALG00010018919,RALB,0,-0.6310308252119334,-0.5191978356590268,1.2153957159912947,0.19506971594023398
ENSG00000183431,ENSGALG00010013215,SF3A3,0,-0.4380509921777289,-1.5618335555932106,0.2804722632632578,-1.2712804421055937
ENSG00000144036,ENSGALG00010018410,EXOC6B,0,0.2214777838213155,-1.4178764156693076,-0.15620387036113234,
ENSG00000115761,ENSGALG00010003525,NOL10,0,0.1819996797774479,-0.5928005899737256,-0.3070166981202137,
ENSG00000132300,ENSGALG00010017770,PTCD3,0,0.3587876675637087,-0.922037025991794,-0.38912501065537675,
ENSG00000142327,ENSGALG00010017972,RNPEPL1,0,-2.4029756153125987,-1.445621589990192,1.6622438623989435,0.5081684139482615
ENSG00000115421,ENSGALG00010018975,PAPOLG,0,0.7775172259523728,-0.180224018546537,-4.314170953587989,
ENSG00000003436,ENSGALG00010013303,TFPI,0,1.4426794767036115,-0.6478497074153811,-2.226873702635803,
ENSG00000115641,ENSGALG00010013232,FHL2,0,-1.4472837139274723,-1.0427301236830029,1.3879753553254557,0.3278461063977709
ENSG00000115234,ENSGALG00010009034,SNX17,0,-1.5647019983689,-2.391018389613579,0.6544081823736106,-0.42402399014461384
ENSG00000115525,ENSGALG00010017751,ST3GAL5,0,-0.14175752254698,0.1821273787260177,-0.7783427375860504,
ENSG00000143994,ENSGALG00010009157,ABHD1,0,-1.5482038087403716,-2.696361540005268,0.5741825737276117,-0.554807860540779
ENSG00000035115,ENSGALG00010003820,SH3YL1,0,0.5311851920559025,0.5458689756012797,0.9731001683522995,-0.027268254148043347
ENSG00000162852,ENSGALG00010010338,CNST,0,-0.6154141781159446,-1.2004777581381,0.5126410497354245,-0.6681793868394241
ENSG00000115993,ENSGALG00010024917,TRAK2,0,-1.0467901363932484,-1.8598617563711204,0.5628322281521068,-0.5747736914295607
ENSG00000174059,ENSGALG00010027183,CD34,0,-1.2472761719643657,-2.9302864031785933,0.4256499196158429,-0.854138055502452
ENSG00000160685,ENSGALG00010027940,ZBTB7B,0,-2.832543176345228,-2.729089258340355,1.0379078543102642,0.03720700846241353
ENSG00000116285,ENSGALG00010018719,ERRFI1,0,-0.7527864951292624,-1.266127604923206,0.594558156857279,-0.5199367428128273
ENSG00000179178,ENSGALG00010022581,TMEM125,0,-2.441607200292156,-3.1689318694486555,0.7704827054918532,-0.2607380702988576
ENSG00000137955,ENSGALG00010024073,RABGGTB,0,1.3208855909742605,0.037860835017452,34.88791492225136,3.5521404919411657
ENSG00000162604,ENSGALG00010023732,TM2D1,0,0.9363859374935686,0.2030849904965895,4.610808190225627,1.5284031540565
ENSG00000163346,ENSGALG00010027908,PBXIP1,0,-3.1896517215499376,-3.0383776769302937,1.049787768574076,0.04858801857184063
ENSG00000116991,ENSGALG00010008151,SIPA1L2,0,-1.5467769295424194,-0.8480487560039321,1.8239245309797347,0.6009905152367916
ENSG00000136636,ENSGALG00010016422,KCTD3,0,-0.0113845848643858,-1.0015945349197564,0.011366460645971762,-4.477088308512856
ENSG00000169403,ENSGALG00010012873,PTAFR,0,-0.3439395335239013,-0.2822042927000423,1.218760814136438,0.19783461642814407
ENSG00000197429,ENSGALG00010026335,IPP,0,1.192213868544309,-1.0116524326800522,-1.1784816899870607,
ENSG00000142910,ENSGALG00010017212,TINAGL1,0,-1.7747137568721492,-2.212654574578577,0.8020744752759983,-0.2205538134868781
ENSG00000135775,ENSGALG00010007730,COG2,0,-0.3800903185920727,-0.8203308707195341,0.46333782155325365,-0.7692988547668427
ENSG00000162643,ENSGALG00010020758,DNAI3,0,0.5864642165161715,-0.4600380159498449,-1.2748168546577465,
ENSG00000082482,ENSGALG00010019020,KCNK2,0,-0.0280523426886105,-0.048248124115374,0.5814183080264415,-0.5422848017995842
ENSG00000066056,ENSGALG00010022659,TIE1,0,-2.13758896666878,-2.0697670367819403,1.0327679051224474,0.03224248446949916
ENSG00000085433,ENSGALG00010012113,WDR47,0,0.3812757940360498,-0.9448979183140364,-0.4035100370591916,
ENSG00000137947,ENSGALG00010022930,GTF2B,0,0.9795567335247276,0.1685665139776219,5.81109919408293,1.759769743001128
ENSG00000067606,ENSGALG00010020059,PRKCZ,0,-1.8242961682142853,-0.4083905978801517,4.467037629376699,1.4967254661931755
ENSG00000134697,ENSGALG00010016600,GNL2,0,-0.0929082996773047,-0.6963769205793773,0.13341668417156344,-2.0142780845687085
ENSG00000173372,ENSGALG00010016920,C1QA,0,-2.4614246614815567,-2.0516488565079354,1.1997299896976967,0.18209652289047223
ENSG00000162688,ENSGALG00010024024,AGL,0,1.1839246883077656,0.0799397560493475,14.810211424424647,2.6953169039661042
ENSG00000179163,ENSGALG00010015508,FUCA1,0,-0.1066234162398362,-1.4722292882429784,0.0724231049411367,-2.6252299014800764
ENSG00000116212,ENSGALG00010025315,LRRC42,0,-0.7837430046435152,-1.307918740708503,0.5992291265885216,-0.5121112388341416
ENSG00000160767,ENSGALG00010027957,ENTREP3,0,-2.775077875743067,-2.972375215493822,0.9336230033401162,-0.06868255891732444
ENSG00000158195,ENSGALG00010016849,WASF2,0,-1.7803920661626265,-2.165794972772197,0.822050142578243,-0.19595388508296568
ENSG00000196188,ENSGALG00010027089,CTSE,0,-0.9969443657925884,-2.051599773053145,0.4859351121437092,-0.7216801781030394
ENSG00000117593,ENSGALG00010010799,DARS2,0,-0.1947303313275004,-1.548588733098744,0.125746963777686,-2.0734836152028393
ENSG00000162571,ENSGALG00010021620,TTLL10,0,-3.126581360801884,-1.6946434071536478,1.844978918634773,0.6124678512129956
ENSG00000197965,ENSGALG00010008121,MPZL1,0,-0.3905997969853594,0.0433986887083172,-9.0002672571649,
ENSG00000143314,ENSGALG00010027326,MRPL24,0,-0.8150930841227044,-1.9080030863509216,0.4271969421609163,-0.8505101492247932
ENSG00000162517,ENSGALG00010017226,PEF1,0,-0.9182970702613318,-1.4826550814421482,0.6193598779347406,-0.4790687892357096
ENSG00000184677,ENSGALG00010016942,ZBTB40,0,-1.2391270192872508,-2.1983783770459437,0.5636550250973262,-0.5733128722517736
ENSG00000162733,ENSGALG00010012982,DDR2,0,-0.3250676559020373,-2.2582862318800294,0.14394439965717615,-1.9383281674589763
ENSG00000180488,ENSGALG00010022325,MIGA1,0,0.7042128253122648,-0.5104026190731832,-1.3797202424059123,
ENSG00000090621,ENSGALG00010017826,PABPC4,0,-0.2940334195948306,-0.5228861305381312,0.5623278232532664,-0.5756702837534712
ENSG00000116685,ENSGALG00010022159,KIAA2013,0,-2.6343835602033945,-1.8882474542512864,1.395147417925666,0.333000085622398
ENSG00000177614,ENSGALG00010006966,PGBD5,0,-2.1599776148555847,-1.4852519256064534,1.4542836656977431,0.3745134534102954
ENSG00000188739,ENSGALG00010009491,RBM34,0,-0.0160998038100075,-0.6932115584749767,0.023224950036069926,-3.762528145584014
ENSG00000134198,ENSGALG00010025398,TSPAN2,0,0.5292471740568772,0.5956004486603773,0.8885943172931757,-0.11811448362437031
ENSG00000143434,ENSGALG00010028592,SEMA6C,0,-2.5014618325218905,-2.509886090023268,0.9966435697879423,-0.0033620756598492065
ENSG00000176393,ENSGALG00010026143,RNPEP,0,-1.215064955371428,-2.2054438426880902,0.5509389683168964,-0.5961312412692402
ENSG00000143079,ENSGALG00010027284,CTTNBP2NL,0,-1.6585439482321842,-2.3657863811963846,0.7010539757158691,-0.35517039674360945
ENSG00000117013,ENSGALG00010017200,KCNQ4,0,-2.1793702534142074,-2.4184334539072525,0.9011495643567072,-0.1040840369738262
ENSG00000116688,ENSGALG00010017529,MFN2,0,-1.3191152580136034,-1.0038419182623917,1.3140667210798855,0.2731266958508451
ENSG00000181817,ENSGALG00010014745,LSM10,0,-1.594136341959608,-2.8876732272472485,0.552048731455415,-0.5941189549795062
ENSG00000116871,ENSGALG00010014806,MAP7D1,0,-3.977012780966556,-3.083323849095809,1.2898459505422446,0.2545227930583552
ENSG00000162706,ENSGALG00010028671,CADM3,0,-1.588425850950511,-3.03532440129148,0.5233133731190848,-0.6475748105720425
ENSG00000162415,ENSGALG00010026010,ZSWIM5,0,-1.4269481579882155,-2.4086249669890925,0.5924326856795707,-0.5235180230944226
ENSG00000131779,ENSGALG00010027423,PEX11B,0,-0.8522707449987266,-2.4206494542554817,0.3520835053173196,-1.0438869005037552
ENSG00000142621,ENSGALG00010020955,FHAD1,0,-1.708546154047328,-2.2332826257700136,0.7650380360874559,-0.26782972601585875
ENSG00000132879,ENSGALG00010021213,FBXO44,0,-1.8689936484968597,-1.9593105381461784,0.9539037391516442,-0.04719251498160291
ENSG00000117569,ENSGALG00010024204,PTBP2,0,1.3044770262469534,0.0607799064405647,21.462307243308643,3.066298245091063
ENSG00000132702,ENSGALG00010028329,HAPLN2,0,-2.6023671816045937,-2.404891072468009,1.0821143674228562,0.07891687485956016
ENSG00000142634,ENSGALG00010020950,EFHD2,0,-2.2727564662678983,-2.4636504684268314,0.9225157932891231,-0.08065078311739153
ENSG00000159189,ENSGALG00010016905,C1QC,0,-2.251183739363933,-1.4969492537897773,1.503847731420878,0.4080269779959586
ENSG00000143217,ENSGALG00010028490,NECTIN4,0,-2.70927226087788,-2.8639405420024437,0.9459945907199523,-0.05551842800162564
ENSG00000116793,ENSGALG00010027256,PHTF1,0,0.5581899529437528,-1.1832251463044814,-0.471752949713015,
ENSG00000131584,ENSGALG00010018308,ACAP3,0,-2.666258765895151,-1.8619575010889584,1.4319654258143917,0.35904792426261983
ENSG00000077157,ENSGALG00010026355,PPP1R12B,0,-1.4466480238383284,-2.088804553901309,0.6925722280413408,-0.36734274593884547
ENSG00000116350,ENSGALG00010016299,SRSF4,0,-3.0925152895650125,-2.3439682611320425,1.3193503260455635,0.277139438201097
ENSG00000189410,ENSGALG00010021109,SH2D5,0,-3.158408996265665,-2.6018080122371026,1.2139285379285085,0.19386182593641665
ENSG00000001461,ENSGALG00010015855,NIPAL3,0,-0.3146048916318129,0.6730127904479645,-0.46745752249731914,
ENSG00000163393,ENSGALG00010025400,SLC22A15,0,-0.2371641112465621,-0.8932751906431052,0.26549949414336466,-1.3261423436000201
ENSG00000187889,ENSGALG00010026628,FYB2,0,-0.4770872486639224,-1.495219188135239,0.31907512453670506,-1.1423287038080288
ENSG00000163382,ENSGALG00010028088,NAXE,0,-1.3497012589647923,-2.056116087016828,0.6564324200794729,-0.4209355302493312
ENSG00000198799,ENSGALG00010027245,LRIG2,0,-0.0961088196202197,-1.5033352260469943,0.06393039819397894,-2.7499603156294543
ENSG00000188641,ENSGALG00010024191,DPYD,0,0.6964420249934058,-0.3275299116120317,-2.1263463283877435,
ENSG00000117533,ENSGALG00010014940,VAMP4,0,1.276430087604954,-1.6274797362912885,-0.7842986054706225,
ENSG00000054392,ENSGALG00010018882,HHAT,0,-0.3981834219761602,-0.0248946896028771,15.994713263271288,2.772258246593175
ENSG00000117009,ENSGALG00010014963,KMO,0,1.0685645214621804,-0.7660021939070394,-1.3949888524625549,
ENSG00000177000,ENSGALG00010017593,MTHFR,0,-1.723785443030316,-1.5747258716352,1.0946574728211786,0.0904415041241762
ENSG00000118454,ENSGALG00010023704,ANKRD13C,0,-0.446340941404669,-1.3239905845116664,0.33711791203507313,-1.0873225224816474
ENSG00000160710,ENSGALG00010027916,ADAR,0,-1.1219145988798689,-1.7717004096792692,0.6332417110424268,-0.4569030797360778
ENSG00000158711,ENSGALG00010026977,ELK4,0,-0.9611181836566692,-2.195312175972698,0.43780478884777163,-0.8259821555160777
ENSG00000066027,ENSGALG00010019534,PPP2R5A,0,0.6028384154990185,-0.5490918478554595,-1.0978826545203182,
ENSG00000060642,ENSGALG00010014240,PIGV,0,-0.1156426729154969,-1.915246123746284,0.06038005845916872,-2.8070963865162892
ENSG00000163879,ENSGALG00010016611,DNALI1,0,-2.7830463446671327,-2.359822467915225,1.1793456425244577,0.1649597444297609
ENSG00000074964,ENSGALG00010018502,ARHGEF10L,0,-2.7339477865256097,-2.307477326848776,1.1848210834900148,0.16959177879119108
ENSG00000162437,ENSGALG00010024473,RAVER2,0,-0.4346961694215761,-1.187076092343879,0.36619065300461867,-1.0046011713585237
ENSG00000160714,ENSGALG00010027902,UBE2Q1,0,-1.7591202275794355,-1.7575024111473043,1.0009205201778786,0.0009200967590034629
ENSG00000162390,ENSGALG00010025520,ACOT11,0,-2.048396430519208,-2.243505737412068,0.913033738385745,-0.090982445744904
ENSG00000143224,ENSGALG00010027540,PPOX,0,-2.0760526690204752,-2.7656414409886807,0.7506586494734884,-0.2868042585451828
ENSG00000162769,ENSGALG00010021615,FLVCR1,0,0.0244417112331891,-0.6071379358558083,-0.04025726246003159,
ENSG00000203965,ENSGALG00010024332,EFCAB7,0,1.0538661063990098,-0.8259404949870232,-1.275958876935278,
ENSG00000187800,ENSGALG00010027784,PEAR1,0,-2.8216291058773475,-3.0214081741779424,0.9338788217997225,-0.06840859028418826
ENSG00000034971,ENSGALG00010013859,MYOC,0,-1.5967109257971508,-2.9123198730948623,0.5482608351329069,-0.6010041287551102
ENSG00000130764,ENSGALG00010021267,LRRC47,0,-2.483167596239147,-2.3951321034327533,1.036756007186501,0.03609661437545802
ENSG00000116691,ENSGALG00010017521,MIIP,0,-3.751949977048275,-1.803472128647029,2.0804036377667785,0.7325619315053201
ENSG00000162627,ENSGALG00010024155,SNX7,0,0.3910712728517254,-0.3383704358685789,-1.1557489407958064,
ENSG00000058085,ENSGALG00010011460,LAMC2,0,-1.301444596955205,-2.2628454904746067,0.5751363062275372,-0.5531482119689594
ENSG00000143515,ENSGALG00010027883,ATP8B2,0,-0.6886890251253863,-2.286567329134367,0.3011890427849791,-1.2000171622540394
ENSG00000143740,ENSGALG00010024865,SNAP47,0,-2.0222086254447422,-1.424134684185694,1.4199560251571437,0.35062590293445023
ENSG00000132676,ENSGALG00010028425,DAP3,0,-0.1059684447057502,-1.6886490153036635,0.06275338672832156,-2.7685427306605863
