gene_id,gene_name,chromosome,is_Z,te_gene_id,CO_Mega,TE_mean
ENSGALG00010000051,GDPGP1,10,0,,-2.7519799743917708,
ENSGALG00010000047,IQGAP1,10,0,ENSGALG00000030162,-0.4199557363891713,-0.3193873065173577
ENSGALG00010000052,TTLL6,10,0,ENSGALG00000020921,-1.4425642061126194,-3.108610960075189
ENSGALG00010000049,FES,10,0,ENSGALG00000008340,-3.2872939500912093,-3.1679932613811563
ENSGALG00010000043,PPIP5K1,10,0,ENSGALG00000008385,-1.7425044841275958,-3.120276907465306
ENSGALG00010000045,TP53BP1,10,0,INRAGALG00000003758;ENSGALG00000042201,-1.540760639173214,
ENSGALG00010000046,TUBGCP4,10,0,ENSGALG00000008549,-1.5690267038404655,-0.5998339908022036
ENSGALG00010000044,MAP1A,10,0,ENSGALG00000008425;ENSGALG00000052203,-1.2813832216692744,
ENSGALG00010000053,HDDC3,10,0,ENSGALG00000044375;ENSGALG00000012833,-2.9442914646614007,
ENSGALG00010000048,MAN2A2,10,0,ENSGALG00000033790,-2.682644385862681,-3.7232057839965846
ENSGALG00010000143,SCARF2,15,0,ENSGALG00000034560,-2.555342822095014,-3.206939502937177
ENSGALG00010000323,AP1B1,15,0,ENSGALG00000042213;ENSGALG00000025689,-2.0788229475745936,
ENSGALG00010000271,RTN4R,15,0,ENSGALG00000007732,-2.2006651726260578,-1.017351488683686
ENSGALG00010000287,IQCD,15,0,ENSGALG00000037307,-1.560769576787607,
ENSGALG00010000281,OSBP2,15,0,ENSGALG00000007758,-2.2928998531266855,-2.195117823740689
ENSGALG00010000215,SF3A1,15,0,ENSGALG00000007937,-1.3579162856097406,-0.3649815337697953
ENSGALG00010000225,LIF,15,0,ENSGALG00000008028,-2.688878834365375,
ENSGALG00010000298,SLC35E4,15,0,ENSGALG00000049875;ENSGALG00000050491,-2.874044857416461,
ENSGALG00010000205,RNF215,15,0,ENSGALG00000040925;INRAGALG00000005424,-2.950194481402619,
ENSGALG00010000312,CABP7,15,0,ENSGALG00000040463,-2.4162758028515774,
ENSGALG00010000063,SERF2,10,0,ENSGALG00000053991,-1.556944971781666,
ENSGALG00010000294,DUSP21,15,0,ALDBGALG0000001774;INRAGALG00000005421,-1.4557206820179527,
ENSGALG00010000061,SERINC4,10,0,ENSGALG00000042029,-2.0597348625483263,
ENSGALG00010000286,TCN2,15,0,ENSGALG00000048285,-2.2478699990461366,
ENSGALG00010000191,NEFH,15,0,ENSGALG00000008085,-2.6599525058257973,
ENSGALG00010000223,GATSL3,15,0,ENSGALG00000007964,-2.8832287904711387,-2.9593723774363854
ENSGALG00010000221,TBC1D10A,15,0,ENSGALG00000007954,-2.792727270219696,-3.520444181990777
ENSGALG00010000056,UNC45A,10,0,ENSGALG00000029714,-2.1549838895496976,-2.205420074752029
ENSGALG00010000233,HORMAD2,15,0,INRAGALG00000101733;ENSGALG00000008037,-1.308832320130663,
ENSGALG00010000210,CCDC157,15,0,ENSGALG00000007907,-3.2484885145523488,-3.759522308487907
ENSGALG00010000200,GAL3ST1,15,0,ENSGALG00000007781,-2.173115680731196,
ENSGALG00010000196,KSR2,15,0,ENSGALG00000020905,-2.7096594913122862,
ENSGALG00010000475,RNFT2,15,0,ENSGALG00000008217,-1.8420766784565261,-4.850714702995392
ENSGALG00010000584,RBM14,39,0,ENSGALG00000035260,-1.5606434013872295,-1.787686349240716
ENSGALG00010000485,MED13L,15,0,INRAGALG00000101659;ENSGALG00000008238,-1.2596619521630488,
ENSGALG00010000546,FLRT1,39,0,,-2.708378893935329,
ENSGALG00010000576,NOS1,15,0,ENSGALG00000008177,-2.046499908539669,
ENSGALG00010000466,FBXO21,15,0,ENSGALG00000008201,-1.501250999613816,-0.9476315506455298
ENSGALG00010000507,TRPT1,39,0,ENSGALG00000050256,-2.086317210176501,
ENSGALG00010000366,EMID1,15,0,ENSGALG00000050072,-2.5662507372782266,
ENSGALG00010000555,OTUB1,39,0,ENSGALG00000038229,-2.2549794406549966,-0.6836486811101806
ENSGALG00010000376,ASCC2,15,0,ENSGALG00000008059,-1.4347346242168608,-0.8567797909723035
ENSGALG00010000431,AIFM3,15,0,ENSGALG00000007720,-0.8583053905685342,
ENSGALG00010000564,NAA40,39,0,ENSGALG00000038219,-1.5685625263969403,-2.2859697488894875
ENSGALG00010000452,SLC8B1,15,0,ENSGALG00000008337,-1.8340330512295817,-3.0198918973056488
ENSGALG00010000585,SPTBN2,39,0,ENSGALG00000046487;ENSGALG00000046210;ENSGALG00000052834,-3.1083971854465977,
ENSGALG00010000470,FBXW8,15,0,ENSGALG00000008207,-1.4814290681741769,-3.120789096057127
ENSGALG00010000457,CATSPER4,15,0,ENSGALG00000008357,-0.6618083713327866,-2.100323695123452
ENSGALG00010000435,P2RX6,15,0,ENSGALG00000026902,-1.431893712395949,
ENSGALG00010000407,WSB2,15,0,ENSGALG00000008151,-2.324135472184385,-4.217160217804741
ENSGALG00010000449,PLBD2,15,0,ENSGALG00000008319,-2.535306222299357,-1.7449935916020607
ENSGALG00010000583,CCS,39,0,ENSGALG00000048002,-2.9246721407827687,
ENSGALG00010000581,,39,0,,-1.556455958121236,
ENSGALG00010000569,SIPA1,39,0,ENSGALG00000053836,-2.959806182202607,
ENSGALG00010000404,RASAL1,15,0,ENSGALG00000008150,-3.011214493195669,
ENSGALG00010000511,FERMT3,39,0,ENSGALG00000048236,-2.7814842976245013,
ENSGALG00010000387,DTX1,15,0,ENSGALG00000027897,-2.414757601917044,
ENSGALG00010000412,RFC5,15,0,ENSGALG00000026517,-2.4145298670456765,-2.0667083390183554
ENSGALG00010000529,STIP1,39,0,ENSGALG00000046811,-2.1435873788127697,
ENSGALG00010000441,SLC7A4,15,0,ENSGALG00000002204,-2.0649132716341323,
ENSGALG00010000593,FAM173B,2,0,ENSGALG00000013043,-0.22503660395267056,-0.3583385248625325
ENSGALG00010000802,SEMA5A,2,0,ENSGALG00000028685;ENSGALG00000030583,-1.1918282904869764,
ENSGALG00010000614,KAT8,36,0,,-2.0206283636473645,
ENSGALG00010000621,UPP1,2,0,ENSGALG00000013073,-0.26193149224469836,0.3494546341955086
ENSGALG00010000790,MARCHF6,2,0,ENSGALG00000035699,-0.11803532335523625,0.1269072961763581
ENSGALG00010001066,SLC33A1,9,0,ENSGALG00000010302,-1.0859021911196458,-1.604931257145143
ENSGALG00010000816,TBC1D4,1,0,INRAGALG00000002650;INRAGALG00000002652;ENSGALG00000016925,-1.592121316863894,
ENSGALG00010000784,FBXL3,1,0,ENSGALG00000048716,-1.290846883853967,
ENSGALG00010000876,KLHL1,1,0,ENSGALG00000016907,-0.031427620865496775,
ENSGALG00010000715,PCDH20,1,0,ENSGALG00000016934,-0.8757624348228397,0.2052438236056135
ENSGALG00010000818,KLF12,1,0,ENSGALG00000016926,-1.1355293330613545,-0.968044554392524
ENSGALG00010000591,SBK2,2,0,ENSGALG00000013035;ALDBGALG0000002275,-1.5307254737419522,
ENSGALG00010000702,DDC,2,0,ENSGALG00000013094;INRAGALG00000007409;INRAGALG00000007410,-1.0162533983779178,
ENSGALG00010000606,UBE2QL1,2,0,ENSGALG00000032975,-2.836138761869287,-2.546359664858425
ENSGALG00010000644,C7orf72,2,0,ENSGALG00000013084,-0.906516277680236,
ENSGALG00010000787,SNRNP48,2,0,ENSGALG00000013005,-1.1343456765942366,-1.1222108736339524
ENSGALG00010000720,RBM26,1,0,ENSGALG00000016910,-0.7673071030090262,-1.2776483460230477
ENSGALG00010000724,RNF219,1,0,ENSGALG00000016911,-1.5712848779819168,-1.6848263507457246
ENSGALG00010000823,PIBF1,1,0,ENSGALG00000016929,-1.2557195570516082,-0.9661254314314632
ENSGALG00010000806,C5orf49,2,0,ENSGALG00000027654,-1.3343043611478116,
ENSGALG00010000597,CDH9,2,0,ENSGALG00000012923,-0.398612728430106,
ENSGALG00010000808,ADCY2,2,0,ENSGALG00000027654;ENSGALG00000013060,-0.13292490441592775,
ENSGALG00010000814,CDH18,2,0,ENSGALG00000036097,-0.16135379296492824,
ENSGALG00010000626,ABCA13,2,0,ENSGALG00000054253;ENSGALG00000044261;ENSGALG00000048301;ENSGALG00000013079;ENSGALG00000046875,-0.38020777237223546,
ENSGALG00010000684,COBL,2,0,ENSGALG00000013102,-1.0004810341119694,-0.4028763509461996
ENSGALG00010001070,C3orf33,9,0,ENSGALG00000026293,-1.7749415803631012,-2.505368571910796
ENSGALG00010000728,FAM105B,2,0,INRAGALG00000007360;INRAGALG00000007361;ENSGALG00000019543,-0.8445800524642176,
ENSGALG00010000714,FBXL7,2,0,INRAGALG00000007355;ENSGALG00000031947;ALDBGALG0000002661,-2.2428083486953634,
ENSGALG00010000734,SLAIN1,1,0,ENSGALG00000016913,-2.376233933012884,
ENSGALG00010000650,BCKDK,36,0,107050912;ENSGALG00000031066;INRAGALG00000023957;ENSGALG00000040884;ENSGALG00000031245,-2.2620497427540656,
ENSGALG00010000757,SCEL,1,0,,-0.8790790434503393,
ENSGALG00010000605,MARCHF11,2,0,ENSGALG00000042584,-1.545836682617181,
ENSGALG00010000777,MYCBP2,1,0,ENSGALG00000016915,-0.5175135804199889,-1.9609307599710173
ENSGALG00010000803,MTRR,2,0,ENSGALG00000039424,-0.6474804394313608,0.2525083575846097
ENSGALG00010000843,DIS3,1,0,ENSGALG00000016930,-0.3294026596918582,-0.5013402175158506
ENSGALG00010000590,DNAH5,2,0,ENSGALG00000012997,-0.2035804818453183,
ENSGALG00010000805,FASTKD3,2,0,ENSGALG00000033521,-0.9672664129614118,-1.7074617392920968
ENSGALG00010001111,SUCNR1,9,0,ENSGALG00000053278,-1.347900180981719,
ENSGALG00010000795,,1,0,,-2.714104648077883,
ENSGALG00010000611,C7orf57,2,0,ENSGALG00000047701,-0.1232858847213858,
ENSGALG00010000786,ANKRD33B,2,0,ENSGALG00000038328,-1.9620347709564903,
ENSGALG00010000901,PCDH9,1,0,ENSGALG00000016908;ENSGALG00000051651;ENSGALG00000030056,-0.824959763125024,
ENSGALG00010000799,,2,0,,-1.1130415082904703,
ENSGALG00010000599,FAM134B,2,0,ENSGALG00000042679,-1.3538169957304953,-0.994397578713328
ENSGALG00010000789,ROPN1L,2,0,ENSGALG00000013006,-0.9327820406593795,-1.706588673107455
ENSGALG00010000595,MYO10,2,0,ENSGALG00000036466;ENSGALG00000028725,-0.9249362104164924,
ENSGALG00010000633,VWC2,2,0,ENSGALG00000013081,-1.963176818817879,
ENSGALG00010000753,TRIO,2,0,ENSGALG00000031495;ENSGALG00000021788,-1.3803203394280752,
ENSGALG00010001113,IGSF10,9,0,ENSGALG00000044293;ENSGALG00000054344,-1.2479913566413154,
ENSGALG00010000652,SRD5A1,2,0,ENSGALG00000013063,-0.05903916271208598,-0.1586017103111272
ENSGALG00010000800,LMO7,1,0,ENSGALG00000016920,-1.4128751688800705,-0.5954854648440996
ENSGALG00010000820,KLF5,1,0,ENSGALG00000016927,-2.1246001008915116,
ENSGALG00010000726,POU4F1,1,0,ENSGALG00000035441,-2.200995580321608,
ENSGALG00010000695,FIGNL1,2,0,ENSGALG00000026363,-1.1025007273395062,
ENSGALG00010001112,TSC22D2,9,0,ENSGALG00000027591,-1.3729593057668916,-2.4069507811234203
ENSGALG00010001136,SERP1,9,0,ENSGALG00000037325,-1.4656678101903435,-0.6840528412434973
ENSGALG00010001497,LEKR1,9,0,INRAGALG00000016915;ENSGALG00000010218;ENSGALG00000052586,-1.6782322184870442,
ENSGALG00010001117,P2RY13,9,0,ENSGALG00000039432,-0.33986877919391156,-1.0597257898648955
ENSGALG00010001491,PHF3,3,0,ENSGALG00000016267,-1.178999000329147,-1.5712843343767893
ENSGALG00010001173,IFT80,9,0,ENSGALG00000009559,-0.09674653414220735,-0.4187406470757267
ENSGALG00010001469,ARHGEF26,9,0,ENSGALG00000010352,-1.6141425592716154,-1.1734558944794211
ENSGALG00010001570,SMPD1,1,0,ENSGALG00000036106,-2.3296726055481094,-1.844985330352292
ENSGALG00010001254,NETO1,2,0,ENSGALG00000041184,-0.5914773374441846,
ENSGALG00010001466,PRKX,1,0,ENSGALG00000042759,0.07968935287943202,-1.2076688216673843
ENSGALG00010001157,TIMM21,2,0,ENSGALG00000013709,-1.2403643630211496,-1.992032054707727
ENSGALG00010001199,AFG3L2,2,0,ENSGALG00000013853,-0.13304892900986853,-0.1176222869899216
ENSGALG00010001161,B3GALNT1,9,0,ENSGALG00000054759,0.7682652052150877,
ENSGALG00010001432,NSMCE4A,6,0,ENSGALG00000009504,-1.7195602289902276,-2.2013076232042548
ENSGALG00010001205,CEP192,2,0,ENSGALG00000035625,-0.7911918226710787,-1.412636618429527
ENSGALG00010001223,GRM8,1,0,ENSGALG00000039403,-0.27094994858935817,
ENSGALG00010001226,VEPH1,9,0,ENSGALG00000051604;ENSGALG00000009682,-1.667420522190684,
ENSGALG00010001373,IMPA2,2,0,ENSGALG00000013814,-0.6350052437717053,-2.514442951067346
ENSGALG00010001484,BMX,1,0,ENSGALG00000016557,-0.5077141216866725,
ENSGALG00010001547,PWWP2B,6,0,ENSGALG00000010491;ALDBGALG0000005000;INRAGALG00000015280,-1.898046142751725,
ENSGALG00010001551,FHIP1B,1,0,ENSGALG00000003416,-2.3998661871171953,-4.532583781117277
ENSGALG00010001195,ZNF608,Z,1,ENSGALG00000005016,-1.3168968345365866,-2.6324618088065983
ENSGALG00010001210,PANX2,1,0,ENSGALG00000000003,-1.1602297553465575,
ENSGALG00010001274,DLGAP1,2,0,ENSGALG00000014793,-2.0216642057095027,
ENSGALG00010001229,ZNF407,2,0,ENSGALG00000036128,-0.9261092228023013,
ENSGALG00010001368,WIPF3,2,0,ENSGALG00000011170;ALDBGALG0000002163,-1.9247802189653709,
ENSGALG00010001546,CGAS,3,0,ENSGALG00000015925,-1.28992704464102,-0.7098753842159986
ENSGALG00010001142,PPM1L,9,0,ENSGALG00000052162,-1.3939741326964756,
ENSGALG00010001187,GFM1,9,0,ENSGALG00000009634,-0.25132358037553826,0.3220907027467975
ENSGALG00010001129,TM4SF4,9,0,ENSGALG00000010427,0.14228136514129142,0.3871646050548389
ENSGALG00010001298,DOCK4,1,0,ENSGALG00000009480,-1.0703227454196993,-1.838854966274539
ENSGALG00010001427,ASB11,1,0,ENSGALG00000016562,-0.5881236814311447,
ENSGALG00010001158,FRMPD1,Z,1,ENSGALG00000054942;ENSGALG00000052152;ENSGALG00000023036,-1.9275447248209296,
ENSGALG00010001154,ZADH2,2,0,ENSGALG00000022882,-0.5990744882036421,-0.8007148255620988
ENSGALG00010001306,CEP120,Z,1,ENSGALG00000047872;ENSGALG00000005368,-0.9706156727038517,
ENSGALG00010001313,EMILIN2,2,0,ENSGALG00000032997,-1.0367674874483053,-1.1342518836035849
ENSGALG00010001152,FEM1C,Z,1,ENSGALG00000008204,-0.2022130519881138,-0.0292442756236083
ENSGALG00010001234,AASS,1,0,ENSGALG00000008953,-0.13436183437081128,0.7768630394885336
ENSGALG00010001552,TUBGCP6,1,0,ENSGALG00000032156,-0.8760307874146077,-0.6186312550985691
ENSGALG00010001460,MALSU1,2,0,ENSGALG00000010954,-1.0001431234512919,0.1536017629252286
ENSGALG00010001527,STK32C,6,0,ENSGALG00000020615,-1.9800778675931072,
ENSGALG00010001146,FAM69C,2,0,ENSGALG00000013703,-1.598933369187118,
ENSGALG00010001364,SMCHD1,2,0,ENSGALG00000014811,-0.014836386490730047,-0.5097176792915953
ENSGALG00010001504,RBMS3,2,0,ENSGALG00000011439;ALDBGALG0000002175,-0.93814904106204,
ENSGALG00010001381,MDFIC,1,0,ENSGALG00000026838,-1.6890854386127332,-1.431993470077196
ENSGALG00010001499,TIPARP,9,0,ENSGALG00000010256,-1.4358755987445797,-1.2072798915956109
ENSGALG00010001480,JAKMIP3,6,0,ENSGALG00000010486;ENSGALG00000038267,-1.8359031591188526,
ENSGALG00010001507,METTL4,2,0,ENSGALG00000014799,-0.6316729145461567,-0.5620479895330563
ENSGALG00010001333,PLCH1,9,0,ENSGALG00000010312,-1.3207017702345107,
ENSGALG00010001137,OTOL1,9,0,,-1.1407528479484954,
ENSGALG00010001123,CP,9,0,ENSGALG00000030773,0.08785399566623087,1.1161908863684076
ENSGALG00010001465,TACC2,6,0,NONGGAG004813;INRAGALG00000015177;ENSGALG00000032373,-1.7794443654447847,
ENSGALG00010001171,POLR1E,Z,1,ENSGALG00000005395,-0.8296756281235691,-0.7190808170762795
ENSGALG00010001398,WDR11,6,0,ENSGALG00000035013,-0.7492444800852571,-0.3077376706808852
ENSGALG00010001120,GPR87,9,0,ENSGALG00000010377,-0.7462942086418441,
ENSGALG00010001320,CPED1,1,0,ENSGALG00000009002;ENSGALG00000025216,-1.2052768059373906,
ENSGALG00010001334,EBF3,6,0,ENSGALG00000010461,-0.8613066238710694,
ENSGALG00010001535,RAP2B,9,0,ENSGALG00000042553,-2.5422799033373744,-2.3857480148089643
ENSGALG00010001128,ERICH6,9,0,,-1.6217409705710417,
ENSGALG00010001414,CCDC126,2,0,ENSGALG00000010976,0.21242756025340437,-0.0619122034523089
ENSGALG00010001516,TMEM27,1,0,ENSGALG00000029168,0.16594934869752953,0.606857768419173
ENSGALG00010001148,C18orf63,2,0,INRAGALG00000007563;ENSGALG00000044510,-0.6984485952232442,
ENSGALG00010001409,GPNMB,2,0,ENSGALG00000010949,-0.3719037426125882,
ENSGALG00010001513,ZRSR2,1,0,ENSGALG00000016552,-1.908566978856054,-1.3896277074394496
ENSGALG00010001526,PPP1R3A,1,0,ENSGALG00000009435,-0.8329027392322009,
ENSGALG00010001182,ZCCHC7,Z,1,ENSGALG00000028675,-1.413557200765371,-1.810025995582784
ENSGALG00010001380,SCRN1,2,0,ENSGALG00000011176,-0.7352891598440637,-0.9615367017838728
ENSGALG00010001542,MTO1,3,0,INRAGALG00000011396;ENSGALG00000015923,-1.7881727713300402,
ENSGALG00010001286,SRFBP1,Z,1,ENSGALG00000005316,-0.4327757370148162,0.0325536247888235
ENSGALG00010001567,INPP5A,6,0,INRAGALG00000015281;INRAGALG00000015285;ENSGALG00000010493,-0.3300716771527442,
ENSGALG00010001191,TOMM5,Z,1,ENSGALG00000026300,-1.6729548646656194,-0.3156571778287556
ENSGALG00010001358,TCERG1L,6,0,ENSGALG00000010470,-1.0740798798964888,
ENSGALG00010001179,GRHPR,Z,1,ENSGALG00000005423,-1.9180025802914797,-0.7392004855392807
ENSGALG00010001188,PSMG2,2,0,ENSGALG00000013863,0.045115654889371304,0.4063724230627061
ENSGALG00010001147,PGGT1B,Z,1,ENSGALG00000008197,-0.5582105721571403,0.0651213113114543
ENSGALG00010001151,CCDC112,Z,1,ENSGALG00000045092,-0.5430554455108433,-2.195612627561311
ENSGALG00010001119,COMMD2,9,0,ENSGALG00000028001,-1.4146235391377147,0.057978756066056
ENSGALG00010001156,ALDH7A1,Z,1,ENSGALG00000008229,-0.28291615909662593,-0.3596148898299111
ENSGALG00010001140,NMD3,9,0,ENSGALG00000009533,-1.0393951563061603,0.2637275449514317
ENSGALG00010001386,FKBP14,2,0,ENSGALG00000011181,-0.7527199077463285,-2.5003514429113918
ENSGALG00010001447,GFRAL,3,0,ENSGALG00000016296,-0.9502572836590016,
ENSGALG00010001524,ACE2,1,0,ENSGALG00000016554,-0.35053840339414744,-0.1597062490533058
ENSGALG00010001121,WWTR1,9,0,ENSGALG00000010412,-1.4801227721665846,-0.7520145969640424
ENSGALG00010001463,DSEL,2,0,ENSGALG00000032841;ENSGALG00000042505,-0.10984200389181986,
ENSGALG00010001127,SIAH2,9,0,ENSGALG00000010395,-1.7183300563872672,-1.7378709149138547
ENSGALG00010001215,PRDM6,Z,1,ENSGALG00000005351,-2.5420244718616805,
ENSGALG00010001178,ZBTB5,Z,1,ENSGALG00000005354;ALDBGALG0000005961,-1.5773742794556616,
ENSGALG00010001521,TBC1D5,2,0,ENSGALG00000011251,-1.0474707306530648,-1.2004232095855871
ENSGALG00010001420,FAM221A,2,0,ENSGALG00000010977,-1.0060536720936202,
ENSGALG00010001534,SLITRK3,9,0,INRAGALG00000016878;ENSGALG00000042159,-2.3295739330324903,
ENSGALG00010001213,PPIC,Z,1,ENSGALG00000005346,-0.13198804387368746,-1.2509351475446802
ENSGALG00010001512,PLCL2,2,0,ENSGALG00000011248,-0.3356875905022749,-1.2834057731668695
ENSGALG00010001206,RSRC1,9,0,INRAGALG00000016908;ENSGALG00000009669,-1.7246325560562616,
ENSGALG00010001170,DCAF10,Z,1,ENSGALG00000005390,-1.4439916122567091,-1.965650670103393
ENSGALG00010001145,TRIM36,Z,1,ENSGALG00000008188,-0.8995135929306074,-1.333728355488894
ENSGALG00010001168,DOK6,2,0,INRAGALG00000102499;INRAGALG00000102500;ENSGALG00000013753;ENSGALG00000025218,-1.1801199364436388,
ENSGALG00010001462,DHX36,9,0,ENSGALG00000043082,-0.837786612528879,-0.6518063575733561
ENSGALG00010001479,TMEM168,1,0,ENSGALG00000009443,-0.006243103974871711,-0.091088199339775
ENSGALG00010001279,LPIN2,2,0,ENSGALG00000014836,-0.5538675386559351,-0.5200692294128324
ENSGALG00010001238,GOLIM4,9,0,ENSGALG00000045246,-2.0793155414066593,-0.6019817941940783
ENSGALG00010001220,PLXNB2,1,0,ENSGALG00000039861;INRAGALG00000000361,-0.3718029151124521,
ENSGALG00010001418,RNMT,2,0,ENSGALG00000013889,-0.011337309624315561,-0.0377658215203893
ENSGALG00010001131,HPS3,9,0,INRAGALG00000016958;ENSGALG00000040089,-0.6031947871429577,
ENSGALG00010001559,HDAC10,1,0,ENSGALG00000051829;ENSGALG00000051043;ENSGALG00000041251,-0.0746292085295468,
ENSGALG00010001308,MGMT,6,0,ENSGALG00000042949,-1.5865472402030862,-0.2539044922338959
ENSGALG00010001163,ARL14,9,0,ENSGALG00000043623,-0.27150143656766723,
ENSGALG00010001216,SHOX2,9,0,ENSGALG00000039728,-2.3361036643887645,
ENSGALG00010001172,TMEM200C,2,0,ENSGALG00000054659;ENSGALG00000052336,-2.5771874792126948,
ENSGALG00010001177,SEH1L,2,0,ENSGALG00000013872,-1.033716919345332,-0.4088499710689744
ENSGALG00010001268,CBLN2,2,0,ENSGALG00000028682,-1.7878682472928824,
ENSGALG00010001125,CLRN1,9,0,ENSGALG00000010384,-1.6087205026843487,
ENSGALG00010001118,P2RY12,9,0,ENSGALG00000036470;NONGGAG010821;ENSGALG00000039432,-0.20712680400608108,
ENSGALG00010001495,CCNL1,9,0,ENSGALG00000009699,-2.0557267582512733,-2.4574102864346576
ENSGALG00010001126,FAM188B2,9,0,ENSGALG00000048493,-2.0707092679182275,
ENSGALG00010001252,SNCAIP,Z,1,ENSGALG00000005330,-1.6685758414924132,-1.7863890110973846
ENSGALG00010001235,CCDC102B,2,0,ENSGALG00000019509,-1.210867665705007,
ENSGALG00010001160,TRMT10B,Z,1,INRAGALG00000025208;ENSGALG00000029118,-1.6060959854023578,
ENSGALG00010001180,SPIRE1,2,0,ENSGALG00000013817;ENSGALG00000051319;ENSGALG00000030782,-2.1294175322417948,
ENSGALG00010001281,LRRN3,1,0,ENSGALG00000009488;NONGGAG007422,-0.2088118413125929,
ENSGALG00010001553,CNGA4,1,0,ENSGALG00000022704,-2.357337326546978,-4.472125095642381
ENSGALG00010001395,GNAL,2,0,ENSGALG00000013785;NONGGAG002494;ENSGALG00000034490,-0.5849276633099925,
ENSGALG00010001196,LSMEM1,1,0,ENSGALG00000009446,0.22341614024418355,
ENSGALG00010001556,EPB41L3,2,0,ENSGALG00000038678,-1.2121482542385447,-0.8001045261822106
ENSGALG00010001287,PLPP4,6,0,ENSGALG00000029020;ENSGALG00000040445,-0.22617178829004358,
ENSGALG00010001153,TSHZ1,2,0,ENSGALG00000013672;INRAGALG00000007537,-1.5073669483332495,
ENSGALG00010001231,CNDP1,2,0,ENSGALG00000013697,-0.3159632628958178,
ENSGALG00010001221,GRAMD3,Z,1,ENSGALG00000008237,-1.0799863797843219,-1.6517361914792723
ENSGALG00010001305,WNT16,1,0,ENSGALG00000028069,-2.1074991954355387,
ENSGALG00010001486,WNT2,1,0,ENSGALG00000030173,-1.6919288217031005,
ENSGALG00010001197,CEP76,2,0,ENSGALG00000013858,-0.5155488275085318,-0.5802147897447728
ENSGALG00010001441,HMGCLL1,3,0,ENSGALG00000016294,0.46764606277873877,-0.1668085713157109
ENSGALG00010001470,GPR85,1,0,ENSGALG00000009439,-0.08030531342471192,
ENSGALG00010001336,C7orf31,2,0,ENSGALG00000011021,-1.295223029364294,
ENSGALG00010001114,MED12L,9,0,ENSGALG00000010370;ENSGALG00000038275,-1.5926427607466067,
ENSGALG00010001208,MOV10L1,1,0,ENSGALG00000033664,-0.28497131620119476,
ENSGALG00010001382,BNIP3,6,0,ENSGALG00000010476,-1.8391402289190364,-0.7529912961254506
ENSGALG00010001508,CD109,3,0,INRAGALG00000103682;ENSGALG00000015910,-0.22557557702956166,
ENSGALG00010002455,NYX,1,0,ENSGALG00000016228;INRAGALG00000002035;INRAGALG00000002037,-2.019585071302335,
ENSGALG00010001750,EFHB,2,0,ENSGALG00000011267;107049345,0.31555202170682095,
ENSGALG00010002453,TOP2B,2,0,ENSGALG00000011300,0.09844535185636416,-0.8005304232499071
ENSGALG00010002536,RGL2,16,0,,-3.0612044119567834,
ENSGALG00010001925,FRMPD4,1,0,ENSGALG00000033541,-0.8852078725082033,
ENSGALG00010001656,GLRA2,1,0,ENSGALG00000016571,-0.3906856690559377,
ENSGALG00010002432,RAVER1,30,0,ENSGALG00000050608,-2.3923247850452025,
ENSGALG00010002277,RGS10,6,0,ENSGALG00000009422,-1.0871617013308215,0.1757427444190518
ENSGALG00010002470,OXSM,2,0,ENSGALG00000011312,-0.33907402283414434,-0.3836958884237317
ENSGALG00010001755,CUZD1,6,0,ENSGALG00000038254,-0.5355301404280248,
ENSGALG00010002462,RRM2,3,0,ENSGALG00000016442,-0.6923065985696427,-0.0775009137542305
ENSGALG00010001770,PP2D1,2,0,ENSGALG00000044362,-0.4384973107309309,
ENSGALG00010002383,INPP5F,6,0,ENSGALG00000009445,-0.7198505351113006,-0.566033076183708
ENSGALG00010002231,TMEM14A,3,0,ENSGALG00000019894,1.0862229664390517,2.128849486539385
ENSGALG00010001807,ASMTL,1,0,ENSGALG00000016689,-0.4307896400486893,0.745287757564916
ENSGALG00010002581,ATP13A1,30,0,ENSGALG00000032815,-1.4362660475961349,-0.9475796986490695
ENSGALG00010001728,STS,1,0,INRAGALG00000002289;INRAGALG00000100862;ENSGALG00000016622,-0.36310506809245363,
ENSGALG00010002345,SCML2,1,0,ENSGALG00000016537,-0.618958669034648,-3.1240909752105224
ENSGALG00010002160,CAPN5,1,0,,-1.5159494177908641,
ENSGALG00010002487,BCCIP,6,0,ENSGALG00000006617,-1.175890408358894,-1.0555858318183255
ENSGALG00010002065,CLNS1A,1,0,ENSGALG00000008574;ENSGALG00000048564,-1.3740979309774632,
ENSGALG00010001702,PLEKHA1,6,0,INRAGALG00000015179;ENSGALG00000034548,-0.6588412912552294,
ENSGALG00010002608,RPP38,2,0,ENSGALG00000008794,-0.5019348428461974,-0.2799194200666739
ENSGALG00010002466,UROS,6,0,ENSGALG00000013688,-0.887916513075644,0.2714192833202654
ENSGALG00010002437,TTK,3,0,ENSGALG00000015874;ENSGALG00000025379,-0.371790814413568,
ENSGALG00010002005,COLQ,2,0,ENSGALG00000011202;ENSGALG00000054805;INRAGALG00000102365,-0.9867048125282529,
ENSGALG00010002367,STK31,2,0,ENSGALG00000010980,-0.45103091834200926,
ENSGALG00010002138,MYO7A,1,0,ENSGALG00000031450,-1.1119656075429236,-1.1821498872764478
ENSGALG00010001918,CNKSR2,1,0,ENSGALG00000016391,-1.2417149347348413,
ENSGALG00010002173,GCM1,3,0,ENSGALG00000016316,-1.6475176882734246,
ENSGALG00010001788,HOXA1,2,0,ENSGALG00000028095,-2.6660205102190027,
ENSGALG00010002426,TEX36,6,0,ENSGALG00000044030,-2.0090441075830157,
ENSGALG00010002348,THAP12,1,0,ENSGALG00000000838,-0.9403240772194825,-0.416453140423536
ENSGALG00010002202,SFXN4,6,0,ENSGALG00000009350,-0.46310913258136843,0.1975301246657911
ENSGALG00010001880,MTCL1,2,0,ENSGALG00000054223;ENSGALG00000051546;ENSGALG00000053867;ENSGALG00000053721,-2.3942127860356552,
ENSGALG00010002463,ASRGL1,3,0,ENSGALG00000015949,0.13097544727453936,-0.1620499968851708
ENSGALG00010002528,MED14,1,0,ENSGALG00000016238;ENSGALG00000053145,-0.7786921575318465,
ENSGALG00010001903,NARS2,1,0,ENSGALG00000017262,-1.2785967331803911,-1.1557637308465547
ENSGALG00010001898,LHPP,6,0,ENSGALG00000030925,-0.8212959254975578,-0.3242533307785293
ENSGALG00010001627,ARFIP2,1,0,ENSGALG00000037839,-2.0098127190549806,-1.087668555360174
ENSGALG00010002270,IMMP2L,1,0,ENSGALG00000009485,-1.3378047509387414,
ENSGALG00010002440,LRRC51,1,0,ENSGALG00000051202,-3.163213293635141,
ENSGALG00010001815,HMX3,6,0,,-2.113483174423301,
ENSGALG00010002435,ATP7B,1,0,ENSGALG00000017021,-0.25066905306145804,-0.7657143008833084
ENSGALG00010002408,OFD1,1,0,ENSGALG00000016576,-1.5314836942349879,-1.2526146922668504
ENSGALG00010001957,NDUFC2,1,0,ENSGALG00000029172,-1.0278080625357144,0.0365670426239141
ENSGALG00010002186,ICK,3,0,INRAGALG00000011481;INRAGALG00000011482;ENSGALG00000016321;ENSGALG00000048639,-0.8444806486622891,
ENSGALG00010002500,OSR1,3,0,ENSGALG00000016473,-1.838991885700161,
ENSGALG00010001971,MLIP,3,0,ENSGALG00000016301,-1.7320234738416511,
ENSGALG00010001666,PIEZO2,2,0,ENSGALG00000042134,-0.40748623752192503,-1.5965126870465016
ENSGALG00010002300,TPO,3,0,ENSGALG00000016370,-0.569320985830307,
ENSGALG00010002365,RAI2,1,0,ENSGALG00000016538;INRAGALG00000100848;INRAGALG00000002185;INRAGALG00000002190,-2.580823654975562,
ENSGALG00010002402,TXLNG,1,0,ENSGALG00000016547,-1.7126140830554926,-0.899292765868317
ENSGALG00010002459,G3BP2,4,0,ENSGALG00000010882;ENSGALG00000027179,-1.452472850175948,
ENSGALG00010002433,GRHL1,3,0,ENSGALG00000038495,-1.006940423420287,
ENSGALG00010002309,GADL1,2,0,ENSGALG00000011447;ALDBGALG0000002555;ALDBGALG0000002556,-0.1565101922297354,
ENSGALG00010001759,C10orf88,6,0,ENSGALG00000000011,-1.1243396759988666,-2.368636199069011
ENSGALG00010002497,DHX32,6,0,ENSGALG00000038480,-0.9577757675730765,
ENSGALG00010001895,P4HA3,1,0,ENSGALG00000042030,-2.3837546047385945,-3.962467566758375
ENSGALG00010002371,BAG3,6,0,ENSGALG00000009433,-1.5737344066429917,-0.6073825869652991
ENSGALG00010002330,KHDRBS2,3,0,ENSGALG00000016276;ENSGALG00000051214,-0.26094076859877713,
ENSGALG00010001796,SLCO2B1,1,0,ENSGALG00000017302,-1.739870219728794,-0.5316402664552207
ENSGALG00010002239,AGPAT5,3,0,ENSGALG00000016329,0.018934911814522226,-0.4170799363051302
ENSGALG00010001611,MAPK12,1,0,ENSGALG00000019384,-0.4148989744087669,-0.4755541723788258
ENSGALG00010001958,RAB11FIP2,6,0,ENSGALG00000009304,-1.0023849313048283,-4.008142526435296
ENSGALG00010002343,GPD1L,2,0,107056001;NONGGAG002258;ENSGALG00000011481;INRAGALG00000102055,0.32673494385493196,
ENSGALG00010002523,DNAJB13,1,0,ENSGALG00000017317,-1.6132412290639384,
ENSGALG00010001883,KBTBD11,3,0,,-2.429248728735361,
ENSGALG00010001664,SPAM1,1,0,ENSGALG00000008761,0.10268421135879402,
ENSGALG00010002090,AQP11,1,0,ENSGALG00000031734,-1.1087288594999796,-0.271826726034573
ENSGALG00010002446,RIMS1,3,0,ENSGALG00000049067;ENSGALG00000052970;ENSGALG00000015944;ENSGALG00000053847,-1.2851815946535552,
ENSGALG00010001862,XRRA1,1,0,ENSGALG00000048559,-1.9759374968564716,
ENSGALG00010001966,ARHGAP6,1,0,ENSGALG00000049321;ENSGALG00000048136;ENSGALG00000016602,-1.5920656863811868,
ENSGALG00010002424,CASK,1,0,ENSGALG00000042400,-0.24931771534462854,-1.3500302363418204
ENSGALG00010001952,MSL3,1,0,ENSGALG00000041433,-0.8551008295320869,-0.4682351432959669
ENSGALG00010002547,PBX4,30,0,ENSGALG00000034076,-1.3473173417437265,-1.4200795806503026
ENSGALG00010001778,KAT2B,2,0,ENSGALG00000011278,-0.4780042094065882,-2.8254217312405068
ENSGALG00010001948,EMX2,6,0,ENSGALG00000009302,-2.001468408720277,
ENSGALG00010002526,ZBTB22,16,0,,-2.834564062686364,
ENSGALG00010001681,NAPG,2,0,ENSGALG00000013932;INRAGALG00000007665;INRAGALG00000007666,0.008449503122659796,
ENSGALG00010002159,GALNT15,2,0,ENSGALG00000011235,-1.6834998659650506,-2.387430769457094
ENSGALG00010002358,FREM2,1,0,ENSGALG00000033671,-1.0817903965132358,
ENSGALG00010001621,DLGAP2,3,0,ENSGALG00000032937;ENSGALG00000054521;INRAGALG00000011497;NONGGAG009610;INRAGALG00000011498;ENSGALG00000051497,-1.8963473656039818,
ENSGALG00010002396,SEC23IP,6,0,ENSGALG00000009466,-0.988321204565829,0.254271113112922
ENSGALG00010001705,HTRA1,6,0,ENSGALG00000041140,-0.9103341057389618,0.7154305343930496
ENSGALG00010001696,FAM135A,3,0,ENSGALG00000015969;ENSGALG00000049828,-0.6900394912999624,
ENSGALG00010001717,STARD10,1,0,,-1.4114183801776474,
ENSGALG00010001710,LCMT2,1,0,INRAGALG00000003283;ENSGALG00000017333,-1.3843731108893125,
ENSGALG00010001798,PSTK,6,0,ENSGALG00000009610,-2.824237885333635,-3.2534682801855697
ENSGALG00010002399,CSMD1,3,0,NONGGAG009349;NONGGAG009350;ENSGALG00000048224;ENSGALG00000053312;ENSGALG00000050666;ENSGALG00000046766;ENSGALG00000035230,-0.3951883052078876,
ENSGALG00010001706,IQUB,1,0,ENSGALG00000008823,-0.5615712629851851,-4.535000602913542
ENSGALG00010001923,RAPGEF5,2,0,ENSGALG00000034024,-1.333096161435265,-1.457259628633881
ENSGALG00010002590,ATP6V1C2,3,0,ENSGALG00000016446;ENSGALG00000025374,-0.3887547445132958,
ENSGALG00010002507,C2CD3,1,0,ENSGALG00000017314;ENSGALG00000052611,-1.6885972232089794,
ENSGALG00010002161,CDKL5,1,0,ENSGALG00000016529;ALDBGALG0000000893,-1.6171678001975756,
ENSGALG00010002587,DOCK1,6,0,ENSGALG00000042259,-0.48338119100861854,-1.466659324663318
ENSGALG00010002349,ZBED1,1,0,,-0.9897738205497478,
ENSGALG00010002334,OSBPL10,2,0,ENSGALG00000050427;ENSGALG00000025305,-1.2065682120284191,
ENSGALG00010001820,PGM2L1,1,0,ENSGALG00000017304,-0.693327695920065,-0.8016550082322083
ENSGALG00010002380,CMPK2,3,0,ENSGALG00000028982,-0.7948328701089931,-1.8088249617359824
ENSGALG00010002017,ARHGAP28,2,0,INRAGALG00000007706;INRAGALG00000022862;ENSGALG00000014758,-1.0589017052885266,
ENSGALG00010002576,HELQ,4,0,ENSGALG00000011208,-0.5548353780426915,
ENSGALG00010001635,TIMM10B,1,0,ENSGALG00000042572,-1.674142971744201,-3.6767301980093032
ENSGALG00010001699,ASB15,1,0,ENSGALG00000008814,0.07667953270588923,
ENSGALG00010001716,TRIL,2,0,ENSGALG00000011145,-2.826623263935257,-4.633062541451907
ENSGALG00010002142,CLDN34,1,0,ENSGALG00000030314,-0.9067884458673104,
ENSGALG00010002405,KCNQ5,3,0,ENSGALG00000037249;ENSGALG00000050252,-0.8733346461486797,
ENSGALG00010002225,PRDX3,6,0,ENSGALG00000009369,-1.3634394303196726,0.5765168528032149
ENSGALG00010001822,KCNE3,1,0,ENSGALG00000022696,-2.3555658991217223,-1.0330233791166978
ENSGALG00010002113,GDPD4,1,0,ENSGALG00000000690,-0.8463763291539409,
ENSGALG00010002609,PDIA6,3,0,ENSGALG00000016447,-0.26290468138121814,0.6997624384116546
ENSGALG00010001910,FAM53B,6,0,ENSGALG00000009718;ENSGALG00000032611;ENSGALG00000034013,-3.102969855999534,
ENSGALG00010001752,ARRB1,1,0,,-2.086426914734519,
ENSGALG00010001860,RNF169,1,0,ENSGALG00000017309,-2.362964003822168,-2.093325618050577
ENSGALG00010001911,USP35,1,0,ENSGALG00000035007,-2.0359907744546533,
ENSGALG00010001758,COL19A1,3,0,ENSGALG00000047605;ENSGALG00000054028;ENSGALG00000043584,-0.44886403834179234,
ENSGALG00010002374,DST,3,0,ENSGALG00000016289;ENSGALG00000047909;ENSGALG00000047450,-0.9279834329908762,
ENSGALG00010001915,METTL10,6,0,ENSGALG00000034013,-0.6631927832278266,-1.3563308073821037
ENSGALG00010002041,GCLC,3,0,ENSGALG00000016313,-0.23879156510953392,0.4768229814162845
ENSGALG00010002097,PCYT1B,1,0,ENSGALG00000016318,-1.0794802908038152,
ENSGALG00010002079,ARX,1,0,ENSGALG00000042604,-2.936205737180279,
ENSGALG00010002527,LRRC3B,2,0,ENSGALG00000011314,-1.389216016494772,-1.1219610245863083
ENSGALG00010002415,PCDH17,1,0,ENSGALG00000051789;ENSGALG00000016941,-1.9480570156977346,
ENSGALG00010001707,,6,0,,-1.320097762512596,
ENSGALG00010001657,SMAP1,3,0,ENSGALG00000015959,-0.6338521133498218,-0.3366415869899083
ENSGALG00010001866,PUS7L,1,0,ENSGALG00000009577,-0.32018192485218966,-0.6277222017709185
ENSGALG00010001917,FEZF1,1,0,ENSGALG00000008941,-1.6845217167248228,
ENSGALG00010001854,CHRDL2,1,0,ENSGALG00000017308;ALDBGALG0000000535,-2.102879395496762,
ENSGALG00010002544,THSD1,1,0,ENSGALG00000028083,-1.5482650338706065,-2.43872312316912
ENSGALG00010002518,MAST1,30,0,ENSGALG00000047242;INRAGALG00000021296,-2.7931515388916366,
ENSGALG00010001721,TM4SF1,9,0,,-0.5880417105414313,
ENSGALG00010001890,KLHL34,1,0,ENSGALG00000016388,-1.2704028363250712,
ENSGALG00010001892,RAB12,2,0,ENSGALG00000033608,-1.2851636746009771,-1.4343396069203718
ENSGALG00010001617,TRIM3,1,0,ENSGALG00000034004,-3.012415393410378,-4.129824524446184
ENSGALG00010002427,CYB5R4,3,0,ENSGALG00000052460,-0.01604309834003348,
ENSGALG00010001995,LRRC1,3,0,ENSGALG00000016304,-1.360116859721569,-3.0449493146308755
ENSGALG00010002376,GEN1,3,0,ENSGALG00000016468,-0.630924059311714,-0.8467701293192732
ENSGALG00010001693,NKIRAS1,2,0,ENSGALG00000011289,-1.2273024935714076,-1.2284396853902917
ENSGALG00010001912,TMEM117,1,0,ENSGALG00000009596,-0.31866906386687077,
ENSGALG00010001929,POLR2I,16,0,ENSGALG00000038595,-1.644582150106781,-0.1140541112794746
ENSGALG00010002551,WDR35,3,0,ENSGALG00000016477,0.10700033367579409,0.721597350841285
ENSGALG00010002235,MXRA5,1,0,ENSGALG00000016635,-0.7721356019470272,
ENSGALG00010001837,TAB3,1,0,ENSGALG00000016284,-1.089399790545418,-2.855441478969154
ENSGALG00010001668,UBE2E1,2,0,ENSGALG00000011286,-1.041667412357182,0.1417379646626883
ENSGALG00010002571,BCOR,1,0,ENSGALG00000016245,-1.9657118846575838,-2.271058538623236
ENSGALG00010002350,BEND6,3,0,ENSGALG00000016283,-0.8498431823786352,-3.507889809299164
ENSGALG00010002512,DAXX,16,0,,-3.486045362744078,
ENSGALG00010002501,TCEANC,1,0,,-0.8492103302845116,
ENSGALG00010001821,HMX2,6,0,ENSGALG00000030875,-2.5523147120860674,
ENSGALG00010002461,LRTOMT,1,0,ENSGALG00000035375,-2.2652346679073125,
ENSGALG00010002379,NHS,1,0,ENSGALG00000016543,-2.408285386417573,-4.339483288947955
ENSGALG00010002342,BAG2,3,0,ENSGALG00000026605,-2.314171868747484,-2.912684242455439
ENSGALG00010002511,VPS36,1,0,ENSGALG00000017026,-0.6915952854959424,0.0239686647117628
ENSGALG00010002598,NMT2,2,0,ENSGALG00000008791,-0.500701953888284,-0.1991040745747045
ENSGALG00010002592,RPS6KA3,1,0,ENSGALG00000016406,0.03853246418655942,-0.1955127694970389
ENSGALG00010001825,LIPT2,1,0,ENSGALG00000047148,-2.5767989026244575,
ENSGALG00010001633,B3GAT2,3,0,,-1.9810391125345497,
ENSGALG00010002586,GPR63,3,0,ENSGALG00000050842;ENSGALG00000015570,-0.30306830172422206,
ENSGALG00010001585,,2,0,,-0.8852813702911919,
ENSGALG00010001858,ADAMTS20,1,0,ENSGALG00000009572,-0.7134489350419686,
ENSGALG00010002454,NEK5,1,0,ENSGALG00000017023,-0.9067217295677727,
ENSGALG00010001714,SLC13A1,1,0,ENSGALG00000008874,0.18458956086140665,
ENSGALG00010002390,MYT1L,3,0,ENSGALG00000016384,-1.3620089681254492,
ENSGALG00010002569,GTPBP6,1,0,ENSGALG00000016717,-0.6668717852399427,-1.1035731601514225
ENSGALG00010002520,TTC32,3,0,ENSGALG00000016476,-0.8513638289621145,0.223846891220182
ENSGALG00010001928,KCTD21,1,0,ENSGALG00000017268;ALDBGALG0000000524,-1.1785826996935787,
ENSGALG00010002357,RAB31,2,0,ENSGALG00000022874,-0.2647080773636876,1.1370263868814725
ENSGALG00010002352,MYL12B,2,0,ENSGALG00000038635,-0.1278647096076383,0.7845342843331053
ENSGALG00010001906,SKAP2,2,0,ENSGALG00000030081,-0.5559651002637387,-0.260294625143763
ENSGALG00010002559,NEK10,2,0,ENSGALG00000011322,-0.7711295717578166,
ENSGALG00010001697,TAF10,1,0,ENSGALG00000046371,-1.001250893371108,-0.6403270467973198
ENSGALG00010002389,COL21A1,3,0,ENSGALG00000016292;ENSGALG00000051085,-0.11789155493532122,
ENSGALG00010002422,TRAPPC12,3,0,ENSGALG00000016387,-1.0332161297810813,0.0883113666980243
ENSGALG00010001745,CADPS2,1,0,ENSGALG00000008926,-0.7834231773488032,-1.4433996213867322
ENSGALG00010002467,NEK3,1,0,ENSGALG00000017024,-0.4356592387822295,-0.8436009057441451
ENSGALG00010001869,CRLF2,1,0,ENSGALG00000045814,-0.11562618866936691,-0.6233913223179888
ENSGALG00010001938,ALG8,1,0,ENSGALG00000019042,-0.38361592764741004,0.5952782085858439
ENSGALG00010002611,NPS,6,0,,-0.822323314658351,
ENSGALG00010001605,APBB1,1,0,ENSGALG00000046164,-2.978477854035674,-3.9876628038973374
ENSGALG00010001612,HPX,1,0,,-2.3604320215767784,
ENSGALG00010001677,SDHAF4,3,0,ENSGALG00000031631,-0.6766594050438353,0.6968351950925091
ENSGALG00010001842,GPR26,6,0,ENSGALG00000009684,-1.1110806728742126,
ENSGALG00010002471,OGFRL1,3,0,ENSGALG00000015951;ENSGALG00000053388,-0.7351443068386989,
ENSGALG00010001649,UBE2E2,2,0,,-1.1044225522087656,
ENSGALG00010002612,JPH1,2,0,ENSGALG00000035845,-0.650814397220171,-1.4651300202218578
ENSGALG00010002034,WWC3,1,0,ENSGALG00000034834,-1.828972621280358,-2.9857771725419378
ENSGALG00010002335,TMEM47,1,0,ENSGALG00000027198,-0.8906315105722716,-0.6293437107896491
ENSGALG00010001589,EVX1,2,0,ENSGALG00000037310,-2.5399204641277247,
ENSGALG00010002603,INSYN2A,6,0,ENSGALG00000040836,-1.8577126974818037,-3.3888090970847973
ENSGALG00010002150,EIF3A,6,0,ENSGALG00000009328;ENSGALG00000017868;ENSGALG00000025331,-1.6327703479216322,
ENSGALG00010002385,MPP6,2,0,ENSGALG00000048952;INRAGALG00000006655;ENSGALG00000010988,-0.5429325822442801,
ENSGALG00010002360,DHRSX,1,0,ENSGALG00000016681,-0.884715961958999,0.1840025644627773
ENSGALG00010002293,GYG2,1,0,ENSGALG00000016655,-1.2106498063346334,-0.8673887996903978
ENSGALG00010001827,PDZRN4,1,0,ENSGALG00000009530,-1.8398011861159937,
ENSGALG00010001708,AADAC,9,0,ENSGALG00000032147;INRAGALG00000016944;ENSGALG00000010364,-1.1531354061668717,
ENSGALG00010001818,ADGRB3,3,0,ENSGALG00000016176,-0.875808252608246,
ENSGALG00010002251,GRK5,6,0,ENSGALG00000009403;ENSGALG00000037035,-0.5915008240847938,
ENSGALG00010002359,CMTM6,2,0,ENSGALG00000011490,-1.022331865680094,-0.0475512846332559
ENSGALG00010002023,CLCN4,1,0,ENSGALG00000016607,-0.46457589257065585,
ENSGALG00010002194,SHROOM2,1,0,ENSGALG00000030802,-1.7653597064021227,-1.8662962386503976
ENSGALG00010002445,EDRF1,6,0,ENSGALG00000013685,-0.6391961626628291,-1.2285325290997535
ENSGALG00010002054,RSF1,1,0,ENSGALG00000039068;INRAGALG00000100517,-1.5451600469294253,
ENSGALG00010002362,TRPC4,1,0,ENSGALG00000017044,-0.8152815046483354,
ENSGALG00010001856,CHST15,6,0,ENSGALG00000009704;INRAGALG00000015196,-0.5975062590088522,
ENSGALG00010002420,TMEM272,1,0,ENSGALG00000054675,-0.5652329460265185,
ENSGALG00010001852,CPXM2,6,0,ENSGALG00000048849;ENSGALG00000009693,-1.109912288213356,
ENSGALG00010002211,ACER3,1,0,ALDBGALG0000001062;ENSGALG00000000755,0.43564256817065894,
ENSGALG00010002567,COA4,1,0,,-3.6074277847325567,
ENSGALG00010002134,ANKRD28,2,0,ENSGALG00000011226,-0.24228034596199188,0.2580106037957162
ENSGALG00010001908,FAM83B,3,0,ENSGALG00000016299,-0.6564168596996236,
ENSGALG00010001738,PUDP,1,0,ENSGALG00000040388,-0.4677143459398164,0.7584339125018593
ENSGALG00010001803,PPP4R1,2,0,ENSGALG00000032092,-1.1820485748241238,-0.5291506893411517
ENSGALG00010002419,CTBP2,6,0,ENSGALG00000009738;ENSGALG00000054797;INRAGALG00000015212;ENSGALG00000025226;ENSGALG00000027414;NONGGAG010439;ENSGALG00000049635;ENSGALG00000044030,-1.109358707505971,
ENSGALG00010001849,NDUFV2,2,0,ENSGALG00000036625,0.09841608390973722,0.885133964531631
ENSGALG00010002425,FDX2,30,0,ENSGALG00000039445;ENSGALG00000050608,-2.9570206780366486,
ENSGALG00010001845,ANKRD12,2,0,ENSGALG00000051993;ENSGALG00000049622;ENSGALG00000052012,-0.9321306510958861,
ENSGALG00010002460,LAMTOR1,1,0,ENSGALG00000050119,-2.0134631412839177,
ENSGALG00010001969,PLEKHA8,2,0,ENSGALG00000011185;ENSGALG00000036649,-0.7966275720883709,
ENSGALG00010001940,PTPRM,2,0,ENSGALG00000031284,-0.43902513695872314,-0.5364733470606999
ENSGALG00010002275,IL1RAPL1,1,0,ENSGALG00000016288,-0.37692482854064546,
ENSGALG00010002406,DIAPH3,1,0,ENSGALG00000016937,-0.6133623612035959,
ENSGALG00010002347,ZNF451,3,0,ENSGALG00000016282,-0.9906125407930287,-0.9358970917058044
ENSGALG00010002416,SH3BGRL2,3,0,ENSGALG00000015877;INRAGALG00000011343,-0.47606496099359946,
ENSGALG00010001896,ARHGEF10,3,0,ALDBGALG0000003904;ENSGALG00000016350,-0.555298772287495,
ENSGALG00010001997,INTS4,1,0,ENSGALG00000000091,-1.5934046476339216,-0.7251317357936307
ENSGALG00010002346,FBXO15,2,0,ENSGALG00000013720,-0.1055951205826694,0.5792558766688507
ENSGALG00010002369,GEMIN8,1,0,ENSGALG00000016574,-0.859642588750914,-0.1145416512121645
ENSGALG00010002087,POLA1,1,0,ENSGALG00000016312;ENSGALG00000025616,-0.36110284562747963,
ENSGALG00010001843,PRICKLE1,1,0,ENSGALG00000009556,-1.191429670854157,-0.8714852740351882
ENSGALG00010002589,SLC4A7,2,0,INRAGALG00000102376;ENSGALG00000011405,-0.3566719030902654,
ENSGALG00010001692,ALDH18A1,6,0,ENSGALG00000047291;ENSGALG00000034655,-0.9053361460290781,
ENSGALG00010002024,KLHL31,3,0,ENSGALG00000016309,-0.4916855222819036,
ENSGALG00010002483,COQ2,4,0,ENSGALG00000041294,-0.6811012801704996,-0.0831393532700738
ENSGALG00010001747,KCNH8,2,0,ENSGALG00000011262,-0.6938899272973174,
ENSGALG00010002443,TYK2,30,0,ENSGALG00000030599,-2.5418926230637595,-4.012573344280294
ENSGALG00010002439,GPR82,1,0,ENSGALG00000044763,1.067802152924985,0.5381465984479873
ENSGALG00010002404,OSBPL3,2,0,ENSGALG00000011007,-0.9929869371639815,-0.9882122677297952
ENSGALG00010001711,CREB5,2,0,ENSGALG00000038265;INRAGALG00000102026,-1.7651899171381429,
ENSGALG00010002324,SNTG2,3,0,ALDBGALG0000003609;ENSGALG00000016367,-0.4204332898878312,
ENSGALG00010001972,FAM204A,6,0,ENSGALG00000009307,-0.7866879042958628,-1.5994151440355364
ENSGALG00010002410,RNF175,1,0,ENSGALG00000000868,-1.0197602343939107,-0.6758515467195854
ENSGALG00010002401,ZRANB1,6,0,ENSGALG00000031474,-0.7379779508321558,-1.5429690533440077
ENSGALG00010002259,CXorf21,1,0,ENSGALG00000016286,-2.0551635159133275,-1.8348692719521265
ENSGALG00010004346,CEP128,5,0,ENSGALG00000010562,-1.452894065028739,-1.9514346772067523
ENSGALG00010004061,MEP1B,2,0,ENSGALG00000044606,-0.9392598366812511,
ENSGALG00010004333,DIO2,5,0,,-1.5409835632141096,
ENSGALG00010002835,CYFIP1,1,0,ENSGALG00000016736,-0.9625279829299547,-0.0292915948927909
ENSGALG00010002712,PTPRE,6,0,INRAGALG00000015229;INRAGALG00000015231;INRAGALG00000015236;INRAGALG00000015240;INRAGALG00000015243;INRAGALG00000015247;ENSGALG00000009823,-0.48369460862933333,
ENSGALG00010004006,NKAIN3,2,0,ENSGALG00000044457;INRAGALG00000102242;INRAGALG00000007935;INRAGALG00000007936;INRAGALG00000007942;INRAGALG00000007943;INRAGALG00000007944;ENSGALG00000034899,-0.8061755789131,
ENSGALG00010003948,SCD5,4,0,ENSGALG00000034502,-1.228128335197972,-1.9262826079217523
ENSGALG00010004047,PDE7A,2,0,ENSGALG00000038395;ENSGALG00000054706,-1.3393815455349678,
ENSGALG00010003165,BMP2K,4,0,ENSGALG00000010885,-1.5351727130986816,-1.57654746603585
ENSGALG00010004942,GABRR1,3,0,ENSGALG00000015778,-1.32272832230319,
ENSGALG00010004038,SENP6,3,0,NONGGAG009572;ENSGALG00000015901,-0.9225669653983162,
ENSGALG00010002853,CEP162,3,0,ENSGALG00000015836,-1.0133012035916888,-1.565258624475278
ENSGALG00010004891,ANKIB1,2,0,ENSGALG00000031917,-0.995783105518895,-1.373570520397351
ENSGALG00010002682,UBL5,30,0,ENSGALG00000035138,-1.0970768946876197,
ENSGALG00010005146,TGFB3,5,0,ENSGALG00000010346,-2.6593840797078205,-4.36571092234863
ENSGALG00010004800,ZC3H12C,1,0,ALDBGALG0000001029;ENSGALG00000017154;INRAGALG00000100972,-1.0480328473385478,
ENSGALG00010003915,MIOS,2,0,ENSGALG00000010699;ENSGALG00000025450,-0.6157097146283291,
ENSGALG00010003330,HEY1,2,0,ENSGALG00000035031,-2.295676637447688,-2.6886468031204016
ENSGALG00010003403,GCDH,30,0,ENSGALG00000034917,-2.2159035693683737,-1.6179618336680115
ENSGALG00010004501,TAGLN3,1,0,ENSGALG00000015379,-0.912188929731331,-2.3100569010964622
ENSGALG00010004966,LAMA3,2,0,ENSGALG00000015056,-0.6344075695715667,
ENSGALG00010003700,REST,4,0,ENSGALG00000054198,-1.5772721484003593,
ENSGALG00010003364,ANKRD6,3,0,ENSGALG00000015768;ENSGALG00000025567,-2.026495153359527,
ENSGALG00010003887,GIPC1,30,0,ENSGALG00000050803,-2.319773002081607,
ENSGALG00010003909,DNAJB1,30,0,ENSGALG00000051280,-1.5077736377959186,
ENSGALG00010003169,MTRF1,1,0,ENSGALG00000016951,-1.0613962977958704,-0.9152944929602944
ENSGALG00010002627,MRPS31,1,0,ENSGALG00000017033,-0.9031932450147034,-0.9226052234211364
ENSGALG00010003479,SYDE1,30,0,ENSGALG00000050416,-2.8600256380014915,
ENSGALG00010003884,TYMS,2,0,ENSGALG00000014897;ENSGALG00000047488,-0.8195914347001103,
ENSGALG00010004224,NT5E,3,0,ENSGALG00000015833,-0.025876895327774485,-0.5405130212691505
ENSGALG00010003768,ARSJ,4,0,ENSGALG00000033286;INRAGALG00000012891,-0.4623234736182895,
ENSGALG00010004483,STEAP4,2,0,ENSGALG00000008997,0.11259281662414222,0.4725420333407256
ENSGALG00010003507,WDFY3,4,0,ENSGALG00000043669,-1.0257454115778255,-2.723070877301374
ENSGALG00010002896,OCA2,1,0,ENSGALG00000016740,-0.3295576113836678,
ENSGALG00010004835,HHLA2,1,0,ENSGALG00000022871;INRAGALG00000001577,-0.1426074184300825,
ENSGALG00010004623,MBIP,5,0,ENSGALG00000010096,-0.7101944646752663,-0.0606321478939927
ENSGALG00010003665,RDH14,3,0,ENSGALG00000019873,-1.1808042090893882,-0.6931772042485462
ENSGALG00010002796,PRDM8,4,0,ENSGALG00000038372,-1.8025695623033389,
ENSGALG00010004935,SVIL,2,0,ENSGALG00000007331;INRAGALG00000006394,-0.8685000560084586,
ENSGALG00010003454,IMPAD1,2,0,ENSGALG00000041573,-0.7316086027003585,-1.1649417456632765
ENSGALG00010004751,PTER,2,0,ENSGALG00000008728,-0.7208453057592692,-0.2967328290717159
ENSGALG00010003331,EPSTI1,1,0,ENSGALG00000016964;ENSGALG00000030571,-1.2715986944686617,
ENSGALG00010003960,ASPH,2,0,ENSGALG00000043440;ENSGALG00000030112;ENSGALG00000047461,-0.4908501220837626,
ENSGALG00010003750,CPB2,1,0,ENSGALG00000016985,-0.024125386984119812,1.2486069370939386
ENSGALG00010005132,LNX2,1,0,INRAGALG00000002999;ENSGALG00000017096,-2.173397417224174,
ENSGALG00010003894,COPS4,4,0,ENSGALG00000011130,-0.47690796970687654,0.8054807127517665
ENSGALG00010003877,CLVS1,2,0,ENSGALG00000043172,-1.1250206355503958,
ENSGALG00010003821,RUBCNL,1,0,ENSGALG00000016988,-1.5845114991214118,-1.3291746363792092
ENSGALG00010003816,KLHL8,4,0,ENSGALG00000011017,-0.7411951758162733,-1.034224343060702
ENSGALG00010002840,SRPX,1,0,ENSGALG00000043100,-0.6093194446207881,
ENSGALG00010003597,RNF144A,3,0,ENSGALG00000016400;ENSGALG00000028709,-0.7550493298475545,
ENSGALG00010003718,SIAH3,1,0,ENSGALG00000026849,-1.6507309522620943,-2.228629969670947
ENSGALG00010004308,DSG2,2,0,ENSGALG00000015142,-0.6764642939575128,0.0183165957828148
ENSGALG00010003903,COL28A1,2,0,ENSGALG00000010259,-0.0667015172521499,
ENSGALG00010004056,SHROOM3,4,0,ENSGALG00000052932,-2.286150509587425,
ENSGALG00010003962,UMAD1,2,0,ENSGALG00000023189,-1.8892262013516836,0.3107810080615127
ENSGALG00010004443,ANKRD17,4,0,ENSGALG00000011642,-0.8505106324790224,-1.6850102251186423
ENSGALG00010003650,SPACA1,3,0,ENSGALG00000043839,-0.34561709248396,
ENSGALG00010004380,ISCA2,5,0,ENSGALG00000020417,-1.5027977294290222,-1.1538651503605757
ENSGALG00010002888,FAM124A,1,0,ENSGALG00000017016,-1.9607990357235674,
ENSGALG00010002954,CHST7,1,0,ENSGALG00000031375,-2.9931857747800996,
ENSGALG00010004871,C11orf87,1,0,ENSGALG00000017155,-2.9646019658052216,-1.2960065723935077
ENSGALG00010004650,GTPBP10,2,0,ENSGALG00000009035,-0.20544314135597752,-1.230604031174229
ENSGALG00010003753,SLCO5A1,2,0,ENSGALG00000029842;ENSGALG00000048280,-0.30457240413339426,
ENSGALG00010005148,TTC39C,2,0,ENSGALG00000015064;ALDBGALG0000002334,-0.39475073557202783,
ENSGALG00010002790,CXorf23,1,0,ENSGALG00000016418,-0.5076462858995414,-1.4062856410335676
ENSGALG00010002689,COG6,1,0,ENSGALG00000017035,-0.47074555143555263,0.3735870909631186
ENSGALG00010004715,WDR27,3,0,ENSGALG00000037464;INRAGALG00000010690;INRAGALG00000010691;INRAGALG00000010693,-0.7348216569102463,
ENSGALG00010005174,TPP2,1,0,ENSGALG00000016865,-0.008247601244747549,0.1899230179484387
ENSGALG00010004392,GJA10,3,0,ENSGALG00000015606,-2.00611912572862,
ENSGALG00010002622,AZI2,2,0,ENSGALG00000011428,-1.4702526803632776,-2.321914610108826
ENSGALG00010004390,PNLDC1,3,0,ENSGALG00000011624,-1.2815006967593132,
ENSGALG00010004591,RRS1,2,0,ENSGALG00000030890,-2.889809767183768,
ENSGALG00010004085,RB1CC1,2,0,ENSGALG00000015259,-0.8640085561879693,-0.8444958182019839
ENSGALG00010003109,ART1,1,0,ENSGALG00000049536,-2.6932697735858597,
ENSGALG00010002781,EIF3G,30,0,ENSGALG00000034475,-2.4825770767528743,-1.241125848524087
ENSGALG00010003846,MEI4,3,0,ENSGALG00000041938,-0.6184108301222102,
ENSGALG00010002742,PROSER1,1,0,ENSGALG00000017038,-1.1505483676155657,-1.530970707232576
ENSGALG00010003081,DOPEY2,3,0,ENSGALG00000015858,-0.8166981955640003,-0.6527167249432496
ENSGALG00010002766,NANOS1,6,0,ENSGALG00000027980,-2.423896951574964,-3.963252169637632
ENSGALG00010003461,CCDC122,1,0,ENSGALG00000016968,0.24656427648085655,
ENSGALG00010004494,WTAP,3,0,ENSGALG00000011660,-1.885272425821391,-0.8413834975881702
ENSGALG00010004951,AFDN,3,0,ENSGALG00000011329,-1.156577528021935,-1.249679076550109
ENSGALG00010004101,ARID1B,3,0,INRAGALG00000010885;INRAGALG00000103335;ENSGALG00000013683,-1.5202134294505267,
ENSGALG00010004095,ANKRD50,4,0,ENSGALG00000011831,-1.063592197643889,-1.6052999737314235
ENSGALG00010004233,NHSL1,3,0,ENSGALG00000026981;ENSGALG00000036759,-2.0180667288390013,
ENSGALG00010003818,GAB2,1,0,ENSGALG00000054619;ENSGALG00000041329,-2.613237940587792,
ENSGALG00010004927,KIF25,3,0,ENSGALG00000011299;ENSGALG00000033785,-0.9524501187316562,
ENSGALG00010002673,PQLC3,3,0,ENSGALG00000016449;INRAGALG00000011567,-0.13716450610818787,
ENSGALG00010004246,C8orf34,2,0,ENSGALG00000034561,-1.4543681155032893,
ENSGALG00010003472,FAM110B,2,0,ENSGALG00000035065,-1.9014724505800435,-0.9759048428348092
ENSGALG00010003589,SLC25A30,1,0,ENSGALG00000016979,0.10441717056677224,0.3940032708416926
ENSGALG00010003869,LY96,2,0,ENSGALG00000032701,0.6545596899460505,-0.6301802981782503
ENSGALG00010004584,,4,0,ENSGALG00000042112,-0.8933299984410553,0.9121832070806086
ENSGALG00010003438,KCNS3,3,0,ENSGALG00000016470,-0.7603408004242953,-1.9565876672584228
ENSGALG00010002703,PIN1,30,0,ENSGALG00000042890,-2.0781392695266714,-0.8875764891812302
ENSGALG00010004722,C1QL3,2,0,ENSGALG00000032554,-1.5245162579041254,
ENSGALG00010002943,SAP30,4,0,ENSGALG00000036252,-0.7295770526556246,-1.702992386702343
ENSGALG00010003878,ARHGAP24,4,0,ENSGALG00000011124,-1.6494190387725332,-0.8825960357578488
ENSGALG00010004583,XKR4,2,0,ENSGALG00000035429;ENSGALG00000049819,-1.3717954283421516,
ENSGALG00010005035,NECTIN3,1,0,ENSGALG00000015367,-0.0488521401454145,0.5453440962035611
ENSGALG00010003470,METTL3,35,0,ENSGALG00000044213,-2.846527149569859,
ENSGALG00010005191,MSANTD4,1,0,ENSGALG00000017177,-1.701233187820347,-1.0303390128478545
ENSGALG00010004065,TIFA,4,0,ENSGALG00000012076,-1.154280691492004,0.2052375608755773
ENSGALG00010004777,CDK14,2,0,ENSGALG00000009062,-0.9362931532569478,
ENSGALG00010004952,PEX1,2,0,ENSGALG00000009410,-0.9121833508591791,-0.8084410655656493
ENSGALG00010004297,SULF1,2,0,ENSGALG00000054431;ENSGALG00000039553;ENSGALG00000055117,-0.9025931307963823,
ENSGALG00010004130,RIPPLY2,3,0,ENSGALG00000015845,-1.5992668148364753,
ENSGALG00010004070,ARL11,1,0,ALDBGALG0000000455;ENSGALG00000022733,-2.815061802032212,
ENSGALG00010002774,TBX18,3,0,ENSGALG00000032789,-1.4069121032322098,
ENSGALG00010003560,ADGRL3,4,0,ENSGALG00000011319;ENSGALG00000025322;INRAGALG00000103899,-1.1233817265098636,
ENSGALG00010002883,MAP3K15,1,0,ENSGALG00000016426,-0.590698631198,
ENSGALG00010004214,REPS1,3,0,ENSGALG00000013829;ENSGALG00000033748,-1.0633762014000654,
ENSGALG00010005092,ESCO1,2,0,,-0.7836723664541904,
ENSGALG00010004374,ILDR1,1,0,ENSGALG00000015134;ENSGALG00000015136,-2.524053407176875,
ENSGALG00010003255,CALCR,2,0,ENSGALG00000009509;ENSGALG00000021723,-0.335999349532661,
ENSGALG00010004372,SYNJ2,3,0,ENSGALG00000013727,-1.0833298764848505,-1.6190661630683816
ENSGALG00010003899,LIN54,4,0,ENSGALG00000011133,-0.8153816096694694,-0.016220160152335
ENSGALG00010004379,ZBTB10,2,0,ENSGALG00000034376;ENSGALG00000052037,-1.5838984025389777,
ENSGALG00010002868,PPP1R9A,2,0,ALDBGALG0000002134;ENSGALG00000009686,-1.3603303159094358,
ENSGALG00010002827,SBSPON,2,0,ENSGALG00000043532,-1.7572524011469914,-0.6733263908856558
ENSGALG00010003372,ENOX1,1,0,ENSGALG00000016967;ENSGALG00000048495;NONGGAG007759;NONGGAG007760;NONGGAG007761,-0.6138100769877487,
ENSGALG00010004005,SDR16C6,2,0,ENSGALG00000022827,-0.2515797507285047,
ENSGALG00010003431,PM20D2,3,0,ENSGALG00000015779,-0.9302172111788799,-1.2364029192962285
ENSGALG00010004977,RNF217,3,0,INRAGALG00000103653;ALDBGALG0000003837;ENSGALG00000013651,-0.777286500995237,
ENSGALG00010003933,TECR,30,0,ENSGALG00000049582,-1.4561198103431288,
ENSGALG00010003972,PENK,2,0,ENSGALG00000015419,-1.0861891509393007,
ENSGALG00010004577,ZPLD1,1,0,ENSGALG00000051786;ENSGALG00000015347,-0.814400792675793,
ENSGALG00010003837,FAM150B,3,0,ENSGALG00000016364,-1.1647082366538886,-1.2855553820157437
ENSGALG00010003246,VWA8,1,0,ENSGALG00000016955;ENSGALG00000017789,-0.7018641943674757,
ENSGALG00010002918,FAM84A,3,0,ENSGALG00000016459,-2.7227055925289663,-1.3516649630196784
ENSGALG00010003666,SLC25A13,2,0,ENSGALG00000009728,-0.05229624965758728,0.4515275402907043
ENSGALG00010003108,PPP1R3B,4,0,ENSGALG00000030303,-0.7957203060135242,-0.5780444085135388
ENSGALG00010005104,ENPP3,3,0,ENSGALG00000037587,-0.36693976413170176,0.9700211920321148
ENSGALG00010004832,C6orf58,3,0,ENSGALG00000045522,-0.6202499927316469,
ENSGALG00010002880,RASGEF1B,4,0,ENSGALG00000010903,-0.6475022215414205,-1.4977657487555691
ENSGALG00010005077,ERG28,5,0,ENSGALG00000034354,-1.0300711859449547,
ENSGALG00010002907,GABRG3,1,0,ENSGALG00000041042;ENSGALG00000025578;ENSGALG00000050721,0.12291961753671621,
ENSGALG00010002894,FCHSD2,1,0,,-1.8852522547152981,
ENSGALG00010002657,C2orf50,3,0,ENSGALG00000046449,-1.289870372676881,
ENSGALG00010003456,CDS1,4,0,ENSGALG00000011227,-0.5609138771629659,-1.4650033785867698
ENSGALG00010003824,SP4,2,0,ENSGALG00000039454;ENSGALG00000039760,-1.0449076326592577,
ENSGALG00010003759,PRDM14,2,0,ENSGALG00000033439,-2.148553532056738,
ENSGALG00010004242,ADAM22,2,0,ENSGALG00000008976;ALDBGALG0000002125,-0.796653075812794,
ENSGALG00010002878,P2RY2,1,0,ENSGALG00000017326,-1.4497277662165622,-3.9853553025100568
ENSGALG00010003260,ACP5,30,0,ENSGALG00000032489;ENSGALG00000032854,-2.622110200270515,
ENSGALG00010003468,ILVBL,30,0,ENSGALG00000050586,-2.3154640324440114,
ENSGALG00010005180,WAC,2,0,ENSGALG00000035281,-1.5891195699289942,-1.4900736234956249
ENSGALG00010004399,POU3F2,3,0,ENSGALG00000048587;ENSGALG00000038425,-1.9963290494843173,
ENSGALG00010003838,GAR1,4,0,ENSGALG00000020164,0.8673068624443722,-0.6969308460653993
ENSGALG00010004125,MANEA,3,0,ENSGALG00000015590,-0.09217661110700592,0.9696307644544508
ENSGALG00010004235,ADAD1,4,0,INRAGALG00000104107;INRAGALG00000012856;ENSGALG00000050669;ENSGALG00000044995,-0.7185516398093565,
ENSGALG00010003412,ASB5,4,0,ENSGALG00000010837,-0.5178178716483754,-1.1714119222926709
ENSGALG00010003366,CASD1,2,0,ENSGALG00000009653,-0.1666065795764501,-1.302831050911052
ENSGALG00010004137,CROT,2,0,ENSGALG00000008813,-0.9511224587925153,0.6210680186021873
ENSGALG00010005154,CWF19L2,1,0,ENSGALG00000017171,-0.9430923623563067,-0.4524440617704431
ENSGALG00010004542,ERMARD,3,0,ENSGALG00000011186,-0.33402042843801505,-0.8994900309745113
ENSGALG00010004128,MCMDC2,2,0,INRAGALG00000102246;ENSGALG00000031863,-0.4976126901738406,
ENSGALG00010002935,SYTL5,1,0,ENSGALG00000041212;ENSGALG00000016258,-1.042881555498168,
ENSGALG00010002800,TUBGCP5,1,0,ENSGALG00000016735,-0.8140778391344441,-1.5436345076979745
ENSGALG00010003766,CFAP206,3,0,ENSGALG00000015810,-0.9562534500758109,
ENSGALG00010004050,DNAJC5B,2,0,ENSGALG00000030660,-0.7754057515130628,
ENSGALG00010004296,DSG4,2,0,,0.26213261121374,
ENSGALG00010004248,GRSF1,4,0,ENSGALG00000031160,-0.5966043395335219,
ENSGALG00010002762,PPAN,30,0,ENSGALG00000051597,-2.7956964054563156,
ENSGALG00010004534,CUBN,2,0,ENSGALG00000008704,-0.9080176218387783,
ENSGALG00010004145,PPP1R42,2,0,ENSGALG00000034424,-0.9772663824940356,
ENSGALG00010003035,DGAT2,1,0,ENSGALG00000040418,-1.0407911822597542,0.0525879423881634
ENSGALG00010002658,FBXL12,30,0,ENSGALG00000038666,-3.007566258102316,-1.3922839578709048
ENSGALG00010004522,TSPAN5,4,0,ENSGALG00000039616;ENSGALG00000012227,0.32446952051326716,
ENSGALG00010003166,PGAP2,1,0,ENSGALG00000027762,-1.3656142341342354,-2.512482005885543
ENSGALG00010002857,DCAF15,30,0,ENSGALG00000049399,-3.1123127489021685,
ENSGALG00010003320,OR51E2,1,0,ENSGALG00000031533;ENSGALG00000044591,-1.241079619853957,
ENSGALG00010004001,LARP7,4,0,ENSGALG00000012048,-0.5080574079558995,-0.2956254942611896
ENSGALG00010003990,ICA1,2,0,ENSGALG00000010708,-0.8983432875586812,-0.8605652825971226
ENSGALG00010005172,OSBPL1A,2,0,ENSGALG00000015086,-0.773431396351973,-0.6134913029855802
ENSGALG00010002644,KCNF1,3,0,ENSGALG00000016448,-1.0736540429425299,
ENSGALG00010003870,MED4,1,0,ENSGALG00000016995,-1.172390901654997,-0.4829653807107544
ENSGALG00010003192,RGCC,1,0,ENSGALG00000016954,-2.32869894690206,
ENSGALG00010004468,LYPLA1,2,0,ENSGALG00000040421,0.22175487248449788,1.316453631494306
ENSGALG00010003525,NOL10,3,0,ENSGALG00000016445,-0.5928005899737256,-0.1009966596486915
ENSGALG00010002656,GLRA3,4,0,ENSGALG00000010781,-0.0987136264428563,
ENSGALG00010004211,RNF146,3,0,ENSGALG00000026820,-1.1867883429916826,-0.8830946750456222
ENSGALG00010004984,,4,0,,-1.4101354582894041,
ENSGALG00010005087,ENPP1,3,0,ENSGALG00000054059;ENSGALG00000034397,-0.48309008871152975,
ENSGALG00010003447,ZC2HC1A,2,0,ENSGALG00000035932,-0.6664242357134289,-0.5809484362065234
ENSGALG00010002820,DLEU7,1,0,ENSGALG00000017014,-2.80947756228049,
ENSGALG00010003778,LCA5,3,0,ENSGALG00000015878,-0.9954174313333469,-1.9932335526632663
ENSGALG00010003018,MOGAT2,1,0,ENSGALG00000014170,-1.8020697167032507,
ENSGALG00010003025,MFHAS1,4,0,ENSGALG00000011444,-2.974683176879509,-4.820698916091959
ENSGALG00010004322,TAAR5,3,0,,-0.9273782706150395,
ENSGALG00010004117,STBD1,4,0,ENSGALG00000027872,-2.028622272126485,-1.6593072617818951
ENSGALG00010003918,HTR1E,3,0,ENSGALG00000015826,-1.037587810609177,
ENSGALG00010003617,COG3,1,0,ENSGALG00000016980,-1.0050793507667453,-0.909847465181576
ENSGALG00010003895,THSD7A,2,0,ENSGALG00000051980;ENSGALG00000010718,-1.4627896891002017,
ENSGALG00010004868,NPAT,1,0,ENSGALG00000017162,-1.1676497191547117,-0.9225853777893424
ENSGALG00010004132,ST18,2,0,ENSGALG00000015254,-1.4016164935924982,
ENSGALG00010004081,RPS20,2,0,ENSGALG00000014432;ENSGALG00000025635,-1.2313408657790834,
ENSGALG00010004241,PREX2,2,0,ENSGALG00000042354,-0.7435262041350041,-1.1833254622956986
ENSGALG00010004892,HEY2,3,0,ENSGALG00000034716,-1.6728569107044553,-0.3089685332876142
ENSGALG00010003374,SYCE2,30,0,,-3.6166891351513617,
ENSGALG00010004191,CABLES1,2,0,INRAGALG00000007758;ENSGALG00000014998,-1.848690046427068,
ENSGALG00010004239,SMIM28,3,0,,-2.488711265970961,
ENSGALG00010004055,FILIP1,3,0,INRAGALG00000011376;NONGGAG009324;ENSGALG00000039001,-1.0911861371158693,
ENSGALG00010004987,MAP3K8,2,0,ENSGALG00000007356,-0.6235505301048045,-0.2454831598394943
ENSGALG00010003820,SH3YL1,3,0,ENSGALG00000016362,0.5458689756012797,0.6268166733310471
ENSGALG00010004068,ALKAL1,2,0,,-1.611088529773497,
ENSGALG00010004545,TMPRSS7,1,0,ENSGALG00000015389,-0.3499743860388629,
ENSGALG00010003762,EVI5L,30,0,ENSGALG00000051144,-2.9614444080232545,
ENSGALG00010004187,ARFGEF1,2,0,ENSGALG00000034610,-0.3875790896476113,-1.212662839358528
ENSGALG00010003619,HNF4G,2,0,INRAGALG00000008014;ENSGALG00000042621,-0.8815984350182016,
ENSGALG00010004039,ALPK1,4,0,ENSGALG00000012074,-1.1922723255752643,-1.1530756057441678
ENSGALG00010004757,TRMT10A,4,0,ENSGALG00000012264,-1.041725860934956,-0.6370646393744426
ENSGALG00010004143,TCF24,2,0,ENSGALG00000040355,-2.8318846371920574,
ENSGALG00010004866,SLC25A21,5,0,INRAGALG00000104514;ENSGALG00000010117,-0.48521852903898316,
ENSGALG00010003450,,1,0,,-1.3905641543408571,
ENSGALG00010003703,TDRP,3,0,ENSGALG00000016356,-1.4546970341585985,-3.121007524390289
ENSGALG00010003191,CC2D1A,30,0,,-2.8296835843266734,
ENSGALG00010003183,NAA16,1,0,ENSGALG00000025657;ENSGALG00000040808;ENSGALG00000032808,-0.27748251794475987,
ENSGALG00010004888,FOXA1,5,0,ENSGALG00000032713,-1.9622172640435394,-1.086763474378065
ENSGALG00010003981,TMEM150C,4,0,ENSGALG00000011175,-0.9525282579883112,0.7120372941922398
ENSGALG00010004880,STAP1,4,0,ENSGALG00000011684,-1.0715580844609913,-0.6641868799289601
ENSGALG00010003660,IGFBP7,4,0,ENSGALG00000044017;ENSGALG00000037332;INRAGALG00000012781,-2.1566251868884896,
ENSGALG00010004245,ARFGEF3,3,0,ENSGALG00000035680;ALDBGALG0000003823;ENSGALG00000013846,-1.4755141480073315,
ENSGALG00010003896,MCUB,4,0,ENSGALG00000012196,-0.8026813076694229,-0.0509085213225795
ENSGALG00010004872,KIAA0408,3,0,ENSGALG00000030211,-1.2072549785110915,-1.259404522951746
ENSGALG00010004398,COX18,4,0,INRAGALG00000012820;ENSGALG00000011626,-1.1818308725175621,
ENSGALG00010004340,SLC4A4,4,0,ENSGALG00000031105,-0.8265932526762958,-1.3602040860874611
ENSGALG00010002701,TMEM196,2,0,ENSGALG00000010865,-1.2515787115449863,
ENSGALG00010004393,ZBTB45,31,0,ENSGALG00000033174,-2.638335728466293,-2.234764537083243
ENSGALG00010005016,STX11,3,0,INRAGALG00000010800;ENSGALG00000011673;INRAGALG00000021220,-0.408273772583843,
ENSGALG00010002812,TRIM13,1,0,ENSGALG00000017011;ENSGALG00000017012,-1.3239235548933168,
ENSGALG00010002707,RELT,1,0,ENSGALG00000049427,-2.631874680758499,
ENSGALG00010004803,C18orf8,2,0,ENSGALG00000033054,-0.4620542657199108,-1.0475614291859827
ENSGALG00010003292,GADD45GIP1,30,0,INRAGALG00000011868,-2.699871463056773,
ENSGALG00010004808,THEMIS,3,0,ENSGALG00000014821,-0.5695939920145863,
ENSGALG00010003405,GABRR2,3,0,ENSGALG00000015776,-0.9523737414003562,
ENSGALG00010002647,FAM168A,1,0,ENSGALG00000017323,-0.6478895236743235,-0.5340859848150006
ENSGALG00010005187,KBTBD3,1,0,ENSGALG00000028658,-0.24514717100925676,0.3931012843457585
ENSGALG00010002981,KLHL35,1,0,ENSGALG00000017332,-1.4441572467924406,
ENSGALG00010002705,JADE3,1,0,ENSGALG00000016727;INRAGALG00000100869,-1.8014999167313164,
ENSGALG00010004109,AGMO,2,0,ENSGALG00000010792,-0.4387707889186,0.7708955659218516
ENSGALG00010003439,GMIP,30,0,ENSGALG00000029354,-2.074163262787907,-2.320703272570589
ENSGALG00010004149,SDAD1,4,0,ENSGALG00000011543,-0.8670418765108959,-0.3858465570729007
ENSGALG00010003727,FBXO25,3,0,ENSGALG00000016359,-0.9743418356050707,0.2136245820420079
ENSGALG00010004950,SLIRP,5,0,ENSGALG00000031238,-1.1705158325438652,0.8788002192908742
ENSGALG00010002700,LHFPL1,1,0,ENSGALG00000017036,-1.557384979502355,-3.4428402635205444
ENSGALG00010003344,ZFAND1,2,0,ENSGALG00000042794,-0.8551810576903716,0.3351360326194281
ENSGALG00010005023,KDELC2,1,0,ENSGALG00000017158,-0.4575486646690023,-1.2612400840441258
ENSGALG00010005145,AKAP7,3,0,ENSGALG00000029794,-0.24707946105813783,-0.7799256484063758
ENSGALG00010004237,RUFY3,4,0,ENSGALG00000047103;ENSGALG00000011564,-1.6301614851394972,
ENSGALG00010005029,FAT4,4,0,ENSGALG00000011823,-0.9158439187505698,-2.1197230489768715
ENSGALG00010003898,NDST4,4,0,ENSGALG00000012015;NONGGAG004125,-1.113418715435216,
ENSGALG00010002911,MYBL1,2,0,ENSGALG00000033304,-0.8845989127360664,-2.083129797004194
ENSGALG00010004721,LAMA2,3,0,ENSGALG00000053107;ENSGALG00000042388;ENSGALG00000050488,-0.6514771506628154,
ENSGALG00010003813,LRIT3,4,0,ENSGALG00000026627,-0.7456869984767972,
ENSGALG00010003299,RAD23A,30,0,ENSGALG00000033532,-2.1122110039589006,-1.1620723511181188
ENSGALG00010004436,NOVA1,5,0,ALDBGALG0000004793;ENSGALG00000030088;INRAGALG00000013999;ENSGALG00000009850;ENSGALG00000028074,0.33629367424336454,
ENSGALG00010003826,ZNF292,3,0,,-0.7820104401650219,
ENSGALG00010004368,GJD4,2,0,ENSGALG00000007065,-1.4620654638668498,
ENSGALG00010004967,SLC35F2,1,0,ENSGALG00000017167,-0.37393313336130074,-1.1411595636114296
ENSGALG00010002725,TSPAN7,1,0,ENSGALG00000016251,-0.761584144244847,0.9375238147528528
ENSGALG00010002685,CA8,2,0,ENSGALG00000039145,-1.1234558632761669,0.0608660775101546
ENSGALG00010003875,AKAP8,30,0,ENSGALG00000039773,-2.11044975810223,
ENSGALG00010003249,YJU2B,30,0,ENSGALG00000051187,-3.1436311390735714,
ENSGALG00010003388,PXDN,3,0,ENSGALG00000016377,-0.94635380517728,0.3522831514335295
ENSGALG00010005033,USP14,2,0,ENSGALG00000014920,-0.40344260686118205,0.4712703889006052
ENSGALG00010002706,ROCK2,3,0,ENSGALG00000016451,-0.6783231446960227,-0.7783526193927888
ENSGALG00010004484,CLDN23,4,0,ENSGALG00000042123,-3.4253795271574976,-1.7204134053627422
ENSGALG00010004787,RIOK3,2,0,ENSGALG00000015004,-0.39554166690717446,0.2128972204345695
ENSGALG00010003305,CALR,30,0,ENSGALG00000040368,-2.0219232309991346,-0.0474450063635531
ENSGALG00010004609,CFAP69,2,0,ENSGALG00000009026,-0.5736579143685996,
ENSGALG00010004489,LIG1,31,0,ENSGALG00000043938,-2.398652438908451,-1.370040185452766
ENSGALG00010004588,FAM188A,2,0,ENSGALG00000008739,-0.45880702091334674,-0.8855258047464287
ENSGALG00010004477,TULP4,3,0,NONGGAG003596;ENSGALG00000037377,-1.7823831145245685,
ENSGALG00010004472,NEIL3,4,0,ENSGALG00000010719,-0.3791652757741274,
ENSGALG00010004533,PAG1,2,0,ENSGALG00000034188,-1.7191443527942871,-2.2063683855359604
ENSGALG00010002679,OLAH,2,0,ENSGALG00000043833,-0.021164974630216937,
ENSGALG00010003873,CLUL1,2,0,ENSGALG00000014904,-0.6851075004860074,
ENSGALG00010003171,PAQR3,4,0,ENSGALG00000010886,-1.2426644297333869,-0.6682981196510144
ENSGALG00010004002,CDADC1,1,0,ENSGALG00000017004,-0.24718339456325322,-0.026382135887132
ENSGALG00010002928,ASB4,2,0,ENSGALG00000009691;ENSGALG00000026123,-1.1064359894395048,
ENSGALG00010003788,NUDT9,4,0,ENSGALG00000010932;INRAGALG00000012735;INRAGALG00000012736;INRAGALG00000012737,-1.0675522999881817,
ENSGALG00010004689,BBX,1,0,ENSGALG00000015353;ALDBGALG0000000239;INRAGALG00000001574,-0.9550558493055705,
ENSGALG00010004901,CUL5,1,0,ENSGALG00000017165;INRAGALG00000003102,-0.030202685586184108,
ENSGALG00010005158,IFT43,5,0,ENSGALG00000020415,-2.0224253352983763,-0.6633782737053282
ENSGALG00010002983,NSMAF,2,0,ENSGALG00000038838,-0.27010407785743895,-0.4960217274144984
ENSGALG00010004553,BATF,5,0,ENSGALG00000010323,-2.3972697994806356,-2.597305666109403
ENSGALG00010004319,TAAR1,3,0,ENSGALG00000013993;ENSGALG00000013994,0.5775861984103371,
ENSGALG00010002753,SLC9A7,1,0,ENSGALG00000016734,-0.735015165566606,-1.0478297161972503
ENSGALG00010005157,IMPA1,2,0,ENSGALG00000034487,0.8847970905575105,1.018372727411584
ENSGALG00010002758,GREB1,3,0,ENSGALG00000016455,-1.0950751038163504,
ENSGALG00010003695,NOA1,4,0,ENSGALG00000038585,-1.656338370636563,-2.0203410405969
ENSGALG00010005165,METTL21C,1,0,ENSGALG00000016864,-0.4436457961300869,
ENSGALG00010003254,DGKH,1,0,ENSGALG00000016959;ALDBGALG0000000446,-0.9973308412964457,
ENSGALG00010005075,TRDN,3,0,ENSGALG00000014848;ENSGALG00000047997;ALDBGALG0000003534;ALDBGALG0000003535,0.03081344176415668,
ENSGALG00010004146,NAAA,4,0,ENSGALG00000011529,-0.6969505014711511,
ENSGALG00010003214,PRDX4,1,0,ENSGALG00000016357,-0.5475501893221787,0.2239778407260034
ENSGALG00010004229,PTF1A,2,0,ENSGALG00000027144,-2.707813101117821,
ENSGALG00010002890,C2H8ORF46,2,0,ENSGALG00000034224,-2.144665007953266,
ENSGALG00010002965,PRSS35,3,0,ENSGALG00000055053,-0.774983298618946,
ENSGALG00010004602,TCTE3,3,0,ENSGALG00000011189,0.5213789900714229,-1.2426734955736949
ENSGALG00010003275,MBTPS2,1,0,ENSGALG00000016382,-0.3696671488887983,0.1626553655666799
ENSGALG00010002661,ACBD7,2,0,ENSGALG00000019663,0.7048145514970207,0.5456434795153157
ENSGALG00010005181,IMPACT,2,0,ENSGALG00000015093,-0.4568789220824378,-0.7302623866908254
ENSGALG00010004044,RNF138,2,0,ENSGALG00000015163;ENSGALG00000031453,-1.0380677650261252,
ENSGALG00010004377,AGR2,2,0,ENSGALG00000010825,-0.983036241417255,1.134764638512041
ENSGALG00010005114,PHLDB2,1,0,INRAGALG00000001589;INRAGALG00000001590;ENSGALG00000015377,-1.1570405109016262,
ENSGALG00010003352,FARSA,30,0,,-2.326850724800171,
ENSGALG00010004181,BBS12,4,0,ALDBGALG0000004408;ENSGALG00000052784,-0.921914543888859,
ENSGALG00010002693,MSC,2,0,ENSGALG00000037777,-2.6013367141574864,-3.555791690835366
ENSGALG00010003271,AKAP11,1,0,INRAGALG00000100426;ENSGALG00000022739,-0.7680781907555199,
ENSGALG00010002897,SERPINE3,1,0,ENSGALG00000017017,-0.707380375102394,
ENSGALG00010004798,PTPRK,3,0,ENSGALG00000037423,-0.7415598701937185,-0.8103541450503066
ENSGALG00010003734,ZC3H13,1,0,ENSGALG00000016984;INRAGALG00000100932;INRAGALG00000100933,-2.2474077478026007,
ENSGALG00010004079,AP1AR,4,0,ENSGALG00000028807,-1.0501500486897566,-1.7497378696572927
ENSGALG00010002925,INTS6,1,0,ENSGALG00000017018,-0.866992374134063,-1.008263878407461
ENSGALG00010005003,EXPH5,1,0,,-1.4747106085668702,
ENSGALG00010004576,STEAP2,2,0,INRAGALG00000006507;ENSGALG00000009017,-0.23061600856015518,
ENSGALG00010002832,LPIN1,3,0,ENSGALG00000016456,-0.6541364401150989,-0.4734271508338649
ENSGALG00010003988,ENOPH1,4,0,ENSGALG00000011178,-1.9552912181883886,-2.1221588915469094
ENSGALG00010004613,GSX1,1,0,ENSGALG00000029779,-2.9367564743001733,
ENSGALG00010004921,RRAGD,3,0,ENSGALG00000026971,-0.5455307764693614,-1.38838353538275
ENSGALG00010004217,CCDC28A,3,0,ENSGALG00000013834,-1.7982747666800205,-0.6558814919128414
ENSGALG00010004131,NUDT6,4,0,,-1.5676797079327651,
ENSGALG00010004785,NKX2-8,5,0,ENSGALG00000028483,-1.9151133932863145,
ENSGALG00010004362,FBXL4,3,0,ENSGALG00000015490;ALDBGALG0000003561,-0.6975209925467903,
ENSGALG00010003160,KIDINS220,3,0,ENSGALG00000016409,-0.5149238775579816,-0.1741304849954427
ENSGALG00010003980,CHCHD7,2,0,ENSGALG00000043676;INRAGALG00000007915,0.5429717988928574,
ENSGALG00010004980,FNDC1,3,0,ENSGALG00000011663,-1.161344696614235,-0.6231291820767819
ENSGALG00010004356,TRAPPC8,2,0,ENSGALG00000015157,-0.6261445026642898,-0.1334951095605911
ENSGALG00010003819,PHIP,3,0,ENSGALG00000015889;ENSGALG00000025861,-0.7957494408134167,
ENSGALG00010003308,MDN1,3,0,ENSGALG00000015733,-0.9297652714458353,
ENSGALG00010004424,MRPL18,3,0,ENSGALG00000011625,-0.7246661418709904,-0.222161836366748
ENSGALG00010002908,S1PR2,30,0,INRAGALG00000105706;ENSGALG00000049475,-2.2068889345989295,
ENSGALG00010005141,CCDC170,3,0,ENSGALG00000026322;NONGGAG003587;ENSGALG00000012971,-0.8906311982586725,
ENSGALG00010003030,PPEF1,1,0,ENSGALG00000016522,-0.6451326024641464,
ENSGALG00010003017,PGM3,3,0,ENSGALG00000015854,-0.05245679905441725,0.1593867792954011
ENSGALG00010003303,MTHFD2L,4,0,ENSGALG00000010855,0.07921535127185508,-0.945524324694598
ENSGALG00010003132,TPBG,3,0,ENSGALG00000027355,-2.4547058116589757,
ENSGALG00010003775,NCOA2,2,0,ENSGALG00000036017;ENSGALG00000047010;INRAGALG00000007985;INRAGALG00000007986;INRAGALG00000007987;INRAGALG00000102556;INRAGALG00000007988,-1.7482212226844007,
ENSGALG00010002716,NHLRC3,1,0,ENSGALG00000051672,-0.8231295662631142,
ENSGALG00010004504,ZNF804B,2,0,,-1.3198388192984067,
ENSGALG00010004135,NUP54,4,0,ENSGALG00000011506,-1.0997780973236284,0.2610544239094198
ENSGALG00010002617,CLRN3,6,0,ENSGALG00000009787,-1.0559798876942517,
ENSGALG00010002756,STOML3,1,0,ENSGALG00000017039,-0.4577835514076676,
ENSGALG00010004236,DBF4,2,0,ENSGALG00000008963,-0.6507304375285892,-0.6958509688641659
ENSGALG00010005060,POMP,1,0,ENSGALG00000017090,-1.3923276048935795,1.0328943144743703
ENSGALG00010004624,PHF10,3,0,ENSGALG00000011192,-0.6918672911142486,-0.3553662698377293
ENSGALG00010003861,NUDT15,1,0,ENSGALG00000016994,-1.7328438164055724,-0.9676377624310591
ENSGALG00010004309,TPD52,2,0,,-0.8762541107850118,
ENSGALG00010003958,CYSLTR2,1,0,ENSGALG00000050065,-0.47099517617624265,
ENSGALG00010004275,ADARB2,2,0,ENSGALG00000006797,-1.4139676015735336,
ENSGALG00010005119,MIB1,2,0,ENSGALG00000014974,-0.9733776123403629,-1.80222063597546
ENSGALG00010002952,NBAS,3,0,ENSGALG00000042614,-0.6030789073270413,-0.6454402273590734
ENSGALG00010003074,TTPA,2,0,ENSGALG00000030031,-0.9979253138747739,0.6100685229052354
ENSGALG00010002913,NXNL1,30,0,ENSGALG00000038506,-2.5377775696571163,-3.2750014052444643
ENSGALG00010004758,FLT3,1,0,ENSGALG00000035726;ENSGALG00000054362,-0.3708913385238075,
ENSGALG00010003176,PRAG1,4,0,ENSGALG00000019003,-2.5120903944528763,
ENSGALG00010004325,LTBP2,5,0,ENSGALG00000010258,-2.49649319816892,-2.4120330728270183
ENSGALG00010004846,TTLL2,3,0,,-0.5314984860443844,
ENSGALG00010005081,GREB1L,2,0,ENSGALG00000014935,-1.4492800110507753,-1.407291238340242
ENSGALG00010003804,PSME1,35,0,INRAGALG00000022378,-1.7299944264991232,
ENSGALG00010004369,UBE2M,31,0,ENSGALG00000043628,-1.774795593289872,-0.7445824307905944
ENSGALG00010003965,SNTG1,2,0,ENSGALG00000015248,-0.6387083216269553,
ENSGALG00010003272,CPSF3,3,0,ENSGALG00000016424,-0.2428387425649553,0.2067428897587644
ENSGALG00010004896,UBA6,4,0,ENSGALG00000011762,-0.11646465654151805,0.0940865438084726
ENSGALG00010003189,ANTXR2,4,0,ALDBGALG0000004389;ENSGALG00000043675,-1.1220496928280008,
ENSGALG00010004669,ELMOD1,1,0,ENSGALG00000017169,-0.44752768561830325,
ENSGALG00010002805,FAM171A1,2,0,ENSGALG00000008764,-1.3908333506180168,-0.6914897797468301
ENSGALG00010004315,TTRL,2,0,,0.05619316823463316,
ENSGALG00010002801,FGF5,4,0,,-2.5118160996788705,
ENSGALG00010004136,PRDM13,3,0,ENSGALG00000038476,-2.2988194449331965,
ENSGALG00010003627,MCOLN1,30,0,ENSGALG00000034328,-1.8614108984546731,-2.366781977977064
ENSGALG00010002787,CEP44,4,0,ENSGALG00000020201,-0.4766052480326049,0.3367872797404258
ENSGALG00010004385,ADAMTS3,4,0,ENSGALG00000011623,-1.172300640667042,-2.1488928799261564
ENSGALG00010004394,CCNY,2,0,ENSGALG00000007076,-0.5921389182304846,-2.778123790548912
ENSGALG00010003180,IBTK,3,0,ENSGALG00000015864,-0.24157772724869875,-1.2918823237736643
ENSGALG00010004302,ISPD,2,0,ENSGALG00000010795,-0.09087787429927063,-0.1889655284624745
ENSGALG00010003506,DYNC1I1,2,0,ENSGALG00000009722,-0.9591624950376673,-1.3510768889459903
ENSGALG00010003259,VEGFC,4,0,ENSGALG00000010847,-1.35562458011039,-0.5476187780935591
ENSGALG00010003698,MACC1,2,0,ENSGALG00000010868,-0.2523381423411156,
ENSGALG00010004983,EFCAB1,2,0,ENSGALG00000009473,-1.1852117055385873,-2.256166528549831
ENSGALG00010003002,PHKA2,1,0,ENSGALG00000016518,-0.741577789506704,-0.5025083639223713
ENSGALG00010004139,PPEF2,4,0,ENSGALG00000011524;INRAGALG00000012808;INRAGALG00000012809,-1.676418070440199,
ENSGALG00010003384,WDR17,4,0,ENSGALG00000043106;INRAGALG00000012696,0.041135487693788386,
ENSGALG00010003632,TECRL,4,0,ENSGALG00000038771,-0.328435224649941,
ENSGALG00010005045,UTRN,3,0,ENSGALG00000012256;ENSGALG00000025231,-1.4965219667671135,
ENSGALG00010002934,VWDE,2,0,ENSGALG00000042443,-0.5579403291519786,-1.5660792769136127
ENSGALG00010005065,ENKUR,2,0,ENSGALG00000007680,0.006467127494128255,
ENSGALG00010004717,ALKBH8,1,0,ENSGALG00000017170,-0.7564146278567706,0.203818158608655
ENSGALG00010003274,BACH2,3,0,INRAGALG00000103399;ENSGALG00000036014;ENSGALG00000015605,-1.9552707241738028,
ENSGALG00010003242,ASAP2,3,0,ENSGALG00000016419,-0.6193954799608732,-0.6235582626384494
ENSGALG00010004329,COQ3,3,0,ENSGALG00000015486,-1.446458068915622,-0.3262340034649188
ENSGALG00010004082,FAM241A,4,0,,0.04537036377304504,
ENSGALG00010005068,PLCXD2,1,0,ENSGALG00000015375,-0.2760282872339853,-3.462834729984797
ENSGALG00010003717,LEPROTL1,4,0,ENSGALG00000024482,0.35404293833658984,0.7125234221168592
ENSGALG00010003528,GDAP1,2,0,ENSGALG00000042798,-0.35232691219226253,
ENSGALG00010004142,RBBP8,2,0,ENSGALG00000014982,-0.9507739223144347,-1.6891984329942482
ENSGALG00010003164,C3,30,0,,-2.0266766552806224,
ENSGALG00010004177,CSPP1,2,0,ENSGALG00000031167;ENSGALG00000031648,-0.9475470035073531,
ENSGALG00010003814,TPP1,1,0,ENSGALG00000029731,-2.3418074015978756,-2.1751577445299484
ENSGALG00010004231,ARMC3,2,0,ENSGALG00000007864,-0.0995777672288174,
ENSGALG00010004949,RAB39A,1,0,ENSGALG00000017166,-1.1859512668553291,
ENSGALG00010003334,TAC1,2,0,ENSGALG00000009737,-1.4365127917112406,
ENSGALG00010004395,BOC,1,0,ENSGALG00000015152,-2.1065277611283233,-2.309251164874238
ENSGALG00010004968,TRAT1,1,0,ENSGALG00000015362,-0.542492857211804,0.0735018364361055
ENSGALG00010004902,ANKRD29,2,0,ENSGALG00000015034,-0.4088242612338264,
ENSGALG00010005109,ABHD3,2,0,ENSGALG00000014938,-0.5710558488201775,0.6379059998414537
ENSGALG00010005001,GUCA1C,1,0,,0.3611821576687707,
ENSGALG00010004859,NPC1,2,0,ENSGALG00000015030,-0.1411504146887541,0.004897667832769
ENSGALG00010002957,ADGRG2,1,0,ENSGALG00000016511,-0.38104471736680406,0.2327768736338017
ENSGALG00010004965,KIAA1462,2,0,ENSGALG00000007346,-1.9043662972353426,-3.559989292970485
ENSGALG00010002733,RDH8,30,0,ENSGALG00000051469;ENSGALG00000049767,-2.181924708934227,
ENSGALG00010003978,ANK2,4,0,ENSGALG00000012044,-1.066014742326097,-1.9407509776075105
ENSGALG00010003743,ARL9,4,0,ENSGALG00000026653,-1.857038252845172,-1.4539370982165032
ENSGALG00010004487,ABHD10,1,0,ENSGALG00000015378,-0.37629012502044046,0.3619164859112308
ENSGALG00010003754,FAM110C,3,0,NONGGAG003741;ENSGALG00000016361,-3.0872035751891245,
ENSGALG00010004481,ZNF704,2,0,INRAGALG00000020073;ENSGALG00000030011,-1.969272255694785,
ENSGALG00010004104,SCARB2,4,0,ENSGALG00000011499,-0.4628840254872312,0.682817696508834
ENSGALG00010003843,LRCH1,1,0,ENSGALG00000016990,-1.116081249944068,-1.299293083030128
ENSGALG00010005166,CBLB,1,0,ENSGALG00000015351,-1.160745017905159,-1.1031571380826075
ENSGALG00010003791,ITGB8,2,0,ENSGALG00000010875,-0.5923405904222914,
ENSGALG00010002995,RWDD2A,3,0,ENSGALG00000015851,-1.7910918775775897,-0.1025029520613757
ENSGALG00010003489,SGCE,2,0,ALDBGALG0000002524;ENSGALG00000009670,-0.13761706371035531,
ENSGALG00010003517,GTF2F2,1,0,ENSGALG00000016974,-0.9650529462952151,-0.1152520878684148
ENSGALG00010003815,RASAL3,30,0,ENSGALG00000039156,-2.994557063092793,-4.464840081541924
ENSGALG00010004342,ZNF438,2,0,ENSGALG00000007266,-0.5705940235213232,-0.6872715138399165
ENSGALG00010002704,KCNB2,2,0,ENSGALG00000031693;ENSGALG00000025288,-1.0191970447638008,
ENSGALG00010003125,APOO,1,0,ENSGALG00000016345,-0.29468776145199793,-0.8501217702056925
ENSGALG00010004345,FAXC,3,0,ENSGALG00000015489,-0.755747015474177,
ENSGALG00010004618,FAM237B,2,0,ENSGALG00000032592,-0.6018175158088206,
ENSGALG00010004975,SNW1,5,0,ENSGALG00000010501,-0.5222258534033543,-0.232795792169684
ENSGALG00010003771,SPARCL1,4,0,ENSGALG00000010929,-1.4381077732445182,
ENSGALG00010003218,MAP3K7,3,0,ENSGALG00000015596,-0.7672094310745207,-2.3573772859173103
ENSGALG00010005163,GPC6,1,0,,-1.041220887894248,
ENSGALG00010004445,EPHA6,1,0,ENSGALG00000040949;INRAGALG00000001635;ENSGALG00000054744;ENSGALG00000015418;ENSGALG00000050046,-0.39639159937058654,
ENSGALG00010003210,EYA1,2,0,ENSGALG00000043033,-0.440105328221765,
ENSGALG00010004881,MIPOL1,5,0,ALDBGALG0000004611;ENSGALG00000010118,-1.1484647807988915,
ENSGALG00010003251,ELOF1,30,0,ENSGALG00000032489,-1.8175612333137021,
ENSGALG00010004123,NDUFAF4,3,0,ENSGALG00000019921;ENSGALG00000042536,-0.8821186349613298,
ENSGALG00010002937,GALNT7,4,0,ENSGALG00000010744,-0.6113347672300369,-1.062207054212091
ENSGALG00010005111,RASSF6,4,0,ENSGALG00000011664;INRAGALG00000104094;NONGGAG004105,-0.9264809498970404,
ENSGALG00010004386,CFAP44,1,0,ENSGALG00000042577;ENSGALG00000054317,-0.8745117488456349,
ENSGALG00010004086,UTP3,4,0,ENSGALG00000047103,-2.1199557882155378,
ENSGALG00010005167,GUCY1A2,1,0,ENSGALG00000017173;INRAGALG00000100494,-1.0793978803467668,
ENSGALG00010003485,RNGTT,3,0,ENSGALG00000015787;ENSGALG00000025459,-0.15432580955522313,
ENSGALG00010002763,SEPTIN11,4,0,ENSGALG00000044929;ENSGALG00000011476,-1.2401755644804613,
ENSGALG00010003726,ENPEP,4,0,ENSGALG00000031410,-0.28943702499856117,0.7741854164657522
ENSGALG00010002870,FABP5,2,0,ENSGALG00000041344,-1.2112546649810694,0.7867902923673838
ENSGALG00010003823,PTPN13,4,0,ENSGALG00000011078,-1.4414841516349508,
ENSGALG00010003238,HEPACAM2,2,0,ENSGALG00000009482,-0.6993050822866889,
ENSGALG00010002765,MAP7D2,1,0,INRAGALG00000002173;ENSGALG00000016415;ALDBGALG0000000356,-1.0356519807201996,
ENSGALG00010002927,GABRA5,1,0,ENSGALG00000016744,-0.43610061852438253,
ENSGALG00010003449,BORCS6,3,0,ENSGALG00000028145,-2.3914676870362586,-2.741690295177461
ENSGALG00010002713,OLFM2,30,0,ENSGALG00000048115,-2.623053598197575,
ENSGALG00010003248,MRI1,30,0,ENSGALG00000048899;ENSGALG00000049898;ENSGALG00000034575,-2.3562469802839767,
ENSGALG00010002920,VCPIP1,2,0,ENSGALG00000042883,-1.2550212592499697,-2.003643726698316
ENSGALG00010003212,LTB4R,16,0,,-2.1362376837992967,
ENSGALG00010003187,RHOG,1,0,ENSGALG00000026995,-2.393572736777147,-1.6070904669656203
ENSGALG00010005182,NEPRO,1,0,ENSGALG00000015182,-1.5518293165467543,-1.0196253873766237
ENSGALG00010005170,GPATCH2L,5,0,ENSGALG00000010350;INRAGALG00000014154;INRAGALG00000014155,-2.1381104133867805,
ENSGALG00010004707,OTUD1,2,0,ENSGALG00000043625;ENSGALG00000026426,-3.1065615554384873,
ENSGALG00010004408,SERAC1,3,0,ENSGALG00000052601;ENSGALG00000013732,-0.5198532643439884,
ENSGALG00010003432,LACC1,1,0,ENSGALG00000016969,-0.6815270942171396,-0.7453378442984359
ENSGALG00010004730,CLDN12,2,0,ENSGALG00000054178,-0.17837226119932115,
ENSGALG00010002884,ADHFE1,2,0,ENSGALG00000031860,-0.3753384542083678,0.6725988690609142
ENSGALG00010003929,RCBTB2,1,0,ENSGALG00000032151;ENSGALG00000017000,-0.5828929373005611,
ENSGALG00010004762,IFT57,1,0,ENSGALG00000015356;107054990,-0.9147538283137735,
ENSGALG00010004094,DGKB,2,0,ENSGALG00000033561,-0.37157600809781677,
ENSGALG00010004974,MTPAP,2,0,ENSGALG00000007351,-0.8843961752528808,-0.8120843005592961
ENSGALG00010003531,PPM1K,4,0,ENSGALG00000011266,-0.8233060296689992,-0.7223303720825303
ENSGALG00010003719,RPGR,1,0,ENSGALG00000036284,-1.0470864623488274,-1.3716162584676128
ENSGALG00010003006,CYP7B1,2,0,ENSGALG00000029435,0.03722205507132814,0.1710438619362747
ENSGALG00010003681,NT5C1B,3,0,ENSGALG00000016471,-0.8317512222006485,-0.3476848174546911
ENSGALG00010005018,FERD3L,2,0,ENSGALG00000010862,-2.6255955660107047,
ENSGALG00010003910,THAP6,4,0,ENSGALG00000044141;ENSGALG00000052134,-2.206868044258038,
ENSGALG00010004851,SOGA3,3,0,ENSGALG00000031564,-1.560744831655582,
ENSGALG00010002678,CCNI,4,0,ENSGALG00000011457,-1.408342459896303,-6.014724839298819
ENSGALG00010004244,TMEM241,2,0,ENSGALG00000035384;INRAGALG00000007762,-0.8246700049233966,
ENSGALG00010004243,BLTP1,4,0,ENSGALG00000044716,-0.6934530571589166,
ENSGALG00010003097,TFPI2,2,0,ENSGALG00000009512,-1.3910084125611142,0.3749309373107957
ENSGALG00010005037,THNSL1,2,0,ENSGALG00000007677,0.10744248175174609,0.0389997269159323
ENSGALG00010003198,PRKG2,4,0,ENSGALG00000010909,-0.6394639804018782,
ENSGALG00010004029,ARL4A,2,0,ENSGALG00000027757,-1.0198253415236975,-0.6276683042134235
ENSGALG00010003064,VAV1,30,0,ENSGALG00000050375;ENSGALG00000052552;INRAGALG00000022387;ENSGALG00000048508;INRAGALG00000020570;ENSGALG00000051212,-2.2618450467521667,
ENSGALG00010002926,GALNTL6,4,0,ENSGALG00000030588,-0.9375275906275694,
ENSGALG00010003474,RPS7,3,0,ENSGALG00000016392,-0.6679874785222468,-0.9626955222898056
ENSGALG00010005057,FLVCR2,5,0,ENSGALG00000010326,-1.3018073025100778,-1.9466304072725389
ENSGALG00010004454,SRI,2,0,ENSGALG00000008985,-1.2500378503740728,0.4529618672320036
ENSGALG00010002824,NXPH1,2,0,ENSGALG00000010711,-0.9607675539873539,
ENSGALG00010004639,HBS1L,3,0,ENSGALG00000013962,-0.07059318619031385,-0.3772137344766103
ENSGALG00010003115,UBE3D,3,0,ENSGALG00000015860,-1.830280738741273,-0.6549034797083532
ENSGALG00010003063,GGH,2,0,ENSGALG00000031130,-0.6135047878082429,1.2872794960574687
ENSGALG00010003136,NUP98,1,0,ENSGALG00000040018,-1.702507080697688,-1.113962918592753
ENSGALG00010004234,SLC25A40,2,0,ENSGALG00000019662,-0.11764047510674569,
ENSGALG00010003300,CASP8AP2,3,0,ENSGALG00000015611,-1.0203151414933076,-1.3633160634450987
ENSGALG00010005699,PRPF18,1,0,ENSGALG00000043593,-0.9154010997290355,-0.1639421990140117
ENSGALG00010008450,GIN1,Z,1,ENSGALG00000015257,-0.23389539931994008,0.0855377104144985
ENSGALG00010006517,ZBTB20,1,0,ENSGALG00000054115;INRAGALG00000100242;ENSGALG00000015094;NONGGAG000439;NONGGAG000440;ALDBGALG0000000227,-2.161397329247982,
ENSGALG00010007981,TDRD15,3,0,ENSGALG00000016492,-0.3780291971478409,-0.9622877676022648
ENSGALG00010007457,SHANK3,1,0,ENSGALG00000033919;ENSGALG00000034440;ENSGALG00000038707;INRAGALG00000019357;INRAGALG00000019356,-2.5899993563044097,
ENSGALG00010007217,MSH3,Z,1,ENSGALG00000015589,-0.456186620897363,-0.7121009093489211
ENSGALG00010005817,VTA1,3,0,ENSGALG00000013810,-0.5806918224305069,0.6725997794188441
ENSGALG00010008103,RBPMS,4,0,ENSGALG00000010291,-1.8771163653887277,-2.276953914246736
ENSGALG00010008132,TDO2,4,0,ENSGALG00000035207,-0.8834831613342111,0.6723397978556218
ENSGALG00010007277,FAM151BL,Z,1,ENSGALG00000050110;ENSGALG00000045074,-1.3449659421284763,
ENSGALG00010006860,INSM2,5,0,ENSGALG00000053937,-2.5632563308318965,
ENSGALG00010006111,WBP1,4,0,ENSGALG00000049426,-3.742203523953276,
ENSGALG00010007506,RAB38,1,0,ALDBGALG0000000515;INRAGALG00000003185;ENSGALG00000028018;ENSGALG00000025285,-0.5602642741725614,
ENSGALG00010005989,FCF1,5,0,ENSGALG00000010275,0.013308023457038076,1.2947685870601815
ENSGALG00010005903,PRR18,3,0,,-3.1340181244333722,
ENSGALG00010009137,IPMK,6,0,,-0.8878179299479632,
ENSGALG00010008154,KCNQ3,2,0,ALDBGALG0000002829;ENSGALG00000037626,-0.6167633494254943,
ENSGALG00010008119,CCDC83,1,0,ENSGALG00000013247,-1.046752189054209,
ENSGALG00010009659,APOLD1,1,0,ENSGALG00000053511,-2.099424565422318,
ENSGALG00010006033,NSUN6,2,0,ENSGALG00000008564,-0.6305973208249649,-0.1981468934611187
ENSGALG00010008884,FAM135B,2,0,ENSGALG00000039831,-1.2860025700239732,
ENSGALG00010008424,PPIP5K2,Z,1,ALDBGALG0000006082;ENSGALG00000015264,-0.4176904128849516,
ENSGALG00010007929,LRRC14B,2,0,ENSGALG00000035393,-1.112611678228021,
ENSGALG00010008218,ARHGAP42,1,0,ENSGALG00000017196,-0.4409136557607219,-1.1999637361605646
ENSGALG00010009389,CPEB4,13,0,ENSGALG00000033512,-1.16651089587278,-2.1130428884878905
ENSGALG00010005637,TOPORS,Z,1,ENSGALG00000020523,-1.8611172005539354,-1.2595460287150717
ENSGALG00010009149,FUT4,1,0,ENSGALG00000022718,-2.240141490043392,-4.707990488990651
ENSGALG00010009303,TTC1,13,0,ENSGALG00000001429,-0.8592560845721773,-0.0353915592841627
ENSGALG00010005696,NUBPL,5,0,ENSGALG00000009983,-0.40299712170600754,-0.2726909552317952
ENSGALG00010006243,ARHGEF38,4,0,ENSGALG00000010577,-1.2625748389797478,
ENSGALG00010006843,STON2,5,0,ENSGALG00000010579,-1.7171516635294224,-0.905733842990134
ENSGALG00010007403,SDR42E1,11,0,ENSGALG00000005456,0.1579537881400329,0.8765613006195112
ENSGALG00010008372,CLCN3,4,0,ENSGALG00000009674;INRAGALG00000104030;INRAGALG00000104031,-0.1784280634508988,
ENSGALG00010009606,CHSY3,Z,1,ENSGALG00000026899,-0.6994079654655454,-0.758645051916137
ENSGALG00010009524,FAM185A,1,0,ENSGALG00000008301,-1.2160007061580802,-0.5850136845798096
ENSGALG00010006877,GSE1,11,0,ENSGALG00000031896;INRAGALG00000004034;INRAGALG00000004036;INRAGALG00000004037;INRAGALG00000004038;INRAGALG00000004039;INRAGALG00000004040;INRAGALG00000004041;INRAGALG00000004042;INRAGALG00000004043;INRAGALG00000004044;INRAGALG00000004045;INRAGALG00000004046,-2.8929821665134345,
ENSGALG00010005602,ZC2HC1B,3,0,ENSGALG00000013756,-0.679431457264992,
ENSGALG00010005521,SYTL3,3,0,ENSGALG00000013741,-0.8070061951354498,-1.835305630528816
ENSGALG00010008188,VPS4A,11,0,ENSGALG00000040713,-2.274429202213892,-2.3012795834034185
ENSGALG00010005258,ITIH5,1,0,ENSGALG00000006891,-0.9096492337867061,0.5496079498325802
ENSGALG00010009601,ZHX2,2,0,ENSGALG00000051414;ENSGALG00000043827;INRAGALG00000008311,-1.4991130682145513,
ENSGALG00010005256,OPRM1,3,0,ENSGALG00000013616,-0.5056636099761473,
ENSGALG00010005559,FILIP1L,1,0,ENSGALG00000053198;ENSGALG00000015271,-1.1798993593978615,
ENSGALG00010005433,GPC5,1,0,NONGGAG007710;ENSGALG00000051576;NONGGAG007711;INRAGALG00000002579;ENSGALG00000016902;ENSGALG00000018248;ENSGALG00000018249;ENSGALG00000018250;ENSGALG00000018251;ENSGALG00000018252;ENSGALG00000018253;ENSGALG00000048763,-0.5720827702214729,
ENSGALG00010007893,MFSD8,4,0,ENSGALG00000010199,0.10436927696792364,0.4483407473637956
ENSGALG00010009517,CLNK,4,0,101748180;ENSGALG00000046650,-0.6883440756868807,
ENSGALG00010007580,BRD9,2,0,ENSGALG00000031260;ENSGALG00000053689,-0.7170373436529951,
ENSGALG00010008294,NOB1,11,0,ENSGALG00000000693,-2.7159669312947736,-1.9995803564262773
ENSGALG00010005322,TFB1M,3,0,ENSGALG00000013647,-0.659687779993449,0.3981078464720337
ENSGALG00010008395,ENDOD1,1,0,ENSGALG00000017205,-1.0870566446313386,-0.6846000219231122
ENSGALG00010005453,UST,3,0,ENSGALG00000012345;ENSGALG00000032474,-1.0362503806751133,
ENSGALG00010008960,LRRC2,Z,1,ENSGALG00000013634,-0.8039911905204962,
ENSGALG00010007430,MEF2C,Z,1,ENSGALG00000014645,-1.4698894679901768,-0.2694877685384395
ENSGALG00010007001,SNX30,Z,1,ENSGALG00000015660,-0.5733171861870556,-1.1222730873429203
ENSGALG00010007223,FOXF1,11,0,,-2.102513005985894,
ENSGALG00010007748,CSGALNACT1,4,0,ENSGALG00000010125;NONGGAG004005;INRAGALG00000104056,-0.7241900147690311,
ENSGALG00010009209,SLC6A19,2,0,ENSGALG00000019527,-0.1292423996200237,
ENSGALG00010008243,YTHDC2,Z,1,ENSGALG00000000189;ENSGALG00000017902,-0.634050479912346,
ENSGALG00010005269,KIN,1,0,ENSGALG00000030702,-0.36777588218064916,0.1161027230146278
ENSGALG00010009208,SLC5A6,3,0,ENSGALG00000040541,-2.1707210137444006,-1.9092125865400864
ENSGALG00010007835,GUCY1A1,4,0,ENSGALG00000035946,-0.04612716864542965,-1.3259469718047463
ENSGALG00010008136,IKBKAP,Z,1,ENSGALG00000001947,-1.1024837669762881,-1.199622908951855
ENSGALG00010008291,PTGFRN,1,0,ENSGALG00000015464,-1.588870101417339,-0.5468821833870654
ENSGALG00010007376,CDKN2AIP,4,0,ENSGALG00000010661,-1.8078007732389898,-1.7806181222047204
ENSGALG00010008208,ILDR2,1,0,ENSGALG00000015458,-1.8005230723701051,-1.24005372098669
ENSGALG00010006025,TNFAIP3,3,0,ENSGALG00000013861,-1.5904815211753065,-1.777532284975696
ENSGALG00010009432,BOP1,2,0,ENSGALG00000053353,-2.1480378705307834,
ENSGALG00010006585,TTC29,4,0,ENSGALG00000010009;INRAGALG00000012535,-0.5910375722070397,
ENSGALG00010008054,CRISP2,3,0,ENSGALG00000034474,-0.2751061287856791,
ENSGALG00010007954,GPIHBP1,2,0,ENSGALG00000045875,-1.1997875734433774,
ENSGALG00010009594,HINT2,Z,1,ENSGALG00000027418,-2.247924048528302,-1.3038743045345
ENSGALG00010007921,FAM120B,3,0,ENSGALG00000054828;ENSGALG00000011180,-0.798226515764509,
ENSGALG00010008190,TSNARE1,2,0,ENSGALG00000037014,-2.017210647412585,-1.2570835135495968
ENSGALG00010009546,GAREM2,3,0,ENSGALG00000048459,-2.7955230852219626,
ENSGALG00010006289,SKIDA1,2,0,INRAGALG00000006461;ENSGALG00000017395,-2.4968582489485462,
ENSGALG00010008099,PANK3,13,0,ENSGALG00000001895;ENSGALG00000018268,-0.6709424261557005,
ENSGALG00010006760,FAM208B,1,0,,-2.118113265484618,
ENSGALG00010009548,PIK3C3,Z,1,ENSGALG00000035773,-0.32811459699235634,0.0480582876247199
ENSGALG00010006883,LRBA,4,0,ALDBGALG0000004362;ENSGALG00000010061,-0.5532865901713988,
ENSGALG00010007817,CDYL2,11,0,ENSGALG00000012978;ALDBGALG0000001274,-1.0946911796023726,
ENSGALG00010007571,MMP1,1,0,ENSGALG00000019061,0.1803583199315072,
ENSGALG00010006701,LINGO2,Z,1,ENSGALG00000001869,-1.3388320680384118,
ENSGALG00010005430,MCM4,2,0,ENSGALG00000012915,-0.8817196401071431,0.6115277988302446
ENSGALG00010005712,ADAT2,3,0,ENSGALG00000019976,-0.8969744842813372,-1.1379316971304114
ENSGALG00010008011,ADNP2,2,0,ENSGALG00000035669;INRAGALG00000102425,-0.6068846479322673,
ENSGALG00010005219,NALCN,1,0,ENSGALG00000016868,-0.045061231401747004,
ENSGALG00010005463,SKA3,1,0,ENSGALG00000017128,-0.5042735496034043,-1.2287437247804758
ENSGALG00010007114,CKLF,11,0,,-0.23877405792607387,
ENSGALG00010008399,INO80C,2,0,ENSGALG00000051335,-0.9732189424402027,
ENSGALG00010006229,INTS12,4,0,ENSGALG00000010575,-1.1168889707941094,-0.0554895226521688
ENSGALG00010009335,PTP4A3,2,0,ENSGALG00000040969;INRAGALG00000008418;INRAGALG00000008419,-1.1008172204835451,
ENSGALG00010008351,IST1,11,0,ENSGALG00000000811,-0.21236838599370156,-0.2777756722318899
ENSGALG00010007879,PLK4,4,0,ENSGALG00000048187;ENSGALG00000010195,-0.7165432776242697,
ENSGALG00010006720,SRP54,5,0,ENSGALG00000023135,0.9019339913196208,0.8528083343681978
ENSGALG00010009467,KROX20,6,0,ENSGALG00000040971,-2.169456692195534,
ENSGALG00010007772,CLEC3A,11,0,ENSGALG00000013223,-0.466701510106987,
ENSGALG00010005379,DZIP1,1,0,ENSGALG00000016895,-1.5481379404466744,-2.126609840027446
ENSGALG00010006608,KL,1,0,ENSGALG00000017068,-0.5339575619794845,
ENSGALG00010005244,FBXO5,3,0,ENSGALG00000013607,-0.8971890664965072,
ENSGALG00010008093,EFR3A,2,0,ENSGALG00000039533,-0.15447387299817827,-0.161336363262586
ENSGALG00010005218,GTPBP8,1,0,ENSGALG00000015190,-0.8080346494013801,-0.7219371790532018
ENSGALG00010007283,STOX2,4,0,ENSGALG00000010646,-1.7545821515755797,-2.870972850623053
ENSGALG00010008447,FRRS1L,2,0,ALDBGALG0000002674;ENSGALG00000025792,-0.5105075351673973,
ENSGALG00010007762,SH2D4A,4,0,ENSGALG00000010122,-1.1544775661075848,-1.1226468717200822
ENSGALG00010005351,DTNA,2,0,ENSGALG00000015211,-1.7891278125420351,-3.385784814667228
ENSGALG00010005442,SASH1,3,0,ENSGALG00000028420;ENSGALG00000051499;ENSGALG00000047562;ENSGALG00000052283;ENSGALG00000012342,-1.45263120097912,
ENSGALG00010005714,ARHGAP5,5,0,ENSGALG00000009992,-0.1546835853478391,-0.8188803671037477
ENSGALG00010006328,SYNDIG1L,5,0,ENSGALG00000010233,-2.7115998918817175,
ENSGALG00010006616,COPG2,1,0,ENSGALG00000008144,-0.9475566229537706,-0.1246534401834316
ENSGALG00010005305,SCAF8,3,0,ENSGALG00000013635;INRAGALG00000010867;INRAGALG00000010868;INRAGALG00000010869;INRAGALG00000010870;INRAGALG00000010871;INRAGALG00000010872;INRAGALG00000010873;INRAGALG00000010874;INRAGALG00000010876;INRAGALG00000103333;NONGGAG009250,-0.9768305038793308,
ENSGALG00010009172,SPOPL,7,0,ENSGALG00000012380,-0.3646183189849775,-1.005188288920875
ENSGALG00010008824,GREM2,3,0,ENSGALG00000055021,-2.123938632389073,
ENSGALG00010006220,SGCG,1,0,ENSGALG00000017122,-0.3319706327096974,-0.1484300161438611
ENSGALG00010008782,CCDC9,38,0,,-2.4519588052949004,
ENSGALG00010008825,PPID,4,0,ENSGALG00000009451,0.15246550590140984,0.7964427069899772
ENSGALG00010008457,MARVELD3,11,0,ENSGALG00000045621,-0.8323864318193275,-1.2226130776486237
ENSGALG00010007441,STRN,3,0,ENSGALG00000010580,-0.7099309406563057,-0.86035992357758
ENSGALG00010008155,MAP10,3,0,ENSGALG00000049034,-2.1510570646777825,
ENSGALG00010005560,RSPH3,3,0,ENSGALG00000046008,-1.5102910242970207,
ENSGALG00010007318,RMDN2,3,0,ENSGALG00000010554,-0.38623422915919614,0.3271007000961239
ENSGALG00010008086,RHPN1,2,0,ENSGALG00000034337;ALDBGALG0000002454,-1.8191157012907655,
ENSGALG00010008094,PIM3,1,0,ENSGALG00000023576,-2.0471859343299954,-2.3282678579616984
ENSGALG00010007978,JADE1,4,0,ENSGALG00000051981;ENSGALG00000042969;ENSGALG00000010214,-1.5589899047608196,
ENSGALG00010008196,PDCD6,2,0,ENSGALG00000013400,-0.19478409309312517,0.4920453251295705
ENSGALG00010008514,PIEZO1,11,0,ENSGALG00000043725,-2.4280745938724935,-4.078392902608742
ENSGALG00010005411,STXBP5,3,0,ENSGALG00000012336;ALDBGALG0000003500,-0.7272964747514765,
ENSGALG00010005849,SNX25,4,0,ENSGALG00000010610;INRAGALG00000104069,-1.0673607336293023,
ENSGALG00010008305,SLC23A1,13,0,ENSGALG00000037642,-2.1883517773750523,-1.6213243292178
ENSGALG00010007821,FAM89A,3,0,,-0.9332769040688784,
ENSGALG00010005543,SEC24D,4,0,ENSGALG00000011998,-0.6680433255038599,-0.25779496957462
ENSGALG00010008385,CTNNA1,13,0,ENSGALG00000002447,-0.9451845456327705,-0.3080090756472861
ENSGALG00010007544,MLYCD,11,0,ENSGALG00000030803;INRAGALG00000004008;ENSGALG00000005494,-1.5205107670715954,
ENSGALG00010008210,CTDP1,2,0,ENSGALG00000031461,-1.5627768062753935,-1.2672874661983946
ENSGALG00010009343,SLC30A3,3,0,ENSGALG00000054823,-2.8488544382200462,
ENSGALG00010009212,NXPH2,7,0,ENSGALG00000048656;ENSGALG00000029083,-1.2146757888005806,
ENSGALG00010005522,SYNPO2,4,0,ENSGALG00000011994,-0.9834930047681713,-1.6484135756875613
ENSGALG00010007133,BLVRA,2,0,NONGGAG002324;ENSGALG00000031786,-1.197483253357093,
ENSGALG00010007204,LANCL2,2,0,ENSGALG00000032570,-0.984501988097143,0.4335755770944114
ENSGALG00010006178,RPS23,Z,1,ENSGALG00000015617,-0.6677020611055395,-1.5922111345439358
ENSGALG00010006532,KLHDC10,1,0,ENSGALG00000008013;ENSGALG00000028816,-0.9244768003403923,
ENSGALG00010005253,POMT2,5,0,ENSGALG00000041962,-0.8557461370825195,-2.067660701091825
ENSGALG00010005553,PPP1R14C,3,0,ENSGALG00000041575,-1.461600164685326,
ENSGALG00010009256,CREBRF,13,0,ENSGALG00000002878,-1.5444711266805387,-0.7306172328256124
ENSGALG00010005866,DNAJC1,2,0,ENSGALG00000007914,-1.204624744586079,-1.3916992403313788
ENSGALG00010008862,ZNF367,Z,1,ENSGALG00000012629,-2.0997665945707378,-0.8242446142288298
ENSGALG00010005556,IYD,3,0,ENSGALG00000012392,-1.059352603192561,0.4576433219717536
ENSGALG00010008947,C4orf45,4,0,INRAGALG00000012398;ENSGALG00000045983,-1.603257210586904,
ENSGALG00010005376,HTRA2,4,0,ENSGALG00000030931,-2.050586835814237,-2.296582963403092
ENSGALG00010006066,ARHGAP18,3,0,ALDBGALG0000003526;ENSGALG00000031843;ENSGALG00000026969,-0.5608753219209545,
ENSGALG00010008522,NUDT12,Z,1,ENSGALG00000015268,-0.26916465851090743,0.8012559508168812
ENSGALG00010008200,GCOG8,11,0,ENSGALG00000049153;ENSGALG00000043126,-2.564486891820238,
ENSGALG00010006621,DACT2,3,0,ENSGALG00000011288,-2.2920608651885264,-1.62777402507362
ENSGALG00010006979,CA7,11,0,ENSGALG00000033720,-0.10085866471069327,
ENSGALG00010008160,TXNL4A,2,0,ENSGALG00000040739,-1.5031896487792529,0.3329691577436672
ENSGALG00010006651,ABI1,2,0,,-0.8752377621629874,
ENSGALG00010008023,ATAD2,2,0,ENSGALG00000034348,-0.695417909186237,-0.4477832689541309
ENSGALG00010007801,TTC13,3,0,ENSGALG00000032780,-0.14444688943952844,-0.0582668533096474
ENSGALG00010007904,,2,0,,1.1545171507899612,
ENSGALG00010009627,IL17C,11,0,,-3.078486588771893,
ENSGALG00010008830,DHX34,38,0,ENSGALG00000034016,-3.1285389273704096,-3.9539911794036335
ENSGALG00010008317,CEP57,1,0,ENSGALG00000017201,-1.5836834450596042,-1.555942168630159
ENSGALG00010006575,SSBP2,Z,1,ENSGALG00000023089,-0.7656978334255876,-0.908038555149398
ENSGALG00010009116,S1PR3,Z,1,ENSGALG00000049835,-0.04825249192703307,
ENSGALG00010009266,PCDH7,4,0,ENSGALG00000033883,-2.501833425597668,-2.6056022008571893
ENSGALG00010005222,ABCB1LA,2,0,ENSGALG00000008912,0.13654813269614618,0.4097125648394565
ENSGALG00010005966,PLXDC2,2,0,ENSGALG00000007956,-0.9178470840840394,0.3484452379572427
ENSGALG00010009130,HEATR1,3,0,ENSGALG00000051378;ENSGALG00000032799,-0.9285522865647939,
ENSGALG00010007991,PCF11,1,0,ENSGALG00000017249,-0.9940801127762287,-2.028421194391896
ENSGALG00010008255,C2H9ORF30,2,0,ENSGALG00000013403,-0.7567931683702471,
ENSGALG00010005485,PITRM1,2,0,ENSGALG00000007036,-0.4374441803104377,0.3774286332106806
ENSGALG00010009085,PAF1,38,0,ENSGALG00000037879,-2.594035696398771,-2.14618562945578
ENSGALG00010007966,TMEM74,2,0,ALDBGALG0000002800;ENSGALG00000041553,-2.6777332171025283,
ENSGALG00010008096,CPSF1,2,0,INRAGALG00000022436;ENSGALG00000032201,-3.2266755557894586,
ENSGALG00010005768,CXXC4,4,0,,-1.9981856492977705,
ENSGALG00010005630,NIT2,1,0,ENSGALG00000015275,0.30584958265624673,1.0949013099602125
ENSGALG00010008092,SPIRE2,11,0,ENSGALG00000000521,-2.9583834592637444,-5.3774132518648186
ENSGALG00010007931,GBE1,1,0,ENSGALG00000042771,0.3745247011985883,0.7776574249708068
ENSGALG00010009322,DNAJC5G,3,0,,-2.277671737828594,
ENSGALG00010005491,GGACT,1,0,ENSGALG00000022758,-0.923805678690123,0.5606434221942271
ENSGALG00010005552,WDR37,2,0,ENSGALG00000006749,-0.7509483874004991,-0.4779080299349539
ENSGALG00010005558,TAGAP,3,0,ENSGALG00000013747,-1.698359332746211,-1.6417572845297208
ENSGALG00010007996,NUDCD1,2,0,ENSGALG00000040879,-0.4627253567283586,0.4252467173315941
ENSGALG00010009647,GALNT2,3,0,ENSGALG00000011106,-0.6064880903230309,-0.7721406363141682
ENSGALG00010006279,HACD1,2,0,ENSGALG00000008659;ALDBGALG0000002118,0.1468796048987454,
ENSGALG00010009169,TAS2R4,1,0,ENSGALG00000039029,0.3671608699570851,
ENSGALG00010005656,CYP2U1,4,0,ENSGALG00000027908,-0.5030820042418929,0.2260506176481805
ENSGALG00010009437,DPYSL5,3,0,ENSGALG00000041028,-2.1298784807162527,
ENSGALG00010005814,UPF2,1,0,ENSGALG00000033772,-0.7508283208882919,-0.7061578186572094
ENSGALG00010005645,FUCA2,3,0,ENSGALG00000013773,-0.8193655976136626,0.2446198562789058
ENSGALG00010007603,ALG2,2,0,ENSGALG00000013573,-0.8752886498925407,-0.3277050865447544
ENSGALG00010007777,KIF13A,2,0,ENSGALG00000012689,-1.0773632128452284,-1.7381821543335196
ENSGALG00010008910,TRIB1,2,0,ENSGALG00000036456;ALDBGALG0000002431,-2.3407649809056523,
ENSGALG00010005743,ETNPPL,4,0,ENSGALG00000034741,-0.11528008704043358,0.6343288369407142
ENSGALG00010009000,FAM149B1,6,0,ENSGALG00000002693,-2.0766658485776643,-2.7660441087733973
ENSGALG00010007957,CDH15,11,0,ENSGALG00000030040,-3.009285450442359,
ENSGALG00010009640,NPR2,Z,1,ENSGALG00000027630,-2.2493110921500548,-2.845818059142078
ENSGALG00010006382,PNN,5,0,ENSGALG00000010167,-2.046676017887821,-1.0420239383811896
ENSGALG00010008193,CNOT6L,4,0,ENSGALG00000010333,-0.8695026829726463,-1.0453060667245675
ENSGALG00010007624,TPPP,2,0,ENSGALG00000042784;ENSGALG00000038375,-0.19621834760279033,
ENSGALG00010008412,NEK1,4,0,ENSGALG00000009683,-0.41962427183413237,-1.21655323867882
ENSGALG00010006177,NEK9,5,0,ENSGALG00000010314,-1.665000034011582,-1.7506946176127562
ENSGALG00010006524,TAB2,3,0,INRAGALG00000010823;INRAGALG00000010826;INRAGALG00000010828;ENSGALG00000012356,-1.1562350067815008,
ENSGALG00010006347,PPP6R2,1,0,ENSGALG00000029341;ENSGALG00000035085;INRAGALG00000018976,-1.8176994290330528,
ENSGALG00010006531,FAM161B,5,0,ENSGALG00000010196,-1.2599137374842377,-1.3629203972838215
ENSGALG00010008311,SRP19,Z,1,ENSGALG00000000218,-0.03210086427678838,0.6966754694012681
ENSGALG00010005296,PAN3,1,0,ENSGALG00000017092,-0.5637532771176119,-2.3789932249770955
ENSGALG00010008192,HNRNPU,3,0,ENSGALG00000010671,-0.775895535856838,-0.8382035232604453
ENSGALG00010007905,MRPL32,2,0,ENSGALG00000037258,-1.0226907655648827,-0.1958700146569866
ENSGALG00010006146,CCDC142,4,0,ENSGALG00000049949;ENSGALG00000051392,-3.2567812009908175,
ENSGALG00010007935,LARP1B,4,0,ENSGALG00000010207,-0.9408579519832699,-1.7185412670536482
ENSGALG00010005785,RPL21,1,0,ENSGALG00000027035;ENSGALG00000017811;ENSGALG00000025205,0.9106239366649348,
ENSGALG00010007626,DLK2,3,0,ENSGALG00000010386,-2.5376235429303624,
ENSGALG00010005321,HS6ST3,1,0,,-1.4553308103107003,
ENSGALG00010005755,ZMYM2,1,0,ENSGALG00000017139;INRAGALG00000003071;ENSGALG00000043421,-0.7386482856411061,
ENSGALG00010006983,GTPBP2,3,0,ENSGALG00000010315,-1.5697435377128133,-1.9245798374168055
ENSGALG00010007912,TRAPPC2L,11,0,ENSGALG00000006250,-0.13218582521183775,0.7103455224502052
ENSGALG00010008466,C11orf97,1,0,ENSGALG00000054258,-1.649516826723528,
ENSGALG00010006205,CGGBP1,1,0,ENSGALG00000015400,-1.8282110101582507,-0.454913606031861
ENSGALG00010005516,LARP4B,2,0,ENSGALG00000006672,-1.0538989080939007,-0.4642807445759146
ENSGALG00010008026,PURG,4,0,INRAGALG00000012568;ENSGALG00000027562,-1.6854012792116586,
ENSGALG00010005885,SLITRK5,1,0,ENSGALG00000052358;ENSGALG00000026361,-2.2259345432308426,
ENSGALG00010008690,YIF1B,38,0,ENSGALG00000053923,-2.223071781724352,
ENSGALG00010008358,HPF1,4,0,ENSGALG00000009668,-0.04061975504917259,-0.7204849890235249
ENSGALG00010005588,PLAGL1,3,0,ENSGALG00000013754,-1.2503515758106258,-1.415117639066784
ENSGALG00010008134,SLC2A13,1,0,ENSGALG00000035940;ENSGALG00000037754,-1.15826397555808,
ENSGALG00010006681,CRISPLD2,11,0,ENSGALG00000032143,-0.8670799331107639,-0.2494453242080959
ENSGALG00010006851,TMEM167A,Z,1,ENSGALG00000027332;INRAGALG00000105903;INRAGALG00000105904;INRAGALG00000024998;INRAGALG00000024999;INRAGALG00000025000;INRAGALG00000025001;INRAGALG00000025002;INRAGALG00000025004,-0.9220126487996676,
ENSGALG00010007895,GOLGB1,1,0,ENSGALG00000041494,-1.9514745425383864,-1.6661135565891652
ENSGALG00010005668,LNP1,1,0,ENSGALG00000015287,-1.7607438289399413,
ENSGALG00010006603,MEST,1,0,ENSGALG00000008111,-1.3131156432908913,-0.0152750593942942
ENSGALG00010006311,ABCD4,5,0,ENSGALG00000010229;ENSGALG00000026261,-1.9892829451580436,
ENSGALG00010007975,ANKRD11,11,0,ENSGALG00000052842;ENSGALG00000025326;ENSGALG00000036130,-1.9148134440249516,
ENSGALG00010008588,PYCRL,2,0,ENSGALG00000033828,-1.9111969890023879,-1.218401954547932
ENSGALG00010007654,HTR1F,1,0,ENSGALG00000015494,-0.10769535576938283,
ENSGALG00010008693,C4H4ORF46,4,0,ENSGALG00000052557,-2.720691562494042,
ENSGALG00010005445,SFT2D2,1,0,ENSGALG00000019228,-0.8310274390878469,-0.11749562613164
ENSGALG00010009313,UNC13B,Z,1,ENSGALG00000002165,-1.2039874819588325,-2.0482954335138936
ENSGALG00010008062,VPS9D1,11,0,ENSGALG00000023468,-3.0845513001797102,-5.149756327533229
ENSGALG00010005416,PPP3CA,4,0,ENSGALG00000039498,-0.4995325500939094,-0.9317868314821768
ENSGALG00010006673,BAZ1A,5,0,ENSGALG00000010030;ENSGALG00000050210;ENSGALG00000033647;INRAGALG00000104507;INRAGALG00000104508;ENSGALG00000031588,-1.0642502116685812,
ENSGALG00010009554,ABCB10,3,0,ENSGALG00000011096;INRAGALG00000010652,-0.35265946776394275,
ENSGALG00010005704,AKAP12,3,0,ENSGALG00000036240,-1.1666613484837933,-1.0280486991626658
ENSGALG00010009059,MED29,38,0,ENSGALG00000029330,-1.9187827937711406,-2.287145114359928
ENSGALG00010005800,FRMD4A,1,0,ENSGALG00000034992;ENSGALG00000050213;ENSGALG00000025161;ENSGALG00000054941;INRAGALG00000000134;INRAGALG00000000135;INRAGALG00000000136;NONGGAG000042;NONGGAG007397,-2.0351031540626106,
ENSGALG00010007887,CDT1,11,0,ENSGALG00000013784,-2.422912974964014,-1.5087732076170126
ENSGALG00010008012,CCDC90B,1,0,ENSGALG00000037072,-0.968045551812782,-0.386312195590934
ENSGALG00010006172,TTC31,4,0,ENSGALG00000036747,-2.0921389518366897,-2.382038482535683
ENSGALG00010007584,ELP2,2,0,ENSGALG00000039034,-0.659005953061998,-0.0814338626619262
ENSGALG00010008024,MRS2,2,0,ENSGALG00000040084,-1.2827950473985186,-0.3655419169765088
ENSGALG00010009393,MARVELD2,Z,1,ENSGALG00000027140,-0.8992307255245248,-0.0797634238294568
ENSGALG00010006015,CDC123,1,0,ENSGALG00000014038,-0.7667788223930885,0.1995853379839491
ENSGALG00010006927,UCN3,1,0,ENSGALG00000032978,-1.9840840592826252,
ENSGALG00010009057,NXNL2,Z,1,ENSGALG00000026598,-2.123985544307807,-1.4606574872329972
ENSGALG00010008179,SEMA6A,Z,1,ENSGALG00000002294,-0.9350611020575912,-1.4384080511754438
ENSGALG00010007679,TMEM135,1,0,ENSGALG00000047269,0.14179505866241293,
ENSGALG00010009500,CCDC146,1,0,ENSGALG00000046379;ENSGALG00000050444;ENSGALG00000008309,-0.9780340244829616,
ENSGALG00010007068,NCAM2,1,0,ENSGALG00000015737,-0.12488064728204984,
ENSGALG00010009653,ABLIM2,4,0,ENSGALG00000043448;ENSGALG00000052301,-1.1817708888485186,
ENSGALG00010007673,FHDC1,4,0,ENSGALG00000054898;ENSGALG00000041054,-1.5738159697365233,
ENSGALG00010005695,KIF5B,2,0,ENSGALG00000007215,-0.5837729038602474,-0.306817180702139
ENSGALG00010009143,MCCC2,Z,1,ENSGALG00000002529,0.7883928493029261,
ENSGALG00010006232,ZNF654,1,0,ENSGALG00000022866;ALDBGALG0000000246,-0.8626382973237714,
ENSGALG00010009482,ARID4B,3,0,ENSGALG00000034003,-1.1541077441716945,-0.7938174284880337
ENSGALG00010009246,RUSC2,Z,1,ENSGALG00000002371,-2.591292697883388,-2.8823214527567025
ENSGALG00010007098,NDUFAF7,3,0,ENSGALG00000010609,-1.016653073978793,-0.7248737276469608
ENSGALG00010009646,MVD,11,0,ENSGALG00000007267,-2.5799600425130795,-1.382974491779501
ENSGALG00010005891,RNF6,1,0,ENSGALG00000017105,-1.8150835874457534,-2.4493251292177383
ENSGALG00010009338,KYNU,7,0,ENSGALG00000012418,-0.6615301421396805,-0.0552702975829661
ENSGALG00010008716,TATDN1,2,0,ENSGALG00000041072,-0.033354983847712294,0.0677845315644464
ENSGALG00010005525,ZIC5,1,0,ENSGALG00000034197,-1.7196293620257244,
ENSGALG00010005915,PAPSS1,4,0,ENSGALG00000010542,-0.2245181932713588,0.5641542071736217
ENSGALG00010009106,THSD7B,7,0,107053862;ENSGALG00000049931;ENSGALG00000054414;ENSGALG00000051179;ENSGALG00000012362,-2.034340294394532,
ENSGALG00010007858,VSTM2A,2,0,ENSGALG00000041764,-1.0799730535671963,
ENSGALG00010006065,WDR54,4,0,ENSGALG00000031570,-2.1686679616026927,-2.9269311982403314
ENSGALG00010005475,TMEM181,3,0,ENSGALG00000013737,-0.40034024267592666,0.623123122067784
ENSGALG00010005504,LATS1,3,0,ENSGALG00000012386,-0.6535836245387426,-0.8236614272081578
ENSGALG00010008418,TMEM245,2,0,ENSGALG00000013138;ENSGALG00000018286,-0.47417486452601504,
ENSGALG00010008515,FAM19A5,1,0,ENSGALG00000023584,-1.025998096790501,
ENSGALG00010009259,MGAT4D,4,0,ENSGALG00000009830,0.26958873558493324,-2.5123807485398566
ENSGALG00010009439,B3GALNT2,3,0,ENSGALG00000013952,-1.1630183878080966,-1.2863284210583077
ENSGALG00010007642,ZNF318,3,0,ENSGALG00000034040,-1.1588987947384686,-3.354100640746046
ENSGALG00010005396,MICU2,1,0,ENSGALG00000017125,-0.23759800252862717,-0.0489563610596849
ENSGALG00010005299,ARMC4,2,0,ENSGALG00000007417,-0.2501035554248182,
ENSGALG00010005520,ZIC2,1,0,ENSGALG00000041083,-2.2022592150897324,
ENSGALG00010009131,CDKL2,4,0,ENSGALG00000010119,-1.0363680548882372,-2.663982643430569
ENSGALG00010005237,RAP2A,1,0,ENSGALG00000042264;ENSGALG00000016889,-1.431236433585307,
ENSGALG00010008313,PSMD7,11,0,ENSGALG00000000707,-0.9419690532567734,-0.0119194605195326
ENSGALG00010008199,TPRKB,1,0,ENSGALG00000013018,0.018585695666104463,0.1120404414844063
ENSGALG00010008120,CDC5L,3,0,ENSGALG00000016704,-0.9421058769140045,-0.3497504883867936
ENSGALG00010005848,WASF3,1,0,ENSGALG00000017103,-1.011283017767466,
ENSGALG00010008377,AKT2,38,0,ENSGALG00000054458,-2.1220644622468097,
ENSGALG00010008127,TBC1D2,Z,1,ENSGALG00000001944,-1.5923577586551605,-2.0734603892407906
ENSGALG00010008623,TRPS1,2,0,ENSGALG00000031700;INRAGALG00000102589;INRAGALG00000102590;INRAGALG00000102591;INRAGALG00000102592;INRAGALG00000102593,-1.4414398284255143,
ENSGALG00010005391,ADGB,3,0,ENSGALG00000050975;ENSGALG00000012317,-0.8305430685342029,
ENSGALG00010009637,CYBA,11,0,ENSGALG00000029367,-1.7681367003484962,-0.4313701875861719
ENSGALG00010006283,DNAJC25,Z,1,ENSGALG00000015684,-0.30020469475619327,-0.3153391624330181
ENSGALG00010008405,FAM84B,2,0,ENSGALG00000041233,-2.97308467625464,-2.860762266621132
ENSGALG00010006070,TMEM242,3,0,ENSGALG00000013689,0.12099620142780843,-0.0015405200617305
ENSGALG00010008016,GSR,4,0,ENSGALG00000037781,-1.3842796842979905,-0.7115676375384409
ENSGALG00010008022,SLC35F3,3,0,ENSGALG00000011003;ENSGALG00000034304,-1.0078273580061718,
ENSGALG00010005565,TMEM246,Z,1,ENSGALG00000015544,-1.847429926533906,0.2163704353283476
ENSGALG00010006327,DENND6B,1,0,ENSGALG00000043771,-1.4259829791407626,-2.7129300993731214
ENSGALG00010009180,NFKBIB,38,0,ENSGALG00000029691,-3.0244952646152914,-3.4663230280834165
ENSGALG00010008000,C2H8orf82,2,0,,-1.4950976901879838,
ENSGALG00010006200,GSTCD,4,0,ENSGALG00000010573,-0.7197820116460842,-0.4065605140619578
ENSGALG00010009166,CLGN,4,0,ENSGALG00000009826,0.13997521454393036,-0.120260561542267
ENSGALG00010005858,CFAP97,4,0,ENSGALG00000010611,-1.4292152995967538,-0.6665266792551654
ENSGALG00010009511,ZFPM1,11,0,ENSGALG00000049065,-2.6146454889837707,
ENSGALG00010007997,TMEM192,4,0,ENSGALG00000009528,-0.4517050131191724,0.4510446834922167
ENSGALG00010005610,MTHFD1L,3,0,ENSGALG00000012412,-0.27343628092788286,-0.0381566705796479
ENSGALG00010007993,LRRC14,2,0,,-3.2318474592595803,
ENSGALG00010009190,ZBTB49,4,0,INRAGALG00000013191;INRAGALG00000013192;INRAGALG00000013193;ENSGALG00000015009,-1.3567925231781275,
ENSGALG00010009327,NID1,3,0,ENSGALG00000042079,-0.436729454126238,0.2618617576105345
ENSGALG00010008258,CCDC82,1,0,ENSGALG00000013489,-1.2034591564681216,-1.0506381381695655
ENSGALG00010009311,BNIP1,13,0,ENSGALG00000002882,-2.102800833415072,-0.648268331407834
ENSGALG00010008047,ASAP1,2,0,ENSGALG00000037618,-0.9882980169990723,-1.5621053268462537
ENSGALG00010005784,RASL11A,1,0,ENSGALG00000017099,-3.1070469293353193,-1.6391697630218502
ENSGALG00010009522,TAF5L,3,0,ENSGALG00000011098,-1.7525798679687932,-2.171842040091658
ENSGALG00010009663,FER,Z,1,ENSGALG00000000273;INRAGALG00000024786,-0.2471367833869932,
ENSGALG00010009020,ARHGAP35,38,0,ENSGALG00000036101,-2.5745949109438855,-4.075008347848269
ENSGALG00010007135,TK2,11,0,ENSGALG00000034216,-0.8541443723558335,-1.2335562542457024
ENSGALG00010005515,PCCA,1,0,ENSGALG00000016872,-0.2456296718778187,-0.0712984206690136
ENSGALG00010008331,CCDC97,38,0,ENSGALG00000032223,-2.8826305294981722,-2.4445868232374357
ENSGALG00010009013,LIPG,Z,1,ENSGALG00000043734,-1.3635204538364012,-0.811588521360828
ENSGALG00010006132,MIPEP,1,0,ENSGALG00000017118,-0.6020895944265698,-0.0574781895455194
ENSGALG00010009025,UTP23,2,0,ENSGALG00000032400,-0.9580202591072811,-0.18436493164105
ENSGALG00010009299,MAP4K1,38,0,ENSGALG00000048646;INRAGALG00000021910,-2.9365301710916882,
ENSGALG00010005724,PROSER2,1,0,ENSGALG00000055058,-1.5624628590989849,
ENSGALG00010008973,KCNK9,2,0,ENSGALG00000037285,-1.7466631154437362,
ENSGALG00010005547,LRP11,3,0,ENSGALG00000019987,-1.578740185773841,
ENSGALG00010009498,ORC4,7,0,ENSGALG00000012448,-1.0078137392591757,0.0228845479897492
ENSGALG00010008005,ANKRD42,1,0,ENSGALG00000017250,-1.1400211103525906,
ENSGALG00010009084,ARL14EPL,Z,1,ENSGALG00000053928,-0.8767337196166887,
ENSGALG00010005512,SMARCAD1,4,0,ENSGALG00000037339,-0.5841186497571076,-0.3952700124453434
ENSGALG00010008063,KCNV1,2,0,ENSGALG00000031449,-0.9977394015999712,
ENSGALG00010009153,SECISBP2,Z,1,ENSGALG00000010694,-1.0043133699626423,-1.1864118962975645
ENSGALG00010006855,DCLK2,4,0,ENSGALG00000032386,-1.0930527630298552,-2.5520633187414066
ENSGALG00010009069,GRID2,4,0,NONGGAG009747;ENSGALG00000047741;ENSGALG00000055036;ENSGALG00000010397;INRAGALG00000012607,-0.8138722629870204,
ENSGALG00010007965,EGLN1,3,0,ENSGALG00000041422,-1.2245201836380513,-0.8564899000326879
ENSGALG00010007536,GABBR2,2,0,ENSGALG00000013200;ENSGALG00000025545,-0.24771896774081947,
ENSGALG00010009200,ADGRA3,4,0,ENSGALG00000048082;ENSGALG00000033470,-0.24041032317108357,
ENSGALG00010009616,ARMC10,1,0,ENSGALG00000008288,-0.27708322783664596,-0.7930850045783693
ENSGALG00010005829,NPAS3,5,0,ENSGALG00000029022;ENSGALG00000025613;ENSGALG00000026889;ENSGALG00000054153,-1.6639414527004783,
ENSGALG00010005752,RMND1,3,0,ENSGALG00000012968;INRAGALG00000010849,-0.25329230632052224,
ENSGALG00010005999,PDE10A,3,0,INRAGALG00000010727;INRAGALG00000010729;INRAGALG00000010730;ENSGALG00000048937;INRAGALG00000010732;ENSGALG00000054544;ENSGALG00000053782;ENSGALG00000048234;ENSGALG00000048785;INRAGALG00000010744;INRAGALG00000010746;ENSGALG00000011537,-0.5725202649051826,
ENSGALG00010008007,CBR4,4,0,ENSGALG00000009714,0.34582752573762854,0.9806904538947768
ENSGALG00010007551,FEZ2,3,0,ENSGALG00000010594,-1.4032479331461984,-0.5983938881952275
ENSGALG00010009543,MAF1,2,0,ENSGALG00000047359,-1.9761291275858746,
ENSGALG00010008140,ASIC5,4,0,ENSGALG00000009366,-0.31944097358940193,
ENSGALG00010005417,LOXL3,4,0,ENSGALG00000036142,-2.6219227064684194,-1.561876470338481
ENSGALG00010007955,TMA16,4,0,ENSGALG00000009501,-0.7254825952636965,0.263731046835398
ENSGALG00010008027,C6orf62,2,0,ENSGALG00000013628,-1.0027987127967504,-4.5564786735360165
ENSGALG00010007425,ARSA,1,0,ENSGALG00000035824,-2.149777867085153,-0.957738268029285
ENSGALG00010005328,CLDN20,3,0,ENSGALG00000047280,-0.4406514759696063,
ENSGALG00010006922,SMYD3,3,0,ENSGALG00000010653,-1.5807683000627017,-1.2327932792883138
ENSGALG00010007819,NRIP1,1,0,ENSGALG00000015681,-1.5843289752030847,-1.013273829109825
ENSGALG00010005333,PLXNA4,1,0,ENSGALG00000006473;ENSGALG00000047970;ENSGALG00000027460,-1.5078744947405973,
ENSGALG00010008034,DPEP1,11,0,ENSGALG00000006175,-2.5191612228953266,-2.810794484468204
ENSGALG00010008888,FBXO46,38,0,ENSGALG00000051594;INRAGALG00000023622,-1.9431253051634139,
ENSGALG00010007650,KLHL36,11,0,ENSGALG00000005651,-0.9771344651840788,-2.4193490316223327
ENSGALG00010008031,MLK4,3,0,ENSGALG00000011008,-1.4850109485805483,-2.1429403005879224
ENSGALG00010006670,ANKRD16,1,0,ENSGALG00000008168,-1.7086227854903546,-1.7395198231714055
ENSGALG00010009352,HSF1,2,0,ENSGALG00000036821,-2.7703377577998065,-4.621474628937595
ENSGALG00010009357,LYST,3,0,INRAGALG00000010556;INRAGALG00000103270;ENSGALG00000048321;ENSGALG00000050481;ENSGALG00000032840,-0.7976361317366,
ENSGALG00010007300,CCDC125,Z,1,ENSGALG00000054698;ENSGALG00000015572,-0.6575952700458622,
ENSGALG00010009225,HNRNPL,38,0,ENSGALG00000043929,-1.8201462648879612,-2.152938895395593
ENSGALG00010008147,CDKAL1,2,0,ENSGALG00000012677,0.03841365472591629,-1.3922406162233558
ENSGALG00010008284,BCKDHA,38,0,ENSGALG00000042246,-2.24327461431346,-1.5014752210340077
ENSGALG00010008295,DMAC2,38,0,ENSGALG00000031325,-3.037054869277896,
ENSGALG00010008739,VSTM5,1,0,ENSGALG00000017217,-0.39155807397280207,-2.1056093372030573
ENSGALG00010008186,GLTSCR2,38,0,ENSGALG00000031325;ENSGALG00000039473,-2.472088147170389,
ENSGALG00010009508,TOMM20,3,0,ENSGALG00000035299;ENSGALG00000025517;ENSGALG00000033206;INRAGALG00000010562;INRAGALG00000010563,-0.5897955567515707,
ENSGALG00010009634,TBC1D31,2,0,ENSGALG00000030460,-0.7454925433857224,-1.4612430010557007
ENSGALG00010006096,EDIL3,Z,1,ENSGALG00000015630,-0.7506577172835486,
ENSGALG00010006580,ALDH6A1,5,0,ENSGALG00000010211,-0.2726046574914992,0.1121815451110603
ENSGALG00010006259,PPA2,4,0,ENSGALG00000010582,-0.08950798890424416,0.2401769230177651
ENSGALG00010005462,AHI1,3,0,ENSGALG00000013951,-0.45374493037996994,-2.486709994979573
ENSGALG00010007906,NAF1,4,0,ENSGALG00000049304;ENSGALG00000009496,-1.2723069882380298,
ENSGALG00010007889,DCAF6,1,0,ENSGALG00000053194;ENSGALG00000015435,-1.2455878827008595,
ENSGALG00010008429,IGFBP3,2,0,,-1.7326947697736408,
ENSGALG00010005354,M1AP,4,0,ENSGALG00000046984,-1.6868109653596581,
ENSGALG00010008335,HNRNPUL1,38,0,ENSGALG00000047498,-2.3522588883227975,
ENSGALG00010006202,SACS,1,0,ENSGALG00000017120,-0.1795060141395627,-2.1610223028723943
ENSGALG00010005531,SUSD1,Z,1,ENSGALG00000015677,-0.5728533771296278,-2.036313388697662
ENSGALG00010007404,FOLH1,1,0,ENSGALG00000017234,0.02677865894761544,0.0505809677524518
ENSGALG00010008374,ZNF821,11,0,ENSGALG00000000817,-2.398380682530925,-5.178336526640371
ENSGALG00010006254,PROS1,1,0,ENSGALG00000015409,-0.536591006682327,0.1845986215898578
ENSGALG00010005405,CEBPD,2,0,ENSGALG00000040180,-3.091488382124425,
ENSGALG00010009458,SCX,2,0,,-2.5889308705462106,
ENSGALG00010007795,ZNF236,2,0,ENSGALG00000013657;ALDBGALG0000002685,-1.0590520510341057,
ENSGALG00010005875,CDK8,1,0,ENSGALG00000017104,-0.7979205117586844,-2.0528134202119497
ENSGALG00010005763,AKAP6,5,0,ENSGALG00000009995;NONGGAG004485,-1.2114241534887111,
ENSGALG00010006548,TMEM209,1,0,ENSGALG00000008036,-1.2702139853261611,-0.4211839777910487
ENSGALG00010009091,EXT1,2,0,ENSGALG00000039013;ENSGALG00000028746;ENSGALG00000048802,-1.3679302817965326,
ENSGALG00010006448,MAS1,3,0,ENSGALG00000011622;INRAGALG00000010777,-0.471444761423901,
ENSGALG00010009163,SAMD12,2,0,ENSGALG00000029664;ENSGALG00000051540,-1.9021368312291713,
ENSGALG00010009411,SMARCA5,4,0,ENSGALG00000009913,-0.3496642572521652,-0.4043963028251218
ENSGALG00010008316,ADGRF5,3,0,ENSGALG00000039320,-0.9727169095825255,0.0526218941489808
ENSGALG00010005447,MYO3A,2,0,ENSGALG00000007647,-0.5176059554638968,
ENSGALG00010008161,TMEFF1,2,0,ENSGALG00000051532;ENSGALG00000013212,-0.24815408828389152,
ENSGALG00010006193,RBM17,1,0,ENSGALG00000006332,-0.48165349122184814,-0.5309958127271612
ENSGALG00010008871,PRR7,13,0,ENSGALG00000041981,-3.143455591942266,
ENSGALG00010008542,MOCOS,2,0,ENSGALG00000013149,-0.3500506345692551,0.5736252514360544
ENSGALG00010008049,ANXA10,4,0,ENSGALG00000009573,0.3196116250108517,
ENSGALG00010008932,VASP,38,0,107051441;ENSGALG00000048592,-2.3239967839675826,
ENSGALG00010006537,DRD3,1,0,ENSGALG00000015117,-1.5958438694562682,-0.3194833497520992
ENSGALG00010008137,HHLA1,2,0,ENSGALG00000039224,-0.8665979675088444,
ENSGALG00010007455,TRPC6,1,0,ENSGALG00000029416,-0.3642961712536296,
ENSGALG00010007479,NFX1,2,0,INRAGALG00000007009;ENSGALG00000043724,-1.10149385362888,
ENSGALG00010008777,HSD17B3,Z,1,NONGGAG011043;ENSGALG00000045920,0.38240887774359333,
ENSGALG00010005839,RPS6KA2,3,0,ENSGALG00000048371;ENSGALG00000011473,-0.6206182118531369,
ENSGALG00010007861,INTU,4,0,ENSGALG00000010170,-0.9857938006652682,0.3322200882778217
ENSGALG00010006245,PFKFB3,1,0,ENSGALG00000006332;INRAGALG00000000080;INRAGALG00000000081;INRAGALG00000000082;INRAGALG00000000083;INRAGALG00000000084;ENSGALG00000040369,-1.1622198194010163,
ENSGALG00010008492,ANKRD49,1,0,ENSGALG00000017210,-0.9605468368510559,-0.2174289709431986
ENSGALG00010005824,NMBR,3,0,ENSGALG00000013813,-1.0252342936331384,
ENSGALG00010008756,ITSN2,3,0,ENSGALG00000016504;INRAGALG00000103742;INRAGALG00000103743,-1.2714046510137837,
ENSGALG00010008194,PDF,11,0,,-2.591085883076587,
ENSGALG00010005524,STRIP2,1,0,ENSGALG00000038520,-2.4097799418067107,-2.1532681917441105
ENSGALG00010008165,MRPL1,4,0,ENSGALG00000010324,-0.8787392142452647,-0.5123090526777782
ENSGALG00010006557,COQ6,5,0,ENSGALG00000010197,-1.1066709134063317,-0.2844813715851009
ENSGALG00010005459,ZC3H12D,3,0,ENSGALG00000038782,-1.855508985756551,
ENSGALG00010007796,MCUR1,2,0,ENSGALG00000012699,-0.48992650449327485,-0.8937441292839482
ENSGALG00010005530,IL-17D,1,0,,-2.0086601718725445,
ENSGALG00010008396,LRRTM2,13,0,ENSGALG00000002455,-1.859536166701111,
ENSGALG00010006961,ZCCHC14,11,0,ENSGALG00000034166,-2.2016156086943965,-1.8834520315736785
ENSGALG00010008488,CCSER1,4,0,ENSGALG00000010392;INRAGALG00000012599;INRAGALG00000012602;INRAGALG00000012603,-1.5738332636606773,
ENSGALG00010008811,TERF2IP,11,0,,-1.8575906483157172,
ENSGALG00010007033,CEBPZOS,3,0,,-0.9444382451107941,
ENSGALG00010005454,GPR161,1,0,ENSGALG00000015247,-0.7182448965403865,-2.16124235864316
ENSGALG00010007097,ZCCHC9,Z,1,ENSGALG00000015603,-0.5790556978737353,-0.056228378582398
ENSGALG00010007572,PDZK1P1,1,0,ENSGALG00000015492,-0.5203813576882758,0.0196048026395994
ENSGALG00010005369,DPT,1,0,ENSGALG00000039376,-0.31257117140071455,0.4791370488444911
ENSGALG00010006955,HELT,4,0,,-2.474652219049619,
ENSGALG00010005519,PTBP3,Z,1,ENSGALG00000015669,-0.38181289336369295,-1.160455875609721
ENSGALG00010008278,CYP39A1,3,0,ENSGALG00000016710,-1.0542753222678225,-0.1533264897033243
ENSGALG00010007724,RBM11,1,0,ENSGALG00000044391,-0.5774662294247145,-3.321137086456841
ENSGALG00010009555,EPC2,7,0,ENSGALG00000012453,-1.0974901206885723,-1.2067179308612546
ENSGALG00010008211,ADGRB1,2,0,,-1.7283503124167576,
ENSGALG00010005503,DYNLT1,3,0,ENSGALG00000019979,-0.15190141710158866,0.6772627734420182
ENSGALG00010005438,GPR180,1,0,ENSGALG00000016897,-0.8469483129002779,-0.7144585470880915
ENSGALG00010008043,IL17REL,1,0,ENSGALG00000008554,-0.12881796948837398,
ENSGALG00010005346,FBXO30,3,0,ENSGALG00000041684;INRAGALG00000010804;INRAGALG00000010805;INRAGALG00000010807;ENSGALG00000051480,-0.7777691462015118,
ENSGALG00010009374,IL12B,13,0,ENSGALG00000001409,-0.6896014418394286,-3.2092188336862195
ENSGALG00010005617,DTD2,5,0,ENSGALG00000009978,0.3965806493774281,-0.6003173057064828
ENSGALG00010009602,TSTD2,Z,1,ENSGALG00000002110;ENSGALG00000030102,-1.1596129885530706,
ENSGALG00010009470,ZNF469,11,0,NONGGAG001153;ENSGALG00000047024;ALDBGALG0000001285,-2.384059554067984,
ENSGALG00010008444,SLC7A11,4,0,ENSGALG00000009758,0.12681886350587745,
ENSGALG00010005314,IL20RA,3,0,ENSGALG00000013869,-0.7193943051827855,-2.7382487386627754
ENSGALG00010005317,CHCHD3,1,0,ENSGALG00000006489,-1.2805589439620433,-0.6448486029639635
ENSGALG00010006336,ALDH8A1,3,0,ENSGALG00000013969,-0.7819444608416306,
ENSGALG00010006410,ADM2,1,0,,-2.6420596717601272,
ENSGALG00010009491,RBM34,3,0,ENSGALG00000029915;ENSGALG00000048698,-0.6932115584749767,
ENSGALG00010008768,AAED1,Z,1,ENSGALG00000012624,-1.1149226138382216,-0.93189192703672
ENSGALG00010009392,MAPRE3,3,0,ENSGALG00000052740;ENSGALG00000031726,-2.3693251562806688,
ENSGALG00010007938,BCL9,1,0,ENSGALG00000052608;ENSGALG00000025782;ENSGALG00000037655,-1.6916165176814977,
ENSGALG00010008064,DDX60,4,0,ENSGALG00000009639,-0.22869903996187957,-0.1121874457086924
ENSGALG00010009309,TRIM54,3,0,ENSGALG00000033203,-2.949549908062329,
ENSGALG00010005399,NDNF,4,0,ENSGALG00000011962,-0.8341069909419937,-0.2493579223908298
ENSGALG00010009234,PCDH18,4,0,ENSGALG00000009732,-1.589637632317101,-0.7025649350418273
ENSGALG00010009136,KHK,3,0,ENSGALG00000051301,-2.397885987672754,
ENSGALG00010007841,TRIM67,3,0,ENSGALG00000030960,-1.7897258578651751,
ENSGALG00010007028,KATNAL1,1,0,ENSGALG00000017083,-0.19342231066801985,-1.3912468199554175
ENSGALG00010009464,SPTLC1,Z,1,ENSGALG00000013493,0.1363701621658513,1.011872518454528
ENSGALG00010007698,ADAMTS18,11,0,ENSGALG00000005347,-0.802664733630557,
ENSGALG00010005494,C8orf22,2,0,ENSGALG00000039536,-2.109014701642956,0.4163999281637388
ENSGALG00010008459,EPB41L4B,2,0,ENSGALG00000053013;ENSGALG00000029935,-0.8697825329713895,
ENSGALG00010006568,ENTPD5,5,0,ENSGALG00000010202,-0.8957847326424477,0.4538383368478728
ENSGALG00010005215,VASH1,5,0,ENSGALG00000043036;ENSGALG00000053559,-1.7370087150930331,
ENSGALG00010005443,BANK1,4,0,ENSGALG00000012292,-0.7803366194473846,-0.7496382538337022
ENSGALG00010005228,ZNF521,2,0,ENSGALG00000015112;ENSGALG00000025572,-1.644620622753961,
ENSGALG00010007885,USP38,4,0,ENSGALG00000009886,-1.407710123958116,-1.7913274364312688
ENSGALG00010005248,TMEM200A,3,0,ENSGALG00000002282;INRAGALG00000011042,-0.9877003687646767,
ENSGALG00010008146,SOX4,2,0,,-2.028025313178316,
ENSGALG00010008921,OPA3,38,0,ENSGALG00000051947,-2.1271486254621044,
ENSGALG00010007106,SLC7A1,1,0,ENSGALG00000017085,-0.4083476764769421,-1.4711492895347544
ENSGALG00010007337,PRORP,5,0,ENSGALG00000034264,-0.993181589235908,0.0455359204216251
ENSGALG00010007166,RASGRF2,Z,1,ENSGALG00000015598,-0.7278968246388123,
ENSGALG00010008852,KHDRBS3,2,0,ENSGALG00000031519,-0.3700795044867747,-1.0830231195583813
ENSGALG00010009334,SS18L2,11,0,ENSGALG00000004943,-2.5619614097431396,-0.5834995153172977
ENSGALG00010008035,TDP2,2,0,,-1.2772895276524545,
ENSGALG00010009501,HGH1,2,0,ENSGALG00000052538,-3.016012678626496,
ENSGALG00010005338,PCGF1,4,0,ENSGALG00000030118;ENSGALG00000050115,-2.6576939057013815,
ENSGALG00010007437,TUSC1,Z,1,ENSGALG00000045662,-3.383006386318875,
ENSGALG00010006912,HUS1,2,0,ENSGALG00000039589,-0.7604732895453853,0.1112914728339019
ENSGALG00010008090,SLC6A18,2,0,ENSGALG00000013180,-0.26446604255798223,
ENSGALG00010009530,KIF3C,3,0,ENSGALG00000046987;ENSGALG00000026973,-2.7958085638651844,
ENSGALG00010005511,AHCYL2,1,0,INRAGALG00000000026;ENSGALG00000032868,-1.3216708606537477,
ENSGALG00010007944,ACSF3,11,0,ENSGALG00000030040,-1.6444319989358909,
ENSGALG00010007915,HECW1,2,0,ENSGALG00000037193;ALDBGALG0000002212,-1.424140411386,
ENSGALG00010005335,AHSA1,5,0,ENSGALG00000010463,-0.930864611535454,-0.1252673381684919
ENSGALG00010007655,SLC9A3,2,0,ENSGALG00000039738,-0.08827976906112811,
ENSGALG00010006374,OLIG3,3,0,ENSGALG00000013862,-3.1037624353751156,
ENSGALG00010008279,MAPK15,2,0,ENSGALG00000029279,-1.090080019388115,-0.6828595789144587
ENSGALG00010009655,FAM83A,2,0,ENSGALG00000041748,-1.6221796919545186,
ENSGALG00010008592,KIAA0513,11,0,ENSGALG00000025938;INRAGALG00000004048,-2.289271844164717,
ENSGALG00010008172,SNTB2,11,0,ENSGALG00000027482,-2.4208628054559886,-2.287280127947958
ENSGALG00010006029,HSDL2,Z,1,ENSGALG00000015663,0.268630012718157,0.6656680652010752
ENSGALG00010009381,INPP4B,4,0,ENSGALG00000009880;ENSGALG00000054537,-0.9844192142828786,
ENSGALG00010006293,SLC22A3,3,0,INRAGALG00000010769;ENSGALG00000020002,-0.5045942868324786,
ENSGALG00010008497,PAM,Z,1,ENSGALG00000015256,-0.27976307944671486,-0.678381314487615
ENSGALG00010009039,SLC36A4,1,0,ENSGALG00000017227,-0.15837506960063463,-0.1111559911300878
ENSGALG00010008300,CUL1,2,0,ENSGALG00000036941,-0.3948331879433913,0.6544913493146034
ENSGALG00010005434,PRDM5,4,0,ENSGALG00000011963;ENSGALG00000026726,-1.2180885823534753,
ENSGALG00010006139,GAREM1,2,0,ENSGALG00000042823;ENSGALG00000015181,-1.4919224420741646,
ENSGALG00010009115,COG5,1,0,ENSGALG00000042764,-0.5947140185394364,0.0787643004711306
ENSGALG00010006249,C9orf72,Z,1,ENSGALG00000001864,-0.18579293841161593,-0.1872129846697715
ENSGALG00010005758,HIVEP2,3,0,INRAGALG00000010911;INRAGALG00000010912;INRAGALG00000010913;INRAGALG00000010914;ENSGALG00000013795,-1.6786321450326638,
ENSGALG00010007532,DCUN1D5,1,0,ENSGALG00000017181,-0.4865964374390253,0.013279062539175
ENSGALG00010008342,PLD3,38,0,INRAGALG00000017354;ENSGALG00000052101;ENSGALG00000054536,-2.615515242610973,
ENSGALG00010008344,MFAP3L,4,0,ALDBGALG0000004057;ENSGALG00000009667,-0.7651333963769418,
ENSGALG00010007798,HGSNAT,4,0,ENSGALG00000010136,-0.32876192642478885,-0.7704539525118449
ENSGALG00010007699,SLC39A6,2,0,ALDBGALG0000002682;ENSGALG00000013209,-0.7406797740813781,
ENSGALG00010007155,FOXL1,11,0,ENSGALG00000029278,-2.0470207704784995,
ENSGALG00010008996,CHRM3,3,0,,-0.9675214772663417,
ENSGALG00010006223,ATG10,Z,1,ENSGALG00000027714,-0.43071250796708127,-0.3132774308305086
ENSGALG00010008105,MUT,3,0,ENSGALG00000016697,-0.14061191942622842,0.2559892611228567
ENSGALG00010009466,FAM193B,13,0,,-2.6930677675686776,
ENSGALG00010007601,TMEM154,4,0,ENSGALG00000023355,-1.9836606849584077,-0.9375281735952044
ENSGALG00010008104,TCF25,11,0,ENSGALG00000000129,-2.364747179541746,-2.0529119733139387
ENSGALG00010005247,THAP8,31,0,ENSGALG00000036459,-3.0408588689288356,-2.802695542025016
ENSGALG00010005949,SLITRK1,1,0,ENSGALG00000016905,-1.7691864073355044,
ENSGALG00010009132,SHC3,Z,1,ENSGALG00000010688,-0.7340450850240219,
ENSGALG00010007184,VGLL3,1,0,ENSGALG00000015497;INRAGALG00000100277;INRAGALG00000001691,-1.7261176204105042,
ENSGALG00010006318,,3,0,,-0.9831691151462734,
ENSGALG00010005235,ZDHHC22,5,0,ENSGALG00000023099,-1.781924759953038,
ENSGALG00010009457,BDP1,Z,1,ENSGALG00000002439,-1.3444856631053153,
ENSGALG00010009582,TIGD5,2,0,ENSGALG00000036792,-1.4682928350278577,-3.299688929043698
ENSGALG00010005821,DOCK9,1,0,ENSGALG00000016883,0.030789707891732188,-0.6814671782006245
ENSGALG00010007941,MRPL19,3,0,ENSGALG00000016731,-0.28821215073425777,0.9147120288630132
ENSGALG00010008061,CRISP2,3,0,ENSGALG00000053699,-0.14736759438888325,
ENSGALG00010007934,PKHD1,3,0,ENSGALG00000047129;ENSGALG00000054596;ENSGALG00000048370;ENSGALG00000050313;ENSGALG00000050553;ENSGALG00000050753,-1.2575105972674765,
ENSGALG00010008956,LVRN,Z,1,ENSGALG00000002318,-0.909277196784507,
ENSGALG00010005449,TIPRL,1,0,ENSGALG00000015246,-0.5627646185501707,-0.0340037355036341
ENSGALG00010008468,EPPK1,2,0,,-2.4314946962051027,
ENSGALG00010008006,CPNE7,11,0,ENSGALG00000000507,-2.1623740390342845,
ENSGALG00010009497,HS3ST1,4,0,ENSGALG00000014934,-0.3588524109647596,0.4871945265856402
ENSGALG00010006157,SNX9,3,0,ENSGALG00000013710,-0.047778009509221175,0.0106189723570881
ENSGALG00010008267,MAML2,1,0,ENSGALG00000017199;ENSGALG00000027124,-1.7411558638839753,
ENSGALG00010009307,DIRAS2,Z,1,ENSGALG00000005323;INRAGALG00000024719;NONGGAG006832;INRAGALG00000024721,-1.360549292571969,
ENSGALG00010009100,,38,0,,-2.4505546379118206,
ENSGALG00010007051,E2F3,2,0,ENSGALG00000012680,-1.129517106063775,-1.070152977407543
ENSGALG00010006946,PLPPR1,Z,1,ENSGALG00000015542,-0.6655521771722561,
ENSGALG00010009489,MROH1,2,0,ENSGALG00000029867,-2.43136311880733,-3.220361887459397
ENSGALG00010008505,PTPN3,2,0,ENSGALG00000022909,-0.38467258247156383,-0.3462625614986738
ENSGALG00010005578,HEATR5A,5,0,ENSGALG00000052280,-0.612531379544284,
ENSGALG00010009398,WTIP,11,0,ENSGALG00000025864;ENSGALG00000028430,-1.6653866578899477,
ENSGALG00010006077,TBCK,4,0,ENSGALG00000010564,-0.6322033531822551,-0.3472297356535182
ENSGALG00010008113,DBNDD1,11,0,ENSGALG00000000528,-3.0365991116381457,-3.3774035042555672
ENSGALG00010009565,TMEM8B,Z,1,ENSGALG00000002386,-2.208040078448285,-4.313473586940841
ENSGALG00010005204,ITGBL1,1,0,ENSGALG00000016867,-1.5617296775789615,
ENSGALG00010005358,SHPRH,3,0,ENSGALG00000012289,-0.7765101650889255,-0.5083909013720258
ENSGALG00010005389,MCM10,1,0,ENSGALG00000034198;ENSGALG00000051529,-1.633262872780593,
ENSGALG00010006434,MMAA,4,0,ENSGALG00000054479;ENSGALG00000009974,-0.30396052366153015,
ENSGALG00010007787,C1orf198,3,0,ENSGALG00000026600;ENSGALG00000049155,-1.4962958547322835,
ENSGALG00010008752,GOLM1,Z,1,ENSGALG00000012601,-1.815911105461328,-0.5168624638119942
ENSGALG00010005343,RNF17,1,0,ENSGALG00000045414,-0.34508572253972836,
ENSGALG00010009073,PRKAR2B,1,0,ENSGALG00000008060,-0.20407781688879667,-0.9997351231367464
ENSGALG00010006682,ARHGAP10,4,0,ENSGALG00000010031,-0.962033437887954,-1.0264831437764363
ENSGALG00010009320,GPR20,2,0,ENSGALG00000041730,-1.0635748640912803,
ENSGALG00010008028,KCNK7,3,0,ENSGALG00000011005,-1.527165813680225,-0.6837616996169249
ENSGALG00010006761,PPP2R3C,5,0,NONGGAG004491;ENSGALG00000010052,-0.30221034885188003,
ENSGALG00010008055,MLC1,1,0,ENSGALG00000040038,0.17943792646547252,
ENSGALG00010007753,PRSS23,1,0,ENSGALG00000017244,-0.7024109533500865,-0.902838826963866
ENSGALG00010005757,ARHGAP12,2,0,ENSGALG00000007254,-1.1032651385913783,-0.3408483317925453
ENSGALG00010005526,STRN3,5,0,ENSGALG00000040464,-0.40816456949371416,-0.9319278672897114
ENSGALG00010006346,NSUN3,1,0,ENSGALG00000015414,-0.9660259496104324,-0.6557396013704789
ENSGALG00010006903,B3GLCT,1,0,ENSGALG00000017076,-0.09642417871188902,-0.5486746417042119
ENSGALG00010007730,COG2,3,0,ENSGALG00000011114,-0.8203308707195341,0.6902076360314522
ENSGALG00010008235,MAEL,1,0,ENSGALG00000019211,-0.7401838726739509,-0.0015162952600696
ENSGALG00010008561,EEF1D,2,0,ENSGALG00000040098,-1.5908441467704129,-2.053878958977506
ENSGALG00010009520,SPINK4,Z,1,,-2.4434255497341684,
ENSGALG00010006227,AGPAT4,3,0,INRAGALG00000010763;INRAGALG00000010764;ENSGALG00000011571,-0.5749366710083698,
ENSGALG00010005843,GPR12,1,0,ENSGALG00000017102;ENSGALG00000039931,-1.3100047249313453,
ENSGALG00010008290,FAM13A,4,0,ENSGALG00000010371;ENSGALG00000049674,-1.5842762232055416,
ENSGALG00010009232,ECH1,38,0,ENSGALG00000030164,-1.855097439412257,-0.7247384049315955
ENSGALG00010007252,NFATC1,2,0,ENSGALG00000042534,-1.9246948725733417,-1.9641531705154969
ENSGALG00010007360,ROBO1,1,0,ENSGALG00000054585;NONGGAG007170;ALDBGALG0000000271;ENSGALG00000015511,-1.0849810903970265,
ENSGALG00010006939,FBXO31,11,0,ALDBGALG0000001346;ENSGALG00000005779,-2.082735049788944,
ENSGALG00010008214,CCNG2,4,0,ENSGALG00000010347,-1.4390334494903447,-3.982481667864081
ENSGALG00010007849,TSTD1,1,0,ENSGALG00000015701,-0.2958462766663006,0.3560776517813297
ENSGALG00010005742,GPR183,1,0,ENSGALG00000016881,0.4489274316081896,0.6678528974157258
ENSGALG00010006342,RFXAP,1,0,ENSGALG00000019087,-1.81093638036217,-4.617491476293292
ENSGALG00010008641,HEPHL1,1,0,ENSGALG00000043027;INRAGALG00000100982;INRAGALG00000100983,-0.4074852981630744,
ENSGALG00010008441,PHLPP2,11,0,ENSGALG00000000875,-1.6374230326250228,-2.290811306775656
ENSGALG00010006480,IFT74,Z,1,ENSGALG00000001801,-0.5037132671908153,-0.4508920595419951
ENSGALG00010007585,KCNG4,11,0,ENSGALG00000005502,-1.3333355809238832,
ENSGALG00010007883,DHTKD1,1,0,ENSGALG00000003674,-0.8246935010363461,-0.1520618532072962
ENSGALG00010008110,DEF8,11,0,ENSGALG00000025712,-2.936392914698527,-2.898945142224698
ENSGALG00010008325,AADAT,4,0,ENSGALG00000009655,-0.6330937887066881,0.6982585432476036
ENSGALG00010005318,SLC35D3,3,0,,-1.3211021819585798,
ENSGALG00010005990,SLC2A12,3,0,ENSGALG00000013980,-0.39060233542383116,-0.8395824705098006
ENSGALG00010005360,CAMK1D,1,0,ENSGALG00000033051,-1.0580795437854746,-1.0647020041370072
ENSGALG00010008790,GPN1,3,0,ENSGALG00000016505,-0.8728190095455117,-0.0422801089834429
ENSGALG00010009144,CREBZF,1,0,ENSGALG00000039605,-3.016753701880977,-5.8031866267499925
ENSGALG00010007876,PKD1L2,11,0,ENSGALG00000005435,-0.9451426678117028,
ENSGALG00010007581,LPCAT1,2,0,ENSGALG00000013189,-0.07123517617377362,-0.865695693128066
ENSGALG00010008282,FAM83H,2,0,ENSGALG00000033118,-1.2146497204662081,-0.98848632576253
ENSGALG00010008346,NR4A3,2,0,ENSGALG00000013568;INRAGALG00000007490;INRAGALG00000007491,-1.6429295243354984,
ENSGALG00010009294,ACOX3,4,0,ENSGALG00000015591,-0.5393376087084791,0.7222013969590119
ENSGALG00010008277,MZB1,13,0,ENSGALG00000044427,-2.9635275250741833,-2.6393824333979654
ENSGALG00010005649,TOMM70,1,0,ENSGALG00000015285,-0.31123799459321566,-0.0444079255849328
ENSGALG00010005366,AUP1,4,0,ENSGALG00000030148,-1.9077486527932899,-2.12710165130976
ENSGALG00010006457,NCAPH2,1,0,ENSGALG00000054793,-2.2112448575515438,
ENSGALG00010005347,DOK1,4,0,ENSGALG00000035718,-2.3750502198924366,-2.3962966398300507
ENSGALG00010009250,ERO1B,3,0,ENSGALG00000040000,-0.36296990978088595,-0.2304504737090869
ENSGALG00010009407,PTPN12,1,0,ENSGALG00000051957,-0.8520482753383175,
ENSGALG00010009657,MSMP,Z,1,ENSGALG00000028118,-2.519418888647998,
ENSGALG00010008240,RCAN2,3,0,INRAGALG00000011838;ENSGALG00000016709,-0.940564465330564,
ENSGALG00010008580,PANX1,1,0,ALDBGALG0000001048;ENSGALG00000039751,-0.9736763104861874,
ENSGALG00010005555,PRSS12,4,0,ENSGALG00000012004,-0.9086818838849554,
ENSGALG00010006120,MOGS,4,0,ENSGALG00000046858,-2.9824444930398673,
ENSGALG00010005860,ABI3BP,1,0,ENSGALG00000049529;ENSGALG00000015307;ENSGALG00000040357,-0.5500048784658189,
ENSGALG00010008401,PSMD8,38,0,INRAGALG00000020001,-2.029625463032886,
ENSGALG00010007713,SCLT1,4,0,ENSGALG00000048011;ENSGALG00000028825,-1.0097064751878526,
ENSGALG00010009345,ZFAT,2,0,ENSGALG00000037698,-0.8195574754021769,-1.3463431401854629
ENSGALG00010008209,PPARGC1B,13,0,INRAGALG00000004632;INRAGALG00000004633;ENSGALG00000043389,-2.870465038518041,
ENSGALG00010005934,SLITRK6,1,0,ENSGALG00000016904,-0.7184594564009684,0.8752882588469563
ENSGALG00010008453,AMOTL1,1,0,ENSGALG00000017208;INRAGALG00000003154,-2.473156316125701,
ENSGALG00010008931,FNIP2,4,0,NONGGAG003946;ENSGALG00000020251,-1.0316727781064776,
ENSGALG00010006273,ARL13B,1,0,ENSGALG00000015412,-0.6829249183111404,-0.553372709163969
ENSGALG00010006104,SLC39A12,2,0,ENSGALG00000008602,-0.11511262505743769,
ENSGALG00010005769,TFG,1,0,ENSGALG00000015299,-1.5612739521937407,0.2057346754327557
ENSGALG00010005238,TMEM63C,5,0,ENSGALG00000048945;ENSGALG00000010406;ENSGALG00000028687,-1.8601133440555206,
ENSGALG00010009168,MRPS12,38,0,ENSGALG00000038667,-2.0122225988476115,-1.1759379743367702
ENSGALG00010005265,DYNC2H1,1,0,ENSGALG00000041814;ENSGALG00000038027,-0.3980021694377284,
ENSGALG00010006819,EMC8,11,0,ENSGALG00000005744,-1.036383858865927,0.7002714665703471
ENSGALG00010007388,CYP1B1,3,0,ENSGALG00000025822,-2.1656990159299316,-2.355120114651416
ENSGALG00010005887,CCNH,Z,1,ENSGALG00000015641,0.24627007316703386,-0.0297319048060375
ENSGALG00010009121,SYCN,38,0,,-1.712769119924812,
ENSGALG00010008301,FAM91A1,2,0,ENSGALG00000035478,-0.7073822838001187,-0.0502761822035619
ENSGALG00010006270,STAM,2,0,ENSGALG00000035287,-0.5893559796394087,-0.0380524528707507
ENSGALG00010007803,ME3,1,0,ENSGALG00000017246,-0.2616919944692051,-1.0335953435244414
ENSGALG00010007898,GAB1,4,0,ENSGALG00000009898,-1.5025377104150253,-1.246091322848167
ENSGALG00010005779,ARMT1,3,0,,-0.5380695422124518,
ENSGALG00010008486,CTU2,11,0,ENSGALG00000046674,-2.4661949684441047,
ENSGALG00010007853,C1orf131,3,0,ALDBGALG0000003785;ENSGALG00000044278,-1.2460501694200727,
ENSGALG00010006260,MAP3K4,3,0,ENSGALG00000020003,-0.8916185248361935,-1.709663513753713
ENSGALG00010008216,GPA33,1,0,ENSGALG00000044138,-0.41605012196721936,
ENSGALG00010008731,NDUFB9,2,0,ENSGALG00000042242,-1.726047393242963,-0.1717252263025609
ENSGALG00010005542,KCTD1,2,0,ENSGALG00000015124,-2.2405981394674126,
ENSGALG00010009030,ZDHHC7,11,0,ENSGALG00000042522,-0.7633092782668902,-1.7712483633547886
ENSGALG00010005319,NOL4,2,0,ENSGALG00000015198,-1.8897007069159346,
ENSGALG00010009367,DMXL1,Z,1,ENSGALG00000045171;ENSGALG00000002227,-0.7632204581807773,
ENSGALG00010008020,COA6,3,0,ENSGALG00000030590,-1.4979047836209445,-0.3798855479356298
ENSGALG00010008380,SIL1,13,0,ENSGALG00000002457,-1.3910356335862417,-0.9123625628426224
ENSGALG00010005250,SLC35A5,1,0,ENSGALG00000015197,-0.40608364626526844,
ENSGALG00010006544,MOB3B,Z,1,ALDBGALG0000006125;ENSGALG00000001856;INRAGALG00000025092,-0.2228750205164851,
ENSGALG00010009089,AGBL5,3,0,ENSGALG00000038639,-2.646289154528816,-2.46414832817646
ENSGALG00010007999,SDC1,3,0,ENSGALG00000016480,-0.5701423201364665,0.2231369127254729
ENSGALG00010007418,NME6,1,0,ENSGALG00000038044,-2.1678425151853884,-1.478230744985881
ENSGALG00010008955,KRTCAP3,3,0,ENSGALG00000016510,-2.1727043638433075,-1.4610513819489557
ENSGALG00010005561,CLYBL,1,0,ENSGALG00000016875,-0.24978112912682593,0.2451580139038422
ENSGALG00010009141,MAML3,4,0,ENSGALG00000047000;ENSGALG00000009809;ENSGALG00000025470;ENSGALG00000048914,-1.7734942209693445,
ENSGALG00010008397,ATXN1L,11,0,ENSGALG00000028253,-1.7592625220385152,-3.963512791000194
ENSGALG00010005564,TM9SF2,1,0,ENSGALG00000016878,0.5381903643059819,-0.223949956175088
ENSGALG00010005681,EPC1,2,0,ENSGALG00000007169;ENSGALG00000025176,-1.0858107604109593,
ENSGALG00010006083,CACNB2,2,0,ENSGALG00000008591,-1.087987581700249,-1.6106160986306453
ENSGALG00010005871,EGLN3,5,0,ENSGALG00000010001,-1.0239408993352277,0.3626557168197079
ENSGALG00010005342,MAP3K5,3,0,ENSGALG00000013892,-0.9723597072678676,-2.174046710537481
ENSGALG00010007017,SRD5A2,3,0,ENSGALG00000010625,-1.2470752279246438,
ENSGALG00010006081,ZDHHC14,3,0,ENSGALG00000013695;ENSGALG00000054057,-0.733892724450296,
ENSGALG00010006344,HINT3,3,0,ENSGALG00000044342,-1.1223143336497434,-0.1849002611493897
ENSGALG00010009531,FBXL13,1,0,ENSGALG00000045817;ENSGALG00000053565,-0.5075879917234012,
ENSGALG00010005241,C4orf54,4,0,ENSGALG00000054998;ENSGALG00000051538,-2.385811589198786,
ENSGALG00010007392,NAALAD2,1,0,ENSGALG00000054821,0.10295759441490582,
ENSGALG00010007888,MIOX,1,0,ENSGALG00000041965,-2.0764506116242787,
ENSGALG00010006576,CCDC191,1,0,ENSGALG00000053464,-1.6970095231330111,
ENSGALG00010005350,ARHGAP20,1,0,ENSGALG00000053138;ENSGALG00000055067,-1.6216331088462406,
ENSGALG00010006850,C5H14orf4,5,0,ENSGALG00000041616,-2.5760543806705125,-2.7866830819756894
ENSGALG00010006506,ZNF827,4,0,ALDBGALG0000004359;ENSGALG00000009982;ENSGALG00000051155;ENSGALG00000047378,-1.7365685903913064,
ENSGALG00010007809,ARV1,3,0,ENSGALG00000011155,-0.04274444796348875,1.219891761870803
ENSGALG00010009404,GNG4,3,0,ENSGALG00000010986,-0.6104991932684214,
ENSGALG00010009076,TMEM214,3,0,ENSGALG00000022850,-2.7170100737867107,-2.361773566793644
ENSGALG00010009368,DSCC1,2,0,ENSGALG00000043799,-1.290201049398072,0.3939455630990421
ENSGALG00010005413,GAD2,2,0,ENSGALG00000040436,-0.22066723692036772,
ENSGALG00010005329,VIPAS39,5,0,ENSGALG00000010459,-1.7557608080465887,-1.5961832520277883
ENSGALG00010006365,TAAR2,3,0,ENSGALG00000012040,0.5171983546872035,
ENSGALG00010008400,MAP1LC3C,3,0,ENSGALG00000010741,-1.5784436025075672,
ENSGALG00010006378,CAAP1,Z,1,ENSGALG00000001765,-1.4255104873748397,-2.1019521187687333
ENSGALG00010008936,IFT172,3,0,ENSGALG00000016509,-0.9069766330329706,-1.1784206729035676
ENSGALG00010007854,FAM181B,1,0,ENSGALG00000053106,-2.2993773625649787,
ENSGALG00010007771,CAPN9,3,0,ENSGALG00000011136,-1.292207703866703,
ENSGALG00010007913,PABPN1L,11,0,,-2.0935774295635072,
ENSGALG00010008939,RANBP9,2,0,ENSGALG00000012696;ENSGALG00000047797,-0.7245227600015021,
ENSGALG00010007943,BLOC1S4,2,0,ENSGALG00000013591,-1.4781814763082584,-1.9054426079387583
ENSGALG00010009351,GTF3C2,3,0,ENSGALG00000052746;ENSGALG00000031281,-2.4500140476758707,
ENSGALG00010005334,NME7,1,0,ENSGALG00000015230,-0.06819252166529743,-0.0508647447144263
ENSGALG00010006546,SMOC2,3,0,ENSGALG00000011205,-1.4912448016709794,-0.1174585838554123
ENSGALG00010008033,ACOT13,2,0,ENSGALG00000013632,-1.096726136610508,0.0119724926253154
ENSGALG00010007353,ING2,4,0,ENSGALG00000010659,-1.6897493440806217,
ENSGALG00010005211,ESRRB,5,0,ENSGALG00000041775,-1.7982408990082601,
ENSGALG00010007595,ATP2C2,11,0,ENSGALG00000035743,-0.5635938239089641,
ENSGALG00010008266,ECSCR,13,0,ENSGALG00000024379,-1.8390404060635142,-1.0397570025237255
ENSGALG00010008333,APC,Z,1,ENSGALG00000000220,-1.2366456939870063,-1.6358195098479356
ENSGALG00010006530,REELD1,4,0,ENSGALG00000010003;ENSGALG00000049439,-1.9427806162730672,
ENSGALG00010008169,HTR4,13,0,ENSGALG00000001383;ENSGALG00000021908,-1.0187522674767846,
ENSGALG00010008129,TMCO7,11,0,ENSGALG00000035882,-2.7151776133121497,-2.397017280293453
ENSGALG00010006381,SPG20,1,0,ENSGALG00000017053,-0.7510088487096516,0.2656065374704685
ENSGALG00010005193,EPB41L2,3,0,ENSGALG00000035769;ENSGALG00000047664,-1.203823389685296,
ENSGALG00010006106,C9orf84,Z,1,ENSGALG00000048227;ENSGALG00000035136,-0.6677748027015813,
ENSGALG00010007566,FHIP1A,4,0,ENSGALG00000010090,-1.170213657093408,-2.345359930049976
ENSGALG00010007811,PRCP,1,0,ENSGALG00000037521,-0.6138356944372974,0.4038790222222203
ENSGALG00010008299,ANKRD66,3,0,,-1.7187752740743913,
ENSGALG00010008340,PDIA4,2,0,ENSGALG00000043006,-0.10012440183309412,1.000312231210302
ENSGALG00010006821,XRCC4,Z,1,ENSGALG00000015620;ENSGALG00000025396,-0.6628184400898797,
ENSGALG00010008339,FAM76B,1,0,ENSGALG00000017202,-1.9397781789573618,-2.2714507684579046
ENSGALG00010006053,TMEM243,1,0,ENSGALG00000006633,-0.3742050454457398,-1.663740385130284
ENSGALG00010008264,CNTNAP2,2,0,INRAGALG00000006975;INRAGALG00000006976;INRAGALG00000102101;INRAGALG00000105331;ALDBGALG0000002216;ENSGALG00000031971,-0.7054651677013057,
ENSGALG00010007504,TMPRSS15,1,0,ENSGALG00000015730,0.021448641857917616,
ENSGALG00010009479,MTBP,2,0,ENSGALG00000031524,-0.7007381007826379,
ENSGALG00010009019,ZNF513,3,0,,-2.8202147335915235,
ENSGALG00010009400,CNTFR,Z,1,ENSGALG00000028140,-1.918863261662135,-0.2104875479413699
ENSGALG00010005492,TNPO3,1,0,ENSGALG00000039420,-2.7356653723580435,-2.733231675965917
ENSGALG00010005535,AP4S1,5,0,ENSGALG00000009936,0.5667785581960815,1.1259882028812
ENSGALG00010009333,ADRA1B,13,0,ENSGALG00000001416,-0.5556062481341908,-0.0651902351578817
ENSGALG00010007579,GATB,4,0,ENSGALG00000010097,-0.6981813081144759,0.2432883925462912
ENSGALG00010009026,RAPGEF2,4,0,ENSGALG00000020249,-0.8692375948863063,-1.436783483370438
ENSGALG00010008905,GABARAPL2,11,0,ENSGALG00000003208,-0.49376692178781856,1.619169748662702
ENSGALG00010009126,JPH3,11,0,ENSGALG00000029424,-2.431739006982941,
ENSGALG00010007970,SPRTN,3,0,ENSGALG00000011065,-1.1813030203433121,-1.2101209687094268
ENSGALG00010005879,FAM107B,1,0,ENSGALG00000033226,-2.008017845271968,-0.0624382760614725
ENSGALG00010008696,TP53I3,3,0,,-0.14956234339714825,
ENSGALG00010008999,TRAPPC9,2,0,ENSGALG00000032103;INRAGALG00000102614;INRAGALG00000102615;INRAGALG00000102616;ENSGALG00000042766,-0.8555456587301599,
ENSGALG00010009355,GARRE1,11,0,ENSGALG00000004949,-1.1126193226343457,-1.3390196516693744
ENSGALG00010009098,CAD,3,0,ENSGALG00000016524,-2.2724623877138392,-3.356296182618789
ENSGALG00010006252,COX7C,Z,1,ENSGALG00000027963;ENSGALG00000027728;ENSGALG00000025595,-0.3955473917657663,
ENSGALG00010005279,CCDC181,1,0,ENSGALG00000015221,-1.211126309375404,-2.444669873090291
ENSGALG00010008965,CNTNAP4,Z,1,ENSGALG00000023179;ENSGALG00000054848,-0.33046544623216423,
ENSGALG00010006183,PARK2,3,0,ENSGALG00000011562,-0.8772812421225524,-0.795689931309829
ENSGALG00010006285,FZD8,2,0,ENSGALG00000039999,-1.9613382257064078,
ENSGALG00010008866,WASHC5,2,0,ENSGALG00000032732,-0.14671289545475208,0.0266601043316048
ENSGALG00010006503,LRRC19,Z,1,ENSGALG00000045028,-0.2882331201514622,
ENSGALG00010008273,TMEM144,4,0,ENSGALG00000026253,0.7291919224922353,1.20890753620214
ENSGALG00010006341,HHIP,4,0,ENSGALG00000009948,-0.6672924045728996,0.022609408026269
ENSGALG00010009102,HTRA3,4,0,ENSGALG00000034673,-0.9129880435082688,0.0425142288553554
ENSGALG00010008330,EZH2,2,0,ENSGALG00000043399,-0.14436625803118652,-1.540664641089169
ENSGALG00010006010,IPO5,1,0,ENSGALG00000032430,-0.4732356071391697,
ENSGALG00010005963,UGCG,Z,1,ENSGALG00000015682,0.791548495024469,0.501542246052179
ENSGALG00010006343,SEC23A,5,0,ENSGALG00000010150,-0.12880925587800707,0.5015818905473169
ENSGALG00010007400,TYMP,1,0,ENSGALG00000051297,-1.498844629367856,
ENSGALG00010007575,MMP27,1,0,ENSGALG00000019060,0.20485881728681232,
ENSGALG00010009441,ZNF518B,4,0,ENSGALG00000014954,-0.4834768825347451,-0.7324100838018794
ENSGALG00010005748,AIG1,3,0,ENSGALG00000013780,-0.05006589991626498,0.627428743501992
ENSGALG00010007187,ENPP6,4,0,ENSGALG00000010645,-0.9737673220131375,-0.0028594143458256
ENSGALG00010008222,STYXL2,1,0,ALDBGALG0000000798;NONGGAG007569;ENSGALG00000015453,-1.4911286714423753,
ENSGALG00010008111,SYTL2,1,0,ENSGALG00000032681,-1.090824203607052,-1.5865602007497404
ENSGALG00010006123,MLH3,5,0,ENSGALG00000010304,-1.2558093122157703,-2.879511531092163
ENSGALG00010009034,SNX17,3,0,ENSGALG00000032468,-2.391018389613579,-2.443078647319675
ENSGALG00010009551,HADHA,3,0,ENSGALG00000016536,-0.48812209420404273,-0.2888955236169468
ENSGALG00010007867,ZNF516,2,0,ENSGALG00000013660;INRAGALG00000007534,-1.836170143844378,
ENSGALG00010007964,RECQL4,2,0,ENSGALG00000042375,-2.05570712674661,
ENSGALG00010009029,IGSF3,1,0,ENSGALG00000036738,-2.8376895824224766,
ENSGALG00010007399,WWC2,4,0,ENSGALG00000010668,-1.5901668487212013,-1.84554252017008
ENSGALG00010005257,SAMD3,3,0,ENSGALG00000032409;ENSGALG00000054418,-0.1809401148144555,
ENSGALG00010008762,CCDC9,38,0,,-1.6023076996189896,
ENSGALG00010007962,ADCY8,2,0,ENSGALG00000030251,-1.1489538736121956,
ENSGALG00010005497,MKX,2,0,ENSGALG00000007426,-2.0498238237477855,
ENSGALG00010005429,ZDHHC20,1,0,ENSGALG00000017126,-0.7147579898623705,-1.044717705028408
ENSGALG00010006118,NPNT,4,0,ENSGALG00000043555,-1.120854987615021,0.0188151135447515
ENSGALG00010008058,USP25,1,0,ENSGALG00000015693,-0.7084846477575129,-0.4351054498191664
ENSGALG00010006463,SCO2,1,0,ENSGALG00000046885,-2.78602870981321,
ENSGALG00010009054,RYR2,3,0,ENSGALG00000010812;ENSGALG00000051537,-0.37238558834972596,
ENSGALG00010009349,TPPP2,Z,1,ENSGALG00000015213,-0.17956570257215565,-0.1306475596246332
ENSGALG00010005371,GRM1,3,0,ENSGALG00000012297,-1.4335427795717597,
ENSGALG00010009484,RTKN2,6,0,ENSGALG00000047467;ENSGALG00000040971;ENSGALG00000050884;ENSGALG00000047676;ENSGALG00000050680;INRAGALG00000014725;ENSGALG00000002980;ALDBGALG0000004905,-0.6051296338973248,
ENSGALG00010006592,STARD13,1,0,ENSGALG00000047374;INRAGALG00000002946;ENSGALG00000051995;INRAGALG00000002951;INRAGALG00000002952;INRAGALG00000002953;ENSGALG00000042339;ENSGALG00000017065;ALDBGALG0000000476,-1.4385085800651964,
ENSGALG00010008323,AKT3,3,0,ENSGALG00000034081,0.20922382382610782,-2.110585621157019
ENSGALG00010008275,CELSR1,1,0,ENSGALG00000043355,-1.8861074780062377,-2.934429125264364
ENSGALG00010009596,URB2,3,0,ENSGALG00000011101,-1.3326953747511707,-0.4659598645345467
ENSGALG00010007907,IRX2,2,0,ENSGALG00000013193,-2.0198710253931575,
ENSGALG00010005893,SFT2D1,3,0,ENSGALG00000020005,0.3119587992514744,-0.3879949943624541
ENSGALG00010006515,FBXO33,5,0,INRAGALG00000014126;ENSGALG00000010192,-1.333814040317155,
ENSGALG00010007549,SH3D19,4,0,ENSGALG00000010081;NONGGAG003994,-1.1383169689604573,
ENSGALG00010006310,ALG5,1,0,ENSGALG00000017049,0.10323500340651903,0.5019973796662806
ENSGALG00010007900,FHOD3,2,0,ENSGALG00000013124,-1.8936189237621126,-3.521184809935967
ENSGALG00010005401,BCLAF1,3,0,ENSGALG00000013935;ENSGALG00000026675,-1.5032587308521355,
ENSGALG00010006865,EFCAB2,3,0,ENSGALG00000028017,-0.38213184493441443,-1.0811517176250955
ENSGALG00010007897,EFHC1,3,0,ENSGALG00000016674,-0.5545716947433973,0.715091087785453
ENSGALG00010006387,OTUD4,4,0,ENSGALG00000009968;INRAGALG00000012522;INRAGALG00000012523,-0.8437494097660948,
ENSGALG00010009567,NSD1,13,0,ENSGALG00000002971,-1.9419981309233214,-3.116541088969406
ENSGALG00010005720,COL25A1,4,0,ENSGALG00000054138;ENSGALG00000054547;ENSGALG00000039411;INRAGALG00000021000,-0.3829003588400079,
ENSGALG00010007956,HS1BP3,3,0,ENSGALG00000016486,-1.0408520211704269,-0.0180988538978804
ENSGALG00010005943,PROX2,5,0,ENSGALG00000023113;ENSGALG00000052892,-2.550132348327584,
ENSGALG00010008198,GLRB,4,0,ENSGALG00000009395,-0.12037574645667437,
ENSGALG00010006100,RPS6KL1,5,0,ENSGALG00000010294,-3.109822063447388,-5.529602731029531
ENSGALG00010007953,SCGN,2,0,ENSGALG00000013598,-1.1951364050373245,
ENSGALG00010008167,UTP4,11,0,ENSGALG00000000638,-2.486257704639373,-1.7401238566612327
ENSGALG00010006372,SBF1,1,0,ENSGALG00000043178,-2.4791511342519468,-3.755965735489243
ENSGALG00010006634,PRMT9,4,0,ENSGALG00000010022,-0.43819570448741596,-0.0534255284020907
ENSGALG00010009152,RPP25L,Z,1,ENSGALG00000038723,-0.6813875694494178,-0.1505068722392791
ENSGALG00010007214,MTHFSD,11,0,ENSGALG00000033322,-0.9232192170555851,-0.5975913250717395
ENSGALG00010008009,GPLD1,2,0,ENSGALG00000029836,0.13097305944563675,1.1094580827373408
ENSGALG00010007945,,2,0,,-1.4839428278402589,
ENSGALG00010007783,NOL7,2,0,ENSGALG00000012695,-1.4031033014682568,-0.8773001071862389
ENSGALG00010005394,PHYH,1,0,ENSGALG00000035636,-0.9391432010202354,0.8916543602640807
ENSGALG00010006885,RHOU,3,0,INRAGALG00000010629;ENSGALG00000025738,-1.9179319669606603,
ENSGALG00010009591,LYPD6,7,0,ENSGALG00000012470,-1.8523792950950817,
ENSGALG00010009151,CCNJL,13,0,ENSGALG00000040152,-0.8100759573691906,-1.073478886927249
ENSGALG00010008072,NRSN1,2,0,ENSGALG00000037811,-0.1803271906099112,0.0771045539873073
ENSGALG00010006835,FRY,1,0,ENSGALG00000017075;INRAGALG00000002968,-0.8880594115186715,
ENSGALG00010005226,MYCT1,3,0,ENSGALG00000013603;ALDBGALG0000003506,-2.4454390023278965,
ENSGALG00010006236,C3orf38,1,0,ENSGALG00000015402,-1.122778681681182,-0.114866551216743
ENSGALG00010007555,NDUFS6,2,0,ENSGALG00000013191;ENSGALG00000037565;INRAGALG00000007466;INRAGALG00000007467,0.18934346487071874,
ENSGALG00010007988,TARBP1,3,0,ENSGALG00000011000,-0.9518933856406856,-1.3263229845788014
ENSGALG00010005353,,2,0,,0.2211334068765144,
ENSGALG00010006078,SPATA13,1,0,ENSGALG00000019077,-1.4593139588072774,-1.600248349666114
ENSGALG00010006091,RTKN,4,0,ENSGALG00000054891,-2.3025399883907913,
ENSGALG00010005214,BBS7,4,0,ENSGALG00000011880,-0.6139402019965366,-0.2825162452539357
ENSGALG00010007767,VAT1L,11,0,ENSGALG00000013225,-0.45483924960553673,
ENSGALG00010008098,TMEM126A,1,0,ENSGALG00000014066,0.1623109763697027,1.0542885071053028
ENSGALG00010005830,USP12,1,0,ENSGALG00000034708;INRAGALG00000100478,-0.4375936421785395,
ENSGALG00010007304,F5,1,0,ENSGALG00000029298,-0.26103500315631933,0.0310571794864731
ENSGALG00010007175,FOXC2,11,0,,-2.0088592966021594,
ENSGALG00010006615,GRAMD1C,1,0,ENSGALG00000035629,-1.455953939597613,-1.2275932942975447
ENSGALG00010009453,GSAP,1,0,ENSGALG00000008312;INRAGALG00000000222;INRAGALG00000000223,-0.9485283833451472,
ENSGALG00010005386,CPOX,1,0,ENSGALG00000015240,-1.460620506922703,-1.0075359172206244
ENSGALG00010005477,TMEM161B,Z,1,ENSGALG00000010896;ALDBGALG0000005916,0.12497128394787149,
ENSGALG00010005251,MTRF1L,3,0,ENSGALG00000013609,-0.6079846896751818,-2.707187997276242
ENSGALG00010005468,PPIL4,3,0,ENSGALG00000012364,-0.5040437218385831,-0.3152400537468809
ENSGALG00010008151,SIPA1L2,3,0,ALDBGALG0000003476;INRAGALG00000010600;ENSGALG00000053104;ENSGALG00000037506,-0.8480487560039321,
ENSGALG00010005293,BLZF1,1,0,ENSGALG00000015225,-0.4641357893809082,0.1597798837378051
ENSGALG00010007910,ANKS6,2,0,ENSGALG00000013196,-1.349472730421012,-1.7490699560599203
ENSGALG00010006263,EXOSC8,1,0,ENSGALG00000017048,-0.38665697057102405,0.4368413278907337
ENSGALG00010008232,PYURF,4,0,,-2.0315134986274965,
ENSGALG00010008373,MACIR,Z,1,ENSGALG00000027512,-0.8605197302634754,-0.5040029698051122
ENSGALG00010006368,MSH5,3,0,,-0.6966997866831339,
ENSGALG00010009644,SLC27A6,Z,1,ENSGALG00000000184,-0.05787866068715086,
ENSGALG00010005537,GRIN3A,Z,1,ENSGALG00000015551,-1.217588068747059,
ENSGALG00010008310,EXOSC5,38,0,ENSGALG00000031325;ENSGALG00000052202,-3.01998993458772,
ENSGALG00010009652,FAM96B,11,0,ENSGALG00000005132,-2.0013873591866904,-0.1330213388934168
ENSGALG00010005466,LATS2,1,0,ENSGALG00000053657,-1.0562867123644375,
ENSGALG00010008473,CSMD3,2,0,ENSGALG00000031578;ENSGALG00000049178,-0.2836908792696785,
ENSGALG00010009155,PAK4,38,0,ENSGALG00000031328,-3.0436342680959814,-1.9938138169114956
ENSGALG00010005998,YLPM1,5,0,ENSGALG00000051654;ENSGALG00000048996,-1.6122685037906535,
ENSGALG00010008168,MURC,2,0,ENSGALG00000026452,-1.3329094045533156,
ENSGALG00010009583,LYPD6B,7,0,ENSGALG00000028759,-0.8380809699176699,
ENSGALG00010007983,RCHY1,4,0,ENSGALG00000023335,-1.9119595217433818,-1.870845946074504
ENSGALG00010005425,ELAPOR2,1,0,ENSGALG00000030324,-1.114416156732959,-2.2870063284933657
ENSGALG00010008510,Atoh1,4,0,ALDBGALG0000004087,-2.422800591699647,
ENSGALG00010006486,FGFR1OP,3,0,ENSGALG00000011423,-0.8713138599427122,0.0159785969766663
ENSGALG00010009162,CARTPT,Z,1,ENSGALG00000038241,-2.371046386795239,
ENSGALG00010005297,IL22RA2,3,0,ENSGALG00000049755,-0.9043072145482145,
ENSGALG00010005568,PLEKHG1,3,0,ENSGALG00000012395,-1.5609250834725736,-1.1901366403030993
ENSGALG00010005245,KIAA1217,2,0,ENSGALG00000007766,-1.571957546035763,-1.830603226106415
ENSGALG00010008381,C18orf21,2,0,ENSGALG00000013131,-0.55275803116718,-0.7004425141198682
ENSGALG00010008312,ZBTB18,3,0,ENSGALG00000010705,-1.9267778242632785,-3.873216103439879
ENSGALG00010008382,,2,0,,-2.0423050258675968,
ENSGALG00010006465,PLAA,Z,1,ENSGALG00000001782,0.030907249508993706,0.3367966469640948
ENSGALG00010007259,ANKRD34B,Z,1,INRAGALG00000025019;INRAGALG00000025020;INRAGALG00000025021;ENSGALG00000044727;INRAGALG00000025022,-1.3689145543783703,
ENSGALG00010007423,HEATR5B,3,0,ENSGALG00000010571,-0.6267513101275367,-0.6306707026748573
ENSGALG00010007141,PRKD3,3,0,ENSGALG00000010612,-0.8354938797011183,-1.125841399695951
ENSGALG00010008121,MPZL1,1,0,ENSGALG00000015438,0.0433986887083172,0.1548737543700977
ENSGALG00010008182,CLIC5,3,0,ENSGALG00000016707,-1.2160589458771836,
ENSGALG00010008247,GASK1B,4,0,ENSGALG00000042411,-1.533717797818067,-1.815912792298942
ENSGALG00010009157,ABHD1,3,0,ENSGALG00000033143,-2.6963615400052676,
ENSGALG00010006280,VRTN,5,0,ENSGALG00000010232,-2.060406676622884,-2.255683796843491
ENSGALG00010006068,PACRG,3,0,ENSGALG00000011560,0.07145773869899918,-1.3337606574277463
ENSGALG00010006037,METTL21EP,1,0,,-0.5023282814163144,
ENSGALG00010008272,DCP2,Z,1,ENSGALG00000000215,-0.8156583756499517,-2.066974367009857
ENSGALG00010008708,ZC3H4,38,0,ENSGALG00000054320;ENSGALG00000049505,-1.7864548149400443,
ENSGALG00010007968,SLC22A31,11,0,ENSGALG00000054988,-2.8663176703191855,
ENSGALG00010009012,DEUP1,1,0,ENSGALG00000044263,-1.456584830435346,
ENSGALG00010006538,TEK,Z,1,ENSGALG00000001840,-0.49456844642364955,-0.80092782412455
ENSGALG00010008324,SCRIB,2,0,ENSGALG00000033626;ENSGALG00000051798,-2.418014243866471,
ENSGALG00010008945,FER1L6,2,0,ENSGALG00000033783,-0.5622300975116763,
ENSGALG00010008425,MAGI2,1,0,ENSGALG00000038834,-1.4237010544995492,
ENSGALG00010006649,GPR15,1,0,ENSGALG00000015133,-0.8350030222707968,
ENSGALG00010008238,WDYHV1,2,0,ENSGALG00000030059,-0.8028723735935878,-0.8192557223136019
ENSGALG00010009306,TBC1D9,4,0,ENSGALG00000009855,-0.8221547761210977,-3.1912132526912886
ENSGALG00010007271,CADM2,1,0,ENSGALG00000032177;ENSGALG00000043393;NONGGAG007574;NONGGAG007575;ENSGALG00000050578;ENSGALG00000029888;ENSGALG00000025177,-0.011708271493292788,
ENSGALG00010007933,CEP126,1,0,ENSGALG00000017190,-1.3262453153432505,
ENSGALG00010005772,SVEP1,Z,1,ENSGALG00000015721,-1.1390184431411496,-1.8951137408732488
ENSGALG00010009452,TBCE,3,0,ENSGALG00000013950,-0.8423024521769883,-0.1496730426920624
ENSGALG00010009237,DENND3,2,0,ENSGALG00000031380,-0.3858769380667045,-0.9271548873062898
ENSGALG00010009574,TAF1C,Z,1,ENSGALG00000025868,-2.927155315857998,-2.734027858609589
ENSGALG00010008217,ARHGEF37,13,0,ENSGALG00000039652,-2.6813340592593535,-3.331845453952794
ENSGALG00010005275,L3MBTL3,3,0,ENSGALG00000034030,-0.6723234107201517,-1.2190484177051926
ENSGALG00010008376,MMRN1,4,0,ENSGALG00000010391,-1.0488970912340347,-1.974709425665268
ENSGALG00010009376,CDO1,Z,1,ENSGALG00000002358,-2.1152992741643084,0.0897689971563776
ENSGALG00010009114,SETD7,4,0,ENSGALG00000037541;ENSGALG00000009800,-0.4519063307067939,
ENSGALG00010007374,CMIP,11,0,ENSGALG00000038494,-1.7972364718010987,-1.9731996895479824
ENSGALG00010008184,PQLC1,2,0,ENSGALG00000049812,-1.6724325753830458,
ENSGALG00010009052,SLC30A8,2,0,ENSGALG00000034377,-0.9021454603403046,
ENSGALG00010009515,MBD5,7,0,INRAGALG00000015818;INRAGALG00000015819;INRAGALG00000015820;INRAGALG00000015821;INRAGALG00000015822;INRAGALG00000015823;ENSGALG00000049781;INRAGALG00000104864;ENSGALG00000012449,-1.433378700006665,
ENSGALG00010005437,PDE7B,3,0,ENSGALG00000013941,-1.3118991275793388,-1.9080667164065432
ENSGALG00010009638,RND3,7,0,ENSGALG00000026313,-1.2709483235384789,-0.1258932877501086
ENSGALG00010005409,PRKCQ,1,0,ENSGALG00000034970,-0.5403994461701537,-1.829386912905187
ENSGALG00010006572,POU4F2,4,0,ENSGALG00000037094,-2.42083767256105,
ENSGALG00010007902,C7orf25,2,0,ENSGALG00000040161,-1.1140933202483119,-0.7942495009639129
ENSGALG00010008164,TG,2,0,ENSGALG00000039509;ENSGALG00000049122,-1.160895280439659,
ENSGALG00010007000,LRGUK,1,0,ENSGALG00000037842,-1.3149166500760232,
ENSGALG00010009253,SLC45A4,2,0,INRAGALG00000008413;ENSGALG00000034971;INRAGALG00000008416;INRAGALG00000008417,-0.6347158411223733,
ENSGALG00010009133,BOD1L1,4,0,ENSGALG00000026470,-1.0393183842762879,-1.465154096263476
ENSGALG00010006219,CLEC14A,5,0,INRAGALG00000014113,-2.5180777482123893,
ENSGALG00010007865,GABRR3,1,0,ENSGALG00000050064,-0.17375113190488467,
ENSGALG00010007393,PLCG2,11,0,ENSGALG00000033507,-0.5758141858540525,-0.6778956174994974
ENSGALG00010005259,SLC27A2,31,0,ENSGALG00000034772,-1.5365647324229637,-1.0079992359209284
ENSGALG00010005368,CCDC3,1,0,ENSGALG00000030140,-1.9087840222425658,-1.7686370840785637
ENSGALG00010005601,TMEM215,Z,1,ENSGALG00000015754,-2.025612596672359,
ENSGALG00010009346,STC2,13,0,ENSGALG00000002893,-2.1641356088766663,-2.8014597886754102
ENSGALG00010005412,MTFR2,3,0,ENSGALG00000013935;ENSGALG00000019967,-0.962061592476935,
ENSGALG00010005738,ELAVL2,Z,1,ENSGALG00000015799,-0.45265530482685234,
ENSGALG00010009323,RNF150,4,0,ENSGALG00000009865,-1.102899294612954,-1.7394378049140358
ENSGALG00010009254,SLC26A4,1,0,ENSGALG00000007998,0.5522713013155248,
ENSGALG00010005266,SLC19A2,1,0,ENSGALG00000015218,-1.0125099897713645,-0.9346143621849108
ENSGALG00010009079,KCTD15,11,0,ENSGALG00000004907,-1.2630467300133756,-2.063902064515305
ENSGALG00010009065,EIF2B4,3,0,ENSGALG00000033575,-2.421139517825265,-1.7253052787298755
ENSGALG00010008171,KIF21A,1,0,ENSGALG00000007098,-0.418247266501759,-0.873861119720592
ENSGALG00010006022,SPATA5,4,0,ENSGALG00000011833,-0.9125727302491842,-2.4495437656001906
ENSGALG00010009650,KLHL29,3,0,ENSGALG00000016495,-1.5067894661921373,-1.5503895982377414
ENSGALG00010005969,HECA,3,0,ENSGALG00000042332;ENSGALG00000013824,-1.2901521987484832,
ENSGALG00010009570,SHARPIN,2,0,ENSGALG00000048524,-2.254458513389067,
ENSGALG00010009213,DUS4L,1,0,ENSGALG00000023661,-0.051220103733396694,0.075791450089864
ENSGALG00010006013,TRMT10C,1,0,ENSGALG00000015328,-0.36071464686410776,0.3818988254417472
ENSGALG00010007855,RNF182,2,0,ENSGALG00000012700,-1.3962042172649392,
ENSGALG00010007979,RAB30,1,0,ENSGALG00000017248,-1.5712634724171894,-1.29643008855995
ENSGALG00010005567,NDST3,4,0,ENSGALG00000017858;ENSGALG00000012010,-0.4757294895961543,
ENSGALG00010005267,CYP51A1,2,0,ENSGALG00000009365;ENSGALG00000048461,-0.8074470723189425,
ENSGALG00010007614,BIRC6,3,0,ENSGALG00000010541,-0.885389547581042,-1.1780567808655669
ENSGALG00010008296,,4,0,ENSGALG00000009650,-1.3839242637018834,-0.2505946212856552
ENSGALG00010005573,CHST9,2,0,ENSGALG00000019489,-0.6451829364197103,-0.4243646254417014
ENSGALG00010007326,RWDD4,4,0,ENSGALG00000010658,-1.3792167469136867,-1.3102258204717718
ENSGALG00010008181,DISC1,3,0,ENSGALG00000039349,-1.551509671476198,-3.180821469769356
ENSGALG00010007324,GAN,11,0,ENSGALG00000013437;ALDBGALG0000001276,-0.8125726809133518,
ENSGALG00010007414,ROBO2,1,0,ENSGALG00000015519;ENSGALG00000027990,-1.1516989369988653,
ENSGALG00010007901,FSTL5,4,0,ENSGALG00000041736,-0.22842269369173074,
ENSGALG00010009472,ADO,6,0,INRAGALG00000014723;ENSGALG00000038593,-2.340933396437894,
ENSGALG00010008969,PPP1R37,38,0,ENSGALG00000054005,-2.466748574893636,
ENSGALG00010008683,SLC4A9,13,0,ENSGALG00000044387;ENSGALG00000025597,-1.9435767415076186,
ENSGALG00010008354,TMEM71,2,0,ENSGALG00000044996,-0.9247587825847705,-0.9854433652996728
ENSGALG00010008066,PCNX2,3,0,ENSGALG00000011013;ENSGALG00000017923;INRAGALG00000010597,-1.0972651918005243,
ENSGALG00010005324,CPAP,1,0,ENSGALG00000017148,-0.7511470412866624,-0.4728952076109611
ENSGALG00010005881,CORO2A,Z,1,ENSGALG00000001933,-1.152836017965074,-0.715823652182541
ENSGALG00010005536,TAF4B,2,0,ENSGALG00000015122,-0.7338466263346384,
ENSGALG00010008456,NHLRC1,2,0,ENSGALG00000012688,-2.187454882583002,-2.20843925124497
ENSGALG00010005935,ATP8A2,1,0,ENSGALG00000017106,-0.2915709233066315,
ENSGALG00010005981,AREL1,5,0,ENSGALG00000010270,-1.160400484310013,-2.174140306228923
ENSGALG00010008431,SH3RF1,4,0,ENSGALG00000009692,-0.8062388785996019,-2.2518558227645142
ENSGALG00010006135,ZC2HC1C,5,0,ENSGALG00000010309,-1.9575891519539463,-1.8849557235989696
ENSGALG00010008437,SHKBP1,38,0,ENSGALG00000009678,-2.9670587547580234,-2.477625142693026
ENSGALG00010006833,LTV1,3,0,ENSGALG00000013765,-1.1409135471922986,-0.268618343775804
ENSGALG00010008320,GPRIN3,4,0,ENSGALG00000025851;ALDBGALG0000004367,-2.315241257645805,
ENSGALG00010008442,WDR64,3,0,ALDBGALG0000003768;ENSGALG00000010760,-0.47520434077857815,
ENSGALG00010008464,SF3B6,3,0,ENSGALG00000016501,0.6928291447661711,0.7972487173669643
ENSGALG00010005895,MLLT10,2,0,ENSGALG00000007928;INRAGALG00000006459,-1.6625583764496055,
ENSGALG00010009391,RSBN1L,1,0,ENSGALG00000008328,-1.1093733392273188,-1.7121104554133009
ENSGALG00010008438,SYBU,2,0,ENSGALG00000036527,-1.5453972250878758,-1.0008248275329883
ENSGALG00010006847,SEL1L,5,0,ENSGALG00000010581,0.13347985860107692,0.5545426875044762
ENSGALG00010007882,CPE,4,0,ENSGALG00000027788,-1.139247151563345,-0.8823609540219681
ENSGALG00010006073,CEP97,1,0,ENSGALG00000052183;ENSGALG00000015342;INRAGALG00000021381,-1.3178156242682868,
ENSGALG00010007597,SMKR1,1,0,,-1.4134363923543711,
ENSGALG00010008248,TPK1,2,0,ENSGALG00000040298,-0.8118697346669353,-0.2242814792301635
ENSGALG00010008036,SPOCK3,4,0,ENSGALG00000009568;NONGGAG003962;ALDBGALG0000004337;ENSGALG00000047153;ENSGALG00000049284;101748522;ENSGALG00000049163;ENSGALG00000032323;107053230,-0.5822463715483668,
ENSGALG00010005345,NOX3,3,0,ENSGALG00000013659,-0.3128790200540219,
ENSGALG00010008131,OC90,2,0,ENSGALG00000030128,-1.5281106663568207,
ENSGALG00010008846,SLC35D2,Z,1,,0.43620303506884917,
ENSGALG00010007433,RNF144B,2,0,ENSGALG00000012683,-0.726418282446672,-0.7345868460924626
ENSGALG00010009268,PWWP2A,13,0,,-1.7557835087843205,
ENSGALG00010005460,TGDS,1,0,ENSGALG00000016898,-0.33797529156657014,0.2325058258250933
ENSGALG00010006063,KDELC1,1,0,ENSGALG00000016862,-0.40462001003468945,-1.4120066748704971
ENSGALG00010006966,PGBD5,3,0,ENSGALG00000011111,-1.4852519256064534,
ENSGALG00010007651,CTNNAL1,2,0,ENSGALG00000013207,-0.5114893605237003,-0.9232604196769756
ENSGALG00010008319,ERP44,2,0,ENSGALG00000013452,-0.5535949078162874,0.7039887281620384
ENSGALG00010006011,GIMD1,4,0,ENSGALG00000051117,-1.5321101448783727,
ENSGALG00010006992,SLC35B4,1,0,ENSGALG00000038187,-0.5247654609973769,-1.7673431627425873
ENSGALG00010008170,PICALM,1,0,ENSGALG00000039037,-0.20254463867424244,0.2254758297095584
ENSGALG00010005760,GPR18,1,0,ENSGALG00000022750,0.47086506044407195,-0.7856194705707554
ENSGALG00010008674,RXFP1,4,0,ENSGALG00000009429,-0.1421381550457378,-1.6337464631130456
ENSGALG00010009117,ERGIC1,13,0,ENSGALG00000002863;ALDBGALG0000001504,-0.5343812871028616,
ENSGALG00010009569,ZC3H18,11,0,ENSGALG00000006118;ENSGALG00000025151,-2.4924953716725993,
ENSGALG00010008045,DCDC2,2,0,ENSGALG00000042454,-0.9704553263018523,-0.2500696565376359
ENSGALG00010005464,SLC39A8,4,0,INRAGALG00000012940;ENSGALG00000039265;ENSGALG00000038756;ENSGALG00000051359;INRAGALG00000012942;ENSGALG00000012298,-0.5572837721952812,
ENSGALG00010005236,TMTC4,1,0,ENSGALG00000016870,-0.024797910288854252,-0.7946609841803186
ENSGALG00010007183,VOPP1,2,0,ENSGALG00000042773,-0.5777735181496071,-1.6639684351739077
ENSGALG00010007021,SULT6B1,3,0,ENSGALG00000046375,-0.1390637223603579,-1.0984101534337714
ENSGALG00010008015,ARHGAP39,2,0,ENSGALG00000039346,-2.3377124460458862,
ENSGALG00010007467,CHODL,1,0,ENSGALG00000015720,-0.567850225213936,
ENSGALG00010007319,ATP9B,2,0,ENSGALG00000031323,-0.17256870334205432,-0.9050422746185356
ENSGALG00010006330,STX19,1,0,ENSGALG00000015413,-0.4018129771058326,
ENSGALG00010006016,MTMR6,1,0,ENSGALG00000017112;ENSGALG00000053206,-0.8429965069497012,
ENSGALG00010009347,TESK1,Z,1,ENSGALG00000027658,-2.892210785367771,-5.23740692155954
ENSGALG00010008839,ZNF512,3,0,ENSGALG00000016506,-1.0731334744352523,-0.7443101161047209
ENSGALG00010005309,ASXL3,2,0,ENSGALG00000015196,-1.404174431265433,
ENSGALG00010007513,GALNT12,2,0,ENSGALG00000013197,-1.1525941461103988,-1.2885974358548422
ENSGALG00010007940,GLIPR2,2,0,ENSGALG00000028821,-0.20085329631127602,0.3820151844787386
ENSGALG00010005539,IFT88,1,0,ENSGALG00000017134,0.06766426791424207,
ENSGALG00010006049,AIMP1,4,0,ENSGALG00000010553,0.18573188713346955,0.0243597815414114
ENSGALG00010008102,CCDC89,1,0,ENSGALG00000037520,-2.240261233861297,
ENSGALG00010009173,LYAR,4,0,ENSGALG00000015000,-0.4506343872061352,-0.2813109811240787
ENSGALG00010005285,MPP7,2,0,ENSGALG00000007408,-0.6563984096002725,-0.573204354309647
ENSGALG00010008001,ALDH5A1,2,0,ENSGALG00000032544,-0.1625453233973747,-0.0310705153672562
ENSGALG00010006107,PGF,5,0,ENSGALG00000047771,-2.182064254602544,
ENSGALG00010009181,ARID3C,Z,1,ENSGALG00000005839,-2.0786364415859997,-3.299555119826957
ENSGALG00010009465,GGPS1,3,0,ENSGALG00000042853,-0.06622837859388198,1.2800863338937636
ENSGALG00010007995,KIAA0319,2,0,ENSGALG00000041273,-0.9092864090305239,-0.2885769861145732
ENSGALG00010008073,ZNF276,11,0,ENSGALG00000000513,-1.9724884965393477,-2.211899274060491
ENSGALG00010009315,SLC26A3,1,0,ENSGALG00000007959,-0.7618306302848604,
ENSGALG00010009440,DOK3,13,0,ENSGALG00000026914,-2.868410708361685,
ENSGALG00010005562,HECTD1,5,0,ENSGALG00000009946,-0.7948534695557711,-0.538343794111233
ENSGALG00010008259,MCC,Z,1,ENSGALG00000000208,-1.8403100361431042,-1.5000563855058062
ENSGALG00010008069,DLG2,1,0,ENSGALG00000045305;ENSGALG00000041225;ENSGALG00000047652;ENSGALG00000042992;ENSGALG00000025381;ENSGALG00000051620;ENSGALG00000047140;ENSGALG00000049171,-0.649922769606122,
ENSGALG00010005357,TNIP3,4,0,ENSGALG00000011961,-1.8397394645971477,
ENSGALG00010007169,QPCT,3,0,ENSGALG00000032440,-1.7934448077767957,-0.9774474399799636
ENSGALG00010005229,CIPC,5,0,ENSGALG00000010390,-1.501345817856866,-1.3951561252823703
ENSGALG00010008078,GUCY1B3,4,0,ENSGALG00000009361,-0.575834716201832,-0.1466927228064718
ENSGALG00010007439,HSD17B2,11,0,ENSGALG00000005467,-1.2887102212499468,
ENSGALG00010005618,PHACTR2,3,0,ENSGALG00000013768,-1.7461331141618186,-2.8850461545752912
ENSGALG00010006958,KIF26B,3,0,ENSGALG00000010664,-2.0034048207864896,
ENSGALG00010006366,CCNA1,1,0,ENSGALG00000017052,-0.5667111575394264,
ENSGALG00010009365,CA5A,11,0,ENSGALG00000005855,-1.5682851475548985,
ENSGALG00010005698,ADGRG7,1,0,ENSGALG00000015294,-0.3386727753460491,-1.8542549454490604
ENSGALG00010006103,NXPE3,1,0,ENSGALG00000015344,-0.556114726226127,-2.73305901717016
ENSGALG00010008451,cOpn3m,3,0,ENSGALG00000010762;NONGGAG003539,-0.46577502003639687,
ENSGALG00010008388,ADCY1,2,0,ENSGALG00000031170;INRAGALG00000102102;ENSGALG00000044565,-0.34922180934096947,
ENSGALG00010008088,SLC35A4,13,0,,-2.0680530106832093,
ENSGALG00010008233,FAM49B,2,0,ENSGALG00000036490,-1.0476632143788993,0.2254195271519304
ENSGALG00010009446,,Z,1,ENSGALG00000051598,-1.3595866809487505,
ENSGALG00010008386,SESN3,1,0,ENSGALG00000017204;ALDBGALG0000000508,-0.2823000672469026,
ENSGALG00010006588,ACOT12,Z,1,ENSGALG00000015616,-0.5056553162737483,
ENSGALG00010009499,MXD3,13,0,ENSGALG00000046263,-4.1456097339003355,-4.184593109656932
ENSGALG00010009120,ATG12,Z,1,ENSGALG00000002345,-1.5684497735436964,-1.4045869961044224
ENSGALG00010005826,LRP2BP,4,0,ENSGALG00000045063,0.3538417225002365,-0.1333595408522809
ENSGALG00010008988,PPM1G,3,0,ENSGALG00000016513,-1.5712613577237144,-0.7189858776625935
ENSGALG00010008745,GRAMD4,1,0,INRAGALG00000100061;INRAGALG00000100062;ENSGALG00000034274,-0.21182603499736963,
ENSGALG00010009111,LRFN1,38,0,ENSGALG00000048331,-2.635993849270289,
ENSGALG00010005431,GRM3,1,0,ENSGALG00000006576,-0.7159878653441211,
ENSGALG00010011085,UGT1A1,7,0,ENSGALG00000004196;ENSGALG00000030235;INRAGALG00000015386;ENSGALG00000036951;INRAGALG00000015387;INRAGALG00000015388;ENSGALG00000043856;ENSGALG00000044780,-0.3734874588836913,
ENSGALG00010012868,CTHRC1,2,0,ENSGALG00000033351,-1.982055580374063,
ENSGALG00010009972,PTK2B,3,0,ENSGALG00000016564,-2.6022679010046805,-3.2438877011766096
ENSGALG00010012783,RGS13,8,0,ENSGALG00000053210,-0.29485192870206545,
ENSGALG00010016455,RBM27,13,0,ENSGALG00000007516;ENSGALG00000031550,-1.0715088595538513,
ENSGALG00010012300,NINJ2,1,0,ENSGALG00000012989,-0.8919850265237029,
ENSGALG00010010147,GLIS3,Z,1,ENSGALG00000010180;ENSGALG00000049334,-1.4693680957286315,
ENSGALG00010010009,ELF2,4,0,ENSGALG00000009774,-0.7070003221439609,-1.138058790556108
ENSGALG00010017710,RAB41,4,0,ENSGALG00000026278,-1.4600535701324238,-1.4282762055248948
ENSGALG00010015647,PDZD2,Z,1,ENSGALG00000044830;ENSGALG00000002854,-1.7782414103617106,
ENSGALG00010010323,FBP2,Z,1,ENSGALG00000012612,-0.22685233055852239,0.31168830308955
ENSGALG00010010646,MCM3AP,7,0,ENSGALG00000004363,-1.2278501961706758,-1.4919971038002908
ENSGALG00010014754,DIMT1,Z,1,ENSGALG00000020569,-0.4910942649975663,0.4781694475269931
ENSGALG00010009724,ISOC1,Z,1,ENSGALG00000000161,-0.8269138502611435,-0.0786626496853006
ENSGALG00010012072,CAPRIN2,1,0,ENSGALG00000012947,-1.1687669599697579,0.6361839473234826
ENSGALG00010010724,ADCY3,3,0,ENSGALG00000016608,-1.9744369092016951,-4.34192269986388
ENSGALG00010015635,BTBD11,1,0,INRAGALG00000000946;ENSGALG00000039595,-1.32845748977741,
ENSGALG00010017371,TMEM114,14,0,ENSGALG00000039005,-0.8340799967693123,
ENSGALG00010013346,HMGCS2,8,0,ENSGALG00000002960,-2.2234691472095482,-0.7101398746144341
ENSGALG00010017729,MIEF2,14,0,ENSGALG00000005005,-2.4209581320328466,-1.4853188582016013
ENSGALG00010016375,CCNI2,13,0,ENSGALG00000023812,-0.8616559781073291,-1.7231667947605422
ENSGALG00010014897,COL8A2,23,0,ENSGALG00000002298,-1.412702284192239,
ENSGALG00010015157,CDC42BPB,5,0,ENSGALG00000011432,-0.9166520864452603,-1.909447783890375
ENSGALG00010017733,ERMAP,21,0,ENSGALG00000028437,-2.6852061276262096,-4.1398617363118415
ENSGALG00010011588,COLGALT2,8,0,ENSGALG00000038320,-1.3924790781881802,-1.0414778912898084
ENSGALG00010013457,SH3BGR,1,0,ENSGALG00000016127,-1.344395330228166,
ENSGALG00010015939,SUN2,1,0,ENSGALG00000028230,-2.8851240013366537,-2.166430849711853
ENSGALG00010011770,CHST11,1,0,,-1.2274269111725924,
ENSGALG00010012086,FAM92A,2,0,ENSGALG00000041493;ENSGALG00000046258,-0.8986315347015769,
ENSGALG00010010308,PACRGL,4,0,ENSGALG00000035551;ENSGALG00000014406,-0.746308702167826,
ENSGALG00010013352,ASXL1,20,0,ENSGALG00000006612,-1.7463608398826502,-2.2413963457684423
ENSGALG00010014045,GOLT1B,1,0,ENSGALG00000033855,-0.24064765938710087,0.8160246809657469
ENSGALG00010013935,NRSN2,20,0,ENSGALG00000036091,-2.764948020306382,
ENSGALG00010011947,THAP1,Z,1,,-1.3657650788170328,
ENSGALG00010013494,ASB1,7,0,ENSGALG00000004272,-2.5873375341056977,-3.928714115666833
ENSGALG00010015916,APOPT1,5,0,ENSGALG00000044519,-1.5128914056061822,-1.7026299585248466
ENSGALG00010013293,TUBGCP3,1,0,ENSGALG00000016836,-0.7826967328645602,-0.5949600498928254
ENSGALG00010017132,TMEM108,2,0,,-1.7114314037363227,
ENSGALG00010014602,FRK,3,0,ENSGALG00000014979,-0.0749705803626215,0.1010328839793072
ENSGALG00010012154,CWC27,Z,1,ENSGALG00000014747,-0.9214459045930703,-0.1571768579315386
ENSGALG00010012080,SLC34A1,13,0,ENSGALG00000003075,-2.6038484582707278,
ENSGALG00010015943,NME8,2,0,ENSGALG00000029677,-0.24363569256421724,
ENSGALG00010017544,SDE2,3,0,ENSGALG00000009253,-1.8942508892513699,-0.5018429516677512
ENSGALG00010013805,HSPA4,13,0,ENSGALG00000040882,-0.14250685579580769,0.0844321682044762
ENSGALG00010017080,PALB2,14,0,ENSGALG00000006078,-1.815661013541236,-1.68639485288996
ENSGALG00010015919,MOBP,2,0,ENSGALG00000041372;ENSGALG00000030855;NONGGAG002279,-1.6140540457829577,
ENSGALG00010011342,RASAL2,8,0,ENSGALG00000004323,-2.1818643384547207,-2.1533275521316897
ENSGALG00010010356,STAB2,1,0,ENSGALG00000039245,-0.94777300262404,
ENSGALG00010011364,OTP,Z,1,ENSGALG00000026744,-2.66535709542105,
ENSGALG00010016247,KIF26A,5,0,ENSGALG00000011581,-1.5206294268478853,-2.520182451322801
ENSGALG00010017679,RASL12,10,0,ENSGALG00000007349,-1.893809060368334,-1.8927041096951636
ENSGALG00010013427,KIAA2022,4,0,ALDBGALG0000004297;ENSGALG00000007755;ENSGALG00000025264,-2.0263366845873403,
ENSGALG00010016059,EPDR1,2,0,ENSGALG00000042063,-0.7355467237254881,
ENSGALG00010011633,TADA2B,4,0,ENSGALG00000015547,-1.34512751070862,-0.8645988327758204
ENSGALG00010014691,PABIR2,4,0,ENSGALG00000006108;ENSGALG00000025678,-2.3020790803289914,
ENSGALG00010010912,BAALC,2,0,ENSGALG00000051919,-2.8106821866588905,
ENSGALG00010011154,SLC26A7,2,0,ENSGALG00000033638,-0.11726301715802778,
ENSGALG00010010453,DRC1,3,0,ENSGALG00000016591,-2.2909310765157973,
ENSGALG00010017425,H6PD,21,0,ENSGALG00000002492,-1.8707908022077082,-0.5073017351527528
ENSGALG00010012744,ARL4C,7,0,ENSGALG00000052743,-2.351073396480705,
ENSGALG00010016986,GFER,14,0,ENSGALG00000005579,-2.1178093062530503,-1.9821543387691585
ENSGALG00010013380,PHGDH,8,0,ENSGALG00000002988,-2.4626152140042143,-1.8766545888173696
ENSGALG00010012439,PAPD4,Z,1,ENSGALG00000014810,-1.040860893686948,-0.6117115396464667
ENSGALG00010010884,DNAH7,7,0,ENSGALG00000007841;ENSGALG00000050268;ENSGALG00000048405,-0.11722204696236138,
ENSGALG00010010517,STMN4,3,0,ENSGALG00000030929,-2.5022148515961047,
ENSGALG00010013556,RASL11B,4,0,ENSGALG00000013948,-1.8917883229649153,-1.6296287451389238
ENSGALG00010012672,RO60,8,0,ALDBGALG0000005458;ENSGALG00000002504,0.05301387165935434,
ENSGALG00010015299,GALE,23,0,ENSGALG00000004047,-1.1950245871948482,
ENSGALG00010010781,NAPA,38,0,ENSGALG00000034747,-2.040955316353662,-0.5240991912755121
ENSGALG00010016913,BRCC3,4,0,ENSGALG00000005383,-2.0657190783047823,-0.5635958604884375
ENSGALG00010013444,OSBPL8,1,0,ENSGALG00000010246;NONGGAG000157;INRAGALG00000000612;INRAGALG00000000613;INRAGALG00000000614,-0.635335749229446,
ENSGALG00010009379,RYR1,38,0,ENSGALG00000049533;ENSGALG00000053055,-2.451553506277093,
ENSGALG00010015068,ESM1,Z,1,ENSGALG00000027707,-0.7982516092135398,
ENSGALG00010016816,MAP3K6,23,0,ENSGALG00000030706,-3.057858529586354,
ENSGALG00010015959,TRNAU1AP,23,0,ENSGALG00000025389;ENSGALG00000017843;ENSGALG00000025602;ENSGALG00000017845;ENSGALG00000001310,0.002753512926098267,
ENSGALG00010017452,ARMH4,5,0,ENSGALG00000012089;ENSGALG00000051550,-1.7183365775591493,
ENSGALG00010014346,AFG1L,3,0,ENSGALG00000015303;ENSGALG00000027236,-0.7291296086254314,
ENSGALG00010013690,CREB3L2,1,0,ENSGALG00000012877;ALDBGALG0000000155,-1.7826009530936617,
ENSGALG00010013398,CHAMP1,1,0,ENSGALG00000016813,-1.5737189187781866,-3.2587041652550868
ENSGALG00010015633,CCM2L,20,0,ENSGALG00000006479,-2.9578566873343997,-2.164767934914112
ENSGALG00010013206,AFF2,4,0,ENSGALG00000009168,-1.9681437781391007,-3.501550577686595
ENSGALG00010016209,ADAMTS7,10,0,ENSGALG00000008164,-2.2640479433461933,-2.571795275245217
ENSGALG00010013004,UAP1,8,0,ENSGALG00000002725,-2.3085967208691307,-1.7670626686735116
ENSGALG00010011480,UHRF1BP1L,1,0,ENSGALG00000011557,-0.692511860643974,-1.6272046410385617
ENSGALG00010015208,GNA14,Z,1,ENSGALG00000015176;ENSGALG00000047424,-0.4025643077408989,
ENSGALG00010014159,CDC42EP1,1,0,ENSGALG00000038556,-2.9830277091985544,-2.4021132424044174
ENSGALG00010016828,LACTBL1,21,0,ENSGALG00000026658,-0.8980868390861566,
ENSGALG00010013299,PLAGL2,20,0,ENSGALG00000006586,-1.7671964045252597,-3.640420541456629
ENSGALG00010012653,CBX7,1,0,ENSGALG00000041236;ALDBGALG0000000137,-1.6491027164050058,
ENSGALG00010017636,ZBTB8OS,23,0,ENSGALG00000003517,-0.5856402846757633,-0.0597996830696205
ENSGALG00010011126,ATXN1,2,0,ENSGALG00000012709;ENSGALG00000026196;ENSGALG00000025376;NONGGAG008763;INRAGALG00000007107,-2.482228278777714,
ENSGALG00010015769,TMEM50A,23,0,ENSGALG00000043733,-0.4591087930542611,0.0725378460108892
ENSGALG00010016680,BPIL3,20,0,ENSGALG00000020982,-1.13033310921474,
ENSGALG00010014734,ZUFSP,3,0,ENSGALG00000014940,-1.1095968684746287,-0.2852012523642885
ENSGALG00010013696,CETN3,Z,1,ENSGALG00000014648,-0.5128326045643457,0.796625784462223
ENSGALG00010014648,C1QTNF6,1,0,ENSGALG00000047483,-1.2256140016428199,
ENSGALG00010017662,GOLGA4,2,0,ENSGALG00000041114;INRAGALG00000006895;INRAGALG00000006896;INRAGALG00000006897;INRAGALG00000006898,-1.549879810455018,
ENSGALG00010016973,PLSCR1,9,0,ENSGALG00000006805;ALDBGALG0000005673,-0.7599911274391175,
ENSGALG00010013921,PPP2R2B,13,0,ALDBGALG0000001610;ENSGALG00000007565,-1.9743132467519189,
ENSGALG00010016588,ATP11B,9,0,ENSGALG00000008839;ENSGALG00000052787,-0.13664316959060885,
ENSGALG00010014111,GORAB,8,0,ENSGALG00000003329,-2.050587810759593,-1.6824315428636254
ENSGALG00010016943,PCNX4,5,0,ENSGALG00000011922,-0.2546462214762645,-1.2352909257817717
ENSGALG00010012954,RIMS2,2,0,ENSGALG00000040256,-1.3643285409040677,-0.994735457864981
ENSGALG00010017540,EIF4G1,9,0,ENSGALG00000008520;ENSGALG00000032338;ENSGALG00000040801,-2.1773286762398105,
ENSGALG00010015677,GRHL3,23,0,INRAGALG00000009222;INRAGALG00000009223;ENSGALG00000004249,-1.2847210305387846,
ENSGALG00010014476,C5orf34,Z,1,ENSGALG00000014865;ENSGALG00000014867,-0.6503329528166468,
ENSGALG00010016623,DNAJA3,14,0,ENSGALG00000007821,-0.4841566818290744,-0.4280442297036897
ENSGALG00010010263,RAB4A,3,0,ENSGALG00000036218,-0.2702378406264556,-0.2256317012270319
ENSGALG00010016025,PCIF1,20,0,ENSGALG00000023547;INRAGALG00000008713,-1.815254002107313,
ENSGALG00010015167,RAB3C,Z,1,ENSGALG00000014726;INRAGALG00000105786,-0.42509045691583636,
ENSGALG00010013859,MYOC,8,0,ENSGALG00000021074,-2.9123198730948623,
ENSGALG00010013506,RNF149,1,0,INRAGALG00000002380;ENSGALG00000025284;ENSGALG00000016779,-0.9208597659751745,
ENSGALG00010010985,CERT1,Z,1,ENSGALG00000014952,-0.40948237822320144,-0.2070760026960381
ENSGALG00010010107,MGST2,4,0,ENSGALG00000009803,-0.1596864350852082,-0.3097493089676261
ENSGALG00010010127,FAM13C,6,0,ENSGALG00000031305,-1.527469905781952,
ENSGALG00010015801,VSTM2L,20,0,ENSGALG00000006792,-2.473983656269219,-1.5573434776431228
ENSGALG00010015809,PCOLCE2,9,0,ENSGALG00000002623,-0.38778406729074244,0.7145854144240367
ENSGALG00010015006,HSPB3,Z,1,ENSGALG00000047764,-0.9881332144359538,
ENSGALG00010014943,APLN,4,0,ENSGALG00000054286,-2.21529732432264,
ENSGALG00010011894,VWC2L,7,0,ENSGALG00000003472,-1.462488620535229,
ENSGALG00010011145,PRSS55,3,0,ENSGALG00000016642,-0.8225612960773865,
ENSGALG00010013664,REV3L,3,0,ENSGALG00000015033,-0.8884358899168264,-2.07565748675066
ENSGALG00010017514,TXLNA,23,0,ENSGALG00000048775,-2.6366873724260227,
ENSGALG00010011902,TP53I3,3,0,,-0.5644575270599594,
ENSGALG00010011021,PPP1R3G,2,0,,-2.9470229595548068,
ENSGALG00010013572,DENND11,1,0,ALDBGALG0000000691;ENSGALG00000012874;107053475,-0.9146801584514663,
ENSGALG00010015320,TRPM6,Z,1,,-0.8357820831771783,
ENSGALG00010010813,EHD2,38,0,ENSGALG00000031325;ENSGALG00000036498,-2.570434744077714,
ENSGALG00010010998,SOAT1,8,0,ENSGALG00000004205,-0.3548388177770085,0.1164237030454764
ENSGALG00010014728,INTS13,1,0,ENSGALG00000014083,-0.6655810917276904,-3.2133457100969607
ENSGALG00010012372,LEMD3,1,0,ENSGALG00000009873,-1.1603062979535872,-1.2235764775557332
ENSGALG00010010472,MMRN2,6,0,ENSGALG00000002012;ENSGALG00000029540,-1.2851954217039256,
ENSGALG00010014156,CD164,3,0,ENSGALG00000053917,-0.03899761029887927,
ENSGALG00010011963,ZCCHC2,2,0,INRAGALG00000007302;ENSGALG00000012889,-1.6533709030067008,
ENSGALG00010017409,GPC3,4,0,ENSGALG00000006087,-1.759693146136169,-2.247891469938037
ENSGALG00010017786,KAZALD1,6,0,ENSGALG00000007837,-2.9601666481865796,
ENSGALG00010017521,MIIP,21,0,ENSGALG00000044581,-1.803472128647029,-0.003198558973967
ENSGALG00010014240,PIGV,23,0,ENSGALG00000039883,-1.9152461237462841,-3.0361556843380337
ENSGALG00010011952,UBE2D2,13,0,ENSGALG00000038128,-1.1557343516922156,-0.1935338212410295
ENSGALG00010013842,CDK19,3,0,ENSGALG00000015051,-0.9473064706504438,-1.140778958369706
ENSGALG00010013491,CNOT11,1,0,ENSGALG00000039563,-1.7991332991608882,-3.0174296463676717
ENSGALG00010012982,DDR2,8,0,ENSGALG00000039322;ENSGALG00000025241,-2.2582862318800294,
ENSGALG00010017551,NALF2,4,0,ENSGALG00000041437;INRAGALG00000103791,-2.8702558840413177,
ENSGALG00010012891,CAPS2,1,0,ENSGALG00000010208,-0.22452495867839095,-0.711212774066168
ENSGALG00010012755,CLVS2,3,0,INRAGALG00000011071;ENSGALG00000014853,-1.1275944735305465,
ENSGALG00010015033,BMP7,20,0,ENSGALG00000007668,-2.1510919084999145,-3.164879772006563
ENSGALG00010010734,AMN1,1,0,ENSGALG00000012938,-0.48634367149521546,0.3607511713067078
ENSGALG00010014515,ETNK1,1,0,ENSGALG00000013205,-0.7286104186829239,0.4737959184031255
ENSGALG00010016751,DFFA,21,0,ENSGALG00000002820,-2.4673058658562614,-1.8413864965247624
ENSGALG00010013257,STX12,23,0,ENSGALG00000000723,-1.1136868294206006,0.3417539280163252
ENSGALG00010010941,RIPK4,1,0,ENSGALG00000040189,-1.3408162905706533,-0.1718324930538779
ENSGALG00010013532,WDR19,4,0,ENSGALG00000049347;ENSGALG00000014064,-0.14551056738243417,
ENSGALG00010010706,SREBF2,1,0,INRAGALG00000023322;ENSGALG00000041687;ENSGALG00000018239,-2.341257673261688,
ENSGALG00010014328,RASSF8,1,0,ENSGALG00000054273,-2.68264737016131,
ENSGALG00010013661,GABRA4,4,0,ENSGALG00000014202;ENSGALG00000041624,0.037642788296094354,
ENSGALG00010014135,ZBTB24,3,0,ENSGALG00000015231,-1.1633507480989533,-1.57509221170995
ENSGALG00010013582,MAP4K4,1,0,ENSGALG00000016781;ENSGALG00000025365;ENSGALG00000037742;ENSGALG00000026432;ALDBGALG0000000384,-1.768852290796303,
ENSGALG00010017621,SYNE2,5,0,ENSGALG00000011811,-1.3054320399495958,-1.8095401309296009
ENSGALG00010014767,LRRC15,9,0,ENSGALG00000046461,-3.437457228210852,-2.207491376727213
ENSGALG00010017482,CORO2B,10,0,ENSGALG00000008043,-2.004413582446596,-1.34276296715873
ENSGALG00010017604,GATM,10,0,,-0.011129578884544356,
ENSGALG00010015823,SLC28A3,Z,1,ENSGALG00000012593,0.02406239154941925,0.5298320947507653
ENSGALG00010016263,F12,4,0,ENSGALG00000015623,-0.4869247429139991,0.6082187976266165
ENSGALG00010016901,MECOM,9,0,ENSGALG00000040451;NONGGAG005455;INRAGALG00000016864;ENSGALG00000032577,-1.4818422945299208,
ENSGALG00010010596,SHLD2,6,0,ENSGALG00000025435;ENSGALG00000028439,-0.6852304942912757,
ENSGALG00010016613,SNIP1,23,0,ENSGALG00000002010,-1.9276981314274657,-1.4067728615459636
ENSGALG00010012308,TRABD2A,Z,1,ENSGALG00000026395,-1.9894790868208356,
ENSGALG00010016927,MGAT4B,13,0,ENSGALG00000047847;ENSGALG00000005924,-2.0590801014173685,
ENSGALG00010010017,CCDC59,1,0,ENSGALG00000028648,-0.4554148071135504,0.3175836260430343
ENSGALG00010012969,SLC12A2,Z,1,ENSGALG00000014690,0.05468480483206917,-0.634828793082901
ENSGALG00010017613,HAUS3,4,0,ENSGALG00000054256,-1.2515703685317314,
ENSGALG00010009732,HMMR,13,0,ENSGALG00000042009,-0.9830510864172143,
ENSGALG00010013305,THOC2,4,0,ENSGALG00000008507,-0.47865021495738985,-1.4626090793700026
ENSGALG00010010974,NCAPG,4,0,ENSGALG00000014425,-0.6538945055820873,-0.6948400385362158
ENSGALG00010016893,TBC1D9B,13,0,ENSGALG00000005856,-1.2944818859563278,-1.6348597405790226
ENSGALG00010013205,KCNJ6,1,0,ENSGALG00000016054,-0.7197607501479085,
ENSGALG00010010346,TFB2M,3,0,ENSGALG00000010651,-1.0307887590471023,0.4192901847066593
ENSGALG00010015929,SLC6A12,1,0,ENSGALG00000019290,-0.7796326525260738,-0.8706534482234918
ENSGALG00010013775,DBX2,1,0,,-1.8554499121176473,
ENSGALG00010013242,SULT4A1,1,0,ENSGALG00000014189,-0.7092313229037469,-2.190652821397201
ENSGALG00010011636,GRIK1,1,0,ENSGALG00000015835;INRAGALG00000001848;INRAGALG00000001849,-0.3356300925580712,
ENSGALG00010017792,LSM1,22,0,ENSGALG00000003245,-2.1097963159542523,-1.5984382984563148
ENSGALG00010014231,IFNKL1,Z,1,,-0.39091549353094,
ENSGALG00010011403,SV2C,Z,1,ENSGALG00000014967,0.36803625438117626,
ENSGALG00010017068,ZP2,14,0,ENSGALG00000002428,-1.7010789226103928,
ENSGALG00010014284,TMEM131L,4,0,ENSGALG00000009230,-1.1203131665618582,-1.0876638782386985
ENSGALG00010012119,EPG5,Z,1,ENSGALG00000036259;ENSGALG00000054205,-1.2585702063599327,
ENSGALG00010011657,ALDH1L2,1,0,ENSGALG00000012691,0.4579082051762223,
ENSGALG00010012204,RIT2,Z,1,ENSGALG00000033353,-0.3092421601068108,
ENSGALG00010009761,PDP2,11,0,ENSGALG00000005146,-0.6034617783534054,0.5786505254269124
ENSGALG00010013053,MKL1,1,0,INRAGALG00000000840;ENSGALG00000012024,-2.639223718773549,
ENSGALG00010011431,DRAM1,1,0,ENSGALG00000012761,0.2298025010660626,0.1935279969903241
ENSGALG00010011961,AGPAT3,1,0,INRAGALG00000001995;INRAGALG00000001996;ENSGALG00000051855;ENSGALG00000031932,0.0553471388193576,
ENSGALG00010016260,INTS6L,4,0,ENSGALG00000041397;ENSGALG00000006157,-0.37831875138498283,
ENSGALG00010009715,NUDCD2,13,0,ENSGALG00000001726,-1.3586745125687298,-0.3392159878443377
ENSGALG00010015946,TLE4,Z,1,ENSGALG00000015184,-1.3869420215289572,
ENSGALG00010016312,MECR,23,0,ENSGALG00000032763,-2.1247082365439502,-1.4378495228176993
ENSGALG00010016959,PERCC1,14,0,ENSGALG00000032279,-3.6403752741225883,
ENSGALG00010010663,EFR3B,3,0,ENSGALG00000016605;107053183,-2.026084559152616,
ENSGALG00010016100,SFRP4,2,0,ENSGALG00000031997,-2.2654653593399625,
ENSGALG00010017312,PTP4A2,23,0,ENSGALG00000003265;ENSGALG00000025462,-0.15180273305625158,
ENSGALG00010016969,CHMP3,4,0,ENSGALG00000015805,-0.2689667202475946,-0.671445028912133
ENSGALG00010013078,,7,0,,-0.12315554649610683,
ENSGALG00010016478,SOX12,20,0,ENSGALG00000035951,-2.1682442731910294,
ENSGALG00010017185,NAA30,5,0,ENSGALG00000012098,-1.8425642478508193,-2.352180502554307
ENSGALG00010012095,RNF38,Z,1,INRAGALG00000024842;INRAGALG00000024843;INRAGALG00000024844;INRAGALG00000105876;INRAGALG00000105877;INRAGALG00000105878;ENSGALG00000015311,-1.8381356496562424,
ENSGALG00010012878,GDNF,Z,1,ENSGALG00000003716,-1.3793617396160915,
ENSGALG00010010845,FKRP,38,0,,-2.6074296845646137,
ENSGALG00010017403,ITGA11,10,0,ENSGALG00000008007,-1.937326218512423,-2.235990820148374
ENSGALG00010012561,OSGIN2,2,0,ENSGALG00000042840,-0.38267321193501735,-0.3270644694117062
ENSGALG00010011117,SLC6A15,1,0,ENSGALG00000010992,-0.1130147767709142,
ENSGALG00010011866,KLF8,4,0,ENSGALG00000037361,-3.0553100763449526,-1.9703118666327963
ENSGALG00010013201,GYS2,1,0,ENSGALG00000013265;INRAGALG00000019491,-0.6909914569718622,
ENSGALG00010017566,TSSK3,23,0,ENSGALG00000003408;ENSGALG00000053648,-2.74936333737976,
ENSGALG00010010275,PDE8B,Z,1,ENSGALG00000004339,-0.9193750434934507,
ENSGALG00010012110,,Z,1,,-0.4818136069788232,
ENSGALG00010015072,,4,0,ALDBGALG0000004328;NONGGAG009905;ENSGALG00000020253,-0.5779277671277427,
ENSGALG00010012450,PPFIA2,1,0,ENSGALG00000010958,-1.4431508835299334,-3.0759525882901877
ENSGALG00010012870,KCNC2,1,0,ENSGALG00000010204,-1.2788755582975768,
ENSGALG00010011412,KANSL1L,7,0,ENSGALG00000002866,-1.857431613999231,
ENSGALG00010017633,HLX,3,0,ENSGALG00000037257,-2.1526923129792626,-2.7894516736741943
ENSGALG00010012011,HOOK3,Z,1,ENSGALG00000015390,-1.0625828680774534,-1.664399043654844
ENSGALG00010013508,TUBE1,3,0,ENSGALG00000015017;ENSGALG00000030968,-0.5810385575255529,
ENSGALG00010009884,GFOD1,2,0,ENSGALG00000012730,-1.955870871685378,-4.156844657645244
ENSGALG00010012712,EEF1E1,2,0,ENSGALG00000012782,-0.7375199960805072,-1.68919217447949
ENSGALG00010017050,L3HYPDH,5,0,ENSGALG00000012011,-1.8499160865741657,-1.4295897550583825
ENSGALG00010015074,FNDC9,13,0,ENSGALG00000038576,-2.5873130268829336,
ENSGALG00010014115,GSX2,4,0,ENSGALG00000035943,-2.7604854072109264,
ENSGALG00010017228,RAP2C,4,0,,-1.9982224130852981,
ENSGALG00010009842,FAM109B,1,0,ENSGALG00000011898,-3.065901489552678,-4.374354697505634
ENSGALG00010016676,NLRC3,14,0,ENSGALG00000033278,-2.0982951844321565,-4.65241297446442
ENSGALG00010013884,GRXCR1,4,0,ENSGALG00000023032,-1.620230659130537,
ENSGALG00010017741,SMCR8,14,0,ENSGALG00000024082;NONGGAG001494,-1.8589188449523886,
ENSGALG00010013777,CPLANE1,Z,1,ENSGALG00000003631,-0.8040958506595073,-1.187527412883904
ENSGALG00010011846,UBAP1,Z,1,ENSGALG00000021378;NONGGAG006680,-1.2634699413023833,
ENSGALG00010016600,GNL2,23,0,ENSGALG00000001973,-0.6963769205793773,-0.5759089955037311
ENSGALG00010010586,CYTIP,7,0,ENSGALG00000012545,-3.329632079625499,-3.1522524325392247
ENSGALG00010012327,UBTD2,13,0,ENSGALG00000037395,-1.4621345318388597,-1.8332382188468144
ENSGALG00010013217,TGFBRAP1,1,0,ENSGALG00000016795;INRAGALG00000100880,-0.4669122267210793,
ENSGALG00010015992,ATP10A,1,0,ENSGALG00000043118,-1.0971278102847952,-3.4573141153801408
ENSGALG00010014427,TMEM267,Z,1,ENSGALG00000014863,-0.35686800604998536,-1.493839048090663
ENSGALG00010010659,ADAMTS1,1,0,ENSGALG00000040342,-2.021811658889078,-1.5767464795890014
ENSGALG00010010863,CNGB3,2,0,,0.38511089470149396,
ENSGALG00010011702,NUP205,1,0,ENSGALG00000011662;INRAGALG00000000765;INRAGALG00000000766;INRAGALG00000000767;INRAGALG00000000768,-1.237318121766538,
ENSGALG00010015121,UNC79,5,0,ENSGALG00000010874;ENSGALG00000025208;ENSGALG00000027197;ENSGALG00000025957,-1.0066187348308453,
ENSGALG00010010837,RBPJ,4,0,ENSGALG00000014365;INRAGALG00000013120,-0.5206096124388837,
ENSGALG00010012078,TMBIM4,1,0,ENSGALG00000009879,-0.23393757883173127,0.8057635517700973
ENSGALG00010013550,KLHL5,4,0,ENSGALG00000031388,-0.15605183796166855,-1.954025249705212
ENSGALG00010010973,PGAP1,7,0,ENSGALG00000030789,-0.1736785537085036,-0.2945909791512491
ENSGALG00010010770,SLC8A2,38,0,ENSGALG00000038065,-2.2776758052484563,
ENSGALG00010017446,UNCX,14,0,ENSGALG00000039292;ENSGALG00000051930,-2.6448660321846056,
ENSGALG00010017651,PPCS,21,0,ENSGALG00000004882,-0.876992224243093,-0.3006159923815728
ENSGALG00010010511,GABRP,13,0,ENSGALG00000002152,-0.655416554392698,
ENSGALG00010011212,NCKAP1,7,0,ALDBGALG0000005120;ENSGALG00000002750,-0.34807302033356846,
ENSGALG00010010416,SLC35B3,2,0,ENSGALG00000012778,0.9708627242633631,0.0013235649681595
ENSGALG00010012337,ACSS3,1,0,ENSGALG00000010940,-0.08866994066004952,-0.0078746271893273
ENSGALG00010017169,CCDC198,5,0,ENSGALG00000012095,-2.431237604068001,
ENSGALG00010012797,ZC3H7B,1,0,ALDBGALG0000000662;ENSGALG00000011965,-2.111447487227285,
ENSGALG00010011280,FAM199X,4,0,ENSGALG00000008872,-2.3600969688114395,-0.4451292086272331
ENSGALG00010017761,PARP16,10,0,ENSGALG00000007365,-1.6192824071612426,-1.2853074259346269
ENSGALG00010013744,IL1RL2,1,0,,0.10214749182075644,
ENSGALG00010009730,C2H8orf76,2,0,,-1.4238360114765884,
ENSGALG00010015469,TMEM33,4,0,ENSGALG00000014248,-0.521642837410029,0.598699615693153
ENSGALG00010010989,TRIQK,2,0,ENSGALG00000053989,-0.04083372966248355,
ENSGALG00010013958,TUSC3,4,0,ENSGALG00000013674;ENSGALG00000053101,0.02254996287364941,
ENSGALG00010017595,CCNF,14,0,ENSGALG00000038502,-1.3543161954422496,-1.675008015344679
ENSGALG00010015511,BPIFB4,20,0,ENSGALG00000006679,-1.901559560759058,
ENSGALG00010016849,WASF2,23,0,ENSGALG00000014012,-2.1657949727721975,-1.453371595954385
ENSGALG00010013377,PLEKHG7,1,0,ENSGALG00000011277,-1.4496391997435345,
ENSGALG00010011616,SLC5A8,1,0,ENSGALG00000011633,-0.2644297592438808,1.0241154079448491
ENSGALG00010012629,NUS1,3,0,ENSGALG00000014899,-1.7097091671127143,-1.3978355057063272
ENSGALG00010016606,VASN,14,0,ENSGALG00000047356,-3.026274189390339,
ENSGALG00010014143,NFATC2,20,0,ENSGALG00000007963,-1.8469326565843769,-1.9941422528718495
ENSGALG00010013289,TM9SF4,20,0,ENSGALG00000006568,-0.286711591832572,0.1732505230038724
ENSGALG00010016483,WDR26,3,0,ENSGALG00000043081;ALDBGALG0000003417,-1.1503223432653202,
ENSGALG00010016745,BEGAIN,5,0,ENSGALG00000011236,-1.8678648489137992,
ENSGALG00010014682,IL13RA1,4,0,ENSGALG00000044480,-1.3722685068481832,-0.0874776259414002
ENSGALG00010015124,UXS1,1,0,ENSGALG00000016801,-0.4058857812777623,0.2640916433712911
ENSGALG00010010100,IRF2BP2,3,0,ENSGALG00000052326,-2.467072138291919,
ENSGALG00010014367,OPHN1,4,0,ENSGALG00000029652,-2.0110799147961846,-2.6790135608929786
ENSGALG00010011647,FBXO38,13,0,ENSGALG00000038627,-1.1207717518299263,-1.1329158819336116
ENSGALG00010013698,TFAP2E,23,0,ENSGALG00000039497,-2.204959660647039,
ENSGALG00010015776,SPOCK1,13,0,ENSGALG00000006258;ENSGALG00000049354,-1.3663583234138454,
ENSGALG00010010231,C1orf53,8,0,ENSGALG00000052769,-1.8651694945156305,
ENSGALG00010016944,OPRD1,23,0,ENSGALG00000036782,-1.686041405278587,
ENSGALG00010016903,PPM1A,5,0,ENSGALG00000011917;INRAGALG00000104576;INRAGALG00000104577;INRAGALG00000104578,-0.7915938549184186,
ENSGALG00010015203,HMGXB4,1,0,ENSGALG00000044768;ENSGALG00000052369,-1.0340365754899874,
ENSGALG00010010642,CC2D2A,4,0,ENSGALG00000014514,-0.6356168494797727,-1.876539610806996
ENSGALG00010013099,SIM2,1,0,ENSGALG00000016044,-0.8702999288671338,
ENSGALG00010009722,GBA2,Z,1,ENSGALG00000002412,-1.837222323518279,-1.422941974332582
ENSGALG00010017552,LARS2,2,0,ENSGALG00000036309,-0.2968918306730526,-0.1583001513513607
ENSGALG00010011578,MYLK4,2,0,INRAGALG00000007281;ENSGALG00000012845,-0.6227134075761249,
ENSGALG00010013292,PRDM1,3,0,ENSGALG00000015388,-1.6422139058378629,-1.6451847338284118
ENSGALG00010013087,GPN2,23,0,ENSGALG00000027909,-1.4349231272841747,-1.947648360639213
ENSGALG00010014047,HM13,20,0,ENSGALG00000006207,-1.6460077755777434,-1.1837797733093591
ENSGALG00010015416,CAPN6,4,0,ENSGALG00000008006,-1.1066518025360665,-1.092020413303669
ENSGALG00010015822,WFDC2,20,0,ENSGALG00000031164,-2.3835844535678397,0.2427715251868032
ENSGALG00010017198,TOPBP1,2,0,ENSGALG00000034461,-0.6841134346940595,-0.6929856223131742
ENSGALG00010016370,TMEM255A,4,0,ENSGALG00000008604;ENSGALG00000031902,-0.2873138672288468,
ENSGALG00010014414,TMEM255B,1,0,ENSGALG00000035839,-0.3887232451966349,
ENSGALG00010013266,KIAA1755,20,0,ENSGALG00000047290,-3.0115012905541625,
ENSGALG00010015894,CEP78,Z,1,ENSGALG00000051845;ENSGALG00000015179,-0.6642634535185896,
ENSGALG00010012108,PSTPIP2,Z,1,ENSGALG00000040136,-1.4006536580269318,-0.0284064006390974
ENSGALG00010015024,CRACD,4,0,ENSGALG00000013771,-1.9200060722976855,-1.9670899192093447
ENSGALG00010010635,ALDH9A1,8,0,ENSGALG00000003495,-1.4428588090452692,-0.0117223068045255
ENSGALG00010013511,FAM78B,8,0,ENSGALG00000003035,-1.9614671183233163,-5.10015957484794
ENSGALG00010010786,NABP1,7,0,ENSGALG00000025884,-1.6095015298360815,-2.1696132166467383
ENSGALG00010016863,MYNN,9,0,ENSGALG00000009409,-1.3116504093002561,-0.6975408861137937
ENSGALG00010014914,PTAR1,Z,1,ENSGALG00000015113,-1.4005737153591238,-0.7484030710326591
ENSGALG00010011738,FGD6,1,0,ENSGALG00000011342,-1.0670216983537917,-2.203207434151264
ENSGALG00010014205,DPM1,20,0,ENSGALG00000017366,-0.23163797879303782,0.523456586699132
ENSGALG00010017619,POLN,4,0,,-0.4022618882792895,
ENSGALG00010014214,REEP2,13,0,ENSGALG00000017365;ALDBGALG0000001540,-0.6970034708375967,
ENSGALG00010014225,ZMPSTE24,23,0,ENSGALG00000000855,-0.336174147924158,0.5637720261560395
ENSGALG00010012809,RHOBTB3,Z,1,ENSGALG00000014675,-1.1838047029010426,-1.764617268867595
ENSGALG00010015182,PHYKPL,13,0,INRAGALG00000004763;ENSGALG00000023920,0.14472276224591174,
ENSGALG00010011205,CYTL1,4,0,ENSGALG00000015015,-2.304372754198333,
ENSGALG00010015064,RFK,Z,1,ENSGALG00000033558,-0.6003973473561555,0.1576107801399247
ENSGALG00010014716,TMEM35A,4,0,,-0.9722293144382542,
ENSGALG00010017770,PTCD3,4,0,ENSGALG00000015773;ENSGALG00000017860,-0.9220370259917939,
ENSGALG00010014260,ADNP,20,0,ENSGALG00000007989,-0.5654739785140811,-1.0230508004533512
ENSGALG00010012353,PIGG,Z,1,ENSGALG00000015349;ENSGALG00000053878,-0.5362782213218497,
ENSGALG00010010836,DIP2A,7,0,ENSGALG00000046150,-0.620715801185926,-1.172572940939879
ENSGALG00010017429,TELO2,14,0,ENSGALG00000009297,-1.8143587650403186,-1.6710370278670408
ENSGALG00010012898,FAM114A2,13,0,ENSGALG00000004068;ENSGALG00000042292,-1.3276381325257196,
ENSGALG00010017569,CLMN,5,0,ENSGALG00000030719,-1.0696670863056665,-0.5821465490738944
ENSGALG00010011034,FAM180A,1,0,ENSGALG00000028459,-0.7421455564248683,
ENSGALG00010017793,FAM83G,14,0,ENSGALG00000005087,-2.5395432815640135,
ENSGALG00010014998,NALF1,1,0,,-1.0636494040874127,
ENSGALG00010017439,PPP4R4,5,0,ENSGALG00000010950,-0.8684959676662304,
ENSGALG00010012775,KCNE2,1,0,INRAGALG00000001886;INRAGALG00000100305;ENSGALG00000030793,0.05596732023827811,
ENSGALG00010013389,NAP1L1,1,0,ENSGALG00000010238,-0.16312100061339474,-0.6454984986168133
ENSGALG00010013326,FGF20,4,0,ENSGALG00000013663,-1.5156053241210934,
ENSGALG00010011453,GNPTAB,1,0,ENSGALG00000012763,-0.394804500984463,-2.698493056544799
ENSGALG00010015793,RSRP1,23,0,ENSGALG00000038748,-1.6135488830184859,-0.9608743704308312
ENSGALG00010009971,RGSL1,8,0,ENSGALG00000047463,-2.0843671122459124,
ENSGALG00010011008,ONECUT2,Z,1,ENSGALG00000035751,-2.7829316555251484,-6.093248698518482
ENSGALG00010011998,MPPED1,1,0,ENSGALG00000014186,-1.1867704864795063,-2.606663209631711
ENSGALG00010016307,RAD50,13,0,ENSGALG00000006794,-1.0892137812815978,-0.4982351935385637
ENSGALG00010015483,SGCD,13,0,INRAGALG00000004700;INRAGALG00000004701;INRAGALG00000004702;ENSGALG00000003886,-1.034133126823559,
ENSGALG00010017377,USP8,10,0,ENSGALG00000005894;ENSGALG00000049711;INRAGALG00000003567,-0.7013496528808544,
ENSGALG00010013321,PDCL2,4,0,ENSGALG00000053405,-0.4525559618375597,
ENSGALG00010013017,SCMH1,23,0,ENSGALG00000000672,-1.831129829884111,-2.539511862723706
ENSGALG00010009775,KIAA1614,8,0,ENSGALG00000003885;NONGGAG005123,-3.252664282461613,
ENSGALG00010015691,EXOC3L4,5,0,ENSGALG00000011443,-1.2558996457231657,-0.3972080280916018
ENSGALG00010012829,RGS5,8,0,ENSGALG00000026572,-2.1577488701987844,-0.6439064646268144
ENSGALG00010017140,UQCRC2,14,0,ENSGALG00000002490,-0.7877450101313381,0.3774175075156735
ENSGALG00010013249,AURKB,20,0,ENSGALG00000007768,-0.784945864854775,-0.1953169711092005
ENSGALG00010016593,OTX1,3,0,ENSGALG00000028817,-2.610061850430682,
ENSGALG00010012685,NPTXR,1,0,INRAGALG00000100147;ENSGALG00000041604,-2.9408857806736877,
ENSGALG00010012536,C5orf51,Z,1,ENSGALG00000033098,-0.8554118922148485,-1.0483879193143253
ENSGALG00010012106,TMTC1,1,0,ENSGALG00000012956,-1.0528784723395717,-3.611384329924062
ENSGALG00010014769,CCDC69,13,0,INRAGALG00000004733,-3.5451608685876876,
ENSGALG00010017337,ABAT,14,0,ENSGALG00000007334,-0.5696584402109066,0.0178138266982201
ENSGALG00010016559,ROGDI,14,0,ENSGALG00000001841,-1.2606502391332897,-1.0589302554427635
ENSGALG00010011061,KIF13B,3,0,ENSGALG00000016639,-1.2318091846388446,
ENSGALG00010016347,ANO10,2,0,ENSGALG00000042371,0.04235646432303308,0.27518204793315
ENSGALG00010015018,MAP7D3,4,0,ENSGALG00000041423,-1.7603227920510225,-2.258034770069641
ENSGALG00010013297,FCHO2,Z,1,,0.3855088585601084,
ENSGALG00010012654,FAM46B,23,0,ENSGALG00000036117,-2.596733839205596,-1.775028271338148
ENSGALG00010016611,DNALI1,23,0,ENSGALG00000049411;ENSGALG00000001996,-2.359822467915225,
ENSGALG00010016526,EIF1B,2,0,ENSGALG00000038646,-0.35972936522392707,0.6100916476017488
ENSGALG00010011972,IPO11,Z,1,ENSGALG00000014740;ENSGALG00000028165,-0.38010491917698846,
ENSGALG00010017701,PPP2R5E,5,0,ENSGALG00000011840,-1.3140768013081447,0.1425208513140648
ENSGALG00010015083,CEP135,4,0,INRAGALG00000012983;ENSGALG00000013776,-1.2842566542042462,
ENSGALG00010011407,CEP290,1,0,ENSGALG00000049176;ENSGALG00000051263;ENSGALG00000011177,-0.7146862967606382,
ENSGALG00010016675,SKIL,9,0,ENSGALG00000009356,-1.4853733461960896,-0.9930320890351318
ENSGALG00010014257,NOP16,13,0,ENSGALG00000003355,-1.1341113682265898,-0.4863582412200433
ENSGALG00010010633,C21orf62,1,0,ENSGALG00000040059;INRAGALG00000001861,-1.0922683734649705,
ENSGALG00010013358,RPS16,1,0,ENSGALG00000026490,0.11947456397061573,-0.7203865807657697
ENSGALG00010010134,OTOP1,4,0,ENSGALG00000030356,-0.620360519490007,
ENSGALG00010012426,MIEF1,1,0,ENSGALG00000012144;ENSGALG00000028989,-1.8536853044906136,
ENSGALG00010010214,FAF2,13,0,ENSGALG00000003331,-1.0017231218724083,-0.2276975665420596
ENSGALG00010014929,FHL1,4,0,ENSGALG00000006190,-1.145925840591914,-0.3254104571586169
ENSGALG00010016902,MRNIP,13,0,,-2.0431471478237113,
ENSGALG00010014632,NWD2,4,0,ENSGALG00000014337,-0.4597643422091773,
ENSGALG00010010417,OTOF,3,0,ENSGALG00000016577,-1.4141756700772061,
ENSGALG00010014778,TMPRSS6,1,0,ENSGALG00000012483,-1.94282803974491,-1.932173681982139
ENSGALG00010014125,PLPP1,Z,1,ENSGALG00000014711,-0.3075445802728106,0.187808308936832
ENSGALG00010010885,SNRPD2,38,0,ENSGALG00000052199;ENSGALG00000049935,-1.856624933223478,
ENSGALG00010017431,FYCO1,2,0,ENSGALG00000040212,-1.8536827693989708,-1.741725039756961
ENSGALG00010016417,NOP14,4,0,ENSGALG00000015649,-0.6392359954205523,-0.2644388510807306
ENSGALG00010009686,MAT2B,13,0,ENSGALG00000001750,-0.3182103562005183,-0.3471288579521976
ENSGALG00010010841,PMM1,1,0,ENSGALG00000038599,-2.170980363256756,-1.2396748455285125
ENSGALG00010016423,TRMT44,4,0,ENSGALG00000015594;ENSGALG00000048949,-0.7298453833411561,
ENSGALG00010016949,LUC7L,14,0,ENSGALG00000037983,-1.9455180724220043,-2.7216977289434947
ENSGALG00010011447,LAMC1,8,0,ENSGALG00000004620;ENSGALG00000025245,-2.0282771116936082,
ENSGALG00010016820,EIF2AK3,4,0,ENSGALG00000015958,-0.938121407581749,-1.1338140647865105
ENSGALG00010014681,DTHD1,4,0,ENSGALG00000020139,-0.8538423065315124,
ENSGALG00010010534,SYNJ1,1,0,ENSGALG00000034317,-0.8301253592620338,-0.943107763874916
ENSGALG00010013244,TRIM24,1,0,ENSGALG00000012823;ENSGALG00000049160,-1.2099225235355007,
ENSGALG00010012195,ITSN1,1,0,ENSGALG00000036677;ENSGALG00000043418,-0.6621877385238997,
ENSGALG00010010618,APAF1,1,0,ENSGALG00000011531,-0.48763480502860995,0.109050057403307
ENSGALG00010010778,UPP2,7,0,ENSGALG00000045427,-1.8243100530676775,-1.0690998070969653
ENSGALG00010017344,RERE,21,0,ENSGALG00000002232;INRAGALG00000102799;INRAGALG00000102800;INRAGALG00000102801;INRAGALG00000102802,-2.2870954706459354,
ENSGALG00010017248,TECPR2,5,0,INRAGALG00000104362;ENSGALG00000011373;ENSGALG00000030137,-1.0592522040968713,
ENSGALG00010013815,SRXN1,20,0,ENSGALG00000054306,-2.366515056988753,
ENSGALG00010015392,TMEM165,4,0,ENSGALG00000027886,-0.2587966343274031,-1.4631038463374726
ENSGALG00010015920,KCNE5,4,0,ENSGALG00000040890,-2.5954585474330134,
ENSGALG00010016053,DRP2,4,0,ENSGALG00000005031,-2.890800763295991,
ENSGALG00010016369,MSANTD1,4,0,ENSGALG00000015628,-0.7876062773373191,
ENSGALG00010013109,RIPPLY3,1,0,,-0.6832011679262717,
ENSGALG00010016507,SPATA18,4,0,ENSGALG00000013964,-1.5275261111896035,-0.3806491339298808
ENSGALG00010011375,C12orf50,1,0,ENSGALG00000045093,-0.584173794554578,-2.0503120462648003
ENSGALG00010015921,SNX21,20,0,ENSGALG00000054914;ENSGALG00000006836,-3.7230123438857716,
ENSGALG00010016637,POU6F2,2,0,ENSGALG00000027816;ENSGALG00000031713,-2.288698174523005,
ENSGALG00010010271,HUNK,1,0,ENSGALG00000015879;ENSGALG00000025522,-1.5296532150818198,
ENSGALG00010009728,CCDC149,4,0,ENSGALG00000014391,-1.6934483817170702,-0.9291435522328534
ENSGALG00010016785,PDGFRB,13,0,ENSGALG00000030613,-2.1864727542660765,-0.7888674026766239
ENSGALG00010016224,MOSPD1,4,0,ENSGALG00000006132,-0.11841062482095255,-0.295979765517663
ENSGALG00010017406,IFT140,14,0,ENSGALG00000009318,-0.8564421351597216,-2.452687088082888
ENSGALG00010010657,TMEM170B,2,0,ENSGALG00000049299,0.10176410277290537,
ENSGALG00010012138,DDX11,1,0,INRAGALG00000001089;ENSGALG00000053507;ENSGALG00000053509,-1.5704548302536379,
ENSGALG00010009690,RBM43,7,0,ENSGALG00000051954,-0.6641648809761428,
ENSGALG00010016262,SPG11,10,0,ENSGALG00000008180,-1.4814564308762277,-1.8604417603166337
ENSGALG00010010567,ERMN,7,0,ENSGALG00000020575,-2.5977176068186574,-3.728259117752471
ENSGALG00010011536,FCHSD1,13,0,ENSGALG00000002622,-2.5784323289258393,-2.1178288464966117
ENSGALG00010012750,CAPSL,Z,1,ENSGALG00000013376,0.26812381147514974,0.1258436675791373
ENSGALG00010010179,CDHR2,13,0,ENSGALG00000003285;ENSGALG00000034252,-2.312382003248925,
ENSGALG00010014288,ARMC2,3,0,ENSGALG00000015289;ENSGALG00000034897,-0.675164551738783,
ENSGALG00010017256,CARHSP1,14,0,ENSGALG00000053043,-2.0394283682389,
ENSGALG00010017419,B9D1,14,0,ENSGALG00000005096,-1.4634126967184033,0.1666245075898049
ENSGALG00010014641,DOCK11,4,0,ENSGALG00000006017,-1.0953763676838284,-2.30246177101901
ENSGALG00010015904,MTMR7,4,0,ENSGALG00000036021,-1.1621472791689902,
ENSGALG00010013232,FHL2,1,0,ENSGALG00000016797,-1.0427301236830029,-0.1555406347053179
ENSGALG00010009749,NDRG1,2,0,ENSGALG00000054783,-1.161446943930378,
ENSGALG00010010116,DRD5,4,0,,-2.015520184093359,
ENSGALG00010013310,MYO16,1,0,ENSGALG00000016837,-0.7597188334965529,
ENSGALG00010010697,NEDD9,2,0,ENSGALG00000012747;ENSGALG00000053956,-1.247496227086466,
ENSGALG00010010740,CCDC134,1,0,ENSGALG00000011918,-1.5237759456307205,-2.289869609809436
ENSGALG00010011200,PCDHB4,13,0,,-2.4831431402817024,
ENSGALG00010011549,KIAA0232,4,0,ENSGALG00000015538,-0.9677575235350453,-1.9713723543039283
ENSGALG00010012618,B3GALT2,8,0,ENSGALG00000051274,-0.8207994447241226,
ENSGALG00010011911,NUDT2,Z,1,ENSGALG00000027295,-1.0396860252423743,0.6106874017531837
ENSGALG00010010904,TOR1AIP1,8,0,ENSGALG00000029238,-1.7543706429023773,-0.244900310565044
ENSGALG00010016115,RD3L,5,0,ENSGALG00000027643,-0.9758966554587425,
ENSGALG00010011150,FGD4,1,0,ENSGALG00000012932,-0.9931966125069556,-0.6702541996765374
ENSGALG00010012803,NUP155,Z,1,ENSGALG00000003688,-0.5312174157581793,-0.0808783583753977
ENSGALG00010015614,ATG2B,5,0,ENSGALG00000042088;ENSGALG00000028980,-0.7209430057592535,
ENSGALG00010015201,GCC2,1,0,ENSGALG00000016806,-1.0952571898560262,-1.163488140723842
ENSGALG00010010322,,Z,1,ENSGALG00000031355,-1.5341351328009338,
ENSGALG00010012232,PCSK1,Z,1,ENSGALG00000014681,-0.9195992939782435,
ENSGALG00010016378,WDR76,10,0,ENSGALG00000035465,-2.6620885671980963,-2.2688771667001677
ENSGALG00010010528,GPD2,7,0,ENSGALG00000012543;ALDBGALG0000005235;INRAGALG00000015852;INRAGALG00000015853,-0.22086893970752197,
ENSGALG00010014555,VGLL1,4,0,ENSGALG00000006412,-1.8513548445520192,
ENSGALG00010015574,C14orf132,5,0,,-2.2827128044415037,
ENSGALG00010017065,VRK2,3,0,ENSGALG00000032770,-0.696921832799912,-2.3838747654824908
ENSGALG00010017201,AP5M1,5,0,ENSGALG00000012101,-1.0206772761829135,-1.109900250615092
ENSGALG00010013857,IL18RAP,1,0,INRAGALG00000100372;ENSGALG00000016788,0.04376703328729514,
ENSGALG00010013458,LAMA4,3,0,ENSGALG00000015001,-0.885065982868281,-0.973555476183634
ENSGALG00010013768,FAM110A,20,0,ENSGALG00000046425,-2.442219648031538,-3.011885231684631
ENSGALG00010011312,VPS13B,2,0,ENSGALG00000051937;ENSGALG00000046093;ENSGALG00000041179;ENSGALG00000047328;INRAGALG00000021413;ENSGALG00000053675,-0.9024569996071217,
ENSGALG00010017343,DLG1,9,0,ENSGALG00000006908,-0.6989513394445357,-1.1376234577090092
ENSGALG00010017599,KCNK13,5,0,ENSGALG00000010672,-1.3200083013673716,
ENSGALG00010015472,LGMN,5,0,ENSGALG00000010811;INRAGALG00000014254;INRAGALG00000014256,0.07957555082917345,
ENSGALG00010012194,LRRFIP1,7,0,ENSGALG00000003862,-1.4740058201212627,-0.52482099664105
ENSGALG00010011389,RC3H1,8,0,INRAGALG00000016010;ENSGALG00000004587;ENSGALG00000037574,-1.6519129211212267,
ENSGALG00010013046,SLC12A5,20,0,ENSGALG00000042199,-2.2352702690405826,
ENSGALG00010012063,PTPRD,Z,1,ALDBGALG0000006047;ENSGALG00000015058,-0.2146607543063428,
ENSGALG00010013886,SLC9A4,1,0,,-0.6909810365165125,
ENSGALG00010010352,PCASP1,Z,1,ENSGALG00000030063,-1.0515895969109248,-1.9680828448169216
ENSGALG00010012857,NSDHL,4,0,ENSGALG00000007493,-0.3188020949691076,1.1329834700309798
ENSGALG00010016956,CENPE,4,0,ENSGALG00000013208,-0.9275823208578802,-1.0137721915123823
ENSGALG00010010080,CDC42EP3,3,0,ENSGALG00000010551,-1.3734481253416702,-0.457042667667593
ENSGALG00010011888,CAND1,1,0,ENSGALG00000033879,-0.36789173195090846,0.3857144972737646
ENSGALG00010011444,TMEM252,Z,1,ENSGALG00000049973,-1.4114508908547703,
ENSGALG00010010871,GCNT2,2,0,ENSGALG00000048035,-1.2252642178831112,
ENSGALG00010013650,BACE2,1,0,ENSGALG00000034932;ALDBGALG0000000315,-0.7052763965754486,
ENSGALG00010017459,FAM167B,23,0,,-2.8193892739145716,
ENSGALG00010016970,SYNE3,5,0,INRAGALG00000014286;INRAGALG00000014287;INRAGALG00000014288;INRAGALG00000014289;ENSGALG00000011076;INRAGALG00000014290;ENSGALG00000025695,-1.5707229863117917,
ENSGALG00010014302,FOXO3,3,0,,-2.158127042145812,
ENSGALG00010010435,GAS1,Z,1,ENSGALG00000017658,-2.2262054644786713,
ENSGALG00010011441,CD99L2,4,0,ENSGALG00000009075;INRAGALG00000012293,-1.8677361489560167,
ENSGALG00010012105,DONSON,1,0,ENSGALG00000038649,-1.430888988067244,-0.7321085254099756
ENSGALG00010016437,FNDC11,20,0,,-1.6638395302082316,
ENSGALG00010011125,TMPRSS3,1,0,ENSGALG00000016169,-1.0519817388513752,
ENSGALG00010015862,PDGFRL,4,0,ENSGALG00000013617,-0.45749199485051806,0.1819179834334661
ENSGALG00010009721,C2H8ORF76,2,0,,-0.9561952856763929,
ENSGALG00010012180,DDX59,8,0,ENSGALG00000002164,-0.5257393490622893,-0.3884986117497787
ENSGALG00010012498,KCNT2,8,0,ENSGALG00000041680,-0.36128725144025864,-0.8872893612056876
ENSGALG00010016868,NIPAL1,4,0,ENSGALG00000027986,-0.7861220668850946,
ENSGALG00010013106,SETD9,Z,1,ENSGALG00000047687;ENSGALG00000014719,-1.4799209553180899,
ENSGALG00010016159,ASPG,5,0,ENSGALG00000011572,-0.5078610175823133,0.8006534782286175
ENSGALG00010013168,DSCR3,1,0,ENSGALG00000016052,-0.7098739030542638,0.3993054495646061
ENSGALG00010016305,DENND4C,Z,1,INRAGALG00000024568;NONGGAG006795;ENSGALG00000015083,-0.7547288928539613,
ENSGALG00010013081,NCOA5,20,0,ENSGALG00000007009,-1.7285850285603308,-0.5591725864654727
ENSGALG00010016550,FBLIM1,21,0,ENSGALG00000003636,-2.297438539216943,-2.7159231173849854
ENSGALG00010013264,DNAJC21,Z,1,ENSGALG00000003387;ENSGALG00000052991,-0.667496948296149,
ENSGALG00010014170,CEMIP2,Z,1,ENSGALG00000015138,-0.1441624018616069,-0.9865767563602268
ENSGALG00010016884,SBK1,14,0,ENSGALG00000014179,-2.002961271777999,
ENSGALG00010014165,LUZP1,23,0,ENSGALG00000025858,-2.039982996593178,-1.4132770196975908
ENSGALG00010012382,SH3PXD2B,13,0,ENSGALG00000002831,-1.9899813217249083,-1.9769975771446624
ENSGALG00010017176,RIMS3,23,0,ENSGALG00000003174,-3.261649837197493,
ENSGALG00010016929,EPHA8,21,0,ENSGALG00000021567;INRAGALG00000008935;ENSGALG00000034595,-2.050701948316286,
ENSGALG00010016990,GPR78,4,0,ENSGALG00000015595,-1.0054597307077746,
ENSGALG00010017534,ATP11C,4,0,ENSGALG00000039706;ENSGALG00000006623,-0.7785534898423111,
ENSGALG00010014455,C4ORF19,4,0,ENSGALG00000027885,-1.2370258010089252,
ENSGALG00010015564,PKD2L2,13,0,ENSGALG00000006120,-0.538990447683716,
ENSGALG00010016414,KLB,4,0,ENSGALG00000041663,-0.5904916748166166,-0.173144611997519
ENSGALG00010011449,DUSP22,2,0,ENSGALG00000048973;ENSGALG00000027397;ENSGALG00000049372;ENSGALG00000038226,-0.7883271192572883,
ENSGALG00010013160,AIM1,3,0,ENSGALG00000047141;ENSGALG00000015345,-0.8642372672469595,
ENSGALG00010009833,SOD3,4,0,ENSGALG00000018557,-1.2720489019500856,0.3963891157440486
ENSGALG00010012967,ECRG4,1,0,ENSGALG00000043690,-1.3176782847161514,-1.500125593419216
ENSGALG00010011668,SLCO1A2,1,0,ENSGALG00000031293,0.06226969849089714,1.1999110980926306
ENSGALG00010010397,PICK1,1,0,ENSGALG00000041823,-0.5275508772750497,-0.5776092803118136
ENSGALG00010010858,LHX4,8,0,ENSGALG00000036587,-2.697703880468748,
ENSGALG00010014995,LRAT,4,0,ENSGALG00000009276,-1.8262596196692158,-0.910202346309192
ENSGALG00010017054,GALM,3,0,ENSGALG00000013828,-1.6157731502132786,-0.2412804493085504
ENSGALG00010016569,YY2,5,0,ENSGALG00000017388,-1.9599783292435258,-0.987281726315752
ENSGALG00010016674,SLC10A4,4,0,ENSGALG00000033908,-2.4403523718978573,
ENSGALG00010016821,SAMD7,9,0,ENSGALG00000009383,-1.720719783987308,
ENSGALG00010017684,TRMT61B,3,0,ENSGALG00000008979,-1.3009104357518892,-1.935553060416828
ENSGALG00010010011,EPB41L4A,Z,1,ENSGALG00000000234,-1.1089975978295237,-1.803940715755734
ENSGALG00010011128,GCNT4,Z,1,ENSGALG00000014944,-0.25112452549891706,-0.6131057695244552
ENSGALG00010011268,SKOR2,Z,1,ENSGALG00000051844,-2.1440123836546046,
ENSGALG00010015816,MITD1,1,0,ENSGALG00000016759,-0.5406243807020854,-0.2121838848713152
ENSGALG00010010981,RIC8B,1,0,ENSGALG00000029484,-0.7482701376081502,-0.2200719939535588
ENSGALG00010011663,UTP20,1,0,ENSGALG00000011643,-1.1500391721501153,-1.0356369488715116
ENSGALG00010013277,YRDC,23,0,ENSGALG00000029001,-2.1515688182981063,-0.7800524644351097
ENSGALG00010011077,RASGEF1A,6,0,INRAGALG00000014683;ENSGALG00000002525;ENSGALG00000047218,-1.056064741387647,
ENSGALG00010012343,BCL2L13,1,0,ENSGALG00000013037,-1.6996751861422208,-2.0468240939643354
ENSGALG00010010954,MTERF2,1,0,ENSGALG00000012639,-0.9333412442261584,0.0397947116283058
ENSGALG00010015785,FGL1A,4,0,NONGGAG004158;ENSGALG00000013606,-0.10556501277701813,
ENSGALG00010011124,CACYBP,8,0,ENSGALG00000004554,-0.3365256474431696,0.3702377605618105
ENSGALG00010013324,PARVG,1,0,ENSGALG00000014203,-0.7656211899323586,0.3603708781445547
ENSGALG00010017628,NRDE2,5,0,ENSGALG00000010677,-0.9913498683453764,-0.318291562042814
ENSGALG00010016286,ULK4,2,0,ENSGALG00000036110;ENSGALG00000053882;ENSGALG00000048965;ENSGALG00000033698;ENSGALG00000049683;ENSGALG00000039440,-0.9041301018194723,
ENSGALG00010015858,CHST2,9,0,,-2.6712568999049053,
ENSGALG00010016206,KNG1,9,0,ENSGALG00000008601;ENSGALG00000046159,-0.6828727966166408,
ENSGALG00010014379,CARS2,1,0,ENSGALG00000016847;ENSGALG00000025357,-0.3689343012877003,
ENSGALG00010013967,MLLT3,Z,1,ENSGALG00000015078,-1.399365602888397,-2.177412106989489
ENSGALG00010014805,SPEF2,Z,1,ENSGALG00000023552,-0.23961930297068923,
ENSGALG00010016602,HSPB7,21,0,ENSGALG00000023772,-2.8031029740395526,-0.3481353407542061
ENSGALG00010012913,EGFLAM,Z,1,ENSGALG00000003726,-0.8291623101673816,
ENSGALG00010009700,SH3TC1,4,0,ENSGALG00000015568,-0.19325036341304624,-0.9300225738331468
ENSGALG00010016474,MAPK8IP3,14,0,ENSGALG00000029514,-1.8819651579308663,-4.538220236833241
ENSGALG00010016546,FAM132A,21,0,ENSGALG00000001857,-1.6131162378485508,-4.532232999944309
ENSGALG00010016604,TP53BP2,3,0,ENSGALG00000039404;ENSGALG00000042816,-1.5347873064547275,
ENSGALG00010015583,PRDM4,1,0,ENSGALG00000012619,-1.7064386341174211,-3.802154715275571
ENSGALG00010017133,WDR20,5,0,ENSGALG00000050298;ENSGALG00000011365,-0.7646195461696793,
ENSGALG00010012042,FNDC7,8,0,ENSGALG00000001983;ENSGALG00000052265,-0.31507318296403586,
ENSGALG00010017744,ETAA1,3,0,ENSGALG00000027922,-1.154929033572015,-2.255746010845888
ENSGALG00010017250,COL16A1,23,0,ENSGALG00000026836;ENSGALG00000047719;ENSGALG00000054999,-1.891950520298158,
ENSGALG00010015628,UBQLN1,Z,1,ENSGALG00000012585,-1.1926664235664217,0.6948514463549655
ENSGALG00010013525,RFX8,1,0,ENSGALG00000045388,-0.6864315117324724,
ENSGALG00010011004,UMODL1,1,0,INRAGALG00000001961;ENSGALG00000052523;ENSGALG00000016157,-1.070923734706487,
ENSGALG00010015731,PHF6,4,0,ENSGALG00000006094,-0.5568655978508976,-0.159821108020494
ENSGALG00010017711,LRRFIP2,2,0,ENSGALG00000033102,-0.968920828284937,-0.555940710039767
ENSGALG00010013980,FMO4,8,0,,-1.5528320727735316,
ENSGALG00010017661,KIAA1522,23,0,ENSGALG00000003539,-3.0575312702477313,-2.1349023037963875
ENSGALG00010012004,LGR5,1,0,ENSGALG00000010163,-0.8055158496192238,-0.3198195305016905
ENSGALG00010013784,ANO6,1,0,ENSGALG00000009638,-0.18334105467232764,
ENSGALG00010011283,LONRF3,4,0,ENSGALG00000008860,-0.8677209591004149,-4.1264892617628535
ENSGALG00010011213,XKR6,3,0,INRAGALG00000011790;INRAGALG00000103753;ENSGALG00000016646;ENSGALG00000054235,-1.2547808021963351,
ENSGALG00010010996,RFX4,1,0,ENSGALG00000012647,-1.140651929823338,
ENSGALG00010016812,LRRC31,9,0,INRAGALG00000016860;INRAGALG00000105203;INRAGALG00000105204;INRAGALG00000016862;ENSGALG00000023616,-1.5607487132888562,
ENSGALG00010017657,DIS3L2,9,0,ENSGALG00000007767,-1.4541576439529527,-2.08112627822652
ENSGALG00010015170,EXOC1L,4,0,ENSGALG00000026176,-0.43692460354476476,
ENSGALG00010017490,SCNN1B,14,0,ENSGALG00000006202;ENSGALG00000027606,-1.7415649948375387,
ENSGALG00010012711,ELL2,Z,1,ENSGALG00000014678,-1.2560901781753913,-2.5409647757460165
ENSGALG00010012121,SREK1,Z,1,ENSGALG00000043541;ENSGALG00000049285,-1.1180570122159503,
ENSGALG00010012354,DCBLD1,3,0,ENSGALG00000014907,-1.2121086153510512,-1.3731710573824063
ENSGALG00010012205,SLC6A13,1,0,ENSGALG00000012985,-1.4329510836084205,
ENSGALG00010011422,KATNAL2,Z,1,ENSGALG00000041882,-1.0341988682528425,
ENSGALG00010013065,FKTN,Z,1,ENSGALG00000015443,-0.35467157712725256,-2.300020015119408
ENSGALG00010010196,EFCAB10,1,0,ENSGALG00000045949,-2.4714002948847185,-1.208327008001715
ENSGALG00010016504,SNRK,2,0,ENSGALG00000039920,-1.1431449196963963,-0.8649187879074866
ENSGALG00010015505,CHGA,5,0,ENSGALG00000010820,-2.643090596474389,-0.7992698149065266
ENSGALG00010011094,CSGALNACT2,6,0,ENSGALG00000002543,-0.7039876374096206,-1.7293653423729798
ENSGALG00010012865,EP300,1,0,ENSGALG00000011992,-1.4733021548215182,-2.3550516692285948
ENSGALG00010016914,PDIA2,14,0,ENSGALG00000040070,-2.2200769487329195,-2.884476076391929
ENSGALG00010012952,KIAA2026,Z,1,ENSGALG00000015050,-0.9152887810306461,-3.188274859231061
ENSGALG00010013133,TXNDC15,13,0,ENSGALG00000039781,-1.7315635099805056,-1.0422663813583066
ENSGALG00010015111,ADAMTS2,13,0,INRAGALG00000004750;ENSGALG00000032974;INRAGALG00000004753;ENSGALG00000034305,-1.214747273315825,
ENSGALG00010011491,RELL2,13,0,ENSGALG00000026638,-3.2950110677365565,
ENSGALG00010013627,MYCBP,23,0,ENSGALG00000024295,-1.882999104131009,0.5315777472250091
ENSGALG00010016462,RNF24,4,0,INRAGALG00000013364;ENSGALG00000027533,-1.4469368835398437,
ENSGALG00010010124,TCF4,Z,1,,-2.257575034964559,
ENSGALG00010012139,FOXQ1,2,0,ENSGALG00000049947,-2.1076029664026383,
ENSGALG00010013357,RICTOR,Z,1,ENSGALG00000003775,-0.9113245912941527,-0.752204523327367
ENSGALG00010014839,TM7SF3,1,0,ENSGALG00000014085,-0.15320265767105012,0.1133852736654914
ENSGALG00010016374,FRMD5,10,0,ENSGALG00000030858,-2.36243829642804,
ENSGALG00010014204,KIFAP3,8,0,ENSGALG00000021047,-0.25338972823610306,-0.0936558885915667
ENSGALG00010015218,PLCL1,7,0,ENSGALG00000008113;ENSGALG00000054347;ENSGALG00000051837;INRAGALG00000104901;ENSGALG00000052017,-0.6807381937304873,
ENSGALG00010012330,RFX6,3,0,ENSGALG00000014918,-1.1530262644000964,
ENSGALG00010015158,PIN4,4,0,ENSGALG00000003878,-1.082824949710622,-1.1770741865448633
ENSGALG00010016314,ACER2,Z,1,ENSGALG00000015081;ALDBGALG0000005831,0.1704362899508477,
ENSGALG00010010680,SHISA8,1,0,ENSGALG00000045762,-2.7683390123869542,
ENSGALG00010015057,LAS1L,4,0,ENSGALG00000043447,-1.3938289264600483,-0.4335050043258113
ENSGALG00010011499,SMG7,8,0,ENSGALG00000004667;ENSGALG00000025699;ENSGALG00000039780,-1.7409078660068755,
ENSGALG00010013306,ARSB,Z,1,ENSGALG00000004438,-0.5968909535597311,0.5689579653304855
ENSGALG00010011917,HSF2BP,1,0,ENSGALG00000016202,-0.9977710301643212,
ENSGALG00010016999,RHOG2,4,0,,-2.007527719945387,
ENSGALG00010009780,MFSD2B,3,0,ENSGALG00000016498,-0.348374067092169,-2.545853317442884
ENSGALG00010010084,HK3,13,0,ENSGALG00000027287,-2.6370118652115924,-5.672647528740336
ENSGALG00010015796,LARP1,13,0,ENSGALG00000040109,-1.9401762120275245,-1.693495464056468
ENSGALG00010015584,TTLL9,20,0,ENSGALG00000006460,-0.9546161369781818,-3.800050423145097
ENSGALG00010011921,MEGF10,Z,1,ENSGALG00000014699,-1.2043130321669167,
ENSGALG00010012929,AKAP14,4,0,ENSGALG00000020261,-0.9308095753348227,
ENSGALG00010014347,KIAA0040,8,0,ENSGALG00000030543,-2.7538794146019,-1.9671748827428472
ENSGALG00010013301,PARVB,1,0,ENSGALG00000014201,-0.8080360219302765,0.1751030594215736
ENSGALG00010013400,BBS10,1,0,,-1.9960955495680799,
ENSGALG00010010201,RIOK1,2,0,ENSGALG00000012795,-0.440685907081888,-1.005994040398878
ENSGALG00010011365,PSMG4,2,0,ENSGALG00000042232,-2.149060655490597,-0.6561515236473376
ENSGALG00010017626,COPS7B,9,0,ENSGALG00000007752,-1.3985810318368141,-0.8456553203791094
ENSGALG00010017117,C1orf94,23,0,ENSGALG00000045736;NONGGAG009051,-1.7223445264226136,
ENSGALG00010014492,CPLX2,13,0,INRAGALG00000020629;ENSGALG00000027920;NONGGAG005808,-2.3826505846805652,
ENSGALG00010016406,PDILT,14,0,ENSGALG00000002006,-0.23342725044323698,0.376804829578694
ENSGALG00010010338,CNST,3,0,ENSGALG00000010649,-1.2004777581381,-1.3140090564024407
ENSGALG00010015874,CLIC4,23,0,ENSGALG00000033084;ENSGALG00000001262,-1.0146481853682703,
ENSGALG00010011792,HDHD5,1,0,ENSGALG00000013026,-1.8137923801829192,-1.5738317325558937
ENSGALG00010010939,ZCCHC4,4,0,ENSGALG00000036621,-0.6882824750833533,-2.4172684909830204
ENSGALG00010012339,WNK1,1,0,ENSGALG00000012992,-1.6891819187171038,-3.1203203152128483
ENSGALG00010011099,CCBE1,Z,1,ENSGALG00000027785;ENSGALG00000033525,-1.217644351916199,
ENSGALG00010012304,ESRP1,2,0,ENSGALG00000031076,-0.8558233688315978,
ENSGALG00010010780,PARG,6,0,ENSGALG00000002117,-0.9991400854348746,-2.88996549932967
ENSGALG00010017212,TINAGL1,23,0,ENSGALG00000017715,-2.212654574578577,-1.203272611903825
ENSGALG00010016341,SLX4,14,0,ENSGALG00000031841;INRAGALG00000101603,-1.6524365181361493,
ENSGALG00010016319,RBM41,4,0,ENSGALG00000004832,-2.733102441667803,-1.6959372633364516
ENSGALG00010012346,NLN,Z,1,ENSGALG00000014769,-0.13970512530490387,0.7484095532649796
ENSGALG00010011340,PKNOX1,1,0,ENSGALG00000016191,-0.49931320755673136,-0.6854414190465363
ENSGALG00010017049,TRAF3,5,0,INRAGALG00000104367;ENSGALG00000011389,-0.9637959057912999,
ENSGALG00010014477,ITPR2,1,0,ENSGALG00000014071;ENSGALG00000048502,-0.5673449924226921,
ENSGALG00010016681,SUSD4,3,0,ENSGALG00000009388,-1.234342751340042,
ENSGALG00010013237,SVOPL,1,0,ENSGALG00000012812,-0.5982002374350016,
ENSGALG00010017716,GPHB5,5,0,ENSGALG00000028839,-1.681361244953917,
ENSGALG00010016648,ADRA2C,4,0,ENSGALG00000015608,-1.9805456157857035,
ENSGALG00010013312,PDCD1LG2,Z,1,ENSGALG00000031794,-0.7213167227943584,-0.7807079900552794
ENSGALG00010015573,MAN1C1,23,0,ENSGALG00000001038,-1.1834489870536804,-2.589068180889281
ENSGALG00010013654,SLC6A7,13,0,ENSGALG00000005672,-1.2317032529355276,
ENSGALG00010015669,INPP4A,1,0,ENSGALG00000029709;INRAGALG00000002349;INRAGALG00000002350;INRAGALG00000002351;INRAGALG00000002352;INRAGALG00000002353,-1.155828942801824,
ENSGALG00010010257,,Z,1,,-1.711981805349274,
ENSGALG00010012873,PTAFR,23,0,ENSGALG00000000777;ENSGALG00000000783,-0.2822042927000423,
ENSGALG00010015123,CEP85L,3,0,ENSGALG00000014892;ENSGALG00000025425,-1.6967534807960265,
ENSGALG00010011558,MYBPC1,1,0,ENSGALG00000012783,-0.24154294745669558,
ENSGALG00010013273,STAG2,4,0,ENSGALG00000008482,-0.15839388701241852,-0.3247839165871861
ENSGALG00010016807,VSIG4,4,0,ENSGALG00000044799,-1.3070999532979881,0.0063082857095279
ENSGALG00010012910,XPNPEP3,1,0,ENSGALG00000025224;ENSGALG00000012003,-1.2194270635985267,
ENSGALG00010015180,PITHD1,23,0,ENSGALG00000003986,-1.841869706326659,-1.2882617621572945
ENSGALG00010014407,YIPF6,4,0,ENSGALG00000035973,-0.7035699606009613,-0.4035496470455219
ENSGALG00010013355,FAM171B,7,0,INRAGALG00000015323;ENSGALG00000002646,-0.5345481262547206,
ENSGALG00010017388,PROSC,22,0,ENSGALG00000003101,-1.4970840610567364,-0.3453443562396159
ENSGALG00010012699,RNF128,4,0,ENSGALG00000041977,-1.1316978704203098,0.2148656196796363
ENSGALG00010012226,SLCO4C1,Z,1,ENSGALG00000026768,0.1773130713927532,
ENSGALG00010015041,TFAP2C,20,0,ENSGALG00000007690,-1.957396827641186,
ENSGALG00010010035,ATP10B,13,0,ENSGALG00000001662,-0.889130579761743,
ENSGALG00010013214,RAI14,Z,1,ENSGALG00000003353,-1.2563543261576688,-0.2023834540534109
ENSGALG00010013944,METTL24,3,0,ENSGALG00000041120;INRAGALG00000011180,-2.1500370296963536,
ENSGALG00010017480,DCDC2B,23,0,ENSGALG00000046649,-1.5724296550579604,-4.658979934028264
ENSGALG00010017447,CAPN13,3,0,ENSGALG00000020084,-1.1075343559302824,
ENSGALG00010015589,FRMD3,Z,1,ENSGALG00000044832;ENSGALG00000012577;INRAGALG00000024634,-0.9212839966768016,
ENSGALG00010015166,YTHDF2,23,0,ENSGALG00000034831,-1.5480106005596248,-0.98441762235141
ENSGALG00010017033,TMEM159,14,0,ENSGALG00000027173;ENSGALG00000052056,-1.0551392211790596,
ENSGALG00010017441,SPSB1,21,0,ENSGALG00000002506,-0.6363495961878542,-0.8790932795589981
ENSGALG00010017550,TM2D2,22,0,ENSGALG00000003356,-2.460966751575098,-2.943406001488394
ENSGALG00010010906,ATP6V1C1,2,0,ENSGALG00000034099,0.02434650463200627,0.9436977689795704
ENSGALG00010017315,HS3ST4,14,0,ENSGALG00000006290,-2.0123418125303183,
ENSGALG00010013757,DGKI,1,0,ENSGALG00000012890,-1.4185201991059335,
ENSGALG00010012845,HDHD2,Z,1,ENSGALG00000034801,-0.7035471245447866,-0.2193080705092212
ENSGALG00010012085,IPO8,1,0,ENSGALG00000012953,-0.37077454551874534,-1.1121461014074605
ENSGALG00010016397,LIAS,4,0,ENSGALG00000049929,-1.0479081122727756,
ENSGALG00010011317,BLK,3,0,ENSGALG00000016661,-1.3085443347170662,-1.6825155166169594
ENSGALG00010014742,PROZ,1,0,ENSGALG00000016832,-0.9356462243473154,-0.7939524311850528
ENSGALG00010015087,GABRA3,4,0,ENSGALG00000007269,-0.6595025879257503,-0.8458242905614999
ENSGALG00010010206,SCARA5,3,0,ENSGALG00000016580,-2.476918171017124,
ENSGALG00010014810,FAM189A2,Z,1,ENSGALG00000015110,-1.2831891733610687,-1.278838138968179
ENSGALG00010012926,OSGEPL1,7,0,ENSGALG00000037727,-0.8971405714518211,-0.5411935583439391
ENSGALG00010013283,PAWR,1,0,ENSGALG00000010320,-1.4324682081685833,-1.7567879463757687
ENSGALG00010013006,GRIK2,3,0,ENSGALG00000015434,-0.36426636931789846,
ENSGALG00010013327,SLF1,Z,1,ENSGALG00000046154;ENSGALG00000027932,-0.10963119140676536,
ENSGALG00010014372,CCDC171,Z,1,ENSGALG00000015103;INRAGALG00000024564;INRAGALG00000105830;ENSGALG00000053886,-1.387729968492982,
ENSGALG00010011895,PHF21B,1,0,ENSGALG00000014218;107054000,-2.3505924269406915,
ENSGALG00010013016,QRSL1,3,0,ENSGALG00000015338,-0.2208305029169223,0.1005451723420697
ENSGALG00010016561,DEGS2,5,0,ENSGALG00000011213,0.21154803781614284,1.422212085406607
ENSGALG00010010438,LDB3,6,0,ENSGALG00000049085;ENSGALG00000001977;ENSGALG00000051152,-1.0461782103541875,
ENSGALG00010013755,ANGPT4,20,0,ENSGALG00000040755;ENSGALG00000031208,-3.2094932307041315,
ENSGALG00010011643,C1orf21,8,0,ENSGALG00000020922,-0.7473157015638778,-1.207243101034699
ENSGALG00010010928,HECW2,7,0,ENSGALG00000007944;ENSGALG00000053501,-1.200364863306493,
ENSGALG00010011308,SPIC,1,0,ENSGALG00000054799,-0.4210474719757814,
ENSGALG00010013880,ZMYM4,23,0,ENSGALG00000002499,-1.1354612650908356,-1.4916444954937724
ENSGALG00010016468,TTC39B,Z,1,ALDBGALG0000006052;ENSGALG00000005416,-0.30313620308195155,
ENSGALG00010016200,MICU3,4,0,ENSGALG00000013661,-0.2413964875767971,-1.5066273849465337
ENSGALG00010013940,UPF3A,1,0,ENSGALG00000050442;ENSGALG00000016815,-1.1340068428983352,
ENSGALG00010015738,CRACDL,1,0,ENSGALG00000016755,-1.5546372250892184,
ENSGALG00010010913,IFT56,1,0,ENSGALG00000011847,-0.8301774911543146,-0.4551365483778004
ENSGALG00010015404,BEND4,4,0,ENSGALG00000014242,-1.6770559364366946,-2.537568732515169
ENSGALG00010014517,DCUN1D2,1,0,ENSGALG00000029145,-0.20005408491289156,0.1763651971702733
ENSGALG00010013823,GUF1,4,0,NONGGAG004174;ENSGALG00000014217,0.6225816472445719,
ENSGALG00010013304,KCNJ15,1,0,ENSGALG00000016055,-0.6725987450053778,1.0785332238137435
ENSGALG00010016862,TXK,4,0,ENSGALG00000050324;ENSGALG00000014127,-0.666027042034961,
ENSGALG00010012771,ITGA2,Z,1,ENSGALG00000014903,-0.10456543185296863,-0.1327552219589426
ENSGALG00010016866,ZNRF2,2,0,ENSGALG00000031163,-1.6104950417402466,-1.68593968432182
ENSGALG00010014884,CECR6,1,0,ENSGALG00000027408,-3.00530299322679,
ENSGALG00010016910,WHSC1,4,0,ENSGALG00000015705;ENSGALG00000025605;ENSGALG00000050742,-0.8314611732266779,
ENSGALG00010017430,CACNA1H,14,0,ENSGALG00000005215,-1.8641183088229134,-2.5081370547545103
ENSGALG00010011143,AK3,Z,1,ENSGALG00000014447,-0.34441674076429263,-0.4814255627811118
ENSGALG00010016974,CFAP96,4,0,ENSGALG00000013287,0.608730779903696,
ENSGALG00010010897,CEP170,3,0,ENSGALG00000010733,-1.194602992707221,-1.50796634760521
ENSGALG00010015135,RIPPLY1,4,0,INRAGALG00000012156,-2.1776384070917802,
ENSGALG00010016937,DHRS7,5,0,ALDBGALG0000004669;INRAGALG00000104386;INRAGALG00000104387;ENSGALG00000030245;ENSGALG00000011921,-1.0801973199903552,
ENSGALG00010012798,MFSD6,7,0,ENSGALG00000041884;ENSGALG00000053979;NONGGAG010514;NONGGAG010515;107053792,-1.1108116987081051,
ENSGALG00010017652,C3H1ORF115,3,0,ENSGALG00000034303,-1.8745974983443867,-1.5104242771829437
ENSGALG00010011993,KIAA1468,2,0,ENSGALG00000012898,-1.12092048537863,-1.149468267479099
ENSGALG00010016067,AHSG,9,0,ENSGALG00000008601,-0.7449112342139816,0.8890838202377983
ENSGALG00010014326,GMNC,9,0,ENSGALG00000026907,-1.8267712205428177,
ENSGALG00010013766,DNM3,8,0,ENSGALG00000033244;ENSGALG00000003164,-0.7911627845393967,
ENSGALG00010013343,KIAA1644,1,0,ENSGALG00000036598,-0.31424987302344987,
ENSGALG00010011996,LRRC70,Z,1,ENSGALG00000014740,-0.6340928710850399,0.5374771428131575
ENSGALG00010010661,CPEB2,4,0,ENSGALG00000014516;INRAGALG00000013167;INRAGALG00000013168,-2.1481435631373653,
ENSGALG00010015917,TMEM63A,3,0,ENSGALG00000009275,0.2542287118502301,0.2506117908714717
ENSGALG00010014740,TRMT9B,4,0,ENSGALG00000042726;INRAGALG00000012980,-0.9904230748644326,
ENSGALG00010013878,ARID2,1,0,ENSGALG00000033074,-0.8660740616087284,-0.7108387370856968
ENSGALG00010016667,WARS,5,0,ENSGALG00000011228,-0.10617877655710006,0.3258145572314816
ENSGALG00010015848,UBE2B,13,0,ENSGALG00000032664;ALDBGALG0000001602;INRAGALG00000004795,-0.5458351954736744,
ENSGALG00010016451,USP46,4,0,ENSGALG00000037496,-0.981074566788718,-2.463545699809725
ENSGALG00010010888,GNPAT,3,0,ENSGALG00000011169,-0.14469999446825954,-1.705764986698136
ENSGALG00010014916,TCTEX1D2,9,0,ENSGALG00000027722;ENSGALG00000007474,-0.3360161889338721,
ENSGALG00010010963,TSPAN14,6,0,ENSGALG00000002414,0.09645346382972442,0.115814273134197
ENSGALG00010014244,SESN1,3,0,ENSGALG00000015286,-0.7890117305749598,-2.009170919461391
ENSGALG00010011297,OSR2,2,0,ENSGALG00000037695,-1.9753247563971876,
ENSGALG00010015931,RBM47,4,0,ENSGALG00000014267;ALDBGALG0000004188,-0.18717599566906407,
ENSGALG00010010007,CTIF,Z,1,ENSGALG00000035912,-2.6310922688256424,-2.58283526128928
ENSGALG00010010890,NOL12,1,0,ENSGALG00000012410,-1.7983528851732302,-0.6739244409233132
ENSGALG00010015709,HNRNPA0,13,0,ENSGALG00000006160,-1.6949000197616435,-1.336578445470656
ENSGALG00010011451,CRHBP,Z,1,ENSGALG00000014994,-1.8103666494476691,
ENSGALG00010010816,AP2S1,38,0,ENSGALG00000048394,-1.6707937826800578,
ENSGALG00010016221,TMEM200B,23,0,ENSGALG00000024318,-2.3095747765283394,-2.7860674378306327
ENSGALG00010017644,RBBP6,14,0,ENSGALG00000006043,-0.907408712135134,-1.6979634417027385
ENSGALG00010013296,AGXT2,Z,1,ENSGALG00000003432,0.313528774772457,1.032017054127084
ENSGALG00010012631,GLRX2,8,0,ENSGALG00000034850,-0.07934133032925295,0.5519315072384252
ENSGALG00010015886,AFF3,1,0,INRAGALG00000002366;INRAGALG00000002367;ENSGALG00000016767;ENSGALG00000025192,-2.219857131551136,
ENSGALG00010013787,ZCCHC10,13,0,ENSGALG00000036666,-3.142603956781604,-0.8632993198224543
ENSGALG00010015021,RBM46,4,0,ENSGALG00000009278,0.3786433253129803,
ENSGALG00010015523,MRPL22,13,0,ENSGALG00000003919,-1.1189771602850684,0.568403163320079
ENSGALG00010015314,GMEB1,23,0,ENSGALG00000038488,-2.122589998843651,-2.840283592488961
ENSGALG00010013587,SLC26A1,Z,1,ENSGALG00000027423,0.03440463195098431,
ENSGALG00010011745,AFAP1L1,13,0,ENSGALG00000039628,-2.6221358020628145,-2.641363809037009
ENSGALG00010016656,CAPN8,3,0,ENSGALG00000009382,-0.8799730550090057,
ENSGALG00010010862,STRN4,38,0,ENSGALG00000047782,-2.792047080362123,
ENSGALG00010009809,SMDT1,1,0,ENSGALG00000011897,-1.7224344137898777,-0.7466034916917632
ENSGALG00010015967,ZSWIM1,20,0,ENSGALG00000052682,-2.732775374493755,
ENSGALG00010013103,C23H1ORF109,23,0,ENSGALG00000045165;ENSGALG00000050167,-1.9238182367707282,
ENSGALG00010015035,SLC35F1,3,0,ENSGALG00000029011,-0.6329643750431766,
ENSGALG00010013235,GCNT7,20,0,ENSGALG00000007717,0.39715187756527726,-1.516962268027001
ENSGALG00010013667,SOWAHA,13,0,ENSGALG00000040802,-2.5613157628504455,-3.003935361079709
ENSGALG00010014399,GAS6,1,0,ENSGALG00000016820,-1.2159185768389964,-0.2504148754977129
ENSGALG00010011417,WFS1,4,0,ENSGALG00000015529,-0.4020400694698286,-0.3682884269979485
ENSGALG00010012497,PLCXD3,Z,1,ENSGALG00000014845,-0.30049628048767674,-0.9306037588831372
ENSGALG00010016763,UBALD1,14,0,ENSGALG00000007619,-2.229117828443167,-2.9424973064727475
ENSGALG00010015964,KLC1,5,0,ENSGALG00000044519;INRAGALG00000014401;INRAGALG00000014402;ENSGALG00000011528,-0.7933147953976596,
ENSGALG00010013142,FAM81B,Z,1,ENSGALG00000044037,-1.26812369458722,
ENSGALG00010017463,PPP1R36,5,0,,-1.207766320883399,
ENSGALG00010015792,MARK3,5,0,ENSGALG00000011505,-0.7615262656750537,-2.7340221885277862
ENSGALG00010012140,GLOD5,4,0,ENSGALG00000025991,-0.963728581203076,-0.9457703905567816
ENSGALG00010014522,FAT2,13,0,ENSGALG00000004320,-1.3214977653883975,
ENSGALG00010017200,KCNQ4,23,0,ENSGALG00000038708,-2.4184334539072525,
ENSGALG00010014572,IL1RAP,9,0,ENSGALG00000007253;ENSGALG00000043496,-1.4413081934458165,
ENSGALG00010017790,R3HCC1L,6,0,ENSGALG00000045403,-2.4556884719744243,-2.358409244335013
ENSGALG00010017318,ADSS1,5,0,ENSGALG00000011618,-0.10955037456164662,-0.4106572933052929
ENSGALG00010016750,SYTL4,4,0,ENSGALG00000006786,-2.397041775375431,-2.026704048034049
ENSGALG00010017460,SERPINA10,5,0,ENSGALG00000020391,0.3443334856664507,1.1506110400716163
ENSGALG00010014645,SLC36A1,13,0,ENSGALG00000038582,-1.8069215352517638,-1.7651690494926395
ENSGALG00010015899,SMARCA1,4,0,ENSGALG00000008431,-0.16446510229767453,-0.1003211168697603
ENSGALG00010016682,GPR141,2,0,ENSGALG00000032363,-0.21886583592316122,
ENSGALG00010016589,FBXO28,3,0,ENSGALG00000009331,-0.8759247005538039,-0.0942747324246796
ENSGALG00010009769,TMCC3,1,0,ALDBGALG0000000650;ENSGALG00000011320,-0.8972715214929492,
ENSGALG00010014982,,1,0,,-1.980592074906046,
ENSGALG00010015436,SLC30A9,4,0,ENSGALG00000031415,-0.32036900876065466,-1.7290956267524138
ENSGALG00010017751,ST3GAL5,4,0,ENSGALG00000033260,0.1821273787260177,-0.1778404632052703
ENSGALG00010016379,TFAP4,14,0,ENSGALG00000027823,-3.613745304302751,-2.7445661444535383
ENSGALG00010013463,EXTL1,23,0,,-2.560164256399587,
ENSGALG00010013040,SLC25A43,4,0,ENSGALG00000008682;ENSGALG00000052031,-1.0954893449203236,
ENSGALG00010012312,SH3TC2,13,0,INRAGALG00000004637;ENSGALG00000051897;INRAGALG00000004638;INRAGALG00000004639;INRAGALG00000004641,-1.9343291258724231,
ENSGALG00010010205,ARL5A,7,0,ENSGALG00000051669,-0.33765663418533287,
ENSGALG00010012880,CLK4,13,0,ENSGALG00000006057,-1.3700073692070216,-1.2021329286774372
ENSGALG00010010358,ASPM,8,0,ENSGALG00000032398,0.3113598357894197,-1.8935187486509248
ENSGALG00010011758,SERPINB12,2,0,ENSGALG00000012872,-0.5751422067747763,-0.1788549720425078
ENSGALG00010017763,POLR1A,4,0,ENSGALG00000050269;ENSGALG00000038160,-0.6501372804848371,
ENSGALG00010013632,SLC1A3,Z,1,ENSGALG00000003582,0.44940851213770994,
ENSGALG00010010106,C7orf73,1,0,ENSGALG00000036355,0.6905014909084152,1.7303158063969963
ENSGALG00010011343,PXDC1,2,0,ENSGALG00000012814,-1.9412079760107521,-0.5562666773580791
ENSGALG00010009665,DGKQ,Z,1,ENSGALG00000002142,-0.9191133600664283,-0.5821070823995456
ENSGALG00010014936,FOXRED2,1,0,ENSGALG00000012530,-1.4110845989508016,-2.523621123579063
ENSGALG00010015163,PLK2,Z,1,ENSGALG00000014725,-0.4321929320590976,-0.4205890586226634
ENSGALG00010013779,SLC52A3,20,0,ENSGALG00000006194,-2.1175580328376835,-1.5306240168348562
ENSGALG00010011899,PHLPP1,2,0,ENSGALG00000012888,-2.020886097202679,-1.8908215740349408
ENSGALG00010016463,FREM1,Z,1,ENSGALG00000005426,-0.8758769142383815,
ENSGALG00010017146,SKOR1,10,0,ENSGALG00000045544;ENSGALG00000029521,-2.4224533566951405,
ENSGALG00010017368,ERLIN2,22,0,ENSGALG00000003092;ENSGALG00000038826,-0.32585401804488046,
ENSGALG00010012974,MFSD7,Z,1,ENSGALG00000020538,-0.4668588452872456,-0.8223047757456975
ENSGALG00010016614,DNAJC19,9,0,ENSGALG00000008852,-0.3990539775283857,0.8673673518189966
ENSGALG00010011617,MAMLD1,4,0,ENSGALG00000009098,-2.211979943891137,-1.5548401736104878
ENSGALG00010013156,ABCC9,1,0,ENSGALG00000013244,-0.21196787488522573,-0.27873261969533
ENSGALG00010017742,C14orf159,5,0,ENSGALG00000010703,-0.3119025762784631,0.6361551557927986
ENSGALG00010016766,AOAH,2,0,ENSGALG00000035505,-1.4030356112904958,0.2380278520841643
ENSGALG00010016457,SMOX,4,0,ENSGALG00000015977,-1.8528648035670903,-0.7362976540547109
ENSGALG00010015636,APBB2,4,0,ENSGALG00000014262;ENSGALG00000047813,-1.4385171388327833,
ENSGALG00010011605,APPL2,1,0,ENSGALG00000027122;ENSGALG00000052687,-0.6571597414615552,
ENSGALG00010012122,GRIP1,1,0,ENSGALG00000009895,-1.0443493347208674,
ENSGALG00010013562,RERGL,1,0,ENSGALG00000013112,-0.34857869527974916,-1.4552900337888162
ENSGALG00010015698,TNFAIP2,5,0,ENSGALG00000011446,-1.1964945646793692,-0.8331772291040439
ENSGALG00010012074,KIAA0930,1,0,ENSGALG00000014226,-0.8323721947621878,-2.173886174479098
ENSGALG00010014576,HRH2,13,0,ENSGALG00000024171,-2.0142822030376966,-4.265033223767493
ENSGALG00010010386,PRPF40A,7,0,ENSGALG00000012526,-0.99614939924458,-1.1342669052368437
ENSGALG00010013258,C8orf59,2,0,ENSGALG00000052650,-0.3065478923895051,
ENSGALG00010011775,VEZT,1,0,ENSGALG00000011357,-1.38630422417081,-1.79462480925504
ENSGALG00010015040,ZC4H2,4,0,ENSGALG00000042725;INRAGALG00000011952,-1.5325197811531526,
ENSGALG00010013100,ZFPM2,2,0,ENSGALG00000040079,-1.3365632924784194,-2.5894869935267115
ENSGALG00010016345,CTSZ,20,0,ENSGALG00000007462,-0.28094188636679385,0.272162647316338
ENSGALG00010013917,TRPC5,4,0,ENSGALG00000047384;ENSGALG00000007972;ALDBGALG0000004020,-1.1164098134877836,
ENSGALG00010010334,ZBTB41,8,0,ENSGALG00000002305,-1.1858840878382697,-1.6175738998080582
ENSGALG00010010456,BMP6,2,0,ENSGALG00000012787,-1.4525512946185677,-1.9050249221803452
ENSGALG00010014626,C2CD5,1,0,ENSGALG00000013210,-0.541245429075842,-0.4684370299352954
ENSGALG00010015772,TSGA10,1,0,ENSGALG00000016757,-1.6165875345768266,
ENSGALG00010013175,HIPK2,1,0,ENSGALG00000012792;ALDBGALG0000000150,-2.0222058095054383,
ENSGALG00010010933,ANAPC4,4,0,ENSGALG00000014378,-0.9921818855827229,-1.1379921572120453
ENSGALG00010015544,RTCB,1,0,ENSGALG00000012611,-0.18612166575380107,0.1434412652010809
ENSGALG00010010394,MRPL42,1,0,ENSGALG00000011293,-0.44217757123680046,0.4966557006452234
ENSGALG00010014570,KIF27,Z,1,ENSGALG00000012588,-1.188150215422906,-0.4520571215542898
ENSGALG00010011379,CELF4,Z,1,ENSGALG00000038930;ALDBGALG0000005762;ENSGALG00000050344;ENSGALG00000002413;ENSGALG00000048972;ALDBGALG0000005763,-0.6805139405680447,
ENSGALG00010013021,SLC25A5,4,0,ENSGALG00000008675,-1.2064677909050503,0.2404573715100444
ENSGALG00010015918,BICD1,1,0,ALDBGALG0000000699;INRAGALG00000100691;ENSGALG00000012934,-2.044623580852624,
ENSGALG00010016978,FAM181A,5,0,ENSGALG00000054735,-2.42294045091912,
ENSGALG00010014323,KLF4,Z,1,,-2.280294143578611,
ENSGALG00010016241,TOPAZ1,2,0,ENSGALG00000054787,-0.7796188858274551,
ENSGALG00010017369,CAPN14,3,0,ENSGALG00000009069,-1.061557457496572,
ENSGALG00010010810,GALT,Z,1,ENSGALG00000026195,-2.732027417847225,-2.5219276977369374
ENSGALG00010016960,GJB3,23,0,,-1.7948792080745095,
ENSGALG00010016113,DTWD1,10,0,ENSGALG00000005673,-0.13736915456149845,0.8295904492040902
ENSGALG00010012767,JOSD1,1,0,ENSGALG00000041766;NONGGAG000239,-1.6969064502757445,
ENSGALG00010013732,FNTA,Z,1,ENSGALG00000015397;ENSGALG00000044789,-0.6710249505716788,
ENSGALG00010009708,SMIM45,1,0,ENSGALG00000049127,-1.1535712579977813,
ENSGALG00010013492,B3GALT5,1,0,,-0.7102466543977275,
ENSGALG00010012583,NDUFAF6,2,0,ENSGALG00000040366,-0.40154682332323655,-1.828851322863136
ENSGALG00010017423,TMEM204,14,0,ENSGALG00000029047,-1.424790099780454,-1.8513995154427023
ENSGALG00010010958,LCORL,4,0,ENSGALG00000014421;ENSGALG00000051383;ENSGALG00000054173,-1.1104585555036421,
ENSGALG00010017487,C1QTNF8,14,0,ENSGALG00000005253,-1.7394354079182173,-2.287008525392711
ENSGALG00010017211,UBFD1,14,0,ENSGALG00000006117,-1.3804657212673215,-1.2336997408615438
ENSGALG00010011859,NTN4,1,0,ENSGALG00000011406,-2.2090843944971232,-2.4098382475627496
ENSGALG00010015811,CTNNBL1,20,0,ENSGALG00000006817,-1.6941397842547588,-0.7527965236213477
ENSGALG00010013928,CCNO,Z,1,ENSGALG00000028595,-3.2748015092437037,
ENSGALG00010013013,DCSTAMP,2,0,ENSGALG00000033520,0.01248623012272665,-0.5219248112930359
ENSGALG00010014934,MAMDC2,Z,1,ENSGALG00000015115;ENSGALG00000025424,-0.39790593165764837,
ENSGALG00010013742,RSPO4,20,0,ENSGALG00000023640,-2.5042608070461356,
ENSGALG00010013677,GABRG1,4,0,ENSGALG00000020143,0.3035496399636658,
ENSGALG00010010962,ANKDD1B,Z,1,ENSGALG00000014958,-0.8495614690849325,-2.6593638004573465
ENSGALG00010014089,FIG4,3,0,ENSGALG00000015070,-0.22442242564613746,0.3768737182712614
ENSGALG00010012135,CAMSAP2,8,0,ENSGALG00000002145,-0.7498511684426051,-1.5997953287185285
ENSGALG00010010254,WDR41,Z,1,ENSGALG00000004350,-0.593361229360973,-0.1361258539794652
ENSGALG00010016783,CLBA1,5,0,ENSGALG00000011690,-1.81583118491967,-1.3003241028314567
ENSGALG00010011628,MATN2,2,0,ENSGALG00000044675,-0.7735986714757583,0.1572529095476192
ENSGALG00010013315,UBXN11,23,0,ENSGALG00000054685,-1.7344860576740848,
ENSGALG00010016900,CISD2,4,0,ENSGALG00000027860,-0.15917029476845734,0.6320628919696616
ENSGALG00010016640,OCIAD1,4,0,ENSGALG00000014081,-0.951314390317708,-0.3033972780257227
ENSGALG00010010188,DSP,2,0,ENSGALG00000012790,-1.1353905158349735,-0.6022247707111585
ENSGALG00010011104,ABCG1,1,0,ENSGALG00000016164,-0.3296108599290375,-1.0681013838451627
ENSGALG00010013084,SGSM3,1,0,ENSGALG00000012033,-2.0778225649884443,-1.5631164464457346
ENSGALG00010010857,SEL1L3,4,0,ENSGALG00000039549,0.10358349476460837,-1.471704941140095
ENSGALG00010009671,MINAR2,Z,1,ENSGALG00000027692,-1.1072448077699686,
ENSGALG00010015025,TRAF3IP1,7,0,ENSGALG00000004236,-1.1273724129055962,-2.185120635148862
ENSGALG00010014124,AK9,3,0,ENSGALG00000015224;ENSGALG00000053383,-0.4054336125260506,
ENSGALG00010016584,EHBP1,3,0,ENSGALG00000040348,-1.4605309463690717,-4.546940216178446
ENSGALG00010015498,MID2,4,0,ENSGALG00000003860,-2.4179071124584697,-2.9493166218545537
ENSGALG00010013930,DDO,3,0,,-0.48425092737051706,
ENSGALG00010013207,C1QTNF3,Z,1,ENSGALG00000027887,-1.0777782532218565,
ENSGALG00010012650,DSE,3,0,ENSGALG00000014963,-0.6528195024370673,-1.7656322576942132
ENSGALG00010011655,SORCS2,4,0,ENSGALG00000015554;INRAGALG00000013220,-0.532886777603264,
ENSGALG00010010761,MEI1,1,0,ENSGALG00000031186;ENSGALG00000050576;ENSGALG00000037207,-2.0621972967397486,
ENSGALG00010015845,SAP30L,13,0,,-2.063774626304413,
ENSGALG00010015620,PDRG1,20,0,ENSGALG00000035111,-2.190659153726773,-1.7302758042160058
ENSGALG00010010573,CEP83,1,0,ENSGALG00000019336,-1.421538498867544,-1.9017111064149737
ENSGALG00010010977,FARS2,2,0,ENSGALG00000042481,-0.8229789234797266,-0.2873565493424649
ENSGALG00010012263,SHLD3,Z,1,ENSGALG00000031991;ENSGALG00000014767,-0.6860959908150638,
ENSGALG00010016767,SLAIN2,4,0,ENSGALG00000014115,-2.2988902997015708,-1.6971394500716204
ENSGALG00010013423,ZNF804A,7,0,ENSGALG00000052136;ENSGALG00000051162;ALDBGALG0000005251;ENSGALG00000023886;NONGGAG004858,-1.4941474087063125,
ENSGALG00010013344,OSMR,Z,1,ENSGALG00000048563;ENSGALG00000003747,-0.6850241372972853,
ENSGALG00010012923,MLANA,Z,1,ENSGALG00000019756,0.09200474184321938,
ENSGALG00010016994,ATL2,3,0,ENSGALG00000037289,-0.42926942605852814,0.3613044666757868
ENSGALG00010016340,RGS12,4,0,INRAGALG00000104167;ENSGALG00000015626;ENSGALG00000054081,-0.797525632938962,
ENSGALG00010012535,JMY,Z,1,ENSGALG00000014819,-1.9216650924969674,-1.8264684960329896
ENSGALG00010013001,ADGRV1,Z,1,ENSGALG00000032066;ENSGALG00000051502;ENSGALG00000054474;ENSGALG00000043556,-0.03857592681686217,
ENSGALG00010017106,CRYM,14,0,ENSGALG00000002484,-1.5771387632854272,-0.695495442565708
ENSGALG00010016905,C1QC,21,0,ENSGALG00000029669,-1.4969492537897773,-0.3892621040763079
ENSGALG00010012160,SYT4,Z,1,ENSGALG00000042626,-0.622529429820005,
ENSGALG00010016476,PDYN,20,0,INRAGALG00000008683;ENSGALG00000047130,-2.775897950844033,
ENSGALG00010012430,F13B,8,0,ENSGALG00000002369,0.011101810533648448,0.3911970261611343
ENSGALG00010009717,EDN1,2,0,ENSGALG00000012735,-1.301478856322545,-0.4457626870434484
ENSGALG00010013758,FAM3B,1,0,ENSGALG00000016140,-0.7294548117326312,
ENSGALG00010016482,EML1,5,0,ENSGALG00000039735,-0.6530054980219129,0.3658352744747328
ENSGALG00010013152,TBXAS1,1,0,ENSGALG00000012791,-0.4338664146913513,-0.076171454049918
ENSGALG00010011876,AMDHD1,1,0,ENSGALG00000011414,-0.45731051819833657,0.3594352594363086
ENSGALG00010012104,SMC1B,1,0,ENSGALG00000014228,-0.19611128425131685,
ENSGALG00010010279,CCSAP,3,0,ENSGALG00000011084,-1.5611567236484436,-0.9796600672404616
ENSGALG00010010300,DENND1B,8,0,ENSGALG00000002246,-1.003729985514159,-1.414988435869483
ENSGALG00010016377,FRMPD3,4,0,ENSGALG00000028975,-2.4111346362512407,
ENSGALG00010010854,LRIT1,6,0,ALDBGALG0000004888;ENSGALG00000002303,-1.2322731359548351,
ENSGALG00010010747,SYCP2L,2,0,,-1.018424715534854,
ENSGALG00010016817,GGCT,2,0,ENSGALG00000030552,-0.6912865341601534,0.853724661180687
ENSGALG00010012571,AGAP1,7,0,ENSGALG00000004045;ENSGALG00000025253,-1.7519338675694325,
ENSGALG00010010499,NR4A2,7,0,ENSGALG00000012538,-2.2836911704470757,
ENSGALG00010010783,F2RL2,Z,1,ENSGALG00000023379,0.30352850375669893,0.9824022027154744
ENSGALG00010014750,LONRF1,4,0,ENSGALG00000013725,-1.185569406273746,-0.2714816515374791
ENSGALG00010016987,ASB2,5,0,ENSGALG00000010881,-1.0329208024025716,-1.832096112795932
ENSGALG00010013679,MFSD4B,3,0,ENSGALG00000049668,-0.5381383990649908,
ENSGALG00010013246,LNPEP,Z,1,ENSGALG00000015301,-0.3436671182656006,-0.2767454934432403
ENSGALG00010013104,HLCS,1,0,ENSGALG00000016047,-0.39224453652632735,0.1121866763964841
ENSGALG00010016355,MCF2L2,9,0,ENSGALG00000008744,-0.8866610914586851,-1.4641689008628496
ENSGALG00010011677,EDEM3,8,0,ENSGALG00000004806,-0.34478416556657454,-1.745653296690122
ENSGALG00010010604,HIVEP1,2,0,ENSGALG00000012739,-1.5684911441314549,-2.766471072289533
ENSGALG00010012606,ATP5O,1,0,ENSGALG00000041812,-1.2053772033418404,0.0789946234616595
ENSGALG00010016543,TCEA3,23,0,ENSGALG00000050173,-2.340523088682438,
ENSGALG00010012069,ERP27,1,0,ENSGALG00000011739,-1.311968196212392,
ENSGALG00010010496,MRPL17,Z,1,ENSGALG00000002605,-1.752168982795098,-0.874260402459428
ENSGALG00010013316,KDM7A,1,0,ENSGALG00000035108,-0.7993218346816922,-1.0185952528531703
ENSGALG00010012812,DECR1,2,0,ENSGALG00000036990,0.48475268259970405,1.0184694981028062
ENSGALG00010016117,MEIKIN,13,0,ENSGALG00000044678,-1.6685786151115272,-1.9018533434567493
ENSGALG00010015261,IQCG,9,0,ENSGALG00000007607,-1.2763948693018436,
ENSGALG00010009989,TBC1D7,2,0,ENSGALG00000012731;INRAGALG00000007126,-0.6062631022172827,
ENSGALG00010015660,KLHL3,13,0,INRAGALG00000004771;ENSGALG00000006160;ENSGALG00000039124,-0.7178246906378816,
ENSGALG00010011949,ABCA12,7,0,ENSGALG00000003553;ENSGALG00000049012;INRAGALG00000015360,-0.934878251822193,
ENSGALG00010014873,FAM26F,3,0,ENSGALG00000014962,-1.3708801634563357,0.8432507864657524
ENSGALG00010016073,SAXO1,Z,1,,-0.6267155021549676,
ENSGALG00010016274,ZNF831,20,0,ENSGALG00000049068,-1.5080987931206016,
ENSGALG00010017666,C2orf71,3,0,ENSGALG00000009007,-1.6410703655553838,
ENSGALG00010014617,GRTP1,1,0,ENSGALG00000016828,-0.2971686086963854,-1.1595327849249004
ENSGALG00010016137,STARD3NL,2,0,ENSGALG00000033038,-0.2635134285950582,-1.7584713147947153
ENSGALG00010013381,DENND2A,1,0,ENSGALG00000012857,-2.0586854053230437,-3.0104278037175303
ENSGALG00010016879,RNF130,13,0,ENSGALG00000005820;INRAGALG00000101418,-1.5571337375774963,
ENSGALG00010010678,KCNIP1,13,0,ENSGALG00000002132;ALDBGALG0000001563;ALDBGALG0000001564,-0.6579705004073677,
ENSGALG00010015386,SLC24A4,5,0,ENSGALG00000010793,-0.16582602934969237,-0.9861416818800968
ENSGALG00010017696,SLC18A1,22,0,ENSGALG00000001693,-1.3216362503760852,
ENSGALG00010012963,UIMC1,13,0,ENSGALG00000001158,-2.719699738724379,-2.759598166022447
ENSGALG00010011482,DMRT2,Z,1,ENSGALG00000026790,-1.5681052505033959,
ENSGALG00010016458,ZC3H12A,23,0,ENSGALG00000002021,-1.8195582683413936,-1.0597914971737332
ENSGALG00010013808,HRASLS,9,0,ENSGALG00000007193,-1.7344467014295302,-1.377916227664791
ENSGALG00010011916,MCAT,1,0,ENSGALG00000034275,-1.9604476049301764,-1.4037754507375158
ENSGALG00010013012,TMEM182,1,0,ENSGALG00000038936,0.19858349149015242,
ENSGALG00010010418,BRINP2,8,0,ENSGALG00000004448,-2.7847916930572585,
ENSGALG00010013144,TEDC1,8,0,ENSGALG00000027492,-2.084544443988939,-1.6890564261462593
ENSGALG00010014931,RNF145,13,0,ENSGALG00000003691,-0.940610582900031,-1.7865137028443852
ENSGALG00010012090,HELB,1,0,ENSGALG00000009885,-0.8136212176397296,-1.5493087312634688
ENSGALG00010012830,ARRDC3,Z,1,ENSGALG00000025915,-1.2070606642324657,-0.8967766259058507
ENSGALG00010009683,ADAMTS19,Z,1,ENSGALG00000000151,-1.0688663366615367,
ENSGALG00010016658,ZAR1,4,0,ENSGALG00000035565,-1.3536335515637927,
ENSGALG00010014203,TMEM38B,Z,1,ENSGALG00000027472,-0.2694962820940755,-0.2094222087285364
ENSGALG00010012788,RGS1,8,0,ENSGALG00000002549,-1.1401950177850402,-1.038510347973348
ENSGALG00010016746,HDGFRP3,10,0,ENSGALG00000049798,-1.171577670029138,
ENSGALG00010017663,ZMYND12,21,0,ENSGALG00000033138,-0.8908739685364441,
ENSGALG00010013363,HS3ST5,3,0,ENSGALG00000026594,-0.8195428343229012,
ENSGALG00010014142,PPIL6,3,0,ENSGALG00000015237,-0.9942991945556638,-0.8931388471626037
ENSGALG00010017094,SORBS2,4,0,ENSGALG00000013427,-1.0512295804974767,
ENSGALG00010010405,EVA1C,1,0,ENSGALG00000032882,-1.0484117213662296,-2.348489118299216
ENSGALG00010017346,GM2A,13,0,ENSGALG00000027534,-2.7992065597525824,-0.1573216550727
ENSGALG00010013179,TBC1D30,1,0,ENSGALG00000009859,-1.3469798827462531,-2.515862903465228
ENSGALG00010015050,HIVEP3,23,0,ENSGALG00000055093;ENSGALG00000047846;ENSGALG00000027365,-2.487119853942172,
ENSGALG00010013146,TNRC6B,1,0,ENSGALG00000012050,-1.7495486844521098,-1.8587768255892063
ENSGALG00010015032,C1orf216,23,0,ENSGALG00000051443,-3.252540055745422,
ENSGALG00010011683,NIPAL2,2,0,ENSGALG00000032718,-0.12095616527196762,
ENSGALG00010010825,MAK,2,0,ENSGALG00000012770,-0.5397565487425577,-0.2442273288892296
ENSGALG00010012230,PTPRQ,1,0,ENSGALG00000051132;ENSGALG00000010935,0.045893295306888016,
ENSGALG00010014145,METTL11B,8,0,INRAGALG00000015944;107053931;ENSGALG00000051748;ENSGALG00000053413;ENSGALG00000025200,-1.2885566455024755,
ENSGALG00010017615,AGTRAP,21,0,ENSGALG00000004623,-0.43963796231689645,-0.0913006214281419
ENSGALG00010012965,UHRF2,Z,1,,-0.6045116601217138,
ENSGALG00010015443,PAK3,4,0,ALDBGALG0000004303;ALDBGALG0000004304;ENSGALG00000008058;ENSGALG00000025153;NONGGAG003915;ENSGALG00000049899,-0.6119586568761485,
ENSGALG00010017215,FRMD7,4,0,ENSGALG00000023843,-2.3866316960252756,
ENSGALG00010017142,NMNAT1,21,0,ENSGALG00000043318,-0.9208703050123918,0.6352177826446389
ENSGALG00010011819,USP44,1,0,ENSGALG00000011400,-1.0879312931033773,-2.4563587301347414
ENSGALG00010016083,CDH22,20,0,ENSGALG00000007211;INRAGALG00000008717,-2.359746762766994,
ENSGALG00010016918,RCOR1,5,0,ENSGALG00000011384,-1.1534549779129986,-0.789069000103581
ENSGALG00010012206,RIBC1,1,0,ENSGALG00000014232,-1.2754592513366936,
ENSGALG00010012903,RGMB,Z,1,,-1.1836039648489356,
ENSGALG00010012229,FSBP,2,0,ENSGALG00000043597;ENSGALG00000037933,-1.0261492924764917,
ENSGALG00010013861,TCF15,20,0,,-2.9077219558661507,
ENSGALG00010013464,ABCB7,4,0,ENSGALG00000007788;ENSGALG00000050618,-0.18697169746100362,
ENSGALG00010016560,DCUN1D4,4,0,ENSGALG00000014078,-0.24879493249706308,0.5320125097596538
ENSGALG00010017707,AK2,23,0,ENSGALG00000003597,-1.6903307608363032,-0.9474823520781512
ENSGALG00010017743,KCNH5,5,0,ENSGALG00000011858;INRAGALG00000014477,-1.0278456447234583,
ENSGALG00010013502,PAFAH2,23,0,ENSGALG00000021658,-1.9983579265600881,-1.3355760410098552
ENSGALG00010016775,C14orf39,5,0,ENSGALG00000036504,-0.6004304367377158,
ENSGALG00010017289,ADGRB2,23,0,ENSGALG00000043209,-2.682126682919467,
ENSGALG00010012863,KCNE1,1,0,ENSGALG00000016012;NONGGAG007613,-1.2355362056660808,
ENSGALG00010017305,HS3ST2,14,0,,-2.1990256048227375,
ENSGALG00010012039,ODF1,2,0,ENSGALG00000035199,-2.1104803502600618,
ENSGALG00010016519,MEX3B,10,0,ENSGALG00000032984,-2.5430298022031903,
ENSGALG00010012126,SIGLEC15,Z,1,ENSGALG00000047232,-1.8668934612355392,
ENSGALG00010013356,AMER1,4,0,ENSGALG00000007599;ALDBGALG0000004013,-2.4475138886072476,
ENSGALG00010017174,DHX57,3,0,ENSGALG00000041558;ENSGALG00000048345;ENSGALG00000053399,-0.9314303128047943,
ENSGALG00010017335,THUMPD2,3,0,ENSGALG00000009119,-0.7319494834251064,-1.2509136394161997
ENSGALG00010016591,HOMER2,10,0,ENSGALG00000006008,-1.9692343874951632,-2.115912279374019
ENSGALG00010013174,ADAMTS12,Z,1,INRAGALG00000024199;ENSGALG00000003295,-1.040643406254934,
ENSGALG00010016287,BCL11B,5,0,ENSGALG00000039966;ENSGALG00000031862,-2.174274675051505,
ENSGALG00010010991,C2CD2,1,0,ENSGALG00000016148;INRAGALG00000100810,-1.761320513726007,
ENSGALG00010011874,KCNS2,2,0,ENSGALG00000043764,-1.3666142084379271,
ENSGALG00010016372,DNAAF6,4,0,ENSGALG00000004870,-1.4708226584634478,-0.5012013755974444
ENSGALG00010011681,MAP1B,Z,1,ENSGALG00000014999,-1.0553491825964612,
ENSGALG00010012669,ERCC8,Z,1,ENSGALG00000014732,-0.6039228175401996,-1.3468946391977277
ENSGALG00010011381,C12orf29,1,0,ENSGALG00000011168;NONGGAG000175,-0.5219819314927947,
ENSGALG00010015486,MTFR1L,23,0,ENSGALG00000000998,-1.428030352091799,-1.4465344311363642
ENSGALG00010013180,C5orf24,13,0,ENSGALG00000006371,-1.003803955577752,-0.4891690264250068
ENSGALG00010012001,FAM102B,8,0,ENSGALG00000001951;INRAGALG00000019417;ENSGALG00000040560,-1.0037217927790738,
ENSGALG00010011306,ECI2,2,0,ENSGALG00000012809,-0.5430403596059123,0.4905773998283117
ENSGALG00010014567,UTP11,23,0,ENSGALG00000001502,-0.5785701782638761,-0.1060823643072358
ENSGALG00010016556,ASAP3,23,0,ENSGALG00000036949,-2.8496297571310487,-3.8940339539700095
ENSGALG00010015632,COL4A5,4,0,ENSGALG00000008141,-0.5494700179890855,-1.378968772636622
ENSGALG00010010850,,2,0,ENSGALG00000051398,-1.0704514137508216,
ENSGALG00010016182,ELMO2,20,0,ENSGALG00000007246,-1.4263491582157466,-1.1205611390078205
ENSGALG00010015391,SYN3,1,0,ENSGALG00000033589;ENSGALG00000038180,-1.4483796072166844,
ENSGALG00010010448,GALNT13,7,0,ENSGALG00000012536,-1.1567672130208928,
ENSGALG00010016299,SRSF4,23,0,ENSGALG00000050314,-2.3439682611320425,
ENSGALG00010011887,PGM5,Z,1,ENSGALG00000014995,-0.6254315066577987,-0.5260911077645135
ENSGALG00010012051,RNF165,Z,1,ALDBGALG0000005970;ENSGALG00000031018,-2.6565459673838716,
ENSGALG00010015502,BPIFB6,20,0,ENSGALG00000006674,-2.1143303440285424,
ENSGALG00010017533,FAM193A,4,0,ENSGALG00000047142;ENSGALG00000015667;NONGGAG004220;INRAGALG00000013252,-1.1541756911070826,
ENSGALG00010010429,TLX3,13,0,ENSGALG00000002191,-2.353877446244195,
ENSGALG00010013322,IRS2,1,0,,-2.759622183443176,
ENSGALG00010011353,,7,0,,-0.37755354817779374,
ENSGALG00010017477,MCF2,4,0,ENSGALG00000006562,-1.5492579606868757,-2.423434986743364
ENSGALG00010012274,B4GALNT3,1,0,ENSGALG00000012988,-1.7662195136788192,
ENSGALG00010017495,NT5M,14,0,ENSGALG00000004842,-1.9360963035659253,-2.680018315027312
ENSGALG00010015474,PHOX2B,4,0,ENSGALG00000014250,-2.1845920734710207,
ENSGALG00010017760,,14,0,ENSGALG00000030888,-1.5566839799132044,-1.893088820192938
ENSGALG00010015802,TRPC7,13,0,ENSGALG00000006297,-0.38125093197362747,
ENSGALG00010015128,OCRL,4,0,ENSGALG00000003920,-1.7972088725277389,-2.355088366096349
ENSGALG00010010898,PHF24,Z,1,ENSGALG00000001900,-3.3044408892521053,
ENSGALG00010016415,RASGRF1,10,0,ENSGALG00000008262,-2.5280947585593787,
ENSGALG00010011055,TOR3A,8,0,ENSGALG00000004216,-1.86613795111109,-2.03993338604731
ENSGALG00010012442,CPLX1,Z,1,ENSGALG00000015332,-0.6913598835071504,
ENSGALG00010015131,DOK5,20,0,ENSGALG00000007786,-1.577091211137565,
ENSGALG00010014371,TTC33,Z,1,ENSGALG00000014826,-0.8555840012004933,-1.2036689920391732
ENSGALG00010017280,SOS1,3,0,ENSGALG00000039450,-0.8345763525163346,-2.237900968606308
ENSGALG00010013995,REM1,20,0,ENSGALG00000045602,-2.8923815903073256,-2.0726762698121552
ENSGALG00010015855,NIPAL3,23,0,ENSGALG00000004268;ALDBGALG0000003092,0.6730127904479645,
ENSGALG00010010689,POFUT2,7,0,ENSGALG00000047621;ENSGALG00000006141,-0.606413504923454,
ENSGALG00010010154,IQSEC3,1,0,,-2.02173899486662,
ENSGALG00010010625,FAM169A,Z,1,ENSGALG00000014943;ALDBGALG0000005808,-1.1614793215698311,
ENSGALG00010010784,CCDC148,7,0,ENSGALG00000012555,-0.6121124732836407,
ENSGALG00010016017,RAPGEF6,13,0,INRAGALG00000022826;INRAGALG00000022827;ENSGALG00000029896,-1.5905423325833112,
ENSGALG00010015963,DIPK2A,9,0,ENSGALG00000002347,-1.8405417294932933,-2.246819916983127
ENSGALG00010016814,HMGXB3,13,0,ENSGALG00000005770,-1.66438491399682,-2.866472005566463
ENSGALG00010017057,NDUFAB1,14,0,ENSGALG00000006073,-1.106496625119735,0.2708699631550705
ENSGALG00010010284,CCDC25,3,0,ENSGALG00000016586,-0.47694900719969535,0.0498805233028389
ENSGALG00010016533,CNIH4,3,0,ENSGALG00000030269,-0.14724369716442498,0.5706137835963455
ENSGALG00010016915,PLOD2,9,0,ENSGALG00000006783,0.11911542756829319,0.2984546743857352
ENSGALG00010010905,ENC1,Z,1,ENSGALG00000014930;INRAGALG00000024442,-1.0383825786447944,
ENSGALG00010017658,WHAMM,10,0,ENSGALG00000006002,-1.522685546572633,-1.5390837273190954
ENSGALG00010012962,SLC25A17,1,0,ENSGALG00000012013,-0.40440110863735185,0.1121762638548131
ENSGALG00010014952,C21orf58,7,0,NONGGAG004898;ENSGALG00000047637,-1.1137297843309257,
ENSGALG00010015974,VPS37A,4,0,ENSGALG00000013646,-0.9326128907962614,-0.2232534872249214
ENSGALG00010010940,NRG3,6,0,ENSGALG00000054100;ENSGALG00000047881;NONGGAG010370,-1.5462505033470828,
ENSGALG00010012131,SLC14A2,Z,1,,-0.6386555359611807,
ENSGALG00010011699,TIAM1,1,0,ENSGALG00000015842;NONGGAG007609,-1.5795350535777872,
ENSGALG00010015481,GOLGA5,5,0,ENSGALG00000010813,-1.2735912739341675,-0.1363429571452764
ENSGALG00010014745,LSM10,23,0,ENSGALG00000032925;ENSGALG00000002127,-2.8876732272472485,
ENSGALG00010010856,CSDC2,1,0,ENSGALG00000030101;INRAGALG00000000822,-2.264227983047416,
ENSGALG00010013253,SHB,Z,1,ENSGALG00000026811,-1.8306282720294784,-2.6562273803792755
ENSGALG00010013583,FASLG,8,0,INRAGALG00000015927;NONGGAG005110;INRAGALG00000105062;ENSGALG00000003076,-1.6495152016168424,
ENSGALG00010010870,NOL6,Z,1,ENSGALG00000030730,-1.7169838125407564,-1.000042385291973
ENSGALG00010011875,PSD2,13,0,ENSGALG00000030836,-2.11741329301616,-3.228013866509188
ENSGALG00010015684,PDE6D,9,0,ENSGALG00000033062,-0.8216898744720152,-0.9273359586317476
ENSGALG00010011886,NTNG1,8,0,ENSGALG00000031122,-0.5738130448460486,-2.995907310594931
ENSGALG00010016742,TRMT12,4,0,ENSGALG00000006773,-2.2269355906264248,-3.7639073853480176
ENSGALG00010010868,SLC39A10,7,0,ENSGALG00000007777,-0.8199878887810104,-0.3651523799115242
ENSGALG00010012791,C8orf37,2,0,ENSGALG00000038971,-1.0606775977815657,-1.4690042849026448
ENSGALG00010010944,NPHS2,8,0,ENSGALG00000004163,-1.3532666175679724,
ENSGALG00010011953,CDK17,1,0,ENSGALG00000011456,-0.4638275384217021,-0.0329738334585835
ENSGALG00010011166,SOX7,3,0,ENSGALG00000041296,-2.470772532122318,-1.4194436533128312
ENSGALG00010016738,NAA60,14,0,ENSGALG00000042322;ALDBGALG0000001660,-0.9805412390300788,
ENSGALG00010015362,ATP9A,20,0,ENSGALG00000007912;ENSGALG00000034664,-1.1194728213549558,
ENSGALG00010011913,CXXC5,13,0,ENSGALG00000000884,-1.4515026305272754,-0.0340618213499823
ENSGALG00010010927,C9orf24,Z,1,ENSGALG00000046225,-1.2880045097917292,
ENSGALG00010011649,MRPS27,Z,1,ENSGALG00000015002,-0.5317089825251571,0.6626499168867774
ENSGALG00010010572,AQP3,Z,1,ENSGALG00000002452,-0.197999478302059,0.571143188873065
ENSGALG00010016514,FAM198A,2,0,INRAGALG00000006782;ENSGALG00000037533,-2.8242609708508284,
ENSGALG00010014935,PCYT1A,9,0,ENSGALG00000027722;ENSGALG00000007474,-1.3432754886279774,
ENSGALG00010017381,CA6,21,0,ENSGALG00000002390,-2.1158254998426456,-2.5747518775897804
ENSGALG00010014550,SCML4,3,0,ENSGALG00000049952;ENSGALG00000049020,-2.151772274015841,
ENSGALG00010016619,SLC25A47,5,0,INRAGALG00000014325;ENSGALG00000011225,-0.534790611076759,
ENSGALG00010013177,OXR1,2,0,ENSGALG00000042182;ENSGALG00000025532,-1.0075100396002024,
ENSGALG00010011673,POP1,2,0,ENSGALG00000032042,-1.009126386135312,-1.3521521765560949
ENSGALG00010015563,B3GNT7,9,0,INRAGALG00000016784;INRAGALG00000016785;INRAGALG00000016786;INRAGALG00000016787;ENSGALG00000007701,-1.72470331482632,
ENSGALG00010017119,BTBD6,5,0,ENSGALG00000033813,-1.6110194182170923,-1.5782164840464894
ENSGALG00010011348,SLC22A23,2,0,ENSGALG00000012816,-1.289825459430058,-3.009799610205224
ENSGALG00010011399,JAKMIP1,4,0,ENSGALG00000015528;INRAGALG00000104161;INRAGALG00000013204;INRAGALG00000104164;INRAGALG00000104165,-1.3338492843203942,
ENSGALG00010011571,FAM214B,Z,1,ENSGALG00000002069;INRAGALG00000024152,-2.883125697137686,
ENSGALG00010017765,SYT16,5,0,INRAGALG00000014480;ENSGALG00000011861,-1.887341229586076,
ENSGALG00010012341,GOPC,3,0,ENSGALG00000014902,-0.9809299571319985,-1.1208453674053442
ENSGALG00010013772,KIAA0319L,23,0,ENSGALG00000002445,-1.7753335465114426,-2.8335247230679643
ENSGALG00010014882,XPNPEP2,4,0,ENSGALG00000025935,-2.4217597112896643,-1.3112511187266327
ENSGALG00010017699,RNF19B,23,0,ENSGALG00000050943;NONGGAG003031;INRAGALG00000009208;INRAGALG00000009209,-2.5343108666957046,
ENSGALG00010012521,HOMER1,Z,1,ENSGALG00000014813,-1.4108587587824069,-2.55915476279642
ENSGALG00010015814,PAQR9,9,0,ENSGALG00000021180,-2.3920468597962756,-3.3958444004027784
ENSGALG00010014922,MAN1A1,3,0,ENSGALG00000014878,-0.7471903247913271,-2.0527273920700884
ENSGALG00010011139,UBASH3A,1,0,ENSGALG00000016173,-1.3369017774051608,-1.6332956290550165
ENSGALG00010017656,FSD2,10,0,ENSGALG00000005996,-1.2538546336231342,
ENSGALG00010010457,AGGF1,Z,1,ENSGALG00000004311,-0.6957727826896563,-2.662554425418631
ENSGALG00010013737,AFF4,13,0,ENSGALG00000030147;INRAGALG00000101489;NONGGAG001429,-1.76988609209679,
ENSGALG00010009985,USP16,1,0,ENSGALG00000015813,-0.860638214796402,-0.5939473310361222
ENSGALG00010016043,ADAMTSL1,Z,1,ENSGALG00000020554,-1.5622273652287386,
ENSGALG00010012052,KLF10,2,0,INRAGALG00000008213;ENSGALG00000037913,-1.7190715927972962,
ENSGALG00010013383,SEPTIN14,1,0,ENSGALG00000016811,-0.8262002881827206,-0.4528688847543581
ENSGALG00010015875,DNTTIP1,20,0,ENSGALG00000051275;ENSGALG00000003575,-2.3146926163848316,
ENSGALG00010013434,CORIN,4,0,ENSGALG00000014144,-1.472950282123408,
ENSGALG00010011997,DENND5B,1,0,ENSGALG00000012944,-1.5919332581145373,-1.119720307039444
ENSGALG00010014940,VAMP4,8,0,ENSGALG00000031381,-1.6274797362912885,-2.677558106245852
ENSGALG00010013793,METTL13,8,0,ENSGALG00000003206,-2.127236650296328,-2.081357196545013
ENSGALG00010017756,EIF2B5,9,0,INRAGALG00000016796;ENSGALG00000008376,-1.1884200957159483,
ENSGALG00010010931,CYYR1,1,0,ENSGALG00000053764,-0.6476488765200674,
ENSGALG00010014442,SHISA3,4,0,ENSGALG00000045153,-2.794361307702059,
ENSGALG00010015094,LBP,20,0,,-1.7969478653618665,
ENSGALG00010017738,NDUFS5,23,0,ENSGALG00000003625,-2.6023475119845436,-0.6961624458355711
ENSGALG00010014851,FAM26D,3,0,ENSGALG00000014955,-0.7059707075698549,
ENSGALG00010015869,SLC7A2,4,0,ENSGALG00000013627;ENSGALG00000025171,0.25388929782796266,
ENSGALG00010011540,APOBEC4,8,0,ENSGALG00000053078,-1.6588442120795506,
ENSGALG00010014722,KCTD17,1,0,ENSGALG00000042419,-1.762764846791119,-1.849767619309016
ENSGALG00010009941,CACNA1E,8,0,ENSGALG00000003833,-1.9825813629408202,
ENSGALG00010017516,AAK1,22,0,ENSGALG00000041911;ENSGALG00000030046;ENSGALG00000039261,-1.4571204887015992,
ENSGALG00010010094,SLC2A9,4,0,ENSGALG00000014971,-0.23707369270382495,-1.3311239153416916
ENSGALG00010015892,UBE2U,20,0,ENSGALG00000026380,-1.8493273539745434,-0.493451059851805
ENSGALG00010015037,CYFIP2,13,0,ENSGALG00000003818,-1.3557957287929994,-0.7105875223159224
ENSGALG00010016672,DCTN4,13,0,ENSGALG00000004534,-1.605296870627139,-0.376705804177262
ENSGALG00010016657,SLC25A29,5,0,ENSGALG00000011220,-0.6755888364736572,-0.2759670240816446
ENSGALG00010010754,DNAI1,Z,1,ENSGALG00000005831,-0.8724409827415354,
ENSGALG00010013541,GJA9,23,0,ENSGALG00000028175,-1.7897581562638325,
ENSGALG00010013262,CA13,2,0,ENSGALG00000033428,-1.5324516740686858,-1.7832121866169686
ENSGALG00010011630,DELE,13,0,ENSGALG00000049111;ENSGALG00000042423,-1.6587598371486312,
ENSGALG00010013538,E2F7,1,0,ENSGALG00000031340,-1.379015825199313,
ENSGALG00010010917,TANC1,7,0,ENSGALG00000044641;ENSGALG00000012570,-0.9598726947064654,
ENSGALG00010017672,SPRED2,3,0,ENSGALG00000008778;ENSGALG00000027518,-1.2706858297760015,
ENSGALG00010017334,KDM8,14,0,ENSGALG00000006301;INRAGALG00000005030,-1.8368640496657873,
ENSGALG00010013609,PIGC,8,0,ENSGALG00000027608,-1.880311622760214,-1.4982075144750675
ENSGALG00010011622,BACH1,1,0,ENSGALG00000015828,-1.420275273367557,-1.303259903738574
ENSGALG00010011696,ZFC3H1,1,0,ENSGALG00000010177,-0.8524605743048862,-2.1336074421159688
ENSGALG00010017226,PEF1,23,0,ENSGALG00000040519,-1.4826550814421482,-0.7187679634373383
ENSGALG00010013890,SFPQ,23,0,ENSGALG00000002514;ENSGALG00000048379,-1.2145146625449703,
ENSGALG00010016015,ZDHHC3,2,0,ENSGALG00000029266,-0.9509253812923452,-1.4570544520729098
ENSGALG00010015832,RAB39B,4,0,ENSGALG00000040784,-1.5944290475869485,-2.85222501455678
ENSGALG00010011724,ARHGEF28,Z,1,,-1.3721415051965709,
ENSGALG00010011091,YARS2,1,0,ENSGALG00000012919,-1.6527029444089147,0.0661698132324931
ENSGALG00010011471,NMNAT2,8,0,ENSGALG00000004642,-2.293018424592163,
ENSGALG00010011323,GUCY2C,1,0,ENSGALG00000011838,-0.6910188321487452,-0.7970079592959827
ENSGALG00010009995,SEPTIN3,1,0,ENSGALG00000011913,-1.5658124546839767,
ENSGALG00010015114,CDC20B,Z,1,ENSGALG00000046188,-1.1757630026906194,
ENSGALG00010012113,WDR47,8,0,ENSGALG00000002129,-0.9448979183140364,-0.7281381129824641
ENSGALG00010014780,EVA1B,23,0,,-2.5542676239101936,
ENSGALG00010017154,PIGZ,9,0,ENSGALG00000026294,-0.9778274119145087,-1.4041242002884662
ENSGALG00010011318,PRPF4B,2,0,ENSGALG00000012813,-0.9197748229721846,-1.5828204844679656
ENSGALG00010013149,MCTP1,Z,1,ENSGALG00000014668,-0.6063348990841805,-0.7316049070779731
ENSGALG00010011427,TMTC3,1,0,ENSGALG00000033106,-0.09148676094681163,-0.306919755869099
ENSGALG00010017602,SLC7A14,9,0,ENSGALG00000009349,-1.2060179987497985,
ENSGALG00010014235,LRRC10,1,0,ENSGALG00000047495,-3.1794570238193525,
ENSGALG00010016387,CCDC85C,5,0,ENSGALG00000011139,-2.370243727824651,
ENSGALG00010010451,RANBP17,13,0,,-0.6816436211395785,
ENSGALG00010012391,NEURL1B,13,0,ENSGALG00000002846,-2.062111930143778,-1.3608867970854128
ENSGALG00010013194,GRAP2,1,0,ENSGALG00000012056,-1.1241346614417353,-1.4670035987032353
ENSGALG00010013032,BAIAP2L2,1,0,ENSGALG00000012285,-2.3394692689976435,-1.2614426395242415
ENSGALG00010015733,COL4A6,4,0,ENSGALG00000053028;ENSGALG00000048179,-0.244548557486701,
ENSGALG00010013370,CNKSR1,23,0,ENSGALG00000046299,-3.155159130031281,-2.8597880649888547
ENSGALG00010013233,LRRCC1,2,0,ENSGALG00000039499,-1.3308712382967132,-1.5886176677944808
ENSGALG00010014537,GKAP1,Z,1,ENSGALG00000012586,-0.9129569916376128,0.2494721796449324
ENSGALG00010016768,GALNT10,13,0,ENSGALG00000004033,-0.9956296373862965,-0.5733735702677748
ENSGALG00010013269,INPP5B,23,0,ENSGALG00000001606,-1.3012950912130545,-0.5402304516544846
ENSGALG00010016016,ZDHHC2,4,0,ALDBGALG0000004434;ENSGALG00000013655,-0.4950893834846678,
ENSGALG00010013023,SLC15A5,1,0,ENSGALG00000013097,-0.0600808663721315,
ENSGALG00010016889,FUNDC2,4,0,ENSGALG00000029585,-1.0713723177970191,-0.5433792638476314
ENSGALG00010013504,IGSF5,1,0,ENSGALG00000016132,-0.3256002792763605,-0.5506226225362454
ENSGALG00010013786,ATP13A5,9,0,ENSGALG00000048968;ENSGALG00000050919,-1.1491999549743581,
ENSGALG00010014200,DCP1B,1,0,ENSGALG00000050288,-1.1658832498866059,
ENSGALG00010009743,CCNG1,13,0,ENSGALG00000001718,-1.2858941625026183,-1.219416188487359
ENSGALG00010014218,IL31RA,Z,1,ENSGALG00000030800,0.05301590268218426,0.828342681074988
ENSGALG00010013209,KIAA1549,1,0,ALDBGALG0000000150;INRAGALG00000001001;ENSGALG00000012796,-1.5689200818211422,
ENSGALG00010016965,SLC25A33,21,0,ENSGALG00000002519,-0.22580478616101174,-0.0645369417434085
ENSGALG00010013080,ARHGEF7,1,0,ENSGALG00000031009,-1.1410888309929894,0.1176392693235935
ENSGALG00010012887,KCNJ4,1,0,ENSGALG00000012254;ENSGALG00000053778,-1.1430348148665603,
ENSGALG00010012247,TRIM23,Z,1,ENSGALG00000014765,-1.0791765411007186,-0.7022137711834381
ENSGALG00010011810,FGFR4,13,0,ENSGALG00000028543,-2.4784670857564697,-2.567157618728501
ENSGALG00010010929,FMC1,1,0,ENSGALG00000011856,-2.381975668672782,-0.6128894396843136
ENSGALG00010009726,PRR16,Z,1,ENSGALG00000045969;ENSGALG00000002183,-2.4917214171470943,
ENSGALG00010015533,PSAT1,Z,1,ENSGALG00000015180,0.09802132670363528,0.8341391008044916
ENSGALG00010016791,LRRTM1,4,0,ENSGALG00000015967,-1.92937288215091,
ENSGALG00010017038,ZNF598,14,0,ENSGALG00000005598,-1.0737715377592567,-1.2823454213360246
ENSGALG00010010381,MAST4,Z,1,ENSGALG00000014784,-1.3485119130404883,-1.1213388035166514
ENSGALG00010011466,MTMR1,4,0,ENSGALG00000009085,-0.42918374120206704,-1.0818122774362622
ENSGALG00010014400,FAM65C,20,0,ENSGALG00000008005;NONGGAG002806;INRAGALG00000008786;ENSGALG00000052083;107054828;ENSGALG00000051515;INRAGALG00000008793;ENSGALG00000051044;ENSGALG00000028569,-1.1793567913008243,
ENSGALG00010013265,PACS2,8,0,ENSGALG00000032037;ENSGALG00000033328,-1.731217329140346,
ENSGALG00010009779,PPP1R3E,11,0,,-2.4196202961713045,
ENSGALG00010016840,LRRC34,9,0,ENSGALG00000009402,-0.40510106746337626,-3.723830951926493
ENSGALG00010014329,IER5,8,0,ENSGALG00000023725,-2.945257910794331,
ENSGALG00010014014,PARP8,Z,1,ENSGALG00000014880,-0.8806490344077083,-2.392064234238199
ENSGALG00010014909,FBXL14,1,0,ENSGALG00000032159,-3.2277829773800577,-5.024647164038899
ENSGALG00010013760,RPF2,3,0,ENSGALG00000037087,0.26610499190230563,0.7759487721581189
ENSGALG00010016802,TMEM222,23,0,ENSGALG00000000955,-1.334404042516324,-0.1423302800572024
ENSGALG00010010252,WDR7,Z,1,ENSGALG00000032776,-1.0484687187189068,
ENSGALG00010013393,ADCK2,1,0,ENSGALG00000012863,-1.9508565394137594,-1.7371759371655735
ENSGALG00010014198,KDM3B,13,0,ENSGALG00000007663,-1.1680921524822918,-1.0648830350761496
ENSGALG00010016036,NKX1-1,4,0,,-2.003984729957766,
ENSGALG00010017717,LLGL1,14,0,ENSGALG00000014408,-2.9798132936754684,-2.681879043916357
ENSGALG00010013480,TBC1D8,1,0,ENSGALG00000016776,-1.375480883300559,-1.5430457366182773
ENSGALG00010013313,GAK,Z,1,ENSGALG00000015352;ENSGALG00000054498;ENSGALG00000050226,-0.6904995981551683,
ENSGALG00010010894,SPAG1,2,0,ENSGALG00000033254;ENSGALG00000049684,-0.38696253805000586,
ENSGALG00010011311,DOCK8,Z,1,ENSGALG00000048270;ENSGALG00000010156,-0.8864031800682644,
ENSGALG00010010619,LRRC52,8,0,ENSGALG00000003443;ENSGALG00000003445,-2.207780422757247,
ENSGALG00010010834,MRPS36,Z,1,ENSGALG00000014789,-0.9588444751247105,1.254917582327742
ENSGALG00010011635,PCDH12,13,0,ENSGALG00000002544,-2.8917895552621484,-3.074261550358396
ENSGALG00010015551,VWA3B,1,0,ENSGALG00000040709;ENSGALG00000053594;ENSGALG00000053188,-0.6041426902865651,
ENSGALG00010017568,CDCP1,2,0,ENSGALG00000040447,-0.8814305749814711,
ENSGALG00010014643,CLDN16,9,0,ENSGALG00000025821,-0.5131857012423132,
ENSGALG00010017688,SPDYA,3,0,ENSGALG00000017392,-0.8435890528437835,
ENSGALG00010017561,CFAP99,4,0,ENSGALG00000015685,-0.6210847275166385,
ENSGALG00010012031,GRK6,13,0,ENSGALG00000014054,-1.5864259543009986,-2.6194649014112565
ENSGALG00010013267,PNPLA3,1,0,ENSGALG00000029308,-0.7011792753297759,-0.6372394957043299
ENSGALG00010012532,FAM174A,Z,1,ENSGALG00000026203,-1.760555213275302,-1.9659724988254528
ENSGALG00010011049,ABL2,8,0,ENSGALG00000030357,-1.5811824013522808,-3.21918883795693
ENSGALG00010017659,TNRC6A,14,0,ENSGALG00000049699;ENSGALG00000006068,-1.6631776363050552,
ENSGALG00010011873,RFX3,Z,1,ALDBGALG0000006042;ENSGALG00000010179,-0.8005620278940382,
ENSGALG00010017034,ZMYM3,4,0,ENSGALG00000005533;ENSGALG00000025329,-1.8812978982217685,
ENSGALG00010010473,TRIM35,3,0,ENSGALG00000016595,-2.222864408222448,-1.366695313013869
ENSGALG00010016292,PHKA1,4,0,ENSGALG00000004801,-1.938467022048405,-2.5755834890158296
ENSGALG00010016454,ANKS3,14,0,ALDBGALG0000001733;ENSGALG00000000643,-2.053886918775938,
ENSGALG00010013409,DAB2,Z,1,ENSGALG00000003803,-1.0206244081200821,-0.1547699969440115
ENSGALG00010012414,CMYA5,Z,1,ENSGALG00000026553,-1.1860060997245445,
ENSGALG00010015570,LIMCH1,4,0,ENSGALG00000046914;ENSGALG00000014258;ENSGALG00000051022,-1.7307162865238759,
ENSGALG00010014739,TRMT2B,4,0,ENSGALG00000034383,-2.28279748136989,-2.616977971342651
ENSGALG00010012959,TBC1D32,3,0,ENSGALG00000014876,-0.33762470343645934,-0.8311475486505066
ENSGALG00010017554,FAM131A,9,0,,-3.482961197284676,
ENSGALG00010012768,EPS8,1,0,ENSGALG00000013091,-0.9885161720837126,-0.3331491626265061
ENSGALG00010014171,DLC1,4,0,ENSGALG00000013715,-1.6754140415605618,-1.1983162514637615
ENSGALG00010015153,ERCC6L,4,0,ENSGALG00000003881,-1.5567048362807427,-1.4127785599428164
ENSGALG00010014917,EIF3D,1,0,ENSGALG00000012529,-1.3420807117224185,-0.8449019721296567
ENSGALG00010012046,LOXHD1,Z,1,ENSGALG00000037829,-0.8373782148459272,
ENSGALG00010012075,PIGN,2,0,ENSGALG00000012903;INRAGALG00000007308,-0.1943525239466557,
ENSGALG00010013908,TBC1D20,20,0,ENSGALG00000006201,-1.9361255682946767,-2.4736170864951217
ENSGALG00010011976,TNFRSF11A,2,0,ENSGALG00000045642,-1.7262065396057573,-2.012998009522503
ENSGALG00010011002,RPRM,7,0,ENSGALG00000037378,-1.0669665680816867,
ENSGALG00010015129,PRRG3,4,0,ENSGALG00000046724;ENSGALG00000025534,-2.262750779795865,
ENSGALG00010015171,NHSL2,4,0,ENSGALG00000028506,-3.288639665639392,-2.8756083492995708
ENSGALG00010016912,CCDC88B,5,0,ENSGALG00000040156,-1.966010511572477,-2.545539423909656
ENSGALG00010010390,KCNK3,3,0,ENSGALG00000042705,-1.9509733587554616,
ENSGALG00010013268,PTPRR,1,0,ENSGALG00000040855,-1.028533069459595,
ENSGALG00010017715,CILP,10,0,ENSGALG00000007358,-1.1884126442998366,
ENSGALG00010010748,SF3B1,7,0,ENSGALG00000008038,-0.044763306124621205,-0.2248080760447912
ENSGALG00010016936,RCC1,23,0,ENSGALG00000054143;ENSGALG00000021931;ENSGALG00000030097;INRAGALG00000020907,-2.3454440139757335,
ENSGALG00010011006,TMEM64,2,0,,-1.7893692379631796,
ENSGALG00010012084,TMEM50B,1,0,ENSGALG00000034396,0.9522752081182483,0.6117154595199163
ENSGALG00010010893,CCL19,Z,1,ENSGALG00000046192,-2.4756434381573342,
ENSGALG00010011898,RRAGA,4,0,ENSGALG00000041226,-0.7902965941529891,-0.145195833655958
ENSGALG00010016566,CNTLN,Z,1,ENSGALG00000028298,-1.3204405485990074,
ENSGALG00010016253,EDN3,20,0,INRAGALG00000008721;ENSGALG00000040880,-1.7466450452793914,
ENSGALG00010017616,PDCD7,10,0,ENSGALG00000021027,-2.0147829112112814,-2.852303140733823
ENSGALG00010014361,SSPN,1,0,INRAGALG00000001202;INRAGALG00000001203;INRAGALG00000001204;ENSGALG00000014042,-1.2726762423472755,
ENSGALG00010016609,SOX2,9,0,,-1.0599329380902074,
ENSGALG00010011425,CCDC53,1,0,ENSGALG00000012760,-0.6280588088422532,0.4966101225687301
ENSGALG00010013047,CTPS1,23,0,ENSGALG00000042967,-1.5262083893577405,-1.5791604439680709
ENSGALG00010012454,DRC11,7,0,ENSGALG00000003980,-1.2447941353130538,
ENSGALG00010012148,SETBP1,Z,1,ENSGALG00000036775,-1.4265665481582481,-2.91341543445601
ENSGALG00010014918,PLRG1,4,0,ENSGALG00000009257,-0.20919409442813508,0.9011644658374156
ENSGALG00010010843,ZNF395,3,0,ENSGALG00000034140,-2.9423978319110247,-2.5523945436282096
ENSGALG00010016939,FAM234A,14,0,ENSGALG00000031303,-1.2839047336222196,-1.166742211857477
ENSGALG00010017612,CLDN11,9,0,ENSGALG00000009355,-2.2515825745949756,
ENSGALG00010015257,ISX,1,0,INRAGALG00000000907;ENSGALG00000012557,-1.5058281531915558,
ENSGALG00010011601,ANO4,1,0,ENSGALG00000011614,-0.08144582858573313,
ENSGALG00010012188,ADAMTS6,Z,1,ENSGALG00000014751,-0.7466832164877664,
ENSGALG00010010330,ALPK2,Z,1,ENSGALG00000054655,-1.1303273051756615,
ENSGALG00010017100,SUSD5,2,0,ENSGALG00000042289,-1.1828307343332556,
ENSGALG00010016971,RSPH4A,4,0,ENSGALG00000013281,-1.0399863850224746,
ENSGALG00010014840,NCF4,1,0,ENSGALG00000038141;INRAGALG00000000890,-0.5201965790975778,
ENSGALG00010016215,SPATA17,3,0,ENSGALG00000009616,-0.08954087166289193,
ENSGALG00010010336,FMNL2,7,0,ENSGALG00000012525;ENSGALG00000039428,-1.0345713339631626,
ENSGALG00010016580,MARS2,4,0,,-1.5667574987813935,
ENSGALG00010011922,PIK3R1,Z,1,ENSGALG00000014786;INRAGALG00000024381,-0.46057974167679727,
ENSGALG00010015507,AMMECR1,4,0,ENSGALG00000008074;ALDBGALG0000004024,-0.5758345818059244,
ENSGALG00010009731,NMI,7,0,ENSGALG00000012480,-0.2775956728349439,-0.0683565926102229
ENSGALG00010011115,TFF3,1,0,ENSGALG00000016165,-0.32439386454405106,
ENSGALG00010011487,MAN2B2,4,0,INRAGALG00000103952;ENSGALG00000015537,-0.42850372989212054,
ENSGALG00010014504,SEC63,3,0,ENSGALG00000015308,-0.29316200559888794,-0.0157323476042095
ENSGALG00010009804,XPR1,8,0,ENSGALG00000003893,-1.00629393032363,-2.9946154257410647
ENSGALG00010014131,CDC23,13,0,ENSGALG00000007610,-0.5262061355246056,-0.175741501166732
ENSGALG00010010946,SH2D4B,6,0,ENSGALG00000002370,-1.5064911637541538,
ENSGALG00010013111,RFESD,Z,1,ENSGALG00000014673,0.31282840323282846,0.3659682221345433
ENSGALG00010011463,IMP3,3,0,ENSGALG00000040238,-2.8175710011113995,
ENSGALG00010010872,FBXO43,2,0,ENSGALG00000038940,-1.3600313489952067,
ENSGALG00010014797,ZDHHC9,4,0,ENSGALG00000031551,-1.6153915564599268,-3.232357488199788
ENSGALG00010013212,CRIP2,8,0,ENSGALG00000026471,-1.1326460984296893,-0.8102433563300234
ENSGALG00010015038,PCSK5,Z,1,ENSGALG00000033256,-1.0987512136573057,-0.2298613693494792
ENSGALG00010010430,ASTN1,8,0,ENSGALG00000004472,-2.8691152574308,
ENSGALG00010017411,RAB11FIP1,22,0,ENSGALG00000003129,-1.672827423814585,-1.105104531956215
ENSGALG00010011589,RERG,1,0,,-0.7582737785723506,
ENSGALG00010016086,TDRD9,5,0,ENSGALG00000011565;ENSGALG00000048226,-0.3394550216299935,
ENSGALG00010017004,CX3CR1,2,0,ENSGALG00000038000,-0.33066995906666763,-0.2620093454053275
ENSGALG00010014806,MAP7D1,23,0,ENSGALG00000021634,-3.083323849095809,-2.527849261706097
ENSGALG00010012980,KICS2,1,0,ENSGALG00000027682,-1.2164401100499913,-0.4051516441007969
ENSGALG00010014777,APCDD1L,20,0,ENSGALG00000007543;INRAGALG00000008733,-2.3271856231450787,
ENSGALG00010015719,XRN1,9,0,ENSGALG00000002706,-0.2882024640979449,-0.0628429696852515
ENSGALG00010013486,PLPP6,8,0,,-1.8526032057724384,
ENSGALG00010016967,ERLEC1,3,0,ENSGALG00000008172,-0.9624073812032504,-0.9452835037515128
ENSGALG00010017801,SMNDC1,6,0,ENSGALG00000008561,-0.4873839137378237,-0.4386296230469002
ENSGALG00010015172,PPP4R3A,5,0,ENSGALG00000010734,-0.49138295728226977,-0.6695442086087289
ENSGALG00010013365,CEP85,23,0,ALDBGALG0000003095;ENSGALG00000042624,-2.210514051311078,
ENSGALG00010016744,AIM1L,23,0,ENSGALG00000031183,-2.6273573465671474,
ENSGALG00010016894,BTBD7,5,0,ENSGALG00000034311,-0.9186961627374939,-1.8605824273509337
ENSGALG00010012024,UBR5,2,0,INRAGALG00000023099;ENSGALG00000031282,-0.9527523933868344,
ENSGALG00010012114,TAL2,Z,1,ENSGALG00000054131,-2.21720542617374,
ENSGALG00010015932,ACOT8,20,0,ENSGALG00000006842,-1.9801718095598178,-1.7029251652936666
ENSGALG00010016932,OGT,4,0,ENSGALG00000005425,-0.41848379537517677,-2.310257821213757
ENSGALG00010012070,DNAJC28,1,0,ENSGALG00000037414,-0.8900052234798824,
ENSGALG00010017442,LCK,23,0,ENSGALG00000000466,-2.32869996153068,-3.0839560752790427
ENSGALG00010014167,SLC38A9,Z,1,ENSGALG00000014712,0.6896820184069895,0.9227942743741628
ENSGALG00010011850,SPAG16,7,0,ENSGALG00000003148,-1.160181388192712,
ENSGALG00010010987,MARCHF7,7,0,ENSGALG00000012584,-1.7365029154655571,-0.5112922206837773
ENSGALG00010016384,GNAS,20,0,ENSGALG00000030859;ENSGALG00000026575,-0.4438130676351941,
ENSGALG00010015177,TC2N,5,0,ENSGALG00000010738,-1.212693333118008,0.4309819964530911
ENSGALG00010010399,FGF18,13,0,ENSGALG00000002203,-0.9349934175783696,
ENSGALG00010013561,AGK,1,0,ENSGALG00000012870,-0.6884728922691148,-0.3479049969278902
ENSGALG00010010796,PRKCDBP,7,0,,-1.9642615067360834,
ENSGALG00010012028,TMEM140,1,0,ENSGALG00000044155,-0.6845152124842595,
ENSGALG00010016720,C7orf26,14,0,ENSGALG00000034380,-1.5302813564480036,-0.6911609244089048
ENSGALG00010014301,ARID1A,23,0,ENSGALG00000029316,-1.8746559816767858,-1.9939913161171177
ENSGALG00010010483,FGFBP1,4,0,ENSGALG00000014505,-1.7157278441337913,-0.305575977413273
ENSGALG00010017562,SLC30A10,3,0,ENSGALG00000026727,-1.1932054900925442,-0.8760503747607788
ENSGALG00010016627,SH3RF2,13,0,ENSGALG00000043904,-3.0580923737367347,
ENSGALG00010011973,TRAPPC10,1,0,ENSGALG00000022804,-0.8207496667280993,-2.184099586009609
ENSGALG00010014362,NAXD,1,0,ENSGALG00000016845,-1.1145091559366584,-0.2756525330741393
ENSGALG00010017300,TRPM7,10,0,,-0.15690628888071312,
ENSGALG00010011037,C8orf88,2,0,ENSGALG00000037992,-1.0735393363302341,
ENSGALG00010012410,CACNA1I,1,0,ENSGALG00000035051;ENSGALG00000054232,-1.7524765349936493,
ENSGALG00010011752,RNF2,8,0,ENSGALG00000037219,-1.622553083738131,-0.7488498446066064
ENSGALG00010011187,STK32B,4,0,ENSGALG00000029510,-0.9239660292961838,
ENSGALG00010011883,HCFC2,1,0,ENSGALG00000029616,-0.6119197944092143,-1.0486208092684066
ENSGALG00010013027,UHMK1,8,0,ENSGALG00000002734,-1.5094676505900142,-3.8602665282881055
ENSGALG00010010821,RGS8,8,0,ENSGALG00000026263,-1.576538900124969,-2.205179371020521
ENSGALG00010017781,CYP26C1,6,0,ENSGALG00000043213,-2.9229049884021325,
ENSGALG00010015663,AK7,5,0,ENSGALG00000011093,-0.14671832474372148,
ENSGALG00010011076,PKP2,1,0,ENSGALG00000012913,-1.14116067102215,0.4091443543741884
ENSGALG00010017721,VWA1,21,0,,-1.9175661658598275,
ENSGALG00010011246,DNAJB5,Z,1,INRAGALG00000024150;INRAGALG00000105768;ENSGALG00000001918,-1.6480198630504284,
ENSGALG00010012151,MYRFL,1,0,ENSGALG00000019352,-0.7174746246237671,
ENSGALG00010016836,HEPH,4,0,ENSGALG00000037410,-0.7027722162368737,-0.4109915342665634
ENSGALG00010015397,SRD5A3,4,0,ENSGALG00000013804,-0.5394963754583284,-0.6656725982345858
ENSGALG00010013414,LAPTM5,23,0,ENSGALG00000038636,-1.1985394620533723,0.7726258565160758
ENSGALG00010017535,LIMD1,2,0,ENSGALG00000035623,-2.298591456675743,-0.9892093922799036
ENSGALG00010016597,FRYL,4,0,ENSGALG00000014103,-0.8991113339824548,-1.3269953781580388
ENSGALG00010016472,TFDP3,1,0,ENSGALG00000016823,-0.5990831048191778,-0.2858081407264792
ENSGALG00010016699,MYOZ3,13,0,,-2.363802449104948,
ENSGALG00010017101,CSMD2,23,0,ENSGALG00000030229;INRAGALG00000009189,-1.9877015442215034,
ENSGALG00010016800,RPL14,2,0,ENSGALG00000043379,0.13068450134763576,-0.9956979488965402
ENSGALG00010013076,RTN4IP1,3,0,ENSGALG00000015343,-0.19092300562746323,0.0177078129751691
ENSGALG00010011531,,2,0,,-1.1635039290518143,
ENSGALG00010016605,WDPCP,3,0,ENSGALG00000008866,-0.8755585174795082,-0.4024995178247922
ENSGALG00010017641,GPRC5B,14,0,ENSGALG00000002028;ENSGALG00000042810,-0.1124085533728878,
ENSGALG00010011133,CDC37L1,Z,1,ENSGALG00000014448,-0.7899846604428797,0.1048329503758274
ENSGALG00010015156,CNOT6,13,0,ENSGALG00000034316,-0.5754509878001188,-0.8178287006189215
ENSGALG00010012682,SLC5A3,1,0,ENSGALG00000027579,0.4474379441131756,0.8423144103899813
ENSGALG00010013953,DHX29,Z,1,ENSGALG00000014700,-0.5428636819174657,-0.5351202103824059
ENSGALG00010014032,PSD3,Z,1,INRAGALG00000106050;INRAGALG00000024886;INRAGALG00000024887;ENSGALG00000015428;ENSGALG00000048151,-1.2993560331014327,
ENSGALG00010011050,SYT10,1,0,ENSGALG00000012911;INRAGALG00000001066,-1.1535864915559348,
ENSGALG00010015541,RASEF,Z,1,ENSGALG00000012576,-1.039109237118532,
ENSGALG00010011090,GRIN2B,1,0,ENSGALG00000011809,-1.4322355295560194,
ENSGALG00010013045,FSD1L,Z,1,ENSGALG00000015442,-0.4726044824275706,-1.3327896198489466
ENSGALG00010012297,ABLIM3,13,0,ENSGALG00000002790,-2.2653549184274144,-2.5698113906611324
ENSGALG00010010198,KCNV2,Z,1,ENSGALG00000010173,-1.713998279440857,
ENSGALG00010015065,F11,4,0,ENSGALG00000013571;INRAGALG00000012956;INRAGALG00000103921,-0.3657221813914034,
ENSGALG00010014987,KLF9,Z,1,ENSGALG00000027374,-2.260609495340713,-4.323791230325476
ENSGALG00010010313,GRID1,6,0,ENSGALG00000037366;ENSGALG00000025936;ENSGALG00000045754,-1.0223826821452504,
ENSGALG00010012849,TRHDE,1,0,ENSGALG00000010200,-1.0907545568401114,-2.875311721514534
ENSGALG00010010722,TBC1D19,4,0,ENSGALG00000029673,-0.70595889759516,0.5263768606856032
ENSGALG00010016852,AHDC1,23,0,,-3.068623237889055,
ENSGALG00010016461,HPCAL4,23,0,ENSGALG00000003829,-2.5034856950571682,
ENSGALG00010013617,PIK3C2G,1,0,INRAGALG00000001152;ENSGALG00000053831;ENSGALG00000013117,-0.7135739103081755,
ENSGALG00010015063,EEF1AKMT4,9,0,ENSGALG00000026332,-2.867384586368214,
ENSGALG00010017683,MYO15A,14,0,ENSGALG00000047371;ENSGALG00000050862,-2.3856492978884156,
ENSGALG00010010119,SRPK2,1,0,ENSGALG00000008154;INRAGALG00000100551;INRAGALG00000000243;INRAGALG00000000245,-0.6496299451906968,
ENSGALG00010013942,CACNA2D4,1,0,ENSGALG00000036964;ENSGALG00000013007,-1.033855533813299,
ENSGALG00010016508,CREBBP,14,0,ENSGALG00000007762,-1.5103889539208009,-2.531445561172707
ENSGALG00010016564,SPEN,21,0,ENSGALG00000036932,-1.5513840422667942,-2.410286578348656
ENSGALG00010017400,GPC4,4,0,ENSGALG00000006080,-1.6505050000722266,-1.318518074370567
ENSGALG00010015936,RPL36AL,4,0,ENSGALG00000004952,-2.0761503603631257,-0.8602959638675187
ENSGALG00010010769,HEXB,Z,1,ENSGALG00000014933,-0.870404526568165,0.0445050260929903
ENSGALG00010010374,CMTM4,11,0,ENSGALG00000005251,-0.9673477586882863,-1.5202287892107678
ENSGALG00010017705,MAK16,22,0,ENSGALG00000001663,-1.8014448825891076,-0.6508211397340836
ENSGALG00010011198,PINX1,3,0,ENSGALG00000041139,-1.0770093054415448,-1.1029584409230035
ENSGALG00010013387,NDST1,13,0,ENSGALG00000004581,-1.6215355440385348,-3.149851166816757
ENSGALG00010012007,MREG,7,0,ENSGALG00000003758,-2.1073903752753815,-2.679060296825478
ENSGALG00010013164,FAM83F,1,0,ENSGALG00000045936,-1.8211327025992508,
ENSGALG00010010982,ZBTB21,1,0,INRAGALG00000100810;ENSGALG00000016147;NONGGAG000548,-1.2229612698691752,
ENSGALG00010015605,LDLRAP1,23,0,ENSGALG00000001051;ENSGALG00000048098,-1.734635643734984,
ENSGALG00010013521,,3,0,,-1.0648768057496365,
ENSGALG00010017528,RAI1,14,0,INRAGALG00000004996;ENSGALG00000047702,-2.5065267487654577,
ENSGALG00010012107,CLCC1,8,0,ENSGALG00000002106,-0.6965916274517622,-0.3697020122880979
ENSGALG00010010310,NT5DC3,1,0,ENSGALG00000029746,-0.07644586501586492,0.1759011200552364
ENSGALG00010010585,FBXL5,4,0,ENSGALG00000014510,-0.8873292576738449,-0.004227816246825
ENSGALG00010016534,TRIT1,23,0,ENSGALG00000003851,-2.0198991521611918,-1.3565057591875789
ENSGALG00010012991,MFSD9,1,0,ENSGALG00000016792;ENSGALG00000051797,0.2415712455554785,
ENSGALG00010013353,NDFIP1,13,0,ENSGALG00000043744,0.03920289109632924,-0.2343992235842852
ENSGALG00010013981,RLF,23,0,ENSGALG00000000862,-1.2164807516424498,-1.1346740615548914
ENSGALG00010017402,SLC2A5,21,0,ENSGALG00000002466,-0.7493907714900228,0.1022538367906957
ENSGALG00010016786,DISP1,3,0,ENSGALG00000054469,-0.5702946057610019,
ENSGALG00010014705,ARAP2,4,0,INRAGALG00000103938;INRAGALG00000103939;ENSGALG00000041373,-0.30147813202403806,
ENSGALG00010015160,SIM1,3,0,ENSGALG00000015466,-1.710788253811194,
ENSGALG00010011022,C2H5ORF22,2,0,ENSGALG00000012909,-0.8893678426705656,-1.1050412595965633
ENSGALG00010012242,CCDC77,1,0,ENSGALG00000012987,-1.6224763512645026,-1.028390680395036
ENSGALG00010014020,PDXP,1,0,ENSGALG00000023131,-2.2878848274010384,-2.70165726808792
ENSGALG00010011121,NUP35,7,0,ENSGALG00000002689,-0.5085736686044857,-0.3218162461274282
ENSGALG00010016788,ANLN,2,0,ENSGALG00000043642,-0.923139582802412,
ENSGALG00010010779,DOCK2,13,0,ENSGALG00000002080,-0.15863547229666897,-1.1585155783977918
ENSGALG00010014837,APBA1,Z,1,ENSGALG00000015111,-1.2921623381293443,
ENSGALG00010011253,KDM4C,Z,1,ENSGALG00000020557,-0.3128254540662001,-0.9903283855168926
ENSGALG00010013640,SNPH,20,0,ENSGALG00000037274,-2.2967764051199047,
ENSGALG00010016422,SHKBP1,3,0,ENSGALG00000009678,-1.0015945349197564,-2.477625142693026
ENSGALG00010016122,SPATA5L1,10,0,ENSGALG00000005682,-1.2637212474759847,-0.5292182206482673
ENSGALG00010014710,NPEPL1,20,0,ENSGALG00000007533,-0.5962211301029288,-0.0107745004927899
ENSGALG00010015097,MFSD2A,23,0,ENSGALG00000003879,-1.849656699494487,-1.2436070623264792
ENSGALG00010012130,TMEM67,2,0,ENSGALG00000029287,-0.36893447955877867,
ENSGALG00010013449,LCA5L,1,0,ENSGALG00000016125,-1.01079429073547,-1.9348533694626735
ENSGALG00010015490,RANBP2,1,0,,-0.6997190222869676,
ENSGALG00010014080,MYO1B,7,0,ENSGALG00000007712,-0.22265969501066973,-0.1405011212951261
ENSGALG00010017570,DRC3,14,0,ENSGALG00000004916,-1.3673326362471738,-1.6195662046460626
ENSGALG00010010620,ANKRD54,1,0,ENSGALG00000012299,-2.0889915892151167,
ENSGALG00010011222,RCL1,Z,1,ENSGALG00000015024;ENSGALG00000018350,-0.7612775638193531,
ENSGALG00010012801,DMC1,1,0,INRAGALG00000000866;ENSGALG00000012236,-0.42025023402396444,
ENSGALG00010010243,ESCO2,3,0,ENSGALG00000016583,-1.5195719017618305,-0.7498357286921404
ENSGALG00010011503,NCF2,8,0,ENSGALG00000004700,-1.7144292534092167,-1.226560560361173
ENSGALG00010011095,TNN,8,0,ENSGALG00000004538;INRAGALG00000016007,-1.496175639585458,
ENSGALG00010017764,IGDCC3,10,0,ENSGALG00000007371;ENSGALG00000025233,-2.0251287199531554,
ENSGALG00010009762,MAN2A1,Z,1,ENSGALG00000000255,-0.18666052168405833,0.3796853352471517
ENSGALG00010015144,FOXB2,Z,1,,-2.0638979010444722,
ENSGALG00010014114,ANXA1,Z,1,ENSGALG00000015148,-0.13415731327183322,0.8189771670247978
ENSGALG00010015520,UBE3A,1,0,INRAGALG00000002343;ENSGALG00000034944,-0.22169641711202603,
ENSGALG00010012932,ATF6B,8,0,ENSGALG00000032278,-1.4654298194823292,-0.5665495049373012
ENSGALG00010010948,PRDM15,1,0,ENSGALG00000051940;ALDBGALG0000000849;INRAGALG00000001959;ENSGALG00000019178,-1.1117423524200822,
ENSGALG00010016618,TRPM3,Z,1,INRAGALG00000024589;ENSGALG00000015126;ENSGALG00000026673;ENSGALG00000028446;ALDBGALG0000006055,-0.9339056145970468,
ENSGALG00010014192,KDM1A,23,0,ENSGALG00000033469,-1.0538818137187953,-0.9981922906790144
ENSGALG00010016328,USH2A,3,0,ENSGALG00000009652,-0.5464075409742172,
ENSGALG00010017714,ATAD3B,21,0,ENSGALG00000035869,-1.0756746974590814,-1.1106003531798436
ENSGALG00010010291,TCF20,1,0,ENSGALG00000025388;ENSGALG00000011878,-1.7191937751266848,
ENSGALG00010014220,C9orf85,Z,1,ENSGALG00000026001,-0.7780272693271915,0.3988901535776394
ENSGALG00010014193,CARD10,1,0,ENSGALG00000042365,-2.843789950376083,-3.345768276589206
ENSGALG00010013114,PIGP,1,0,ENSGALG00000016047,0.697676153494489,0.1121866763964841
ENSGALG00010012842,DDX17,1,0,ENSGALG00000037360;ENSGALG00000044020;ENSGALG00000029806,-0.8880505577703734,
ENSGALG00010013963,SPX,1,0,ENSGALG00000013273,-0.7052732872566981,
ENSGALG00010012970,UNC5A,13,0,ENSGALG00000018998,-2.965719745531946,
ENSGALG00010017055,GPR135,5,0,,-2.0610265925736444,
ENSGALG00010013862,C21orf140,1,0,ENSGALG00000016011,-0.4400746629776483,
ENSGALG00010013936,DLGAP3,23,0,ENSGALG00000032980,-2.932118930333908,
ENSGALG00010017455,CCR9,2,0,ENSGALG00000011808,-0.9511292528466991,-2.2344424598989034
ENSGALG00010016920,C1QA,21,0,ENSGALG00000021569,-2.0516488565079354,-0.7386028964041709
ENSGALG00010015553,ASCL4,1,0,ENSGALG00000019304,-1.8638224490623676,
ENSGALG00010010037,NAA15,4,0,ENSGALG00000009782,-0.20274610524203285,-0.2952289182144468
ENSGALG00010016385,HTT,4,0,ALDBGALG0000004473;ENSGALG00000015635,-0.8286486032383352,
ENSGALG00010011401,ANKRD46,2,0,ENSGALG00000041445,-0.9510939527145341,
ENSGALG00010011185,RSPH1,1,0,ENSGALG00000043976,-0.19396416037372732,
ENSGALG00010017635,NPPC,9,0,ENSGALG00000054873,-2.6353050532709204,
ENSGALG00010011321,MAP2,7,0,ENSGALG00000002789;ENSGALG00000032444,-1.1925223661659248,
ENSGALG00010014653,FAM162B,3,0,ENSGALG00000019941,-0.9231263854080705,
ENSGALG00010013911,TNIK,9,0,ENSGALG00000050897;ENSGALG00000009298,-2.1522151471740427,
ENSGALG00010017187,ZNF839,5,0,INRAGALG00000104361;ENSGALG00000011368,-1.2313149361627498,
ENSGALG00010017283,INF2,5,0,ENSGALG00000042588;ENSGALG00000011608,-1.470197213511704,
ENSGALG00010016453,MYCL,23,0,ENSGALG00000024047,-2.7309501856595406,-4.519124190512167
ENSGALG00010013531,ARSI,13,0,ENSGALG00000005616,-1.9890552107995099,-1.773822458892661
ENSGALG00010017457,ZMAT4,22,0,INRAGALG00000009025;INRAGALG00000009026;ENSGALG00000003470,-2.0865327751427856,
ENSGALG00010015734,TSHZ2,20,0,ENSGALG00000032352;ENSGALG00000007809;ENSGALG00000025318,-1.2105158322462204,
ENSGALG00010011168,TSPAN19,1,0,ENSGALG00000027103,0.1653633317547828,
ENSGALG00010015889,SH3BP5,2,0,ENSGALG00000039337,-1.8749332096899036,-1.39076213433531
ENSGALG00010010475,CCDC71L,1,0,ENSGALG00000048516,-2.411329256722718,
ENSGALG00010017543,ZBTB25,5,0,ENSGALG00000028942,-2.6432303034200633,-0.8797610498071233
ENSGALG00010012129,CRYZL1,1,0,ENSGALG00000029670,-0.5754886774185914,-0.6752540075167713
ENSGALG00010016578,GRIK3,23,0,ENSGALG00000002098;ENSGALG00000034843,-1.6074802017060226,
ENSGALG00010013897,AMOT,4,0,ENSGALG00000007952,-2.325748789406224,-2.177093710833926
ENSGALG00010015986,NEURL2,20,0,ENSGALG00000006854,-2.836632346910861,
ENSGALG00010015839,U2SURP,9,0,ENSGALG00000002612;ENSGALG00000030959,-0.8021008934094449,
ENSGALG00010011593,WRNIP1,2,0,ENSGALG00000012856,-1.6689777915234458,-1.2462231002643938
ENSGALG00010016919,ARHGDIG,14,0,ENSGALG00000049395,-2.713656420482461,
ENSGALG00010010626,ADTRP,2,0,NONGGAG008481;ENSGALG00000032683,-0.4809289776500655,
ENSGALG00010011313,RASSF9,1,0,ENSGALG00000027633,-0.8300874018245987,0.1485217684313294
ENSGALG00010010400,CIMIP2C,3,0,ENSGALG00000045407,-2.3729568260279925,
ENSGALG00010013238,RAD1,Z,1,ENSGALG00000003365,-1.3948201889040228,1.226169784407557
ENSGALG00010017589,ATPAF2,14,0,ENSGALG00000004926,-1.6510556472539304,-1.160853804618828
ENSGALG00010016169,RHOH,4,0,ENSGALG00000014277,-1.4996927668538298,
ENSGALG00010010052,ZNF346,13,0,ENSGALG00000001144,-1.5901178360120967,-1.6626161682406295
ENSGALG00010012102,SON,1,0,ENSGALG00000052354;ALDBGALG0000000299,-1.6581429077277308,
ENSGALG00010011915,RRM2B,2,0,ENSGALG00000040921,-0.30655518349988997,-0.5504998215777503
ENSGALG00010016792,HMOX2,14,0,ENSGALG00000007638,-0.5858168547614293,0.014062228266235
ENSGALG00010012529,BEND3,3,0,ENSGALG00000054515;INRAGALG00000103392;ENSGALG00000036324;ENSGALG00000015314,-1.2589627720779433,
ENSGALG00010017593,MTHFR,21,0,ENSGALG00000004612,-1.5747258716352,-1.9562592233077036
ENSGALG00010010926,DND1,13,0,ENSGALG00000034689;ENSGALG00000051899,-2.969706258963075,
ENSGALG00010010305,URB1,1,0,ENSGALG00000015887,-1.110796134147788,-0.8773078149430402
ENSGALG00010010575,PAXBP1,1,0,ENSGALG00000036833,-0.4185808422977627,-2.1083291952334045
ENSGALG00010012314,ADRB2,13,0,,-1.8142726454176037,
ENSGALG00010010155,BRINP3,8,0,ENSGALG00000033407,-0.9388054706860042,
ENSGALG00010010823,TMEFF2,7,0,ENSGALG00000007759,-1.8374020352954379,
ENSGALG00010012387,ERBIN,Z,1,ENSGALG00000014773,-1.1330139992430077,-1.329144966783734
ENSGALG00010016899,SAXO2,10,0,ENSGALG00000006119,-0.7245687961458334,
ENSGALG00010010216,ATXN7L1,1,0,ENSGALG00000008115,-1.521082342347928,-1.9565526422297976
ENSGALG00010012474,ASB18,7,0,ENSGALG00000046564,-2.847561162709652,
ENSGALG00010017795,MACF1,23,0,ENSGALG00000051302;ENSGALG00000003693,-2.6092886411607794,
ENSGALG00010016983,ZFAND2A,14,0,ENSGALG00000003122,-0.983639906460488,-0.8564408184982899
ENSGALG00010014030,WASF1,3,0,ENSGALG00000015066,-1.4004570526025533,-3.1777896411879936
ENSGALG00010015900,AEN,10,0,,-2.693695637249753,
ENSGALG00010015026,SPO11,20,0,ENSGALG00000031768,0.07618997243844117,
ENSGALG00010012745,MARCHF3,Z,1,ENSGALG00000028673,-2.360522512176659,
ENSGALG00010014634,CCDC152,Z,1,ENSGALG00000046720,-0.8249439871150211,
ENSGALG00010012802,POU4F3,13,0,ENSGALG00000043334,-2.011638124286838,
ENSGALG00010010864,LRIT2,6,0,ENSGALG00000002307,-1.4566657260783797,
ENSGALG00010011551,GMDS,2,0,ENSGALG00000033170,-0.9993355529736937,
ENSGALG00010013187,KDF1,23,0,ALDBGALG0000003107;ENSGALG00000000902,-2.6273082267971803,
ENSGALG00010016505,KCTD16,13,0,ENSGALG00000012322,-2.117191092869686,
ENSGALG00010012412,PURA,13,0,INRAGALG00000004543;ENSGALG00000029387,-2.4549832468654644,
ENSGALG00010016774,PEX14,21,0,ENSGALG00000002836,-2.3249181456599204,-0.5821768358336383
ENSGALG00010017488,SLC6A20,2,0,ENSGALG00000039333,-0.9409120473805417,
ENSGALG00010017802,,2,0,,-1.2998653694821192,
ENSGALG00010015557,IRS4,4,0,ENSGALG00000008107,-1.4705465894257488,-1.2043781943848653
ENSGALG00010010828,SPDL1,13,0,ENSGALG00000001942,-1.1173920968333702,-0.7556186969087961
ENSGALG00010014186,MOCS3,20,0,ENSGALG00000007986,-1.8958877703122874,-0.0150210802478461
ENSGALG00010014713,ST8SIA1,1,0,ENSGALG00000013211;ALDBGALG0000000176,-0.8240553950263461,
ENSGALG00010012905,NKAIN1,23,0,ENSGALG00000000604,-1.6984868811085898,
ENSGALG00010011042,SLC13A4,1,0,ENSGALG00000012908,-0.5026061997786893,
ENSGALG00010016541,UBE2J2,21,0,ENSGALG00000001848,-0.1830438873289707,0.4448134582683695
ENSGALG00010017006,DNAH3,14,0,ENSGALG00000046955;ENSGALG00000002350,-0.4760162587167977,
ENSGALG00010010918,TOR1AIP2,8,0,ENSGALG00000004017,-2.9021628130818975,-1.5319122549023347
ENSGALG00010014687,CUL4A,1,0,ENSGALG00000016830,-0.4511531977351471,0.530207796836822
ENSGALG00010011981,SCUBE1,1,0,ENSGALG00000014178,-0.8827818898109032,0.8328603984455988
ENSGALG00010015837,GDA,Z,1,ENSGALG00000015141,-0.3486563005590294,0.7706696740721781
ENSGALG00010016190,THNSL2,4,0,ENSGALG00000015939,-1.3594167327879023,-0.7736002106572595
ENSGALG00010011515,SERINC5,Z,1,ENSGALG00000014798;INRAGALG00000105802,-0.13445652094926785,
ENSGALG00010013791,AEBP2,1,0,ENSGALG00000038026,-2.283472824522773,-0.5069162056529759
ENSGALG00010011726,WDR55,13,0,ENSGALG00000029199,-2.6301481318283577,-3.2454916771635
ENSGALG00010016567,E2F2,23,0,ENSGALG00000034648;ENSGALG00000051375,-3.392804798192061,
ENSGALG00010017773,DVL2,9,0,ENSGALG00000008414,-2.1824792666867965,-1.8252449720728627
ENSGALG00010017723,KCNK12,3,0,107052017;ENSGALG00000043013;ENSGALG00000008960,-0.9799607446482123,
ENSGALG00010015161,GFPT2,13,0,ENSGALG00000049999;ENSGALG00000048778;ENSGALG00000039705,-0.2963391163997846,
ENSGALG00010017689,RNF212,4,0,ENSGALG00000040805,-0.9821470956429617,-3.10567312944418
ENSGALG00010017307,TMEM186,14,0,ENSGALG00000052488,-1.3929946833251772,
ENSGALG00010010855,ATP5J,1,0,ENSGALG00000015751,-1.1346091414180075,0.6333271043965774
ENSGALG00010017693,MTFMT,10,0,ENSGALG00000007353,-0.6398672519105078,-0.9345289298123148
ENSGALG00010013418,HCN1,Z,1,ENSGALG00000014875,-1.2949010973762638,
ENSGALG00010010274,MIS18A,1,0,ENSGALG00000015884,-1.6043194005978911,-2.133605823497112
ENSGALG00010014729,MRPS15,23,0,ENSGALG00000032925;ENSGALG00000044433,-0.642846683886767,
ENSGALG00010011243,ALX1,1,0,ENSGALG00000027213;ENSGALG00000047575,-1.5346698872474216,
ENSGALG00010010712,ADAMTS5,1,0,ENSGALG00000015795,-1.2889192014046342,-0.8029978814097554
ENSGALG00010011960,CFAP54,1,0,ENSGALG00000011459;ENSGALG00000047489;ENSGALG00000030853,-0.21252698060459552,
ENSGALG00010014905,TEKT2,23,0,ENSGALG00000002319,-2.407732902068565,
ENSGALG00010013008,STEEP1,4,0,ENSGALG00000008652,-1.163633697945714,-0.7073714579415723
ENSGALG00010010799,DARS2,8,0,ENSGALG00000023749,-1.548588733098744,-0.9357192058443614
ENSGALG00010011210,NUP153,2,0,ENSGALG00000012720,-1.1613676946708518,-0.966425545201879
ENSGALG00010013403,CPNE3,2,0,ENSGALG00000035561,0.2595574743689698,0.6065645743213248
ENSGALG00010010655,C1QTNF7,4,0,ENSGALG00000014515;ALDBGALG0000004459,-0.1873086733992506,
ENSGALG00010017472,LZTFL1,2,0,INRAGALG00000102061;ENSGALG00000054523,-1.0082197622208486,
ENSGALG00010017596,TDP1,5,0,ENSGALG00000010669;INRAGALG00000014225,-1.1053333350037424,
ENSGALG00010013614,ATRX,4,0,ENSGALG00000007843,-0.7024925724197878,-0.7934785772783473
ENSGALG00010010994,NAA20,7,0,ENSGALG00000012587,-0.1063538375980203,0.6950526216629059
ENSGALG00010016904,EAF1,2,0,ENSGALG00000033379,-2.099775701722293,-0.8556753078411831
ENSGALG00010012892,ORMDL1,7,0,ENSGALG00000036257,0.18517719220516893,0.4041483929427972
ENSGALG00010016979,PLSCR5,9,0,ALDBGALG0000005673;ENSGALG00000006807,-0.563973864680634,
ENSGALG00010015825,RUNX3,23,0,ENSGALG00000043372,-2.103268562983502,-2.1378507777772877
ENSGALG00010012599,DMGDH,Z,1,ENSGALG00000004491,0.09750994262010593,0.542644898630036
ENSGALG00010015076,ITK,13,0,ENSGALG00000052571;ENSGALG00000052624;ENSGALG00000003857,-0.9081972036265413,
ENSGALG00010016141,RRP15,3,0,ENSGALG00000009615,-0.5267747219842475,-0.9224998108570996
ENSGALG00010015285,ALG13,4,0,ENSGALG00000007976;ENSGALG00000030718,-0.5141443454377804,
ENSGALG00010011904,KIF24,Z,1,ENSGALG00000005806,-1.1830611971572962,-1.571931192520208
ENSGALG00010012796,MOCS2,Z,1,ENSGALG00000014906,-1.2219648886246621,-0.765917434548872
ENSGALG00010011231,PLBD1,1,0,ENSGALG00000029583,-0.3850996566580132,0.2195032816434067
ENSGALG00010017704,ZNF362,21,0,ENSGALG00000026558;INRAGALG00000102825,-2.351773292462941,
ENSGALG00010016428,ADRA1D,4,0,ENSGALG00000038787,-2.0252959734950697,-2.912430294726454
ENSGALG00010014928,SUCO,8,0,ENSGALG00000003081,-0.9862432367210632,-1.705052451988535
ENSGALG00010017141,AFTPH,3,0,ENSGALG00000008828,-0.9364041098387199,-1.2684189642645358
ENSGALG00010012904,ERMP1,Z,1,ENSGALG00000000438,0.804506063478024,0.4371606292607691
ENSGALG00010017020,GJB5,23,0,ENSGALG00000054289,-2.4828972504271523,
ENSGALG00010011607,TSEN15,8,0,ENSGALG00000004782,-1.3965656599053982,-0.1410468523903122
ENSGALG00010011426,NQO2,2,0,ENSGALG00000025747,-0.4475328938406121,0.0934231177978189
ENSGALG00010013048,WDR75,7,0,ENSGALG00000042197,-1.0472557312919417,-0.1138449993393246
ENSGALG00010012134,,Z,1,,-0.5509965716268446,
ENSGALG00010011853,NRG2,13,0,ENSGALG00000033641,-2.3391697001544105,-1.378655023575284
ENSGALG00010011465,PPP2R2C,4,0,ENSGALG00000015531;ENSGALG00000025762,-0.5794071359625684,
ENSGALG00010016942,ZBTB40,21,0,ENSGALG00000034595;ENSGALG00000004781;ALDBGALG0000003034,-2.1983783770459433,
ENSGALG00010015508,FUCA1,23,0,ENSGALG00000004112,-1.4722292882429784,-0.5601412402091405
ENSGALG00010017391,CRAMP1,14,0,ENSGALG00000009341,-1.8611398347346868,-3.476260803010183
ENSGALG00010015112,CBLN3,20,0,ENSGALG00000030821;ENSGALG00000048386;ENSGALG00000051587,-1.0230214570147949,
ENSGALG00010014411,ATP13A3,9,0,ENSGALG00000007075,-0.1642558077343106,-2.1252148562525552
ENSGALG00010016513,SOX30,13,0,ENSGALG00000052374,-1.4597247911573086,
ENSGALG00010013945,SCAF11,1,0,ENSGALG00000028849;INRAGALG00000000461,-1.4577646330974465,
ENSGALG00010010719,SH3BP4,7,0,ENSGALG00000004140,-1.590612557347992,-0.966550906968624
ENSGALG00010010839,CHAT,6,0,ENSGALG00000002289,-0.6130687716249629,
ENSGALG00010014234,GLRA1,13,0,ENSGALG00000004134;ALDBGALG0000001511;ALDBGALG0000001512,-0.5415732051739235,
ENSGALG00010013125,POU3F3,1,0,ENSGALG00000033739;ENSGALG00000035027,-3.133475576275124,
ENSGALG00010016996,ZIC4,9,0,ENSGALG00000006810,-1.6812868564178745,
ENSGALG00010015928,CAPN7,2,0,ENSGALG00000052604;ENSGALG00000041731,-0.45364254930682435,
ENSGALG00010016875,SESN2,23,0,ENSGALG00000037603,-2.1341984563097234,-3.751646495296729
ENSGALG00010014149,LGALS2,1,0,ENSGALG00000003213,-1.6091270538456355,-0.5942116182600911
ENSGALG00010011654,CLDN8,1,0,ENSGALG00000044073,-0.152546880795717,
ENSGALG00010012320,DPY19L4,2,0,ENSGALG00000039222,0.2810483326996759,-0.9056024747996944
ENSGALG00010014096,JAKMIP2,13,0,ENSGALG00000048631;ENSGALG00000007593,-1.1274390084457875,
ENSGALG00010010404,RFWD2,8,0,ENSGALG00000004500;ENSGALG00000025585,-1.3767522030804638,
ENSGALG00010013284,MANEAL,23,0,ENSGALG00000001653,-1.0919458126204968,
ENSGALG00010017421,GPR157,21,0,,-2.006962533204684,
ENSGALG00010017676,SPON2,4,0,ENSGALG00000038433,-0.420697570877108,0.3224408253386805
ENSGALG00010012509,MICAL3,1,0,ENSGALG00000013042,-1.4719150944600567,
ENSGALG00010016928,RGS11,14,0,ENSGALG00000040648,-2.223905470620566,
ENSGALG00010015664,NSUN7,4,0,ENSGALG00000014264,-0.38554951469338816,
ENSGALG00010013252,PPM1H,1,0,ENSGALG00000009805,-1.2361930418242386,-2.013200814533456
ENSGALG00010010956,AXDND1,8,0,ENSGALG00000004173,-1.5826525093066934,
ENSGALG00010017779,SNAPC1,5,0,ENSGALG00000011868,-1.0047803450463377,-0.8863369558433554
ENSGALG00010014707,KPNA5,3,0,INRAGALG00000011119;ENSGALG00000014937,-0.559872034165529,
ENSGALG00010010321,NUP133,3,0,ALDBGALG0000003782;ENSGALG00000011091,-0.8870431031884638,
ENSGALG00010015095,RBFOX2,1,0,ALDBGALG0000000141;ENSGALG00000012540,-0.7116052283242665,
ENSGALG00010017413,ZIC3,4,0,ENSGALG00000031144;ENSGALG00000037349,-2.0848789554196205,
ENSGALG00010016881,C1QB,21,0,ENSGALG00000004771,-1.2878933147720522,-0.5329801348714485
ENSGALG00010011357,UNC80,7,0,ENSGALG00000041563,-1.8735985579838887,
ENSGALG00010012751,AP3B1,Z,1,ENSGALG00000004390,-0.4974516431592525,0.4460276865873667
ENSGALG00010014579,NNT,Z,1,ENSGALG00000014869;ENSGALG00000045896,0.6182343021282325,
ENSGALG00010015101,CAP1,23,0,ENSGALG00000036294,-0.90354425502035,0.0780072356535315
ENSGALG00010012329,ATXN10,1,0,ENSGALG00000014234,-0.885086976483714,-0.2859980519122015
ENSGALG00010016218,N4BP2,4,0,ENSGALG00000053335;ENSGALG00000039177;NONGGAG004180;INRAGALG00000013041;INRAGALG00000013042,-0.993852840725491,
ENSGALG00010009695,ATAD2B,3,0,ENSGALG00000037872,-0.774530874041895,-1.669699850486697
ENSGALG00010016653,EPHA2,21,0,ENSGALG00000039895,-2.1839463563256025,-2.388279667970844
ENSGALG00010016399,ACSM5,14,0,ENSGALG00000042446,-0.22466466344108105,
ENSGALG00010014298,METTL18,8,0,ENSGALG00000035963,-0.9021130209120203,
ENSGALG00010017092,ANKS4B,14,0,ENSGALG00000002442,-2.000352598283649,-0.4303991143343255
ENSGALG00010014263,ZNF131,Z,1,ENSGALG00000014859,-0.5414857115844474,
ENSGALG00010013619,IL1R2,1,0,ENSGALG00000046326,-0.0957831821297378,0.0185651289989733
ENSGALG00010011825,FAM19A2,1,0,ENSGALG00000019361;ENSGALG00000049735;ENSGALG00000055064,-0.4207246171780967,
ENSGALG00010014856,MMGT1,4,0,ENSGALG00000027199,-1.2589069046371038,-0.1296807058133715
ENSGALG00010011670,TMCO6,13,0,ENSGALG00000037776,-2.827860463691217,-4.901342331409405
ENSGALG00010014861,MED21,1,0,ENSGALG00000027435,-1.6483509811332706,0.3497802728180564
ENSGALG00010015017,FAM184A,3,0,ENSGALG00000014881,-1.6755305718910252,-1.762703456602891
ENSGALG00010013686,UQCRQ,13,0,ENSGALG00000028302,-1.350633049212608,-0.0101563981360526
ENSGALG00010014355,RAB20,1,0,ENSGALG00000016844,-0.8895195837908301,-0.767194412796313
ENSGALG00010012124,ERAP1,Z,1,ENSGALG00000014684,-0.7489472522939108,-0.275115956132799
ENSGALG00010015571,DUSP15,20,0,ENSGALG00000021017;ENSGALG00000047007,-2.057939339512939,
ENSGALG00010013866,KCTD8,4,0,ENSGALG00000014225,-2.404203687810463,
ENSGALG00010011936,CKAP4,1,0,,-1.142134284445081,
ENSGALG00010013574,NR2F1,Z,1,INRAGALG00000024961;ENSGALG00000027907,-2.8143138918218633,
ENSGALG00010013831,TCERG1,13,0,ENSGALG00000007528,-0.6701783347329964,-1.73192706086733
ENSGALG00010013191,ABRA,2,0,ENSGALG00000041043,-1.4591844170963695,
ENSGALG00010017153,SLC35F4,5,0,ENSGALG00000012094,-0.604233137159605,
ENSGALG00010011370,MGAT4C,1,0,ENSGALG00000028360,-0.0010033612314347407,
ENSGALG00010013364,OTOGL,1,0,INRAGALG00000000628;ENSGALG00000010342,-0.4238980837504882,
ENSGALG00010011211,SLC37A1,1,0,ENSGALG00000016185;ENSGALG00000055008,-0.4066950155483679,
ENSGALG00010016465,STK35,20,0,ENSGALG00000036219,-2.110864662301731,-4.293304893592175
ENSGALG00010016832,DYNC1H1,5,0,ENSGALG00000011330,-0.6613148114543528,-1.1035778015924462
ENSGALG00010012968,LSM11,13,0,NONGGAG001388;ENSGALG00000038954,-1.7878704475150315,
ENSGALG00010015165,KLF3,4,0,ENSGALG00000041717;ENSGALG00000052104,-0.8374255889295105,
ENSGALG00010013792,FGF10,Z,1,ENSGALG00000014872,-1.1946130598585258,-2.4408641851753714
ENSGALG00010011662,RIDA,2,0,ENSGALG00000044554,0.13229809645905455,1.2319532324532272
ENSGALG00010013901,NFXL1,4,0,ENSGALG00000014138;ALDBGALG0000004182,-1.3947699999014542,
ENSGALG00010017471,CRLS1,3,0,ENSGALG00000009214,-0.1917670166115243,-1.7954543189965606
ENSGALG00010013132,TTC37,Z,1,ENSGALG00000014670,-0.15665617743046545,-0.1604382116156492
ENSGALG00010016383,FAM110D,23,0,ENSGALG00000046085,-2.6583583145377503,-1.4710933402497397
ENSGALG00010010379,SLC35F6,3,0,ENSGALG00000047993,-2.4711462185694772,
ENSGALG00010017390,DDX24,5,0,ENSGALG00000010884,-0.656231034163559,-0.5326589948568567
ENSGALG00010014199,LNX1,4,0,ENSGALG00000013940,-1.8235080924177431,
ENSGALG00010017762,FBXO11,3,0,ENSGALG00000008944,0.2394518820843744,0.0515874714988239
ENSGALG00010010314,CRB1,8,0,ENSGALG00000002287;ENSGALG00000047835,-1.4980583654182467,
ENSGALG00010014393,ATP8A1,4,0,ENSGALG00000014236,0.23124472976738397,-0.2416952983683506
ENSGALG00010011856,NFYB,1,0,,-1.0752809544728883,
ENSGALG00010015626,XKR7,20,0,ENSGALG00000006467,-2.0457134547291087,
ENSGALG00010010022,KMT2E,1,0,ENSGALG00000008167,-1.0946210290108098,-2.3976834185278806
ENSGALG00010010831,DESI1,1,0,ENSGALG00000047248,-1.5231981910386825,
ENSGALG00010012734,TMEM19,1,0,ENSGALG00000041783,0.16281116247419714,0.1228450621363627
ENSGALG00010015196,PDE4D,Z,1,ENSGALG00000014727;ALDBGALG0000006015;ENSGALG00000046568;INRAGALG00000024346;ENSGALG00000045735;ENSGALG00000046863,-1.3020792935390995,
ENSGALG00010017465,TMEM234,23,0,ENSGALG00000003408;ENSGALG00000037052,-1.0817293314314074,
ENSGALG00010013740,GNPDA2,4,0,ENSGALG00000014210,0.815654997002084,
ENSGALG00010014267,SCFD2,4,0,ENSGALG00000039168,-1.3453763178153049,-0.6279887094647529
ENSGALG00010010447,BTF3,Z,1,ENSGALG00000013512,-0.5995653052639142,0.3321871723353359
ENSGALG00010010042,METTL25,1,0,ENSGALG00000042269;INRAGALG00000000632,-0.6633462670857379,
ENSGALG00010016436,SLC30A2,23,0,ENSGALG00000010375,-2.4548127395196717,
ENSGALG00010013259,PTPRB,1,0,ENSGALG00000010049,-1.2047961233799394,-1.0028750194576437
ENSGALG00010015487,RPS6KA6,4,0,ENSGALG00000007097,0.030089808715037858,-2.0069554432274943
ENSGALG00010013524,ZDHHC15,4,0,ALDBGALG0000004298;ENSGALG00000007800;ENSGALG00000033756,0.18513226657610782,
ENSGALG00010017143,FAM149A,4,0,ENSGALG00000013503,-1.2543419602008448,-1.2721779350949052
ENSGALG00010014963,KMO,7,0,ENSGALG00000007503,-0.7660021939070394,0.3258031771722641
ENSGALG00010016409,GMEB2,20,0,ENSGALG00000039685,-2.057098165436672,-3.531505442355983
ENSGALG00010014396,ING1,1,0,ENSGALG00000016849,-1.6228328413564181,-1.246275502863961
ENSGALG00010017575,CLCN2,9,0,ENSGALG00000025804,-2.2514545165983684,-2.7851462020848885
ENSGALG00010017702,ECEL1,9,0,ENSGALG00000030420,-1.98758108507606,
ENSGALG00010014274,FIRRM,8,0,ENSGALG00000032743,-1.5090215497918806,-1.2134644339361276
ENSGALG00010013421,MCIDAS,Z,1,ENSGALG00000028595,-2.2492419992824453,
ENSGALG00010010512,PLXNC1,1,0,ENSGALG00000011309,-0.8202309022588397,-2.1689391467983485
ENSGALG00010015152,BOLL,7,0,INRAGALG00000104899;ENSGALG00000036160,0.11063221466142847,
ENSGALG00010013213,SH2D1A,4,0,ENSGALG00000008447,-1.529229121412487,-0.0801801903515224
ENSGALG00010012633,USP41,1,0,ENSGALG00000013057,-0.7289395842717152,-0.0544937682730295
ENSGALG00010010936,TDRD5,8,0,ENSGALG00000033634,-1.3483400645728392,
ENSGALG00010011460,LAMC2,8,0,ENSGALG00000004627,-2.2628454904746067,
ENSGALG00010011067,TMTC2,1,0,ENSGALG00000010975,-0.36890043224159413,-2.183713390000491
ENSGALG00010016481,MC3R,20,0,ENSGALG00000027260,-0.5790579407072605,
ENSGALG00010014465,SIMC1,13,0,ENSGALG00000003377,-2.2859691012854566,-2.340951028722357
ENSGALG00010011621,WASHC4,1,0,ENSGALG00000028254,-0.3276074648681514,0.2317410897377039
ENSGALG00010013271,GULP1,7,0,ENSGALG00000054944,-0.7162627095978409,
ENSGALG00010017745,SHMT1,14,0,ENSGALG00000005046,-1.499636689798721,-0.2657512627862651
ENSGALG00010010177,STRA8,1,0,ENSGALG00000011722,-1.5604437453706206,
ENSGALG00010014314,ANKS1B,1,0,,-0.6085961520536209,
ENSGALG00010017304,ANKRD9,5,0,ENSGALG00000011376,-2.833113681131017,-2.5521421626477867
ENSGALG00010017296,SCNN1G,14,0,ENSGALG00000006270,-1.7552107930623797,-1.2369721389509851
ENSGALG00010016702,WDR25,5,0,ENSGALG00000028897,-0.7218456029917857,
ENSGALG00010014303,GABRA2,4,0,ENSGALG00000014206;INRAGALG00000013020,0.21246642951514472,
ENSGALG00010010190,RNF44,13,0,ENSGALG00000026443,-2.7231340277757528,-2.942759287161044
ENSGALG00010014093,PLD1,9,0,ENSGALG00000009252;ENSGALG00000033595,-1.3711213768210557,
ENSGALG00010016459,PAQR5,10,0,ENSGALG00000008077;ENSGALG00000046988,-1.6819834826956033,
ENSGALG00010017798,BAG4,22,0,ENSGALG00000003254,-1.664202436285869,-1.724494572692618
ENSGALG00010015466,NMRK1,Z,1,ENSGALG00000015156,-0.5667815862115276,0.2953224987431289
ENSGALG00010017697,HPCA,23,0,ENSGALG00000003573,-2.2655528932164275,
ENSGALG00010011839,CBS,1,0,ENSGALG00000016196,-0.8134915201088289,0.3465863894057431
ENSGALG00010013669,NPR3,Z,1,INRAGALG00000024196;ENSGALG00000017405,-1.031970895999365,
ENSGALG00010010882,CEP350,8,0,ENSGALG00000003955,-1.6833362093391453,-2.374731161011341
ENSGALG00010012578,NDUFS4,Z,1,ENSGALG00000028026,-0.8914817194541056,0.6938118383256927
ENSGALG00010010638,ACVR1C,7,0,ENSGALG00000041257;ENSGALG00000026227,-1.8969901677223628,
ENSGALG00010010937,CDK7,Z,1,ENSGALG00000014790,0.11470011383627665,1.1373196849033935
ENSGALG00010012486,RADX,4,0,ENSGALG00000008990,-1.0075742714659186,-1.6262409491167915
ENSGALG00010017418,CHGB,3,0,ENSGALG00000054185;ENSGALG00000049137;ENSGALG00000046616;ENSGALG00000041077,-1.8940110276169326,
ENSGALG00010012588,PEX26,1,0,ENSGALG00000019286,-2.2838413537698052,-1.5323947940208675
ENSGALG00010017299,USP31,14,0,ENSGALG00000006286,-2.087574688096985,-5.382576769909663
ENSGALG00010017361,METTL22,14,0,ENSGALG00000033603;ENSGALG00000052131;ENSGALG00000053644;ENSGALG00000049349;ENSGALG00000054452;ENSGALG00000050968,-0.09396104942271988,
ENSGALG00010015306,BCAT1,1,0,ENSGALG00000013177;ENSGALG00000048674,-0.8754019368413544,
ENSGALG00010011359,RNF19A,2,0,ENSGALG00000038772;INRAGALG00000008167;INRAGALG00000008168;INRAGALG00000008171,-0.7288388393209578,
ENSGALG00010012988,RPL18A,1,0,ENSGALG00000049865;ENSGALG00000025464,-0.3758413742091425,
ENSGALG00010016835,CCDC88A,3,0,ENSGALG00000043587,-1.3106745313326824,-2.4061020864165936
ENSGALG00010016796,BROX,3,0,ENSGALG00000009413,-0.15862343220877684,1.0440579794754692
ENSGALG00010010774,KPTN,38,0,ENSGALG00000038994,-2.4861087523576875,-2.719136133323212
ENSGALG00010015044,ZC3H12B,4,0,INRAGALG00000011953;ENSGALG00000039391,-1.2126241656827301,
ENSGALG00010010115,NEB,7,0,ENSGALG00000053046;ENSGALG00000040995;ENSGALG00000050717;ENSGALG00000053408;ENSGALG00000051939;INRAGALG00000017001,-0.27572771924005424,
ENSGALG00010012034,ARHGEF9,4,0,INRAGALG00000012190;ENSGALG00000007608,-1.5020434170558672,
ENSGALG00010017586,ZFYVE28A,4,0,ENSGALG00000027810;ENSGALG00000015687;ENSGALG00000037214,-1.2135477053339458,
ENSGALG00010015668,ZNF217,20,0,ENSGALG00000040546;ENSGALG00000040886,-0.8177790777535129,
ENSGALG00010014910,CACNG2,1,0,INRAGALG00000000892;ENSGALG00000031977,-1.3420331904591696,
ENSGALG00010016109,MLH1,2,0,ENSGALG00000039169,-0.5751681878852841,-0.311957563725271
ENSGALG00010012047,LMAN2,13,0,ENSGALG00000033232,-1.6255314394003966,-0.3255901687368763
ENSGALG00010013833,TMPRSS2,1,0,ENSGALG00000016144,-0.44931264296332624,-0.1824297811991267
ENSGALG00010017640,P2RY4,4,0,ENSGALG00000004346,-1.9903468869366163,-1.755237769333069
ENSGALG00010015046,PSMB2,23,0,ENSGALG00000026421,-1.4764686053884066,0.6987074767134944
ENSGALG00010016731,C4orf48,4,0,ENSGALG00000051787;INRAGALG00000013263;ENSGALG00000024486,-1.6355602790943249,
ENSGALG00010016575,CWH43,4,0,ENSGALG00000041921,0.16372397319314447,
ENSGALG00010012738,RAB21,1,0,ENSGALG00000010183,-0.10737590323086765,-0.3104345862651748
ENSGALG00010010953,EXTL3,3,0,ENSGALG00000016630,-1.3258727894157272,-4.159882865066442
ENSGALG00010014887,MTMR12,Z,1,ENSGALG00000003168,-0.6541840568190069,-0.964114004964074
ENSGALG00010013429,PDE4DIP,8,0,ENSGALG00000052302;ENSGALG00000052208;ENSGALG00000036783,-2.987747324691567,
ENSGALG00010016362,NUP62,4,0,ENSGALG00000004856,-1.3518702694665814,-0.2845528564817594
ENSGALG00010011038,GSG1,1,0,ENSGALG00000011802,-1.7566707651984597,
ENSGALG00010014359,TMEM271,Z,1,ENSGALG00000027114,-2.6653766757571913,-4.210078884515213
ENSGALG00010016757,SRPX2,4,0,ENSGALG00000006796,-2.3035121541428807,
ENSGALG00010010651,NUAK1,1,0,ENSGALG00000012662,-1.4710977133895993,-1.437747229188164
ENSGALG00010015621,IDNK,Z,1,ENSGALG00000012583,-1.0438105978023153,0.7308058529128252
ENSGALG00010016917,METTL6,2,0,ENSGALG00000040665,-0.7813328889975009,-1.924745492946731
ENSGALG00010014992,ARL15,Z,1,ENSGALG00000014911;ENSGALG00000027297,-0.9451410206357893,
ENSGALG00010012064,RGS14,13,0,ENSGALG00000003113,-2.72160434716685,-3.622014489150733
ENSGALG00010009678,JARID2,2,0,ENSGALG00000012702;ENSGALG00000038174,-1.4172273775417632,
ENSGALG00010012219,KDM5A,1,0,ENSGALG00000012986,-1.2009755812838356,-1.5298193238654156
ENSGALG00010016426,HELZ2,20,0,ENSGALG00000006138,-1.8551029001982764,-2.0047729849114813
ENSGALG00010015927,GLA,4,0,ENSGALG00000004948,-1.4125703572637023,-0.4072365348709589
ENSGALG00010011175,GPR52,8,0,ENSGALG00000004578,-0.973326378027628,-1.2814275030728066
ENSGALG00010010762,MRPL39,1,0,ENSGALG00000015742,-0.4092379259998148,0.5688525072946483
ENSGALG00010016655,TRANK1,2,0,ENSGALG00000037629,-0.5118803938943829,-0.3901956888014143
ENSGALG00010013317,PREP,3,0,ENSGALG00000015405,-0.18903950318154195,0.5595040256168844
ENSGALG00010016491,DNAJC8,23,0,ENSGALG00000000790,-0.509486002841544,0.2074572712202867
ENSGALG00010013580,RANBP3L,Z,1,ENSGALG00000021304,-0.9170744236568152,
ENSGALG00010011244,PDE9A,1,0,ENSGALG00000016186,-0.9321790781001471,-1.619144070472907
ENSGALG00010010760,FOXI1,13,0,ENSGALG00000002105,-1.4413914560244956,-4.043983561213445
ENSGALG00010016931,SLC30A4,10,0,ENSGALG00000005703,-0.8383657257503054,-1.9830689310453973
ENSGALG00010016769,BNC1,10,0,ENSGALG00000006041,-1.0195463548179542,
ENSGALG00010017631,NAT8L,4,0,ENSGALG00000054772,-1.2418856482083864,
ENSGALG00010014592,QNG1,Z,1,ENSGALG00000012589,-0.5793144674068147,-1.254588850727154
ENSGALG00010010925,FBXO16,3,0,ENSGALG00000053560,-1.2955833000842043,
ENSGALG00010011458,TPGS2,Z,1,ENSGALG00000026547,-0.9784142990045822,0.4193340357736324
ENSGALG00010010930,FAM163A,8,0,ENSGALG00000020984,-2.1288465774278476,
ENSGALG00010015234,TRIP11,5,0,ENSGALG00000010763,-1.3607296610239423,-0.9312443806254416
ENSGALG00010013033,MAP3K1,Z,1,ENSGALG00000014718,-1.0034335242107906,-1.2051218633575478
ENSGALG00010013537,LMO3,1,0,ENSGALG00000036358,-0.15555853549733756,
ENSGALG00010012259,IL1RAPL2,4,0,ENSGALG00000008888;INRAGALG00000012289,-0.2853848189242282,
ENSGALG00010015840,MTUS1,4,0,ENSGALG00000013615,-1.335934335305483,-0.134608815574145
ENSGALG00010015764,TTI1,20,0,ENSGALG00000006791,-2.3004046512394276,-1.6692255465009989
ENSGALG00010014807,HES1,9,0,ENSGALG00000028015,-2.075995662986147,-2.166293507469313
ENSGALG00010011759,CREB3L4,Z,1,ENSGALG00000002523,-3.0575807927721104,-1.5308866719670366
ENSGALG00010012275,VIRMA,2,0,ENSGALG00000035722;ENSGALG00000031131,-1.1396723305050775,
ENSGALG00010015766,TLE1,Z,1,ENSGALG00000012575,-1.1458364997832353,-1.4895140204074346
ENSGALG00010011400,BPHL,2,0,INRAGALG00000018354;ENSGALG00000029659,-0.4888123303616541,
ENSGALG00010017313,MAP4K3,3,0,ENSGALG00000039720,-0.5262152065426944,-1.3382127092543057
ENSGALG00010017671,ANTXR1,22,0,ENSGALG00000030603,-1.0950672958476244,-0.7396988418033057
ENSGALG00010013041,LRP12,2,0,ENSGALG00000033630,-1.3004899374131504,-1.1729646845369917
ENSGALG00010017148,MOK,5,0,NONGGAG004551;ENSGALG00000011366,-0.11920737601247611,
ENSGALG00010012117,SMCO3,1,0,ENSGALG00000011743,-1.3904609078139247,
ENSGALG00010011754,IL17B,13,0,,-2.455820645177277,
ENSGALG00010014026,SH3BP1,1,0,ENSGALG00000012422,-2.4103816207589253,-2.79858782038916
ENSGALG00010013378,SH3RF3,1,0,ENSGALG00000054834;ENSGALG00000049680;ENSGALG00000052501;ENSGALG00000016810;ENSGALG00000025297,-1.5416574354973278,
ENSGALG00010014893,SLC9A6,4,0,ENSGALG00000006180,-1.4220187162155917,-1.731141918025101
ENSGALG00010011161,RABGAP1L,8,0,,-1.6980961179815124,
ENSGALG00010013263,ATP11A,1,0,ENSGALG00000041644,0.12243695660169174,-1.9802675524717377
ENSGALG00010010186,TNPO1,Z,1,ENSGALG00000015014,-0.40391110908986794,0.2697065554684708
ENSGALG00010013303,TFPI,7,0,ENSGALG00000002594,-0.6478497074153811,-1.6611298124811884
ENSGALG00010009746,FOXE1,Z,1,ENSGALG00000026252,-1.7434268011122245,
ENSGALG00010012940,FBN2,Z,1,ENSGALG00000014686,-0.8438420858751873,
ENSGALG00010016908,CMC4,4,0,ENSGALG00000023937;ENSGALG00000038681,-1.2839327186571787,
ENSGALG00010015751,MYOM3,23,0,ENSGALG00000004155,-0.35289221252346137,
ENSGALG00010017804,DUSP5,6,0,ENSGALG00000032618,-2.203530520287388,-1.6230099057788538
ENSGALG00010014830,TRAPPC3L,3,0,ENSGALG00000028539,-0.4753843817807044,
ENSGALG00010013139,TMEM185A,4,0,ENSGALG00000009139,0.004151745708036336,-0.6368094628982343
ENSGALG00010015020,NIPAL4,13,0,ENSGALG00000039687,-1.431012814633092,-0.3523544342824305
ENSGALG00010011626,SERPINB1,2,0,ENSGALG00000019555,-0.5924450985673861,0.0180621767802942
ENSGALG00010016696,DOK7,4,0,ENSGALG00000052043;ENSGALG00000047606;ENSGALG00000015615,-1.565933785444229,
ENSGALG00010011413,ZBTB37,8,0,ALDBGALG0000005472;NONGGAG005135;ENSGALG00000004597,-2.2978202135445973,
ENSGALG00010016470,TNIP1,13,0,ENSGALG00000004496,-3.0091141351302513,
ENSGALG00010010614,IKBIP,1,0,ENSGALG00000026284,-0.7648194238992838,0.5102026920971026
ENSGALG00010013753,PLEKHA5,1,0,ENSGALG00000013134,-0.972439550549413,-1.2646894986875814
ENSGALG00010016394,PDIK1L,23,0,ALDBGALG0000003119;ENSGALG00000001463,-0.7538891923460691,
ENSGALG00010014238,PHLDA1,1,0,ENSGALG00000034788,-2.5591386418926465,
ENSGALG00010016629,LARS,13,0,ENSGALG00000007494,-0.38315301478089026,0.0717919313119953
ENSGALG00010013215,SF3A3,23,0,ENSGALG00000001540,-1.5618335555932106,-0.3122091200381172
ENSGALG00010014300,ELFN2,1,0,ENSGALG00000038966;ENSGALG00000012446,-2.074907594707987,
ENSGALG00010015540,ACSL4,4,0,ENSGALG00000008088;ENSGALG00000025789,0.12684195317088065,
ENSGALG00010012193,TTLL1,1,0,ENSGALG00000014163,0.18744196890501386,
ENSGALG00010017587,MB21D2,9,0,ENSGALG00000048479;ALDBGALG0000005590;ENSGALG00000007218,-1.6543681666196934,
ENSGALG00010013549,PCP4,1,0,,-1.2018242836290547,
ENSGALG00010011780,SERPINB5,2,0,ENSGALG00000012873,-0.6634134852222895,
ENSGALG00010014655,FHL3,23,0,ENSGALG00000035187,-1.7537798409018879,-0.3511226109641805
ENSGALG00010011784,GRPEL2,13,0,ENSGALG00000050577,-1.4530764759142718,
ENSGALG00010012215,RAB17,7,0,ENSGALG00000003899,-0.9671584360157297,-0.3999271376123895
ENSGALG00010015935,EPHX1,3,0,ENSGALG00000009291,-0.42683454950916183,0.774385139183275
ENSGALG00010016562,GLIS2,14,0,ENSGALG00000034737,-2.6175153220983467,
ENSGALG00010016353,C1orf232,23,0,ENSGALG00000029721,-2.604382412984966,
ENSGALG00010011485,MTM1,4,0,ENSGALG00000009096;ENSGALG00000052913,-0.45093924348967224,
ENSGALG00010014148,KCNG1,20,0,ENSGALG00000007980,-0.8963240596290627,
ENSGALG00010015086,FOXN3,5,0,ENSGALG00000010665,-1.181735378220974,-2.2542005708696715
ENSGALG00010011347,RGS22,2,0,INRAGALG00000017776;ENSGALG00000037997;ENSGALG00000049191,-0.80532977540417,
ENSGALG00010011419,RNF180,Z,1,ENSGALG00000014743,-0.7029330932261328,
ENSGALG00010016661,UBE4B,21,0,ENSGALG00000002649,-1.276603021552381,-0.8584372558245761
ENSGALG00010017776,GPR68,5,0,ENSGALG00000010707,-0.994225129434232,
ENSGALG00010014154,DNAI7,1,0,ENSGALG00000014030,-0.5702255121389915,
ENSGALG00010017246,GGA2,14,0,ENSGALG00000047479;ENSGALG00000006140,-2.063581019044824,
ENSGALG00010016762,EML6,3,0,ENSGALG00000008139,-0.04274804508375618,-3.977387144140896
ENSGALG00010017438,ADRB3,22,0,NONGGAG002951;ENSGALG00000019018,-2.4809240886972015,
ENSGALG00010017553,EDA,4,0,ENSGALG00000035966,-0.9707048669058038,-1.4250923473121395
ENSGALG00010012894,CLIC6,1,0,ENSGALG00000016020,-1.657619417455602,-0.4107200023995428
ENSGALG00010012399,ERC1,1,0,ENSGALG00000012994,-2.001089556181428,-1.9717350953403368
ENSGALG00010017594,CEP68,3,0,ENSGALG00000008787,-2.405124631838116,-1.9613115851057572
ENSGALG00010015788,TRPC1,9,0,ENSGALG00000002639,-0.17417274332523514,-1.5913665696975683
ENSGALG00010011142,DUSP19,7,0,ENSGALG00000043268,-2.5519184355085245,-1.7211438496627267
ENSGALG00010017563,ALK,3,0,ENSGALG00000009034,-1.2957727857782764,
ENSGALG00010010800,BICRA,38,0,ENSGALG00000031325;ENSGALG00000054495,-3.1708382767164647,
ENSGALG00010017433,RNPS1,14,0,ENSGALG00000009288,-2.753510012457454,-0.6334767380922481
ENSGALG00010014091,CHIC2,4,0,ENSGALG00000013931,-1.4061116331262942,0.3888600102310416
ENSGALG00010015616,NADK2,Z,1,ENSGALG00000003558,-0.7348872045300059,-0.7084561782988189
ENSGALG00010017712,MSH2,3,0,ENSGALG00000008969;ENSGALG00000008962,-0.4903845069277301,
ENSGALG00010017685,PHC2,21,0,ENSGALG00000043327;INRAGALG00000023606;ENSGALG00000039532,-2.922180847745847,
ENSGALG00010015856,TXNDC9,1,0,ENSGALG00000032090,-0.24846178244776107,0.1288296045417703
ENSGALG00010010806,INSYN2B,13,0,ENSGALG00000027809,-1.242742558493918,
ENSGALG00010017645,SYNC,23,0,ENSGALG00000003529,-3.1354798197008344,-3.238691373226578
ENSGALG00010013096,CLDN14,1,0,,-0.7855718903623169,
ENSGALG00010010776,GCAT,1,0,ENSGALG00000012312,-1.556709304509393,-0.4246954275460451
ENSGALG00010011556,LAPTM4B,2,0,ENSGALG00000045196,-0.6784935369183358,0.083718807583485
ENSGALG00010016139,LURAP1L,Z,1,ENSGALG00000029932,-1.3426989964406428,
ENSGALG00010012210,PPWD1,Z,1,ENSGALG00000014756,0.06173718009613982,-0.2071207852641713
ENSGALG00010016621,GRXCR2,13,0,,-2.3188411167172056,
ENSGALG00010013367,NOL4L,20,0,ENSGALG00000041732,-2.490385823361029,-3.24276334265178
ENSGALG00010014178,LRTM2,1,0,ENSGALG00000026214,-2.301677369722181,
ENSGALG00010016568,PAM16,14,0,ENSGALG00000038325,-2.1243834312554526,-1.905343919555726
ENSGALG00010016518,TMEM42,2,0,ENSGALG00000047642,-1.1816282247959753,
ENSGALG00010015084,FOXO6,23,0,ENSGALG00000026153,-2.7230385481783124,
ENSGALG00010014161,GFRA3,13,0,ENSGALG00000007620,-1.9032172935330012,-1.4731590659669502
ENSGALG00010011937,SLC1A1,Z,1,ENSGALG00000010187,0.6175903647507833,0.8366923382192635
ENSGALG00010016733,PHC3,9,0,ENSGALG00000009372;NONGGAG005450,-2.107963993706598,
ENSGALG00010013192,B4GALT5,20,0,ENSGALG00000008056,-0.6394974073231021,
ENSGALG00010011564,ARAP3,13,0,ENSGALG00000002562,-2.4628562378944236,-3.464635736625712
ENSGALG00010012551,PCGF3,Z,1,ENSGALG00000015333,-1.2610533231209482,-1.5348404626237433
ENSGALG00010015749,ATR,9,0,ENSGALG00000002663,-0.41497747731442663,-0.8175348328406654
ENSGALG00010010983,MED28,4,0,ENSGALG00000054271,-1.782255419941596,
ENSGALG00010015653,HCK,20,0,ENSGALG00000006522,-1.6728183975804805,-2.909363236165818
ENSGALG00010015168,GPR6,3,0,ENSGALG00000015068,-1.4519944087841512,
ENSGALG00010010685,STIM2,4,0,ENSGALG00000014355,-1.2450043801184667,-0.6267181838963929
ENSGALG00010011573,CMAS,1,0,ENSGALG00000013229,-0.6941423971251681,0.1658874300170145
ENSGALG00010017592,GID4,14,0,ENSGALG00000004929,-0.6665012983432966,-1.5522272861799158
ENSGALG00010010446,C22orf23,1,0,ENSGALG00000012293,-2.153902254715237,
ENSGALG00010016964,MAML1,13,0,ENSGALG00000005929,-1.8724721795856798,-1.7182567056063192
ENSGALG00010014878,TMCO1,8,0,ENSGALG00000033460;ENSGALG00000049512,-1.1436226512012604,
ENSGALG00010014042,SGCZ,4,0,ENSGALG00000013684;ENSGALG00000021732,-0.9022660428606964,
ENSGALG00010015834,STARD8,4,0,ENSGALG00000032419;ENSGALG00000033969,-2.517033548281619,
ENSGALG00010012318,POLR1D,4,0,ENSGALG00000007470,-1.5204668488453015,-0.0041745971898636
ENSGALG00010013261,JADE2,13,0,ENSGALG00000006424,-2.3804946550693096,-4.484794724103895
ENSGALG00010016452,GLCE,10,0,ENSGALG00000028191,-1.5912702916385355,-1.6721836400998629
ENSGALG00010014338,BHLHE41,1,0,ENSGALG00000048539,-2.5120987793389835,
ENSGALG00010016968,C15orf61,10,0,ENSGALG00000028141;ENSGALG00000007930,-1.5051569873499475,
ENSGALG00010017660,CLIP4,3,0,ENSGALG00000009024,-0.628402957373534,-0.2105634678857894
ENSGALG00010010049,ZBTB7C,Z,1,ENSGALG00000033408;ENSGALG00000050411;ENSGALG00000051092,-1.9379865399060394,
ENSGALG00010012295,CUL4B,4,0,ENSGALG00000008559;ENSGALG00000031591,-0.6628118781589988,
ENSGALG00010017581,EFCAB11,5,0,INRAGALG00000014218;INRAGALG00000014219;INRAGALG00000014220;INRAGALG00000014221;INRAGALG00000014222;INRAGALG00000014223;ALDBGALG0000004818;ENSGALG00000020402,-0.5393752258333857,
ENSGALG00010015580,GEMIN5,13,0,ENSGALG00000003937,-1.3281620266751817,-0.382867154572051
ENSGALG00010015117,RASD2,1,0,ENSGALG00000012542,-1.1686575767434433,-0.3097504881176229
ENSGALG00010013595,WEE2,1,0,,-1.3189371557338303,
ENSGALG00010017782,IGDCC4,10,0,ENSGALG00000007410,-1.6981633939346232,-2.565282256055049
ENSGALG00010014758,FXN,Z,1,ENSGALG00000015108,-0.7143173260937846,0.5015635829606718
ENSGALG00010015477,ARMC9,9,0,ENSGALG00000007691;ENSGALG00000048588,-1.2374861659952825,
ENSGALG00010011295,FAM167A,3,0,,-1.6569949143022824,
ENSGALG00010015155,HMOX1,1,0,ENSGALG00000012546;ENSGALG00000012550,-1.5035867968494372,
ENSGALG00010014876,PCNT,7,0,ENSGALG00000007021,-1.404940270745627,-1.6263749548191213
ENSGALG00010017376,GALNT14,3,0,ENSGALG00000009078;ENSGALG00000025299,-2.0066352927260227,
ENSGALG00010016310,HDAC8,4,0,ENSGALG00000004825,-0.8171828514239008,-1.8629209961917104
ENSGALG00010014388,MFNG,1,0,ENSGALG00000012442,-1.826600240522143,-3.0684590124555804
ENSGALG00010015104,CNGA2,4,0,ENSGALG00000007282,-1.4096116583847484,-3.7780409351197073
ENSGALG00010010990,MED18,Z,1,ENSGALG00000028149,-1.3630757805431202,-0.9238616873425024
ENSGALG00010010303,ETF1,13,0,ENSGALG00000002262,-0.18785381471237705,-0.3042922444254253
ENSGALG00010011966,SLC25A24,8,0,ENSGALG00000001938,-0.32981800814325146,-0.7043276300844034
ENSGALG00010015213,RUBCN,9,0,ENSGALG00000007557;INRAGALG00000016776;INRAGALG00000016778,-2.797879914936158,
ENSGALG00010017726,TTI2,22,0,INRAGALG00000009003;ENSGALG00000001651,-2.396675317935958,
ENSGALG00010013135,TTC3,1,0,ENSGALG00000016050,-0.6084490200865023,-1.0246210782704883
ENSGALG00010016477,CNIH3,3,0,ENSGALG00000009308,-1.5259280546534755,
ENSGALG00010014624,GPRC6A,3,0,ENSGALG00000014925,0.07768374651911703,
ENSGALG00010016535,BNC2,Z,1,INRAGALG00000024565;INRAGALG00000024566;ENSGALG00000015101,-1.3979579356401695,
ENSGALG00010013440,EEA1,1,0,ENSGALG00000011280,-1.877620887821061,-1.7682702943539803
ENSGALG00010015881,GAB3,4,0,NONGGAG003919;ENSGALG00000008408,-2.3940253187973473,
ENSGALG00010016799,WDTC1,23,0,ENSGALG00000000943;ENSGALG00000041027,-1.2987613021511824,
ENSGALG00010017691,LZTS1,22,0,ENSGALG00000001727,-3.5083642302065763,
ENSGALG00010015143,EXOC1,4,0,ENSGALG00000013778,-0.32984161945465185,-0.0676499193285553
ENSGALG00010012209,KIF14,8,0,ENSGALG00000002175;ENSGALG00000017376;INRAGALG00000015898;ENSGALG00000054302;NONGGAG005091;ENSGALG00000054260,-0.6791277285913508,
ENSGALG00010013520,CREG2,1,0,ENSGALG00000040947,-1.0308293404355746,-0.964506241648975
ENSGALG00010016707,KIF1B,21,0,ENSGALG00000002726,-1.3307849321103808,-1.0046356549162208
ENSGALG00010017395,BRF2,22,0,ENSGALG00000003124,-2.590774234560132,-1.570806391246908
ENSGALG00010012690,NT5DC1,3,0,ENSGALG00000014964,-0.6884961523708713,0.271624197002601
ENSGALG00010015879,TRMT61A,5,0,ENSGALG00000011522,-1.188242363073576,0.0809126527640854
ENSGALG00010012806,RGS21,8,0,,-0.7021793819995021,
ENSGALG00010012371,ATP6V1G3,8,0,ENSGALG00000002207,-0.6763264431510443,-0.4722764851994158
ENSGALG00010017110,BRF1,5,0,ENSGALG00000011705,-0.7671681672466153,-1.5574875643835862
ENSGALG00010013063,PARP12,1,0,ENSGALG00000046187,-1.310883395644822,-0.83098703320293
ENSGALG00010010062,RGS7BP,Z,1,ENSGALG00000027389,-2.2003021938095384,1.0269411803733504
ENSGALG00010012706,TBC1D8B,4,0,ENSGALG00000009040,-1.0088389287342703,-0.3821921548658282
ENSGALG00010017520,ZBTB1,5,0,,-1.1973742200944182,
ENSGALG00010011764,PCYOX1L,13,0,ENSGALG00000040340,-2.256178348446551,-2.4441069974095884
ENSGALG00010014668,GP5,9,0,,-1.4737884614765024,
ENSGALG00010012008,ZNF366,Z,1,ENSGALG00000015008,-1.3357942696337042,-1.185700576459923
ENSGALG00010016410,TRAK1,2,0,ENSGALG00000038733,-1.6291662294858658,-2.9384198448984664
ENSGALG00010017537,MANBA,4,0,NONGGAG004148;INRAGALG00000012943;ENSGALG00000012308;INRAGALG00000012944;INRAGALG00000012945;INRAGALG00000012946,-0.37378524817182124,
ENSGALG00010012889,RIC1,Z,1,ENSGALG00000015036,-0.7951624048867868,-1.4821134707835977
ENSGALG00010010415,CPLX4,Z,1,ENSGALG00000038426,-0.911616519817612,-5.887758543244262
ENSGALG00010010290,,2,0,,-2.326576752830514,
ENSGALG00010009991,LHFPL3,1,0,ENSGALG00000043367;INRAGALG00000000240,-1.0222584440443843,
ENSGALG00010014923,CIMIP1,20,0,ENSGALG00000027484,-1.652409531075775,
ENSGALG00010016945,BDH2,4,0,ENSGALG00000012338,0.14711401848141092,0.7840633517968522
ENSGALG00010013558,SNAPC3,1,0,ENSGALG00000011323,-1.6674563727929614,-0.7228481961077702
ENSGALG00010015132,GCNT1,Z,1,ENSGALG00000015166,0.28701769724770154,1.1582894115202504
ENSGALG00010010645,FAM219A,Z,1,ENSGALG00000005821,-1.6279885863566306,-1.3118861271633693
ENSGALG00010013388,SOWAHC,1,0,,-2.7022594747087836,
ENSGALG00010017654,SLC51B,10,0,,-2.3678874255815403,
ENSGALG00010012133,RAB3IP,1,0,ENSGALG00000009959,-0.8296043784723721,-0.9839797506740277
ENSGALG00010014726,PWP2,1,0,ENSGALG00000045726,-0.45426997035922034,
ENSGALG00010010411,CD180,Z,1,ENSGALG00000023411,-1.547074049376858,0.3729622505220805
ENSGALG00010015524,CNR2,23,0,ENSGALG00000004120;INRAGALG00000009219;INRAGALG00000009220;INRAGALG00000009221,-1.104808284448686,
ENSGALG00010017529,MFN2,21,0,ENSGALG00000004523,-1.0038419182623917,-0.4284109457418161
ENSGALG00010010449,PAPPA2,8,0,ENSGALG00000040432,-2.537593242824581,
ENSGALG00010011000,CLRN2,4,0,ENSGALG00000027453,0.8071769524436444,
ENSGALG00010010805,PTRHD1,3,0,ENSGALG00000016610,-1.9513954573882883,-1.01520517757825
ENSGALG00010010337,SCARA3,3,0,ENSGALG00000026651,-2.540528382887423,
ENSGALG00010017022,CCR4,2,0,ENSGALG00000039146,0.12907742301657488,
ENSGALG00010010733,GFM2,Z,1,ENSGALG00000014939,-0.3492820384627139,-0.5498069654223351
ENSGALG00010012958,OLFML2B,8,0,ENSGALG00000002667,-2.8530684121818446,-1.5934086547212991
ENSGALG00010013410,KIAA0825,Z,1,ENSGALG00000014664,-0.8617859121940953,-0.7357086507910552
ENSGALG00010009786,CXorf36,1,0,ENSGALG00000016215,-2.0341035639016565,-1.1781972050397662
ENSGALG00010014184,SLC44A1,Z,1,ENSGALG00000015439,-0.13907232408766457,-0.5831277372116871
ENSGALG00010009914,RWDD2B,1,0,ENSGALG00000015807,-0.8756679253996399,0.4817798802849674
ENSGALG00010015333,MED7,13,0,ENSGALG00000017362;ENSGALG00000003870,-1.3680866034517476,
ENSGALG00010015485,BCAS1,20,0,ENSGALG00000007796,-1.5340056378272426,
ENSGALG00010014190,HACD4,Z,1,ENSGALG00000028142,-0.39873775385332966,0.8970208437795705
ENSGALG00010017785,SLC5A10,14,0,ENSGALG00000005083,-1.8271463349787371,
ENSGALG00010013371,FAT1,4,0,ENSGALG00000013579,0.019726054970485407,-0.3540215144066342
ENSGALG00010016907,SQSTM1,13,0,ENSGALG00000035804,-1.889757708619813,0.1781926764756499
ENSGALG00010017183,NFYC,23,0,ENSGALG00000003189;ENSGALG00000018301;ENSGALG00000018302,-1.9542847392201037,
ENSGALG00010015118,GPX8,Z,1,ENSGALG00000026704,-0.1608268841534095,
ENSGALG00010011688,PDE3A,1,0,ENSGALG00000013143,-1.4920396122404758,-1.4963006915652974
ENSGALG00010010382,SEC11C,Z,1,ENSGALG00000031663;ENSGALG00000047070,0.4235832292755909,
ENSGALG00010012099,UPK3A,1,0,ENSGALG00000014227,-1.196585630874793,
ENSGALG00010016874,ADAMTSL3,10,0,ENSGALG00000053663;ENSGALG00000047695;ENSGALG00000006104;ENSGALG00000054145,-0.7536227173150245,
ENSGALG00010012761,SMPDL3A,3,0,ENSGALG00000049882,-0.7260743490635488,
ENSGALG00010011772,GRHL2,2,0,NONGGAG008621;ENSGALG00000051990;ENSGALG00000037687,-0.7193944819680385,
ENSGALG00010013455,PDE6B,Z,1,ENSGALG00000015373,-0.507532415901051,
ENSGALG00010013949,PRRC2C,8,0,,-1.3665811688156375,
ENSGALG00010014295,CACNA1C,1,0,ENSGALG00000013022;INRAGALG00000100171,-1.146617093951608,
ENSGALG00010016464,PANK2,4,0,ENSGALG00000015978;ENSGALG00000018328,-0.9930234357434055,
ENSGALG00010016322,EBF4,4,0,ENSGALG00000047979,-2.593530833447495,
ENSGALG00010011572,PTCD2,Z,1,ENSGALG00000038260,-0.15635311866611257,0.0385323040351334
ENSGALG00010014077,SLITRK2,4,0,ENSGALG00000009192,-1.7811500624756857,-1.1640762964191969
ENSGALG00010016425,TRIM63,23,0,ENSGALG00000034107,-2.5079419737136694,-3.5661650481880844
ENSGALG00010017747,DUSP26,22,0,ENSGALG00000001633,-1.9302322656815574,-2.2043556888430134
ENSGALG00010011423,GDF6,2,0,ENSGALG00000035901,-2.750539294126088,
ENSGALG00010013459,ATP10D,4,0,ENSGALG00000014192,-0.6095837961756905,-1.3384786296310631
ENSGALG00010015431,RIN3,5,0,ENSGALG00000010806,-1.7186111693091284,-1.461645872102327
ENSGALG00010012614,LHFPL2,Z,1,ENSGALG00000004437,-0.208918323945687,-0.6507943655351314
ENSGALG00010016615,BCORL1,4,0,ENSGALG00000003976,-2.6911852018005793,-2.891406938484866
ENSGALG00010017356,NSMCE1,14,0,ENSGALG00000006307;ENSGALG00000027794,-0.40913457493095373,
ENSGALG00010016934,SLC25A38,2,0,ALDBGALG0000002570;ENSGALG00000041275,-0.740215261613794,
ENSGALG00010014317,RAD23B,Z,1,ENSGALG00000015540,-0.4671319844115842,0.4719374709269277
ENSGALG00010014062,GGA1,1,0,ENSGALG00000039658,-1.9754320951081539,-1.354749536164774
ENSGALG00010011472,UCN,3,0,,-3.0360662783109107,
ENSGALG00010017218,ARHGEF33,3,0,ENSGALG00000013221,-2.0942246495904255,
ENSGALG00010012303,CA9,Z,1,ENSGALG00000021340,-2.4106723553853247,-0.8233395926917437
ENSGALG00010012961,ANKRD55,Z,1,ENSGALG00000014717,-1.4702325794587412,
ENSGALG00010017399,CPXM1,4,0,ENSGALG00000040759,-2.2566464658412153,-1.6661879881322874
ENSGALG00010021435,GCN1,15,0,ENSGALG00000007276,-1.015437500270734,-0.4990059314763974
ENSGALG00010019285,BATF3,3,0,ENSGALG00000052425,-1.3278408678014735,
ENSGALG00010029496,TTYH1,18,0,ENSGALG00000026940,-2.543530110027693,-2.38343577100147
ENSGALG00010025007,ZYG11A,8,0,ENSGALG00000028481;ENSGALG00000010643,-0.6501255427732421,
ENSGALG00010028885,BRD3,17,0,ENSGALG00000002682;ALDBGALG0000001909,-1.4415593309197396,
ENSGALG00010020336,OSBP,5,0,ENSGALG00000030548,-2.4282549205437576,-2.6164286003368136
ENSGALG00010022170,RSPRY1,11,0,ENSGALG00000001350,-0.9859018820165814,-1.713190925390122
ENSGALG00010026104,DDX51,15,0,ENSGALG00000032690,-1.2245662143205744,-1.1869278447842393
ENSGALG00010017822,VWA3A,14,0,ENSGALG00000049654,-0.5779136260607506,
ENSGALG00010019294,SMARCAL1,7,0,ENSGALG00000011475,-0.5926525012056114,-1.6280913065636746
ENSGALG00010027107,KIF21B,26,0,ENSGALG00000034347,-2.605746909877538,-4.986502245275376
ENSGALG00010021640,PLEKHG3,5,0,ENSGALG00000037409,-2.891690847414059,-3.2765038708897256
ENSGALG00010022860,MOB3C,8,0,ENSGALG00000025946,-0.8480550688951008,-1.1573728815415714
ENSGALG00010029487,CDC42EP4,18,0,ENSGALG00000023364,-2.8198650437281545,-1.6789393373638195
ENSGALG00010024126,CDK5R1,27,0,ENSGALG00000041907,-2.381067199146138,-4.729296753199547
ENSGALG00010027136,MAPKAPK2,26,0,ENSGALG00000000883,-1.5005895530169697,-2.541197998821743
ENSGALG00010020075,CPSF7,5,0,ENSGALG00000040962,-3.146275602439397,-2.88103049144996
ENSGALG00010024719,PYM1,34,0,,-2.2407926798574245,
ENSGALG00010027275,CPAMD8,28,0,ENSGALG00000003742,-0.8210040436781042,-0.7806959440799885
ENSGALG00010018322,NT5C1A,23,0,ENSGALG00000003816,-1.964216965561568,
ENSGALG00010023209,PIK3C2A,5,0,ENSGALG00000006121;INRAGALG00000013607;INRAGALG00000013608,-0.592889178462991,
ENSGALG00010019038,PLEKHS1,6,0,ENSGALG00000020679,-1.1112579359320307,
ENSGALG00010018583,PPL,14,0,ENSGALG00000002201,-2.3087721092313145,-2.0744297409797645
ENSGALG00010029764,NXN,19,0,INRAGALG00000006068;ENSGALG00000004793,-1.7365734100822547,
ENSGALG00010018185,GNB4,9,0,ENSGALG00000008983;ENSGALG00000037900,-1.0820069880912868,
ENSGALG00010022565,ARF3,34,0,ENSGALG00000048165,-2.676134116640337,
ENSGALG00010024865,SNAP47,2,0,ENSGALG00000005412,-1.4241346841856939,-1.343319332480495
ENSGALG00010018393,PRKCE,3,0,ENSGALG00000010000,-0.49482736114244347,-1.5880915357152157
ENSGALG00010022193,GDAP2,1,0,ENSGALG00000014794,-0.41946227955557003,-0.4464145565312341
ENSGALG00010028426,GPR21,17,0,ENSGALG00000001225;ENSGALG00000046223,-1.2739559174756465,
ENSGALG00010023026,PHRF1,5,0,ENSGALG00000006873;ENSGALG00000050582,-1.3908090740968355,
ENSGALG00010018780,WDHD1,5,0,ENSGALG00000012199,-0.6651786201495962,-0.3943043282107891
ENSGALG00010018306,DES,7,0,,-2.9740293431844314,
ENSGALG00010025558,GALNT3,7,0,ENSGALG00000010960;ENSGALG00000053091,-0.2713318787757869,
ENSGALG00010027085,PIM1,26,0,ENSGALG00000038902,-2.302230550307709,-2.6562543104929803
ENSGALG00010020436,CNTN4,12,0,ENSGALG00000008263,-1.4469697222485491,-1.51558485776054
ENSGALG00010025230,CHST8,11,0,ENSGALG00000004903,0.01034686261709905,
ENSGALG00010021217,FBXO2,21,0,ENSGALG00000004657,-1.2909586184003883,-1.7791860146633651
ENSGALG00010024804,WDR53,9,0,ENSGALG00000006395,-2.2093727645786716,-0.3334265908940662
ENSGALG00010018719,ERRFI1,21,0,ENSGALG00000000535,-1.266127604923206,0.0813451579633185
ENSGALG00010018436,FOXO4,4,0,ENSGALG00000020320;ENSGALG00000051259,-1.9469578368396854,
ENSGALG00010019873,LGR4,5,0,ENSGALG00000040834,-0.907253538740684,-1.1434331420571568
ENSGALG00010029407,UBE2O,18,0,ENSGALG00000001971,-1.9857706181907298,-1.4639427527639917
ENSGALG00010024808,CELSR2,26,0,ENSGALG00000032750,-2.906575104634985,
ENSGALG00010027893,DOT1L,28,0,INRAGALG00000103139;ENSGALG00000000843,-1.7094744802405517,
ENSGALG00010027286,RPN1,12,0,,-1.309906335449255,
ENSGALG00010028435,ATP8B3,28,0,ENSGALG00000001084,-2.25032591437951,-5.902412093555772
ENSGALG00010021467,LHFPL4,12,0,ENSGALG00000048164,-2.2749261226495294,
ENSGALG00010029212,SUPT6H,19,0,ENSGALG00000000146,-1.313552571940551,-1.270811116806266
ENSGALG00010027395,BCL2L15,26,0,ENSGALG00000050352,-0.5882292586743845,
ENSGALG00010027378,ZBTB47,2,0,ENSGALG00000005287,-2.265231628289376,-3.310808584626588
ENSGALG00010025044,TMEM9,26,0,ENSGALG00000000226,-1.9726855640333887,-1.265290609703044
ENSGALG00010027945,DCST2,25,0,,-2.5320625814943756,
ENSGALG00010018668,OVOL3,3,0,ENSGALG00000008702,-2.7233264546792366,
ENSGALG00010022929,LRP4,5,0,ENSGALG00000052097;ENSGALG00000032181,-1.3594013059808816,
ENSGALG00010025830,TBCEL,24,0,ENSGALG00000018819;INRAGALG00000009285,-1.9194092455610563,
ENSGALG00010022019,BTBD8,8,0,ENSGALG00000005977,-0.7981026790754633,
ENSGALG00010018362,EMX1,4,0,ENSGALG00000030516,-2.193066603623384,
ENSGALG00010029482,DDX25,19,0,ENSGALG00000039863,-2.1972707846260175,
ENSGALG00010029232,CA10,18,0,ENSGALG00000002993;ENSGALG00000051523,-0.875508517331254,
ENSGALG00010018991,RYBP,12,0,ENSGALG00000033025;ENSGALG00000050962,-1.8465249868118723,
ENSGALG00010018854,LYSMD4,10,0,ENSGALG00000007092;INRAGALG00000003668;INRAGALG00000003669,-1.9365071918091274,
ENSGALG00010020682,ZDHHC16,6,0,ENSGALG00000007592,-1.852212465293047,-2.8982552358191707
ENSGALG00010024695,TRABD2B,8,0,INRAGALG00000105114;ENSGALG00000027655,-2.0033189507187337,
ENSGALG00010025817,TCTEX1D4,8,0,ENSGALG00000044647,-2.8527578844289794,
ENSGALG00010029526,BCL7B,19,0,ENSGALG00000036647,-2.5554066533624313,-1.4116786377178794
ENSGALG00010029514,MRPS23,19,0,ENSGALG00000005559,-1.554712878514952,-0.4351885846804656
ENSGALG00010029757,ULK2,19,0,ENSGALG00000004727,-0.92310471360903,-1.3622254266172291
ENSGALG00010027245,LRIG2,26,0,ENSGALG00000001733,-1.5033352260469943,-2.3039961347249185
ENSGALG00010029521,ACTG1,18,0,ENSGALG00000028749,-1.793482194156306,-0.0480998923305754
ENSGALG00010020350,PDZRN3,12,0,ENSGALG00000007819,-1.9836130275071175,-0.7703865954730269
ENSGALG00010029517,MSI2,19,0,ENSGALG00000037245;ENSGALG00000005567;ENSGALG00000025538,-0.47041697627369183,
ENSGALG00010021597,GGT7,20,0,ENSGALG00000001062,-1.8521863958003981,-0.8109605996703152
ENSGALG00010021055,IRAG1,5,0,NONGGAG004316;INRAGALG00000013550;ENSGALG00000005632,-0.8472444786967016,
ENSGALG00010020654,SAYSD1,3,0,ENSGALG00000028573,-2.3617374298951117,-2.3785069093500506
ENSGALG00010027189,STAP2,28,0,ENSGALG00000048751,-2.6968410388894495,
ENSGALG00010019811,UBXN4,7,0,ENSGALG00000012259,-0.8156434751275963,0.1116494748529046
ENSGALG00010020696,MOB1A,22,0,ENSGALG00000039203,-0.7780375193768257,0.0351750666836412
ENSGALG00010018394,KLHL28,5,0,ENSGALG00000012489,-0.9505120349379954,-0.6555813125497639
ENSGALG00010022467,SART3,15,0,NONGGAG001654;ENSGALG00000039472,-0.798554991081127,
ENSGALG00010028856,ETV3,25,0,ENSGALG00000000669,-2.2088435244890796,-2.133450850763576
ENSGALG00010017976,GPR137C,5,0,ENSGALG00000012401,-1.3400140779518666,-1.9099754406166396
ENSGALG00010027479,HCN2,28,0,ENSGALG00000001342,-2.0875002491734134,
ENSGALG00010019461,MGAT5,7,0,INRAGALG00000104850;ENSGALG00000012187,-0.3367602225912524,
ENSGALG00010027026,SLC45A3,26,0,ENSGALG00000000703;INRAGALG00000009479,-1.5190681038909872,
ENSGALG00010023381,HOXB7,27,0,ENSGALG00000032740,-1.8785423981202625,
ENSGALG00010025933,SKIV2L,26,0,NONGGAG003131;ENSGALG00000035499,-3.1110751975568327,
ENSGALG00010022145,P2RX2,15,0,ENSGALG00000044649,-2.212924783899565,-3.54773670702632
ENSGALG00010019049,POLD2,22,0,ENSGALG00000037932,-2.826070053168636,
ENSGALG00010027279,F2RL3,28,0,ENSGALG00000044485,-1.77515730671456,0.2419951096355832
ENSGALG00010022138,SPAG17,1,0,ENSGALG00000035228;ENSGALG00000043190,-0.8236250772208717,
ENSGALG00010020586,ASCL3,5,0,,-1.8998333938974876,
ENSGALG00010029396,WIPI1,18,0,ENSGALG00000004215,-1.503432436026062,-2.4529886018415508
ENSGALG00010022583,FKBP11,34,0,ENSGALG00000035060,-2.4677548220569436,
ENSGALG00010018729,HS3ST6,14,0,ENSGALG00000050148,-1.6722378994159819,
ENSGALG00010023157,STOX1,6,0,,-0.9049729095583287,
ENSGALG00010017866,RALA,2,0,ENSGALG00000031893,0.15099884834002364,0.5566771266074719
ENSGALG00010021798,RANBP10,11,0,ENSGALG00000001439,-1.7223825112118172,-1.0122310989919785
ENSGALG00010018715,DNAJC13,2,0,ENSGALG00000035068,-0.16008330312495112,-0.3585941682541445
ENSGALG00010023781,COL4A3,9,0,ENSGALG00000038612,0.10890225540205312,
ENSGALG00010025233,WDR12,7,0,ENSGALG00000008470,-1.1560794788151887,-0.135646446459048
ENSGALG00010027201,BGN,12,0,ENSGALG00000004722,-0.21484981198908393,0.2130663695730368
ENSGALG00010024653,RFLNA,15,0,ENSGALG00000003137,-2.67251024561187,
ENSGALG00010023130,DYNLT5,8,0,INRAGALG00000016386,-1.9115123571691286,
ENSGALG00010028872,SLC2A6,17,0,ENSGALG00000002982,-1.7242212606567682,-0.3984579545417016
ENSGALG00010023117,RPUSD2,5,0,ENSGALG00000041216,-1.534669213671767,-0.9911831386798008
ENSGALG00010029346,ARL16,18,0,ENSGALG00000052581,-2.6069357108251454,
ENSGALG00010025445,B3GNT4,15,0,ENSGALG00000028803,-0.8766158209483571,-0.4001795084540679
ENSGALG00010024947,MPP4,7,0,ENSGALG00000008398,-0.5023959897036484,-4.900708169073752
ENSGALG00010018885,EFEMP1,3,0,ENSGALG00000037901,-0.7571270439586784,0.9683552725435444
ENSGALG00010027942,KHDC4,25,0,ENSGALG00000014652;ENSGALG00000040025;ENSGALG00000039433,-1.0297954399998226,
ENSGALG00010024400,KCNA1,1,0,ENSGALG00000036222;ENSGALG00000051678,-1.0267445435811076,
ENSGALG00010020913,TMEM132B,15,0,ENSGALG00000002742,-1.2479700370388926,-4.30722475134082
ENSGALG00010029669,HID1,18,0,ENSGALG00000007808;ENSGALG00000025554,-1.729506716589495,
ENSGALG00010017856,FASTKD5,4,0,ENSGALG00000035134,-1.5225698910015195,-0.5646185441072884
ENSGALG00010029804,ITGB4,18,0,ENSGALG00000002389,-2.367155262897305,-1.798187696101934
ENSGALG00010022244,ENTPD7,6,0,ENSGALG00000023691,-2.3067248854949356,-3.89469491041663
ENSGALG00010023379,CCDC60,15,0,ENSGALG00000046262,-1.479135512457649,
ENSGALG00010021764,FAM222A,15,0,INRAGALG00000101640;ENSGALG00000029944,-2.4179580037719575,
ENSGALG00010020313,FRA10AC1,6,0,ENSGALG00000006622,-0.17908023775501802,-0.2486394421863843
ENSGALG00010027100,MIER2,28,0,ENSGALG00000001108,-2.304730406435886,-1.8165847547679368
ENSGALG00010018619,MAPK1IP1L,5,0,ENSGALG00000035490,-0.6351983363401426,-0.2855434259931865
ENSGALG00010023857,ACBD4,27,0,ENSGALG00000050796;ENSGALG00000041926,-2.5933062979566452,
ENSGALG00010022521,RTF1,5,0,ENSGALG00000008595;ENSGALG00000035766;INRAGALG00000013876;ENSGALG00000008599;ENSGALG00000008603,-1.3499898569484534,
ENSGALG00010029664,RAB37,18,0,ENSGALG00000027789,-1.787541334547811,-1.2169308305314084
ENSGALG00010026124,PACSIN1,26,0,ENSGALG00000002802,-2.3649868790197526,-2.207716152153583
ENSGALG00010025533,INHBC,34,0,INRAGALG00000023650;ENSGALG00000051871,-2.4056445574040706,
ENSGALG00010027618,PPP1R26,17,0,ENSGALG00000002489,-1.3888458790481661,-1.318775820210934
ENSGALG00010024371,YPEL1,15,0,ENSGALG00000052223,-0.6212946121372815,
ENSGALG00010028326,CRB2,17,0,INRAGALG00000005667;ENSGALG00000001169,-1.4929470080043206,
ENSGALG00010023945,LETMD1,34,0,ENSGALG00000051983,-2.681609964503969,
ENSGALG00010029330,AFMID,18,0,ENSGALG00000000109,-1.4206650504430938,-0.657161971476394
ENSGALG00010018385,SPR,4,0,ENSGALG00000000067,-2.618144812339404,-0.7979107230411089
ENSGALG00010020828,CAMK2N1,21,0,ENSGALG00000045288,-2.339854342440553,-7.696566832803401
ENSGALG00010020750,AIFM2,6,0,ENSGALG00000004777,-0.7402159984850959,0.1028022709846484
ENSGALG00010027263,TAMM41,12,0,ENSGALG00000004940,-0.24671253982548058,0.1424788972781429
ENSGALG00010021003,KAZN,21,0,ENSGALG00000013642;ENSGALG00000049488,-2.8263690131781964,
ENSGALG00010024029,SCAPER,10,0,ENSGALG00000002883,-0.9713868931172721,-1.5770389419661826
ENSGALG00010025348,HIPK1,26,0,ENSGALG00000001939,-1.5242442829949676,-2.2876374967824997
ENSGALG00010024545,PHACTR3,20,0,ENSGALG00000035930,-1.6115227601657338,-3.342056801415243
ENSGALG00010028583,USHBP1,28,0,ENSGALG00000037526,-3.371210078478244,-5.642512261804579
ENSGALG00010018446,FBN1,10,0,ENSGALG00000004960,-1.0085589751043027,-0.4369981318419915
ENSGALG00010024529,GRB7,27,0,ENSGALG00000036500,-2.7305553926459227,
ENSGALG00010020642,ANKRD2,6,0,ENSGALG00000007539,-2.6390844050103377,-3.9709719619811294
ENSGALG00010024582,TLN2,10,0,ENSGALG00000003628;ENSGALG00000018256,-0.49638941262964303,
ENSGALG00010029248,C1QBP,19,0,ENSGALG00000001654,-2.2827596448768963,-0.5446400063134114
ENSGALG00010024688,CADM1,24,0,ENSGALG00000014582;ENSGALG00000026265,-1.0551894744253385,
ENSGALG00010020097,RETSAT,22,0,ENSGALG00000034358,-2.098735869488486,-0.0853737275323116
ENSGALG00010017904,MEGF11,10,0,ENSGALG00000007631;ENSGALG00000047396,-1.3065273037261123,
ENSGALG00010020108,RPAP1,5,0,ENSGALG00000008624,-1.3550479172031453,-1.0565432860011406
ENSGALG00010024672,DYNLRB1,20,0,ENSGALG00000034509,-0.41502805110337204,
ENSGALG00010026102,IPO9,26,0,ENSGALG00000000397,-1.0362162123441039,-0.439047897312727
ENSGALG00010029424,MAP2K6,18,0,ENSGALG00000004370;ALDBGALG0000001940,-1.0795920055033612,
ENSGALG00010028339,BCAN,25,0,ENSGALG00000045469,-2.2739103704574197,
ENSGALG00010024691,TCTN2,15,0,ENSGALG00000023683,-0.7009387800566462,-1.9116361927817465
ENSGALG00010024881,CASP10,7,0,ENSGALG00000046494,-0.8425513669117042,-0.2628319013457253
ENSGALG00010020116,GNA12,14,0,ENSGALG00000052837;ENSGALG00000049613,-1.0625601274690175,
ENSGALG00010028428,RABGAP1,17,0,NONGGAG001841;ENSGALG00000001225;ENSGALG00000046223,-1.1711958571472136,
ENSGALG00010021141,SGSM1,15,0,ENSGALG00000005379;ENSGALG00000026238;ALDBGALG0000001756,-2.2446004822177565,
ENSGALG00010029201,PIGS,19,0,ENSGALG00000003665,-2.1148394581633374,-1.2563555012191423
ENSGALG00010022816,METTL8,7,0,INRAGALG00000015582;INRAGALG00000015583;INRAGALG00000020964;ENSGALG00000009564,-0.5298108330585727,
ENSGALG00010021969,CCDC103,27,0,ENSGALG00000000918,-2.6419816049237768,-1.520976986757245
ENSGALG00010027467,GLYCTK,12,0,ENSGALG00000054430;107054364,-2.1016762083028233,
ENSGALG00010024454,HPS5,5,0,ENSGALG00000032502,-1.4735916858931128,-0.8354654679582645
ENSGALG00010024386,TPPP3,11,0,ENSGALG00000002103,-1.5702359256212737,-1.586556788569251
ENSGALG00010026203,TMX2,5,0,ENSGALG00000007350,-1.3587189906432524,-0.8779922828542391
ENSGALG00010018974,TAS1R1,21,0,ENSGALG00000000637,-2.017049922129776,-2.4136990559656377
ENSGALG00010025389,SNED1,9,0,ENSGALG00000043596;ENSGALG00000036927,-2.3509229284071838,
ENSGALG00010018849,KCNH1,3,0,ENSGALG00000009877;ENSGALG00000033145,-0.8631617920063351,
ENSGALG00010025170,COMMD9,5,0,ENSGALG00000034859,-1.5296927283294561,-0.4794670230470444
ENSGALG00010024073,RABGGTB,8,0,ENSGALG00000011388;ENSGALG00000017875;ENSGALG00000017876,0.03786083501745208,
ENSGALG00010017948,PLAT,22,0,ENSGALG00000003709,-0.6260588194418981,-0.5167316397952101
ENSGALG00010024516,EHHADH,9,0,ENSGALG00000053254,-0.5356109404793077,
ENSGALG00010028380,RUSC1,25,0,ENSGALG00000046464,-3.0381587129319234,-3.100457831369594
ENSGALG00010023272,MLKL,11,0,ENSGALG00000002766,-2.345284504398658,
ENSGALG00010024592,COMT,15,0,ENSGALG00000002024,-0.2673404516633616,0.1346979128775104
ENSGALG00010029531,CEP131,18,0,ENSGALG00000006895,-3.2074574171019115,-3.538328915766386
ENSGALG00010027962,SCAMP3,25,0,ENSGALG00000041797,-1.1324634002348883,-1.0530139971868708
ENSGALG00010027082,SLC26A9,26,0,ENSGALG00000000745,-0.9099735731815264,
ENSGALG00010020080,SLC4A1AP,3,0,ENSGALG00000010047,-1.6918936311222779,-1.1270854005324111
ENSGALG00010023821,KANK4,8,0,ENSGALG00000010953,-2.415095310307537,-2.7125486817612803
ENSGALG00010024333,ETV4,27,0,ENSGALG00000036678,-1.9672942428918745,-2.490464380753457
ENSGALG00010026638,LAD1,26,0,ALDBGALG0000003215;ENSGALG00000000309,-2.9619840468333782,
ENSGALG00010020180,TCF7L1,22,0,ENSGALG00000032656,-2.848991342935794,
ENSGALG00010017873,HSPG2,21,0,ENSGALG00000035717,-2.793711305238268,-2.1227721389912677
ENSGALG00010027719,GPR61,26,0,ENSGALG00000040168;ENSGALG00000041700,-2.2051800929752448,
ENSGALG00010026001,ANKS1A,26,0,ENSGALG00000002723,-1.9435179736390396,-2.8417384373024293
ENSGALG00010029774,RFLNB,19,0,ENSGALG00000004900,-2.6747761951848865,-1.4464662808302051
ENSGALG00010020334,CABP4,5,0,,-2.153304058512463,
ENSGALG00010029385,CLIP2,19,0,INRAGALG00000101921;ENSGALG00000030450,-2.508289348815354,
ENSGALG00010023388,FARP2,9,0,ENSGALG00000005788,-1.1034832344890317,-0.9619584005394886
ENSGALG00010023181,PLEKHA7,5,0,ENSGALG00000029679;INRAGALG00000013602;ENSGALG00000052720,-1.1693385153632152,
ENSGALG00010027632,LAMC3,17,0,ENSGALG00000047338;INRAGALG00000005602;ENSGALG00000048024,-2.8877793344272065,
ENSGALG00010024751,MTMR10,10,0,ENSGALG00000003883,-0.8219830254495702,-1.6020914661090675
ENSGALG00010022739,RND1,34,0,,-2.771312924861509,
ENSGALG00010021786,FAM162A,1,0,ENSGALG00000007378,-0.8019408862500438,0.3410966810489245
ENSGALG00010022436,AFAP1L2,6,0,ENSGALG00000008999,-2.1857194311968473,-1.9911533795988023
ENSGALG00010019373,DENND5A,5,0,ENSGALG00000005840,-0.8771248291030989,-2.6581681809428934
ENSGALG00010027121,ELF3,26,0,ENSGALG00000000616,-2.8841552070441017,-1.915574932637877
ENSGALG00010029711,CASKIN2,18,0,ENSGALG00000008034,-2.5705122181360998,-2.029641348511386
ENSGALG00010029342,TMC6,18,0,ENSGALG00000038875,-2.5572517699173463,-3.158324099200209
ENSGALG00010027118,ABHD6,12,0,ENSGALG00000005696,-1.6885881899431068,-0.0537575271039702
ENSGALG00010024734,ZPR1,24,0,ENSGALG00000007101,-1.472263888241903,-3.672470166666809
ENSGALG00010024009,CSE1L,20,0,ENSGALG00000004707,-0.2082120365030209,0.7775006741549169
ENSGALG00010024074,ADCY7,11,0,ALDBGALG0000001306;ENSGALG00000003837,0.09604475191208406,
ENSGALG00010023736,KIF5A,34,0,ENSGALG00000051848,-2.5044535082645267,
ENSGALG00010026523,LRRC55,5,0,ENSGALG00000029130,-2.6567592459641776,
ENSGALG00010024434,B3GNT9,11,0,ENSGALG00000021345,-0.8943384440500343,-2.0369866870040942
ENSGALG00010018602,MCTP2,10,0,ENSGALG00000030157,-1.0543419154431612,-1.074194278246622
ENSGALG00010029179,PIGW,19,0,ENSGALG00000023554,-0.7117847578225528,-1.1830608003475738
ENSGALG00010019684,PIGQ,14,0,ENSGALG00000001985,-1.6685978751582746,-0.8538566446522123
ENSGALG00010021245,ZFAND3,3,0,ENSGALG00000047908,-1.9294630466587819,
ENSGALG00010019225,PROK2,12,0,ENSGALG00000007785,-2.5707292013281733,-1.7374361290304436
ENSGALG00010029650,ACSF2,18,0,ENSGALG00000019768,-1.1535855820552612,-0.1950491369061071
ENSGALG00010019052,PFN3,3,0,ENSGALG00000009457,-0.7249570434620938,
ENSGALG00010029339,PITPNA,19,0,ENSGALG00000023806,-0.07895829281859423,-0.97647880121129
ENSGALG00010024934,G6PC3,27,0,ENSGALG00000054002,-2.206434887656707,
ENSGALG00010019706,NPRL3,14,0,ENSGALG00000007456,-1.8041504355625877,-0.7241544705156719
ENSGALG00010029571,EPX,19,0,ENSGALG00000043254,-1.1356177571109938,
ENSGALG00010018601,CPNE4,2,0,ENSGALG00000029235;INRAGALG00000017291;ENSGALG00000052910;ENSGALG00000053151,-0.669278894981509,
ENSGALG00010023673,SGK2,20,0,ENSGALG00000003537,-1.1630870239510096,-0.4931307666924132
ENSGALG00010024168,BIRC7,20,0,ENSGALG00000005762,-1.221300872447326,
ENSGALG00010027446,CFAP126,25,0,ENSGALG00000038231,-3.1054961130871437,
ENSGALG00010022949,INSC,5,0,ENSGALG00000032558,-0.5546209200706235,
ENSGALG00010028155,CIZ1,17,0,ENSGALG00000042325,-1.948027022306929,-2.9628255031753463
ENSGALG00010022605,SP9,7,0,,-2.4397024381586503,
ENSGALG00010020509,CRBN,12,0,ALDBGALG0000001472;ENSGALG00000008274;ENSGALG00000049980;NONGGAG001293;NONGGAG001294;ALDBGALG0000001473;ENSGALG00000051689,-0.687653465271211,
ENSGALG00010021760,CSTA,1,0,ENSGALG00000014412,-1.0012741360031407,0.4879052696957681
ENSGALG00010026507,APLNR,5,0,ENSGALG00000004841,-2.4672972415188372,-0.9453629149872326
ENSGALG00010020659,RAD51B,5,0,ENSGALG00000009491,-0.7271687733105339,-0.7041206563417393
ENSGALG00010025434,SYT6,26,0,ENSGALG00000001968,-1.629144511958898,
ENSGALG00010021730,ARL8B,12,0,ENSGALG00000008314,-0.2602584564082071,0.5906916424663182
ENSGALG00010024427,C22orf39,15,0,ENSGALG00000044654,-2.4028887637853202,-2.090578419205756
ENSGALG00010027502,THOP1,28,0,ENSGALG00000041934,-1.7568133422275858,-0.9827217243872928
ENSGALG00010021932,RPAP2,8,0,ENSGALG00000005953,-0.8510362470090419,-0.0734229834361732
ENSGALG00010017824,YAE1D1,2,0,ENSGALG00000043636,-0.8067480237299617,-0.0646999773673314
ENSGALG00010020831,MUL1,21,0,ENSGALG00000042761,-2.6209379353579187,-1.4990757863234738
ENSGALG00010022822,KCNJ13,9,0,ENSGALG00000001490,-0.7274161906283394,
ENSGALG00010021088,ANKLE2,15,0,ALDBGALG0000001789;ENSGALG00000002143,-1.2293020939657202,
ENSGALG00010029418,ABCA5,18,0,ENSGALG00000004333,-1.3406748799883015,-1.8125521824071271
ENSGALG00010024506,RAB8B,10,0,ENSGALG00000003487,-0.1349523576915781,0.3993989793888861
ENSGALG00010023696,LRRC4C,5,0,ENSGALG00000049016;ENSGALG00000007948,-0.8224103716998896,
ENSGALG00010021096,ZFAND4,6,0,ENSGALG00000005893,-0.6257849872766721,-4.263522073811034
ENSGALG00010027834,ETV3L,25,0,,-3.0724079830747866,
ENSGALG00010020370,CEP55,6,0,ENSGALG00000006639,-1.4300991466406305,0.140410505798334
ENSGALG00010018451,PIK3R4,2,0,ENSGALG00000040917,-1.092017163955877,-0.7154886175772178
ENSGALG00010022516,TRUB1,6,0,,-0.8879069394439572,
ENSGALG00010022215,ACVRL1,34,0,,-2.667700727590938,
ENSGALG00010028422,RXRA,17,0,ENSGALG00000042055,-2.1706450190733584,-1.2481707660484016
ENSGALG00010018673,NAGPA,14,0,ENSGALG00000046787,-2.2723502444213284,
ENSGALG00010027956,RAB8A,28,0,,-0.17153407049477531,
ENSGALG00010020481,RPP30,6,0,ENSGALG00000006486;INRAGALG00000104656,0.078049429958854,
ENSGALG00010024453,HTR3A,24,0,ENSGALG00000007004,-2.08882757776335,
ENSGALG00010022799,DCAF17,7,0,ENSGALG00000037327,0.1892218703299623,-0.6638487770235271
ENSGALG00010018365,HPSE2,6,0,ENSGALG00000007508,-2.171189448011443,
ENSGALG00010025459,DIABLO,15,0,ENSGALG00000004412,-0.4528820962940411,0.1380370681482623
ENSGALG00010023666,C15orf39,10,0,,-2.5869387111484903,
ENSGALG00010025559,SLC6A17,26,0,ENSGALG00000000394,-1.6823855241418664,
ENSGALG00010023319,EIF2AK4,5,0,ENSGALG00000009611,-0.8434392846224075,-2.202864653401022
ENSGALG00010018489,SLC7A3,4,0,ENSGALG00000033002,-1.3492214247318914,-2.821509964398817
ENSGALG00010024622,PRMT1,1,0,ENSGALG00000013272,0.24303800265226527,-3.6644694396550106
ENSGALG00010020550,HECTD2,6,0,ENSGALG00000038043,-0.31050198806092666,-2.545297092109904
ENSGALG00010023668,RCN1,5,0,ENSGALG00000012121,-0.9214903195444069,-0.8863658681086145
ENSGALG00010024212,RIMS4,20,0,ENSGALG00000004146;INRAGALG00000102659,-1.6309259348807867,
ENSGALG00010022815,LRRC8D,8,0,ENSGALG00000020805,-1.092725235695826,-0.6800536463644745
ENSGALG00010026498,MAST2,8,0,,-1.9614004781348622,
ENSGALG00010024566,MTSS1L,11,0,ENSGALG00000002467,-3.1501464325432207,-3.853577610383251
ENSGALG00010025373,CYB5RL,8,0,ENSGALG00000010758,-1.0553936797133585,-7.410406349531199
ENSGALG00010018564,DLGAP5,5,0,ENSGALG00000012165,-0.5967177322824038,-0.6181582632860051
ENSGALG00010028445,SYT11,25,0,ENSGALG00000014646;ENSGALG00000025499,-1.1823903616465217,
ENSGALG00010017905,EIF4E2,9,0,ENSGALG00000007919;ENSGALG00000033604,-1.6743057333867597,
ENSGALG00010029943,HS3ST3A1,18,0,ENSGALG00000001371,-2.279435043928964,
ENSGALG00010027367,SEC22C,2,0,ENSGALG00000005268,-0.5441354256390394,-1.5009104096356491
ENSGALG00010025929,NELFE,26,0,ENSGALG00000045676,-2.9868448060199304,
ENSGALG00010020616,PI4K2A,6,0,ENSGALG00000006143,-2.0250776122279133,-1.9765997568579172
ENSGALG00010024775,ITFG2,1,0,ENSGALG00000014335,-1.3230316214639326,-0.2767985940632885
ENSGALG00010024457,CHD6,20,0,ENSGALG00000032417,-2.0418621039697347,-3.026007143591236
ENSGALG00010018977,NPHP3,2,0,ENSGALG00000049587;ENSGALG00000034586,-1.0016439010006357,
ENSGALG00010021617,SORBS1,6,0,ENSGALG00000038722;ENSGALG00000005359,-1.4263519958445463,
ENSGALG00010024769,RALY,20,0,ENSGALG00000033696,-1.1836061214866709,
ENSGALG00010023992,FAM131B,1,0,INRAGALG00000001439;ENSGALG00000054780;ENSGALG00000014689,-2.078916121838871,
ENSGALG00010026237,KLHL22,15,0,ENSGALG00000006422,-0.8869960446865517,-0.991837255342461
ENSGALG00010029509,DNAJC30,19,0,,-1.7194118113901782,
ENSGALG00010027896,TOR4A,17,0,ENSGALG00000008623,-1.8100229487774877,-1.3567204450633887
ENSGALG00010022083,MDFIC2,12,0,ENSGALG00000007741,-1.9923094067059322,
ENSGALG00010018377,RAP1GAP1,21,0,ENSGALG00000053105,-2.711432278133048,
ENSGALG00010026977,ELK4,26,0,ENSGALG00000042137,-2.195312175972698,-2.6459430770681545
ENSGALG00010023799,NMT1,27,0,ENSGALG00000000857,-1.7317129495267962,-0.4571368763881631
ENSGALG00010028011,POC1A,12,0,,-1.0207051859096032,
ENSGALG00010019314,GKN2,22,0,ENSGALG00000039187,-0.6249770060807209,
ENSGALG00010027994,TUFT1,25,0,ENSGALG00000032955,-2.797703720258818,-2.3392425991800443
ENSGALG00010023216,SLC35D1,8,0,ENSGALG00000011121,-0.4604036848855935,-0.7201695780573096
ENSGALG00010029591,SUZ12,18,0,ENSGALG00000051036,-0.6684820900752193,
ENSGALG00010020292,NPM2,22,0,ENSGALG00000050870,-3.4080916295534247,
ENSGALG00010023249,IL12RB2,8,0,,-0.958273028105846,
ENSGALG00010027301,SCAP,2,0,ENSGALG00000035768,-2.2787658524752046,-3.056125831717399
ENSGALG00010024062,ST3GAL4,24,0,INRAGALG00000009242;INRAGALG00000009243;ENSGALG00000029747;ENSGALG00000051028,-1.828321412319717,
ENSGALG00010020287,GALNT16,5,0,ENSGALG00000009452,-1.5121477963019836,-0.7877547021940499
ENSGALG00010019682,TMEM158,2,0,ENSGALG00000034326,-3.3531386550918874,
ENSGALG00010020794,STEAP3,7,0,ENSGALG00000041317;ENSGALG00000012117,-1.6587846458353832,
ENSGALG00010018990,GCK,22,0,ENSGALG00000031359,-2.2430108069404,
ENSGALG00010024420,TMEM106C,34,0,ENSGALG00000034069,-1.5129747840797731,
ENSGALG00010020244,SLC25A37,22,0,ENSGALG00000000378,-1.22138225461205,-2.0786499975651824
ENSGALG00010028452,GOLPH3L,25,0,ENSGALG00000014640,-2.457620087742975,
ENSGALG00010025216,DPP6,2,0,NONGGAG002135;ENSGALG00000041791,-0.9238401665899336,
ENSGALG00010020032,CHST12,14,0,ENSGALG00000004276,-1.775832086290791,-1.7154240083417645
ENSGALG00010024060,FRRS1,8,0,ENSGALG00000005418,0.3765804098223008,0.0307677483066219
ENSGALG00010026093,TOE1,8,0,ENSGALG00000010228,-1.6765952917016125,-0.7429195060733937
ENSGALG00010027616,SLC38A3,12,0,ENSGALG00000028871,-1.887343518810185,-0.6351861773756273
ENSGALG00010027154,PLPP2,28,0,ENSGALG00000026834,-1.92375753891185,-0.6513383804121043
ENSGALG00010022466,NEDD4,10,0,ENSGALG00000004347,-0.8653908116318237,-0.0385075935054974
ENSGALG00010024568,DZIP1L,9,0,ENSGALG00000006597,-2.3912364346745822,
ENSGALG00010017865,UBOX5,4,0,ENSGALG00000035134,-2.177158786903547,-0.5646185441072884
ENSGALG00010020782,PPIF,6,0,ENSGALG00000004809,-0.1655511698907871,0.3910348042312795
ENSGALG00010020811,MCOLN2,8,0,ENSGALG00000008722,0.1594736597416132,1.0195023886848518
ENSGALG00010027087,RAB7B,26,0,ENSGALG00000000769,-1.6439270493909617,-1.3532379975729103
ENSGALG00010022163,BARHL2,8,0,ENSGALG00000040069,-2.404301647255818,
ENSGALG00010020712,ZC3H7A,14,0,INRAGALG00000101509;ENSGALG00000003143,-0.25952875753195004,
ENSGALG00010027831,ATCAY,28,0,ENSGALG00000001812,-2.081285354293626,
ENSGALG00010020385,SLC12A8,7,0,ENSGALG00000012045;ENSGALG00000045127,-1.080424687970082,
ENSGALG00010018971,POLR1B,3,0,ENSGALG00000032273,-0.7370708850166469,-0.8191274366528705
ENSGALG00010020300,EHD4,5,0,ENSGALG00000008950,-0.9952051681461713,-0.1008366979368811
ENSGALG00010028695,VSIG8,25,0,,-2.5292464026991546,
ENSGALG00010028575,SETDB1,25,0,ENSGALG00000024051,-2.0977677295700583,-2.675180133665621
ENSGALG00010023874,HEXIM1,27,0,ENSGALG00000041926,-2.59792009391755,
ENSGALG00010019587,CCNT2,7,0,ENSGALG00000046969;ENSGALG00000012207,-0.8984507032347182,
ENSGALG00010018507,SPATA16,9,0,ENSGALG00000030383,-1.26124180247602,
ENSGALG00010021350,CABLES2,20,0,ENSGALG00000041385;ENSGALG00000005345,-1.1284238346116282,
ENSGALG00010018082,RAB11FIP3,14,0,ENSGALG00000002666,-2.7125108657818653,-2.875147774487341
ENSGALG00010029609,WBSCR27,19,0,ENSGALG00000050734,-3.0286502467493364,
ENSGALG00010021559,MYO1H,15,0,ENSGALG00000005122,-0.9021714753829966,
ENSGALG00010027892,SHE,25,0,ENSGALG00000036125,-2.3389439464392647,-3.9344990085565543
ENSGALG00010020013,ADAM8,6,0,ENSGALG00000053549,-2.2664899479253906,
ENSGALG00010025250,GLIS1,8,0,ENSGALG00000010721,-2.038526122117423,
ENSGALG00010020966,PAPLN,5,0,107053443;ALDBGALG0000004776;ENSGALG00000038025;ENSGALG00000009315;INRAGALG00000013893;ENSGALG00000053402;INRAGALG00000013897,-1.9347807987096934,
ENSGALG00010021945,C1QTNF4,5,0,ENSGALG00000008080,-0.8597306433687744,
ENSGALG00010025573,CLMP,24,0,ENSGALG00000006507,-1.9812308837184704,
ENSGALG00010029347,PRPF8,19,0,ENSGALG00000002943;ENSGALG00000052382,-1.0625179278232635,
ENSGALG00010025563,TSPEAR,9,0,ENSGALG00000005655,-1.9115284245295348,-4.833049583051322
ENSGALG00010027372,PIK3C2B,26,0,ENSGALG00000037043,-2.5918669938971144,-2.801038212131332
ENSGALG00010024170,NUP160,5,0,ENSGALG00000043074;ENSGALG00000055069,-2.1790735287617973,
ENSGALG00010027110,IKBKE,26,0,ENSGALG00000013356,-2.309576724952869,-3.608287837637204
ENSGALG00010022801,LSM14B,20,0,ENSGALG00000005125,-1.4080545573190468,-1.5541605054224912
ENSGALG00010023185,FBXW4,6,0,,-2.3652212677141984,
ENSGALG00010020920,ACOX2,12,0,ENSGALG00000007132,-0.8060325207294619,0.1858083805175315
ENSGALG00010018559,DLG3,4,0,ENSGALG00000041900,-2.134486096617917,-1.0959182869091035
ENSGALG00010026536,BCR,15,0,ALDBGALG0000001806;ENSGALG00000006695;NONGGAG001691;ALDBGALG0000001807,-1.5891002979040008,
ENSGALG00010018529,UBR2,3,0,ENSGALG00000009906,-0.6294706170545867,-0.2653086331807408
ENSGALG00010024939,COQ10A,34,0,,-2.7284224346973796,
ENSGALG00010021481,MICU1,6,0,ENSGALG00000004372,-1.017308449442822,-0.424583746956393
ENSGALG00010029567,IFT20,19,0,ENSGALG00000005707,-1.2240166968843118,-0.1687947325779337
ENSGALG00010027059,ASB14,12,0,ENSGALG00000005537,-0.370643640079012,
ENSGALG00010024172,ABCG4,24,0,ENSGALG00000037948;ENSGALG00000006795,-1.9530493673839207,
ENSGALG00010029742,TAX1BP3,19,0,ENSGALG00000004618,-0.14108686517630498,-0.6240721898353493
ENSGALG00010027240,SLC6A1,12,0,ENSGALG00000004921,0.5844493592560221,
ENSGALG00010022745,PAPSS2,6,0,ENSGALG00000003689;INRAGALG00000014764,-1.2204942389207203,
ENSGALG00010021269,NUDT13,6,0,ENSGALG00000004319,-1.5211510703463,-0.3106096629581182
ENSGALG00010025890,SCG2,9,0,ENSGALG00000029819;INRAGALG00000105234,-0.7971043369100406,
ENSGALG00010021629,DHRS7B,14,0,ENSGALG00000004759,-0.1305134565092212,-0.1215603907210547
ENSGALG00010029704,SLC25A19,18,0,ENSGALG00000008011,-0.5498317789333116,-1.2069870494638415
ENSGALG00010024064,GPR17,9,0,ENSGALG00000050460,-0.8198412969228351,
ENSGALG00010025144,PIH1D2,24,0,ENSGALG00000047403,-1.3118984381764072,
ENSGALG00010022449,COPZ1,34,0,ENSGALG00000043336;ENSGALG00000049214,-1.8946726575231336,
ENSGALG00010024347,OTOG,5,0,ENSGALG00000048626;ENSGALG00000046221;ENSGALG00000049578,-0.6118120418798078,
ENSGALG00010019441,LMCD1,12,0,ENSGALG00000008349,-2.0904204053245063,-1.0859595749792326
ENSGALG00010027244,ARHGEF18,28,0,ENSGALG00000003572,-1.9035478535831571,-0.9999685024670372
ENSGALG00010022024,MICAL2,5,0,ENSGALG00000005540;ENSGALG00000025252,-1.2618113018045587,
ENSGALG00010021260,KDM4A,8,0,ENSGALG00000010074,-1.212316931557318,-0.9374952179450318
ENSGALG00010027328,RBM15,26,0,ENSGALG00000000401,-2.095425023827469,-3.229579064511209
ENSGALG00010025390,BCL7A,15,0,ENSGALG00000004379,-1.3239054790500955,-0.5602029811624296
ENSGALG00010024526,TGM6,20,0,ENSGALG00000021232,-0.6991046572371166,
ENSGALG00010029707,NSRP1,19,0,ENSGALG00000004186,-1.4891947772059244,-0.8670436087487026
ENSGALG00010027084,OSBPL9,8,0,ENSGALG00000010555;ENSGALG00000025255,-0.7379706461117718,
ENSGALG00010020753,SYDE2,8,0,ENSGALG00000038776,-1.5763548346871201,-2.739611687511201
ENSGALG00010018308,ACAP3,21,0,ENSGALG00000033293,-1.8619575010889586,-2.961911547720212
ENSGALG00010020905,KCTD6,12,0,,-0.8894906638083752,
ENSGALG00010023948,SULF2,20,0,ENSGALG00000004593;NONGGAG008955;NONGGAG008956;INRAGALG00000008611,-0.38228433744551726,
ENSGALG00010020232,SLC6A5,5,0,ENSGALG00000003908,-0.17812859629231337,
ENSGALG00010020950,EFHD2,21,0,ENSGALG00000038313,-2.4636504684268314,-1.982822246171612
ENSGALG00010018516,LRRN4,3,0,ENSGALG00000008815,-2.136439399845223,0.3643062664571927
ENSGALG00010027088,AGBL4,8,0,,-0.7304233755293389,
ENSGALG00010021605,MAP3K3,27,0,ENSGALG00000000525,-1.6676246145213307,-2.908627350924007
ENSGALG00010021478,SLC13A3,20,0,ENSGALG00000054473,-0.9748159199016538,
ENSGALG00010022388,CYP2W2,14,0,107054600;INRAGALG00000004937;ENSGALG00000045037;INRAGALG00000004938,-1.0585053343355075,
ENSGALG00010020055,R3HCC1,22,0,ENSGALG00000036854,-2.8772619554597054,-3.0884522177785105
ENSGALG00010019141,ACOT7,21,0,ENSGALG00000000652,-2.385786302955936,-2.568683514248153
ENSGALG00010021825,ONECUT1,10,0,ENSGALG00000038618,-2.670038560567626,-3.4810968272906515
ENSGALG00010029181,MYO19,19,0,ENSGALG00000005374,-0.7362318658619039,-1.1426523376291795
ENSGALG00010018273,PROM2,22,0,ENSGALG00000041347,-2.2743631929918418,
ENSGALG00010029252,RPAIN,19,0,ENSGALG00000021653;ENSGALG00000001666,-2.598216744791615,
ENSGALG00010019081,PCSK6,10,0,ENSGALG00000030076;ALDBGALG0000001217;ENSGALG00000046489;107054246,-2.0924286466275857,
ENSGALG00010022992,SLC7A6,11,0,ENSGALG00000050882;ENSGALG00000029324,0.6548910696498437,
ENSGALG00010018337,TMEM151B,3,0,ENSGALG00000010169,-2.5335428677706546,
ENSGALG00010019144,IFT122,12,0,ENSGALG00000008452,-0.6539553959721602,-1.236596394391543
ENSGALG00010024018,KRT18,34,0,ENSGALG00000030002,-3.0553054256907246,-1.210033800782311
ENSGALG00010023851,HSCB,15,0,ENSGALG00000005706,-2.4073209393195003,-2.883130220570997
ENSGALG00010025432,IRX3,11,0,,-2.742553934546409,
ENSGALG00010025541,TTC21B,7,0,ENSGALG00000010956,-0.15209990515395655,-0.2940047420810951
ENSGALG00010025999,DBF4B,27,0,,-2.9408151566394123,
ENSGALG00010027944,WDR31,17,0,ENSGALG00000008859,-2.5447802004108317,-4.31062167671478
ENSGALG00010027538,ABHD14A,12,0,,-2.898805878002715,
ENSGALG00010024515,C3orf70,9,0,ENSGALG00000050049,-2.083587440683364,
ENSGALG00010027325,RRNAD1,25,0,ENSGALG00000000576,-2.640598687590194,-1.7994287957149364
ENSGALG00010019233,ARPC2,7,0,ENSGALG00000011452,-0.2085857379018956,0.324806599626603
ENSGALG00010029322,BPTF,18,0,ENSGALG00000050405;ENSGALG00000047203;ENSGALG00000038222,-0.9832431529477955,
ENSGALG00010020041,CDH23,6,0,ENSGALG00000036824;ENSGALG00000004653,-2.170373979919238,
ENSGALG00010020302,HAAO,3,0,ENSGALG00000009926,-0.06353189634281042,0.6136175612663258
ENSGALG00010022104,EXOC3L1,11,0,ENSGALG00000001702,-2.7447257608829934,-3.0795947126994005
ENSGALG00010021482,TRPV6,1,0,ENSGALG00000014746,-0.4748253758221913,
ENSGALG00010022964,,27,0,,-1.3377941891267402,
ENSGALG00010026143,RNPEP,26,0,ENSGALG00000000374,-2.2054438426880902,-1.6734302394905072
ENSGALG00010028511,YJEFN3,28,0,ENSGALG00000041897,-2.3524669505979436,
ENSGALG00010028412,S100A4,25,0,,-1.9349617403078496,
ENSGALG00010020425,CNTN6,12,0,ENSGALG00000007927,-0.4525894802745888,
ENSGALG00010020653,NDUFAF3,12,0,ENSGALG00000054244,-2.1919965040338036,
ENSGALG00010028591,GABPB2,25,0,ENSGALG00000026734,-1.7979209761368087,-2.997080151515895
ENSGALG00010024522,DNTTIP2,8,0,ENSGALG00000005782,-0.8008593717750527,-0.1952085684765946
ENSGALG00010021018,F3,8,0,ENSGALG00000005619,-0.02760442131130092,-0.1557543511535631
ENSGALG00010028495,LINGO3,28,0,INRAGALG00000103103;ENSGALG00000000806;ENSGALG00000037300,-2.7581673979904737,
ENSGALG00010019572,NFKBIE,3,0,ENSGALG00000044525,-2.9451095793820126,-3.383703844806964
ENSGALG00010029687,SLC16A5,18,0,ENSGALG00000007955,-0.9728286720949746,-1.6960212580651064
ENSGALG00010021659,SPOCK2,6,0,ENSGALG00000049951,-3.0818764665264555,
ENSGALG00010020088,LMOD3,12,0,ENSGALG00000018946,-2.079729323003728,
ENSGALG00010021621,ZNF518A,6,0,INRAGALG00000015005;ALDBGALG0000004948;ENSGALG00000006966,-0.7301682695811329,
ENSGALG00010019271,CDKL1,5,0,ENSGALG00000012295,-1.8077699057202667,-1.3342247509189618
ENSGALG00010024245,TARBP2,34,0,ENSGALG00000038939;ENSGALG00000048019,-2.8008626157562535,
ENSGALG00010025801,PTPN7,26,0,ENSGALG00000036093,-2.545271799522037,-3.197663656698895
ENSGALG00010027940,ZBTB7B,25,0,ENSGALG00000041484;ENSGALG00000046959,-2.729089258340355,
ENSGALG00010018894,SERTAD4,3,0,ENSGALG00000026359,-1.567554410505962,
ENSGALG00010029675,DHRS13,19,0,ENSGALG00000004009,-2.7261606346764378,-1.7420075671225668
ENSGALG00010020768,DNAH8,3,0,ENSGALG00000010116;INRAGALG00000010415,0.312455170993177,
ENSGALG00010028136,C3orf18,12,0,ENSGALG00000002240,-1.5089323708208937,-4.082171285522604
ENSGALG00010023648,SCN2B,24,0,,-2.381867455786883,
ENSGALG00010024336,TSPAN4,5,0,ENSGALG00000006837,-0.7733559825341569,0.0713581369036349
ENSGALG00010029253,NUP88,19,0,ENSGALG00000032280,-1.736117766659595,-1.2743021188661623
ENSGALG00010020584,PARP9,7,0,ENSGALG00000045511,-0.6300762316893438,0.5537889960236827
ENSGALG00010029397,OVCA2,19,0,,-2.294867616643592,
ENSGALG00010029670,TPST1,19,0,INRAGALG00000006008;INRAGALG00000006009;ENSGALG00000002587;ENSGALG00000002598,-0.6861610555831156,
ENSGALG00010023155,CCDC113,11,0,ENSGALG00000052975,-2.3013765141022744,
ENSGALG00010019398,SLC35F5,7,0,ENSGALG00000012166,0.07090389427808985,0.5308927894993393
ENSGALG00010019291,ADD2,22,0,ENSGALG00000026948,-2.613421594817832,-4.2812084488924205
ENSGALG00010020056,UACA,10,0,ENSGALG00000034100,-1.2899168052831667,-1.5498332614788286
ENSGALG00010021215,SH3PXD2A,6,0,ENSGALG00000008293,-1.4188509254184225,-2.361023355927044
ENSGALG00010023274,ZBTB38,9,0,ENSGALG00000047012;ENSGALG00000034946;INRAGALG00000105172;ENSGALG00000036543,-0.7744152619990543,
ENSGALG00010019164,CATIP,7,0,ENSGALG00000045119,-3.223941626132963,
ENSGALG00010018390,SLC12A1,10,0,ENSGALG00000004945,0.48615925471873955,
ENSGALG00010022162,POLE,15,0,ENSGALG00000007665,-1.9360642810500206,-2.073242338665893
ENSGALG00010029324,BCAS3,19,0,ENSGALG00000005295,-1.8219237039386322,-0.7385485381235343
ENSGALG00010022712,DDX23,34,0,ENSGALG00000032307,-2.5395228186179777,-2.245050417349224
ENSGALG00010020248,NOLC1,6,0,ENSGALG00000041124,-1.4502295760736659,-0.2555637134473675
ENSGALG00010018611,NUDCD3,22,0,ENSGALG00000038299,-2.355221138271715,-1.392955095477613
ENSGALG00010023498,DISP2,5,0,ENSGALG00000031266,-1.306613314520114,
ENSGALG00010020202,MAPKBP1,5,0,ENSGALG00000052873,-1.5700837463289368,
ENSGALG00010029703,MIF4GD,18,0,ENSGALG00000026715,-1.8248637795548268,-2.585555982208858
ENSGALG00010021646,RPUSD3,12,0,INRAGALG00000004412,-3.6263158212961337,
ENSGALG00010024563,ESPL1,34,0,ENSGALG00000041923,-2.8519506875319633,-3.897324594465362
ENSGALG00010023161,ODF2L,8,0,ENSGALG00000006804,-0.8381021314062255,-1.5932566642825623
ENSGALG00010022731,LRRC8B,8,0,ENSGALG00000006167,-0.417405015338078,-2.0758771486152323
ENSGALG00010022719,MSL2,9,0,ENSGALG00000039294,-1.2167019831884,-1.8176084053291957
ENSGALG00010019683,TMEM184A,14,0,ENSGALG00000004199,-1.4157612043436534,-1.523071609215076
ENSGALG00010027621,TSPO2,26,0,ENSGALG00000003212,-0.8681664135228465,-0.3819697368993522
ENSGALG00010022332,KAT6B,6,0,ENSGALG00000005035;INRAGALG00000104728;INRAGALG00000104729,-1.152143985115807,
ENSGALG00010023234,RFX7,10,0,,-1.63342697173989,
ENSGALG00010021238,NDUFS8,5,0,ENSGALG00000040173,-1.9934179049512748,0.3787157161503273
ENSGALG00010029264,COL26A1,19,0,ENSGALG00000043223,-1.5025907315108094,-0.6677920096282183
ENSGALG00010018006,DCUN1D3,14,0,ENSGALG00000050337;ENSGALG00000002267,-1.0447179480783695,
ENSGALG00010022807,ADCY6,34,0,ENSGALG00000050760,-1.8774787059247413,
ENSGALG00010027207,NOL8,12,0,ENSGALG00000004750,-1.154334371588206,-0.5257244137419308
ENSGALG00010027218,IARS,12,0,ENSGALG00000004813;ENSGALG00000025675,-0.22113711766585542,
ENSGALG00010020707,SLC4A5,22,0,ENSGALG00000032146,-1.5820774994735478,-5.264455956923758
ENSGALG00010023343,TMEM233,15,0,ENSGALG00000020975,-0.5603650724350018,
ENSGALG00010020773,ZCCHC24,6,0,ENSGALG00000026864;ENSGALG00000047169,-2.177153908416462,
ENSGALG00010025624,C1orf228,8,0,ENSGALG00000020716;ENSGALG00000047558,-1.5491936289547885,
ENSGALG00010022059,NPTX2,14,0,ENSGALG00000003562,-1.7242424166603096,-1.6653609390230537
ENSGALG00010028577,CERS2,25,0,ENSGALG00000039141,-1.353141668100174,-1.0968553369030138
ENSGALG00010027936,EPS15L1,28,0,,-1.1927481588499838,
ENSGALG00010029674,FDXR,18,0,ENSGALG00000035816,-1.6643478320184197,-1.3080625456602464
ENSGALG00010023380,USP5,1,0,ENSGALG00000014525,-0.890884194160531,-0.0063046364371042
ENSGALG00010027649,FBLN2,12,0,ENSGALG00000005120,-1.5109337781257253,-0.1006036082627247
ENSGALG00010027448,ADAMTSL5,28,0,ENSGALG00000024298,-2.1822701740835844,-4.092425587570116
ENSGALG00010020268,RSG1,21,0,ENSGALG00000046964,-2.4020502475228276,
ENSGALG00010024886,ABTB2,5,0,ENSGALG00000052396;ENSGALG00000047061;ENSGALG00000011609,-1.7135298121827314,
ENSGALG00010021613,ADGRL4,8,0,ENSGALG00000008890,-0.07768840484165485,0.9614194014331036
ENSGALG00010023262,POLD4,5,0,ENSGALG00000050752,-3.437080349467033,
ENSGALG00010025978,TRIM29,24,0,ENSGALG00000042360,-1.9744748349666876,
ENSGALG00010018497,ASTE1,2,0,ENSGALG00000036171,-1.892582240641107,
ENSGALG00010021049,C1orf158,21,0,ENSGALG00000004102,-0.7698877816258949,
ENSGALG00010027887,ERC2,12,0,INRAGALG00000004329;INRAGALG00000101353;INRAGALG00000101354;INRAGALG00000101355;ENSGALG00000005419,-0.9928704131765198,
ENSGALG00010022253,ALPK3,10,0,ENSGALG00000037950,-1.6905667449773198,-2.718585696547642
ENSGALG00010029226,MBTD1,18,0,ENSGALG00000002954,-0.5762560966911228,-1.4711424829193636
ENSGALG00010028125,HMG20B,28,0,ENSGALG00000027838,-2.500104156370843,-1.8089628922256695
ENSGALG00010019807,ZDHHC6,6,0,ENSGALG00000008870,-0.31224211645891087,-1.0267883129552775
ENSGALG00010018499,TBPL2,5,0,ENSGALG00000012145,-0.9604417185869397,
ENSGALG00010017820,FLRT2,5,0,INRAGALG00000014197;INRAGALG00000014198;ENSGALG00000010589,-1.4199539400538979,
ENSGALG00010025658,PDE1B,34,0,ENSGALG00000039022,-2.5417680081497966,-4.390359260163776
ENSGALG00010018405,DCLK3,2,0,ENSGALG00000034493,-0.7604268015642954,-0.9973563570450964
ENSGALG00010020960,CLEC19A,14,0,ENSGALG00000030546,-1.7851492927915529,
ENSGALG00010025980,HECTD4,15,0,ENSGALG00000036605;ENSGALG00000032685,-0.9673629517437909,
ENSGALG00010021487,KLHL17,21,0,ENSGALG00000002199,-2.1815740822752345,
ENSGALG00010029702,CORO6,19,0,ENSGALG00000028949,-2.482625173163444,-2.186888793670698
ENSGALG00010028131,TMEM161A,28,0,ENSGALG00000025809,-1.807356211421447,-1.762483389456839
ENSGALG00010022608,P3H4,27,0,ENSGALG00000027462,-1.7687108128020412,-1.8107480424967397
ENSGALG00010021360,PTPRN,7,0,ENSGALG00000033811;ENSGALG00000034139,-2.7183499764723105,
ENSGALG00010027952,CIB3,28,0,ENSGALG00000003978,-0.3621418015036768,
ENSGALG00010028865,STKLD1,17,0,ENSGALG00000049884;ENSGALG00000003175,-0.6205849082854817,
ENSGALG00010024198,PI4KA,15,0,ENSGALG00000040756,-0.45290654647759576,-0.8673841765996361
ENSGALG00010018923,VPS54,3,0,ENSGALG00000008847,-0.7694345640040889,-1.3370475853659096
ENSGALG00010025262,CARF,7,0,ENSGALG00000008474;NONGGAG010473;INRAGALG00000104799;INRAGALG00000104800,-1.5393565476739646,
ENSGALG00010022784,DMRTA2,8,0,ENSGALG00000031423,-2.772103863131618,
ENSGALG00010018406,TMEM260,5,0,ENSGALG00000012118,-0.6080317311946795,-0.6607596278063613
ENSGALG00010023412,GSS,20,0,ENSGALG00000003281,-2.168452129514914,-1.28596423461831
ENSGALG00010018103,BTRC,6,0,ENSGALG00000007820,-1.213299151173422,-0.5414788760330536
ENSGALG00010025652,KMT5B,5,0,ENSGALG00000051601;ENSGALG00000014152,-0.6905594742951274,
ENSGALG00010025650,PPP1R1A,34,0,ENSGALG00000051279;INRAGALG00000020732,-2.7974563402700188,
ENSGALG00010020601,,5,0,ENSGALG00000020510,-1.5316646460823735,
ENSGALG00010018549,GHSR,9,0,ENSGALG00000027947,-1.8226019480185287,-1.8120014067080124
ENSGALG00010018391,STAC,2,0,ENSGALG00000039092,-1.5389999855333567,-0.933867727676892
ENSGALG00010029239,RBFOX3,18,0,INRAGALG00000005875;INRAGALG00000005876;INRAGALG00000005882;INRAGALG00000005883;ENSGALG00000032889;ENSGALG00000041768,-1.3645194422845839,
ENSGALG00010028415,FSD1,28,0,ENSGALG00000053152,-1.9034353512560407,
ENSGALG00010021529,BTAF1,6,0,ENSGALG00000030598,-0.4065689409325529,-0.4189333812426136
ENSGALG00010019028,TNFRSF25,21,0,ENSGALG00000026499,-3.2301624811358614,-5.937578322359183
ENSGALG00010024558,PFDN5,34,0,ENSGALG00000041924,-2.1596449127990973,-0.6022592169200017
ENSGALG00010023946,ZNRF3,15,0,ENSGALG00000005803,-1.817252241421327,-2.116082098075704
ENSGALG00010023913,ZMYND8,20,0,ENSGALG00000004542;INRAGALG00000008606,-0.8003936270647105,
ENSGALG00010019771,VWCE,5,0,ENSGALG00000043089,-3.086823015284915,-3.3192295862232504
ENSGALG00010018512,FERMT1,3,0,INRAGALG00000010111;ENSGALG00000008827,-0.4222514191162488,
ENSGALG00010027869,NSMF,17,0,ENSGALG00000035668;ENSGALG00000008681,-1.2197407676340724,
ENSGALG00010020970,ARMH3,6,0,ENSGALG00000007658,-1.0133498365710985,-1.2604614914034074
ENSGALG00010019114,FAM46D,4,0,ENSGALG00000007157,-0.5468274300589272,-0.3078186018661649
ENSGALG00010024332,EFCAB7,8,0,NONGGAG005262;ENSGALG00000010998,-0.8259404949870232,
ENSGALG00010026335,IPP,8,0,ENSGALG00000010287,-1.0116524326800522,-0.8765541596165412
ENSGALG00010027638,MRPS2,17,0,ENSGALG00000026303;ENSGALG00000038167;ENSGALG00000026321;ENSGALG00000034406;ENSGALG00000025661,-1.8312504506046905,
ENSGALG00010025182,PLA1A,1,0,ENSGALG00000014997,-1.25164021857604,0.5013237801969357
ENSGALG00010019298,TMEM8A,14,0,ENSGALG00000026188,-1.3462031424878786,-3.213231935454385
ENSGALG00010025247,SGCA,27,0,ENSGALG00000029917,-1.6794830817642192,
ENSGALG00010021373,CEP250,20,0,ENSGALG00000026151,-2.1657177497564533,-2.558552639406628
ENSGALG00010029636,SPATA20,18,0,ENSGALG00000006857,-2.314241948083291,-2.4303281040951057
ENSGALG00010018903,CAMTA1,21,0,ENSGALG00000039525;ENSGALG00000047857;INRAGALG00000102784;ENSGALG00000033569,-1.8101855415475812,
ENSGALG00010019115,DBNL,22,0,ENSGALG00000052519;ENSGALG00000047954,-2.667776381217428,
ENSGALG00010023064,ATG13,5,0,ENSGALG00000040042;ENSGALG00000008347;INRAGALG00000104481;INRAGALG00000104482,-1.092379899167165,
ENSGALG00010019026,CHSY1,10,0,ENSGALG00000026468,-1.2438772203997552,-3.4303856843362697
ENSGALG00010022006,SFI1,15,0,ENSGALG00000051488,-1.3770370417011755,
ENSGALG00010024758,SPATA6,8,0,ENSGALG00000010502,-0.8486536998124975,-0.765858155113342
ENSGALG00010027292,KDM4B,28,0,ENSGALG00000048613,-0.9854104255659888,
ENSGALG00010020959,ZNF488,6,0,ENSGALG00000005975,-1.8578415093718044,
ENSGALG00010022356,TCFL5,20,0,ENSGALG00000045499,-1.639806749032385,-4.422202167181082
ENSGALG00010028895,WHRN,17,0,ENSGALG00000038223,-3.037544068423492,
ENSGALG00010023248,PRDM10,24,0,INRAGALG00000102922;ENSGALG00000033660,-1.8128857848843793,
ENSGALG00010018125,NKX2-4,3,0,ENSGALG00000035835,-2.076732012342826,
ENSGALG00010028159,DCAF1,12,0,ENSGALG00000033301,-1.0904792571718307,-0.962836521423804
ENSGALG00010028678,ACKR1,25,0,,-1.9930028677355325,
ENSGALG00010024761,OSGIN1,11,0,ENSGALG00000003323,-2.1772191170244324,0.0488691258297171
ENSGALG00010021147,ARID3B,10,0,,-1.9423111565124862,
ENSGALG00010019256,BBS9,2,0,ENSGALG00000042098;INRAGALG00000006879;INRAGALG00000006880;INRAGALG00000102412;ENSGALG00000031650,-0.5309461467928804,
ENSGALG00010023309,PIK3R3,8,0,ALDBGALG0000005503;ENSGALG00000010335;ENSGALG00000033962,-1.7177297756429049,
ENSGALG00010028147,SLC25A42,28,0,ENSGALG00000002621,-0.6271573152137799,-0.1529348488585951
ENSGALG00010020957,RPF1,8,0,ENSGALG00000008796,-0.22788375697491536,0.6669804822509086
ENSGALG00010022831,LRRC8C,8,0,NONGGAG005178;ENSGALG00000006170,-0.7882350134305474,
ENSGALG00010020228,TM9SF3,6,0,ENSGALG00000005534,0.9078909395645,0.3617984825148867
ENSGALG00010020038,SKI,21,0,ENSGALG00000001229;ENSGALG00000025269,-2.0738364111129153,
ENSGALG00010023850,DAZAP2,34,0,ENSGALG00000053575,-1.5273506410820814,
ENSGALG00010022186,DNAJB4,8,0,ENSGALG00000008916,0.5371873977003391,0.3133453345828162
ENSGALG00010024917,TRAK2,7,0,ENSGALG00000032668;ENSGALG00000008370;NONGGAG004921,-1.8598617563711204,
ENSGALG00010020640,PTPN14,3,0,ENSGALG00000009784;ALDBGALG0000003423,-1.2235645778377529,
ENSGALG00010024502,VPS8,9,0,ENSGALG00000031071;ENSGALG00000006704,-1.3054095426760433,
ENSGALG00010019067,GTF3C1,14,0,ENSGALG00000007387,-1.1519989811163658,-0.839979831613985
ENSGALG00010025359,CDCP2,8,0,ENSGALG00000010752,-2.276125535434313,
ENSGALG00010028454,C8G,17,0,ENSGALG00000040644,-2.0841753397645193,-1.0148419233490853
ENSGALG00010021231,STN1,6,0,ENSGALG00000008304,-0.9243171599844603,-1.5012183701744402
ENSGALG00010022290,NEXN,8,0,ENSGALG00000008945,-0.27300431647835843,-0.7475436647011213
ENSGALG00010019009,NRAP,6,0,ENSGALG00000008914,-0.2990129118182422,-0.9655892406066656
ENSGALG00010017987,ERI2,14,0,ENSGALG00000026038,-1.4581022487355078,-1.624154306851095
ENSGALG00010027698,FAM120C,12,0,ENSGALG00000039316,-0.7891104325891874,-0.8723223320616776
ENSGALG00010022221,CUTC,6,0,ENSGALG00000037283,-1.812084513743465,-4.185965069228869
ENSGALG00010022569,KIAA1549L,5,0,ENSGALG00000012020;ENSGALG00000050800,-0.851379116094928,
ENSGALG00010022304,ADAP1,14,0,ENSGALG00000003819;ENSGALG00000054943,-1.0396870598547736,
ENSGALG00010024871,POLQ,1,0,ENSGALG00000014924,-0.8505949755291929,-2.2181539829088983
ENSGALG00010022247,GALNT9,15,0,ALDBGALG0000001747;ENSGALG00000002242,-0.9577501658581533,
ENSGALG00010018147,ISM1,3,0,ENSGALG00000009042,-1.7246071591923438,
ENSGALG00010025948,WNT9B,27,0,ENSGALG00000001097,-2.138277396922913,
ENSGALG00010022293,DNAJC10,7,0,ENSGALG00000008862,-0.15265576152069738,0.5709649616867688
ENSGALG00010029236,ENPP7,18,0,ENSGALG00000013743,-1.3465991601281675,
ENSGALG00010024927,NOM1,2,0,ENSGALG00000006437,-1.440699206282549,0.3493252130842842
ENSGALG00010027645,SLAMF1,25,0,ENSGALG00000046393,-2.450431029113169,-2.375241899563469
ENSGALG00010018443,PLCB1,3,0,ENSGALG00000008875;ALDBGALG0000003696,-0.6561968611172844,
ENSGALG00010025103,GSK3A,1,0,ENSGALG00000014977,-1.074901314406453,-0.7503745238377426
ENSGALG00010027957,ENTREP3,25,0,ENSGALG00000051812,-2.972375215493822,
ENSGALG00010029277,WFIKKN2,18,0,ENSGALG00000007367,-1.4856001370614984,
ENSGALG00010024899,OGFOD2,15,0,ENSGALG00000003687,-1.5353986812459033,
ENSGALG00010026355,PPP1R12B,26,0,ENSGALG00000000336;ENSGALG00000028655,-2.088804553901309,
ENSGALG00010022742,IFT46,24,0,ENSGALG00000007438,-1.8743591771138597,-1.4120224745043224
ENSGALG00010029220,NEK8,19,0,ENSGALG00000003979;NONGGAG002018,-1.9241915229888331,
ENSGALG00010019097,STC1,22,0,NONGGAG009017;ENSGALG00000000364,-1.7130190404216323,
ENSGALG00010023809,CDON,24,0,ENSGALG00000035419,-2.3037792387955816,-3.842529504268813
ENSGALG00010024848,ESYT1,34,0,ENSGALG00000053250,-2.826786024264697,
ENSGALG00010020617,DGUOK,22,0,ENSGALG00000047566,-2.2287697834136155,
ENSGALG00010018142,DDHD1,5,0,ENSGALG00000012426,-1.625552524092274,-2.46506296879653
ENSGALG00010029249,PRR11,19,0,ENSGALG00000054015,-1.1387708358904454,
ENSGALG00010027898,FAM208A,12,0,ENSGALG00000035045,-0.9195178565947068,-1.6271986369661635
ENSGALG00010023770,SCRN2,27,0,ENSGALG00000035853,-2.5809148209459547,-1.6591074495489395
ENSGALG00010023646,DPH5,8,0,ENSGALG00000005229,-0.1634124748215463,0.260213115045735
ENSGALG00010027623,APOBEC2,26,0,ENSGALG00000003226,-1.0040984129505721,
ENSGALG00010028477,NRARP,17,0,ENSGALG00000027231,-2.1917522778730385,-5.32285641493319
ENSGALG00010024258,DNAJA4,10,0,107052133;ENSGALG00000036850,-0.27393652470127783,
ENSGALG00010021615,TATDN3,3,0,ENSGALG00000009807;ENSGALG00000009811,-0.6071379358558083,
ENSGALG00010023217,CREB3L1,5,0,ENSGALG00000032779;ENSGALG00000008393,-2.4703772806832207,
ENSGALG00010029556,NPTX1,18,0,ENSGALG00000017418;ENSGALG00000034241,-2.9623041846259803,
ENSGALG00010025318,NUAK2,26,0,ENSGALG00000036616,-2.572498805202367,-1.225274430356419
ENSGALG00010019804,ELFN1,14,0,ALDBGALG0000001622;ENSGALG00000004209,-2.2672302094962915,
ENSGALG00010023389,GNG12,8,0,ENSGALG00000026591,-1.3064530414155577,0.2937202332784044
ENSGALG00010029564,NLK,19,0,ENSGALG00000005699,-0.7284656907322392,-2.515482744338402
ENSGALG00010018523,TEX11,4,0,ENSGALG00000005775;INRAGALG00000012028;INRAGALG00000103795,-0.39273217193639837,
ENSGALG00010028064,SPCS1,12,0,,-2.608001230738919,
ENSGALG00010026822,PRELP,26,0,ENSGALG00000034456,-1.9746754948281038,0.2413280972692885
ENSGALG00010020059,PRKCZ,21,0,ENSGALG00000001270,-0.4083905978801517,-0.3088771394525265
ENSGALG00010028429,REXO1,28,0,ENSGALG00000001043;ENSGALG00000025382,-1.55166575179696,
ENSGALG00010025242,CLSTN2,9,0,ENSGALG00000049259;ENSGALG00000047491;ENSGALG00000037387,-0.7624985182115069,
ENSGALG00010021220,SYNPO2L,6,0,ENSGALG00000005207,-2.1211372979658414,
ENSGALG00010021750,HELLS,6,0,ENSGALG00000005451,-0.8262734035482205,0.3055085216752238
ENSGALG00010022242,USP19,12,0,ENSGALG00000006824,-2.1859426123409413,-1.4921002823372689
ENSGALG00010024031,LIMS2,9,0,ENSGALG00000001995;ENSGALG00000054329;INRAGALG00000016427,-1.0539915919922924,
ENSGALG00010024418,TLDC2,20,0,ENSGALG00000029033,-3.244988086401647,
ENSGALG00010029676,FADS6,18,0,ENSGALG00000029445,-2.229679189215499,-2.1771809313256525
ENSGALG00010029706,SSH2,19,0,ENSGALG00000021572;NONGGAG002025;INRAGALG00000101931;INRAGALG00000101932,-2.685292609917198,
ENSGALG00010018764,TMEM177,7,0,ENSGALG00000011593,0.11451862883134112,-0.025269097149157
ENSGALG00010020955,FHAD1,21,0,ENSGALG00000034761;ENSGALG00000051734,-2.2332826257700136,
ENSGALG00010024047,GPR179,27,0,,-2.7088710361637847,
ENSGALG00010023852,LRRC39,8,0,ENSGALG00000005284,-0.8952309321616064,-1.4451824626336398
ENSGALG00010020061,UBA3,12,0,ENSGALG00000013410,0.2042878186906455,0.5253301401556384
ENSGALG00010022345,USP33,8,0,ENSGALG00000008974,-0.6856178591259432,0.29945465163576
ENSGALG00010025719,HOXC11,34,0,ENSGALG00000050755,-1.7885498651528757,
ENSGALG00010026040,GUK1,2,0,,-1.9207802014193534,
ENSGALG00010025291,DUS2,11,0,ENSGALG00000048067,0.25754850826693454,
ENSGALG00010023142,TLK2,27,0,ENSGALG00000000410,-1.3946195650297497,-1.61918647117994
ENSGALG00010023333,ENDOU,34,0,ENSGALG00000039970,-2.309481437340043,
ENSGALG00010022795,TAF4,20,0,ENSGALG00000005121,-0.9125207462546114,-0.4789898238780234
ENSGALG00010026553,PLPP3,8,0,ENSGALG00000010818,-1.0217156067388613,-0.2516745216882777
ENSGALG00010019113,KLHDC1,5,0,ENSGALG00000012241,-0.7806241351402743,-1.192326650921722
ENSGALG00010021251,RNF216,14,0,ENSGALG00000004629,-1.5236070043642296,-1.9811017899419583
ENSGALG00010026894,IP6K1,12,0,ENSGALG00000002510,-2.081918080531694,-2.5310245774330027
ENSGALG00010018897,CCDC85A,3,0,ENSGALG00000043080,-2.7979749361097084,-2.662160570757141
ENSGALG00010028202,QSOX2,17,0,ENSGALG00000001758,-0.9604655636637773,-0.1927446377209458
ENSGALG00010026958,CLTCL1,15,0,ENSGALG00000041760,-0.2055570606135827,-1.3481988770407052
ENSGALG00010019025,DNAAF2,5,0,ENSGALG00000012232,-2.715429027095777,-2.775345857025619
ENSGALG00010027199,LAMB3,26,0,ENSGALG00000001343;107055193,-2.3356953939759086,
ENSGALG00010021296,GATC,15,0,ENSGALG00000007195,-2.555762258748805,-1.7907636954981907
ENSGALG00010018078,NKX6-3,22,0,ENSGALG00000018503,-2.6538492798994064,-1.5453963093109802
ENSGALG00010028587,ANKLE1,28,0,,-3.2016523029923367,
ENSGALG00010024160,VPREB3,15,0,ENSGALG00000021136,-2.4118329767723323,
ENSGALG00010027561,ADAMTS4,25,0,ENSGALG00000030502,-2.120975943501905,
ENSGALG00010027098,EXOG,2,0,ENSGALG00000006153,-0.8552214626621513,-0.8269888701455492
ENSGALG00010023854,SHCBP1,11,0,ENSGALG00000004334;ENSGALG00000004444,-0.739813903076453,
ENSGALG00010022172,GIPC2,8,0,ENSGALG00000008902;ENSGALG00000008916,-0.34952177623902847,
ENSGALG00010022365,PLCG1,20,0,ENSGALG00000003750,-2.2377498242615026,-3.0104593283147474
ENSGALG00010024412,PIGU,20,0,ENSGALG00000001219,-0.007485610518398356,0.3554027705454984
ENSGALG00010023818,ALOX5,6,0,ENSGALG00000005857,-0.8375811518355267,-0.2246575749307124
ENSGALG00010021893,FAM43B,21,0,ENSGALG00000026367,-2.2020343062266394,
ENSGALG00010026091,DTX4,5,0,ENSGALG00000010835,-2.3128324345158533,-4.9026629585876496
ENSGALG00010023921,GRK7,9,0,ENSGALG00000002800,-0.41148946512229667,-1.9402011060701776
ENSGALG00010029547,HIP1,19,0,ENSGALG00000040908,-2.9361548752579862,-2.7116891347131
ENSGALG00010027980,NUP210,12,0,ENSGALG00000005078,-0.22609840292527017,-0.0350145584788375
ENSGALG00010029312,SMURF2,18,0,ENSGALG00000003566,-0.9447616135709003,-0.9379212522619248
ENSGALG00010026939,PLA2G1B,15,0,,-1.2446717725837415,
ENSGALG00010018448,KLHDC3,3,0,ENSGALG00000008536,-1.212814894098778,-1.6591166752624713
ENSGALG00010019426,GRM7,12,0,ENSGALG00000037841,-1.1949290175561083,
ENSGALG00010026433,VPS11,24,0,ENSGALG00000029536,-0.870378918628035,-0.6020914841797551
ENSGALG00010027720,DAB2IP,17,0,ALDBGALG0000001864;ENSGALG00000001419,-2.329602329140751,
ENSGALG00010023408,ZBTB44,24,0,ENSGALG00000001341;INRAGALG00000009261,-1.6411733280980725,
ENSGALG00010025320,JAM3,24,0,ENSGALG00000001472,-1.145161201253437,-0.0003735558717442
ENSGALG00010024762,FAN1,10,0,ENSGALG00000044177,-1.0677557386957746,
ENSGALG00010020894,PSMD13,5,0,ENSGALG00000043684,-1.6836746144061943,-0.3227118881173567
ENSGALG00010024211,TRPM5,5,0,ENSGALG00000006521,-0.23902343583610397,-0.6298983155490492
ENSGALG00010020177,KCNG3,3,0,ENSGALG00000009919,-0.9618589787914275,
ENSGALG00010024437,HERC1,10,0,ENSGALG00000003381,-0.8475809726629276,-1.3568557036496314
ENSGALG00010028109,TJP3,28,0,ENSGALG00000000748,-2.492272691109446,-2.3253383902792466
ENSGALG00010019458,ELP4,5,0,ENSGALG00000012127,-1.3617106912885792,-0.2628554180293493
ENSGALG00010024825,UBXN7,9,0,ENSGALG00000006385,-1.6740586900319734,
ENSGALG00010024203,SPOP,27,0,ENSGALG00000009939;ENSGALG00000026621,-0.6656079030672323,
ENSGALG00010021408,TTC9,5,0,ENSGALG00000017652,-1.800547004214395,-2.343924522154148
ENSGALG00010023421,OLFM3,8,0,ENSGALG00000005203,-0.5187844744883496,-0.623747777449557
ENSGALG00010021352,CFAP43,6,0,ENSGALG00000036896;ENSGALG00000038606,-0.42200991804781124,
ENSGALG00010018403,CCDC78,14,0,ENSGALG00000044070,-2.409587094592756,
ENSGALG00010023807,MRPL10,27,0,ENSGALG00000014387,-2.353130154739796,-1.7430667184008275
ENSGALG00010023569,LPCAT3,1,0,ENSGALG00000014570,-0.2640681187030385,0.3050522555461747
ENSGALG00010018055,PEX5L,9,0,ENSGALG00000043386;ENSGALG00000034694,-0.8818393311442526,
ENSGALG00010028867,REXO4,17,0,ENSGALG00000030609,-0.7010112437914394,-0.4747905162787303
ENSGALG00010028920,QRFP,17,0,ENSGALG00000054597,-2.7650198986013357,
ENSGALG00010021213,FBXO44,21,0,ENSGALG00000004646;ALDBGALG0000003026,-1.9593105381461782,
ENSGALG00010022190,ACVR1B,34,0,ENSGALG00000029599,-1.5444689882437577,
ENSGALG00010021732,CASR,1,0,ENSGALG00000038405,-1.5894895721631113,-1.3447216619052658
ENSGALG00010023399,SRRM4,15,0,,-3.6587519037621092,
ENSGALG00010025640,SLC38A11,7,0,ENSGALG00000011052,0.4602649946614007,
ENSGALG00010024943,ABCB9,15,0,ENSGALG00000003736,-1.465254250704334,-2.016009315611791
ENSGALG00010022969,TTN,7,0,ENSGALG00000052741;ENSGALG00000052907;ENSGALG00000050089;ENSGALG00000051229;ENSGALG00000038743;ENSGALG00000051776;ENSGALG00000033766;ENSGALG00000048310,-0.043237700227080844,
ENSGALG00010020776,MCOLN3,8,0,INRAGALG00000016208;INRAGALG00000016209;INRAGALG00000016213;INRAGALG00000016214;INRAGALG00000016216;ENSGALG00000008709,-0.18006587107609917,
ENSGALG00010024891,PKP1,26,0,ENSGALG00000000299,-1.6501234517175458,
ENSGALG00010021224,MYOZ1,6,0,ENSGALG00000005226,-0.8452749693487605,
ENSGALG00010022354,FAR2,1,0,ENSGALG00000017291;ALDBGALG0000000194,-0.1415080026130493,
ENSGALG00010022691,ASIC2,27,0,ENSGALG00000000367;ENSGALG00000053331;ENSGALG00000019824,-1.511085385510674,
ENSGALG00010023290,SLC16A14,9,0,ENSGALG00000002897,0.6554536822795886,
ENSGALG00010022813,USP24,8,0,ENSGALG00000010805,-0.9477814025464767,-1.3621484283054046
ENSGALG00010022120,FOXL3,14,0,ENSGALG00000052931,-1.2160439659105582,
ENSGALG00010024413,AMFR,11,0,ENSGALG00000003107;NONGGAG007869,-1.7761936544972903,
ENSGALG00010019094,SNRNP25,14,0,ENSGALG00000026559,-1.2532798740358124,-2.016564573711522
ENSGALG00010027475,ARID3A,28,0,ENSGALG00000026231,-3.2634446212008745,
ENSGALG00010022850,ULK1,15,0,ENSGALG00000002403;INRAGALG00000005240,-1.7217447974641846,
ENSGALG00010029325,LRRC75A,19,0,ENSGALG00000002631,-2.837531953977927,-4.404824871738139
ENSGALG00010021667,TBX15,1,0,ENSGALG00000014776,-1.8669101706850948,
ENSGALG00010018115,KLHL4,4,0,ENSGALG00000006877,-0.5520540232581512,-0.6982174709109362
ENSGALG00010023441,C15orf52,5,0,,-1.605556855788623,
ENSGALG00010021748,CDCA7,7,0,ENSGALG00000040833,-1.3943736889854956,-0.0716150122880079
ENSGALG00010021417,STK16,7,0,ENSGALG00000011326,-2.4691576987272557,-1.835236758623604
ENSGALG00010020818,TMEM62,5,0,ENSGALG00000009260,-0.7454459070383953,-0.0671563823246557
ENSGALG00010029237,COX11,18,0,ENSGALG00000027190,-1.4585775662293505,-0.9396474443876692
ENSGALG00010024560,A4GNT,9,0,ENSGALG00000006600,-1.2915732491396468,
ENSGALG00010025564,RAD9B,15,0,ENSGALG00000047781,-0.7074775837332488,
ENSGALG00010022334,PDE1A,7,0,INRAGALG00000015510;INRAGALG00000015511;INRAGALG00000015513;INRAGALG00000015514;ENSGALG00000008885;ENSGALG00000017936,-0.44302503654710496,
ENSGALG00010028185,GLMP,25,0,ENSGALG00000049774;ENSGALG00000039205,-1.6153736292492136,
ENSGALG00010018472,LMF1,14,0,ENSGALG00000054086;ENSGALG00000044187;ENSGALG00000025535,-1.6555580572015556,
ENSGALG00010027041,MAPK14,26,0,ENSGALG00000042833,-0.8676581103412859,-0.5746578575212669
ENSGALG00010022246,RHOV,5,0,ENSGALG00000028047,-2.0966904794456505,
ENSGALG00010027529,ACY1,12,0,ENSGALG00000042984,-2.0846994096519946,
ENSGALG00010024572,CLDN18,9,0,ENSGALG00000006593,-0.5379678186519009,
ENSGALG00010027423,PEX11B,25,0,ENSGALG00000052329,-2.4206494542554817,
ENSGALG00010028137,NUP214,17,0,ENSGALG00000041111,-1.2258259487860963,-0.9880285424027264
ENSGALG00010023791,VTI1B,5,0,ENSGALG00000009526,-1.868943618069423,-1.6318572928291952
ENSGALG00010018922,EEF2K,14,0,ENSGALG00000006982;INRAGALG00000020338,-0.7773568464823458,
ENSGALG00010019034,CASP7,6,0,ENSGALG00000008933,-0.10390661255047429,0.5253296427614005
ENSGALG00010020806,RPP14,12,0,ENSGALG00000048543;ENSGALG00000048013,-1.6834684375580433,
ENSGALG00010029671,GRIN2C,18,0,ENSGALG00000027415,-2.3734641478710725,-4.018992619192984
ENSGALG00010018522,NEK11,2,0,ENSGALG00000037242;ENSGALG00000048007,-0.749211824710509,
ENSGALG00010027364,FSTL3,28,0,ENSGALG00000042356,-2.2130788591050172,-0.9428384132396675
ENSGALG00010021707,DLX2,7,0,ENSGALG00000039436,-2.242748213699106,
ENSGALG00010025748,ETNK2,26,0,ENSGALG00000000557,-1.8101173965944677,-2.449616293493757
ENSGALG00010025337,NEMP1,34,0,ENSGALG00000031056,-2.2772126028409785,-2.717384198522995
ENSGALG00010023487,GRN,27,0,,-2.8991663650148753,
ENSGALG00010021645,ASCC1,6,0,ENSGALG00000026019,-2.0079085136032195,-1.1996362073391442
ENSGALG00010027864,ACTR8,12,0,ENSGALG00000005385,-1.0149334437059887,-0.2131447828701155
ENSGALG00010027607,ABL1,17,0,INRAGALG00000005600;ENSGALG00000003875,-1.8653512812937096,
ENSGALG00010022579,TNFAIP8L3,10,0,ENSGALG00000047289,-0.6969037829163847,
ENSGALG00010020396,CHL1,12,0,ENSGALG00000037856,-0.8997955232989074,
ENSGALG00010023555,HPS4,15,0,ENSGALG00000005595,-1.9164709178081942,-1.4690621640295287
ENSGALG00010029566,TMEM97,19,0,ENSGALG00000005702,-0.8209256878540746,-0.4948996689968202
ENSGALG00010019104,POLL,6,0,ENSGALG00000007753;ENSGALG00000025257,-2.0645134289818663,
ENSGALG00010019667,ITPRID1,2,0,ENSGALG00000054262,-1.7557968065965275,
ENSGALG00010025586,TCTN1,15,0,ENSGALG00000041861,-0.3444247195475675,0.4331262496962783
ENSGALG00010020705,EXOSC1,6,0,ENSGALG00000039917,-2.4403143030586234,-1.084613765677274
ENSGALG00010021358,MMP15,11,0,ENSGALG00000038758,-2.0239247629563417,-4.035184427668712
ENSGALG00010023663,PHOSPHO2,7,0,ENSGALG00000020736,-0.4065836257510403,-1.1185616664701494
ENSGALG00010027421,PLPPR3,28,0,ENSGALG00000038529,-2.16450403305016,-3.993948024290906
ENSGALG00010018398,LRFN5,5,0,INRAGALG00000014600;ENSGALG00000012505,-1.880918680075978,
ENSGALG00010024662,MOB2,5,0,ENSGALG00000006608;ENSGALG00000030499,-1.598858184580413,
ENSGALG00010029281,KIAA0753,19,0,ENSGALG00000006011,-0.9752382160139638,-2.6899420053202747
ENSGALG00010029722,SPECC1,19,0,ENSGALG00000004400;ENSGALG00000051564,-1.6626069994854542,
ENSGALG00010019092,HES2,21,0,,-3.055053559059154,
ENSGALG00010023903,TBKBP1,27,0,ENSGALG00000029558;INRAGALG00000009673;ENSGALG00000051244;ENSGALG00000034529,-3.1585963880445767,
ENSGALG00010023101,CLCA1,8,0,,-0.14405419392923824,
ENSGALG00010029274,VMP1,19,0,ENSGALG00000005160,-0.5722731725960979,-0.2054817567502556
ENSGALG00010023264,RACGAP1,34,0,ENSGALG00000033231,-1.5363744513708903,0.1375634019020915
ENSGALG00010021614,ACRBP,1,0,ENSGALG00000048620,-1.6974975257521092,
ENSGALG00010020949,HPS6,6,0,ENSGALG00000020741,-2.968638437416846,-4.4525754089559255
ENSGALG00010022309,WSCD2,15,0,ENSGALG00000004849,-1.6433832580622543,
ENSGALG00010020460,MAPK8,6,0,ENSGALG00000006109;ALDBGALG0000004935,0.03638270397544763,
ENSGALG00010019679,RHOBTB2,22,0,ENSGALG00000034020;ENSGALG00000048530;INRAGALG00000020818,-1.9919244757800572,
ENSGALG00010028091,FPGS,17,0,ENSGALG00000042460,-2.190527343606573,-1.6965449741389542
ENSGALG00010019932,KALRN,7,0,ENSGALG00000011744,-1.6536255622525067,-1.5095133432630057
ENSGALG00010029276,TUBD1,19,0,107054809;ENSGALG00000005173,-0.714557500677827,
ENSGALG00010026964,SRPK1,26,0,NONGGAG003125;ENSGALG00000037546,-1.1263121950981074,
ENSGALG00010019312,KBTBD2,2,0,ENSGALG00000038704,-0.3545534879383034,-0.237484795855679
ENSGALG00010024118,TMEM266,10,0,ENSGALG00000002945,-1.9881892006623492,-3.3620427028148163
ENSGALG00010028186,CCT3,25,0,ENSGALG00000039205,-2.065816666261567,-1.1710910434722073
ENSGALG00010022200,DNMBP,6,0,ENSGALG00000007304,-2.594711063596034,-2.232509900467937
ENSGALG00010023466,CLCF1,5,0,,-2.706520378265142,
ENSGALG00010019042,PEX6,3,0,ENSGALG00000045514,-1.715486493641817,-1.6681263771597024
ENSGALG00010020179,PSMD6,12,0,ENSGALG00000007315,-0.3060206864155409,0.4318726475109876
ENSGALG00010022282,METTL7A,34,0,ENSGALG00000030776,-1.9608434455824821,-0.1583523205003939
ENSGALG00010027310,ARHGEF2,25,0,ENSGALG00000054342,-2.538468142431567,
ENSGALG00010023401,LRRC23,1,0,ENSGALG00000043468,-2.7453488070050382,-2.3405706602032965
ENSGALG00010023077,KANSL2,34,0,ENSGALG00000033877;ENSGALG00000034351,-2.748948975159846,
ENSGALG00010021212,MYO18B,15,0,,-2.672371053542639,
ENSGALG00010018140,CHPF,7,0,ENSGALG00000032915,-2.1882450922918957,-1.3599887682166405
ENSGALG00010027078,PDE12,12,0,ENSGALG00000052355,-2.0109445624209776,
ENSGALG00010021737,AGBL2,5,0,ENSGALG00000029618,-2.5509076935155384,
ENSGALG00010029348,HGS,18,0,ENSGALG00000007224,-1.7371926760686502,-0.9703044401183964
ENSGALG00010029296,FBXO39,19,0,ENSGALG00000029322;NONGGAG008330;INRAGALG00000006138;INRAGALG00000006140,-1.893048013167732,
ENSGALG00010029216,RAB34,19,0,ENSGALG00000026315,-2.385838087281195,-2.459463554406254
ENSGALG00010019430,ABHD12B,5,0,,-2.164861099161684,
ENSGALG00010029341,SLC43A2,19,0,ENSGALG00000002783,-1.0183576310388156,
ENSGALG00010027374,NKTR,2,0,ENSGALG00000030268,-1.5357673437603148,-1.8852869862667951
ENSGALG00010021771,ANKRD61,14,0,ENSGALG00000051639,-0.6556050365721802,
ENSGALG00010024330,SDF2L1,15,0,ENSGALG00000031982,-1.3534305304294532,0.3363805284773972
ENSGALG00010024915,STXBP5L,1,0,ENSGALG00000032361;ENSGALG00000051886,-0.7966077093619132,
ENSGALG00010027241,LRRN2,26,0,ENSGALG00000000639,-2.750284325615203,
ENSGALG00010029160,DUS1L,18,0,ENSGALG00000034115,-1.2109999264502467,-2.228838384784974
ENSGALG00010026796,DCAKD,27,0,ENSGALG00000000870,-2.190496659373752,-1.5711972573277602
ENSGALG00010025645,NBEAL2,2,0,ENSGALG00000039120,-2.6391691293861697,-3.815570767008301
ENSGALG00010029153,OGFOD3,18,0,ENSGALG00000001618,-1.8722803492086864,-0.0841896339697732
ENSGALG00010024222,KCNK15,20,0,ENSGALG00000049487,-2.0275964454978754,
ENSGALG00010021382,TPRG1L,21,0,ENSGALG00000001024,-1.9063855074482592,-2.261298106569373
ENSGALG00010023552,SGPP2,9,0,ENSGALG00000048624,-1.5062912898759575,
ENSGALG00010018450,SCNN1D,21,0,ENSGALG00000001835,-0.9860045493975447,
ENSGALG00010028379,HAPLN4,28,0,ENSGALG00000026563,-1.9921903474757303,
ENSGALG00010019643,RAB3GAP1,7,0,ENSGALG00000012214,-0.7628568002540446,-0.3855425696623654
ENSGALG00010019236,MPG,14,0,ENSGALG00000028691,-1.2286331995918458,-0.4152799421092236
ENSGALG00010027221,LRRC61,2,0,ENSGALG00000053116,-3.684264142234033,
ENSGALG00010021034,NPM3,6,0,ENSGALG00000032329,-2.38175253273263,-1.005265988065633
ENSGALG00010023314,CYB561,27,0,ENSGALG00000024031,-1.9563254861099706,
ENSGALG00010025312,PLEKHM3,7,0,INRAGALG00000104800;ENSGALG00000044111;ENSGALG00000008479,-1.6489090464274934,
ENSGALG00010019072,AEBP1,22,0,ENSGALG00000041834,-2.7372107702950763,-2.275046117268236
ENSGALG00010021235,XRCC5,7,0,ENSGALG00000011492,-0.5175553817818237,-0.3129195523044229
ENSGALG00010025924,TMEM116,15,0,ENSGALG00000004760,-0.8260162832951216,-0.5049589233908423
ENSGALG00010028608,MIGA2,17,0,ENSGALG00000032342,-1.6501115289038113,-1.741800148825979
ENSGALG00010024438,RBL1,20,0,ENSGALG00000001332,-1.0482763975979803,-1.8992171917293177
ENSGALG00010025078,SLC1A7,8,0,ENSGALG00000010673;ENSGALG00000027356,-0.2867603567425001,
ENSGALG00010020847,MIDEAS,5,0,ENSGALG00000009282;ALDBGALG0000004576,-1.3271548034349916,
ENSGALG00010028894,AKNA,17,0,ENSGALG00000037031,-3.2707668512751176,-5.301783048595718
ENSGALG00010026943,EEFSEC,12,0,ENSGALG00000038684;ENSGALG00000025186,-0.6527806866659684,
ENSGALG00010026003,NECTIN1,24,0,ENSGALG00000039196,-2.006763069014876,-2.124854982531034
ENSGALG00010024034,LRP2,7,0,ENSGALG00000010858;ENSGALG00000048104,-0.6498674437320215,
ENSGALG00010019059,BRWD3,4,0,ENSGALG00000047072;ENSGALG00000007151,-0.9226095940027558,
ENSGALG00010028002,ABCA2,17,0,ENSGALG00000036894,-2.11334893470177,-2.492785757758957
ENSGALG00010023764,COX5A,10,0,ENSGALG00000014121,-1.0758755465988221,0.2591157502384983
ENSGALG00010022182,CNTNAP1,27,0,ENSGALG00000003123,-2.287227248929972,
ENSGALG00010023869,DOCK7,8,0,ENSGALG00000010967,-1.0297452244854233,-0.8718900442410078
ENSGALG00010026560,TNNI1,26,0,ENSGALG00000000313,-2.5373113371779,
ENSGALG00010024888,PITPNM2,15,0,INRAGALG00000005260;ENSGALG00000003645;ENSGALG00000052952,-1.6236765711592036,
ENSGALG00010018504,SLCO3A1,10,0,ENSGALG00000006871,-1.272341026235317,-2.8993643097083988
ENSGALG00010021014,FBXL15,6,0,ENSGALG00000005684,-2.858366710782971,-2.076885899367409
ENSGALG00010019265,RUFY4,7,0,ENSGALG00000029718,-3.315443917489338,-4.274477388989301
ENSGALG00010022681,PPP2R3A,9,0,ENSGALG00000052511;ENSGALG00000034512,-1.1390697853487284,
ENSGALG00010024290,SOST,27,0,ENSGALG00000009929,-1.9312142309448768,
ENSGALG00010019252,TATDN3,3,0,,-0.8528969813810419,
ENSGALG00010028103,APBA3,28,0,ENSGALG00000000740,-2.664348575793174,-2.498810252566811
ENSGALG00010021947,CDK2AP2,5,0,ENSGALG00000039190,-2.0088699347813863,
ENSGALG00010028572,TBC1D13,17,0,ENSGALG00000004645,-1.3956367053076615,-1.0705783441523458
ENSGALG00010023225,PDPR,11,0,NONGGAG001055;ENSGALG00000002690,-1.6059035637925527,
ENSGALG00010019666,TTC34,21,0,ENSGALG00000001081,-1.141025374433751,
ENSGALG00010017985,ABCC5,9,0,ENSGALG00000008369,-0.5497193006522775,-2.1870971074583965
ENSGALG00010020962,MYO5C,10,0,ENSGALG00000033198,-0.6595028643122396,
ENSGALG00010020069,TMEM216,5,0,ENSGALG00000039648,-1.8466709847977851,-2.711510469730148
ENSGALG00010028878,IGSF9,25,0,ENSGALG00000031193,-2.910742234847741,-3.979455982588173
ENSGALG00010029244,HLF,18,0,ENSGALG00000003059;ENSGALG00000039459,-1.849269039894301,
ENSGALG00010024194,NKAIN4,20,0,ENSGALG00000005774,-0.6069037893715297,-1.373737434068344
ENSGALG00010026010,ZSWIM5,8,0,ENSGALG00000010221,-2.4086249669890925,-2.3872610101562577
ENSGALG00010021497,PDC,8,0,ENSGALG00000030417,-0.983732858086355,
ENSGALG00010018503,BMP2,3,0,,-1.7710390803109295,
ENSGALG00010018480,EME2,14,0,ENSGALG00000002276,-2.4172263569522383,-1.6218268691244426
ENSGALG00010024227,MUC6,5,0,,-0.8841850719121583,
ENSGALG00010019867,PEX11A,10,0,ENSGALG00000006534,-1.581256357924008,-0.0873146815896253
ENSGALG00010021381,DNAJB2,7,0,ENSGALG00000027506,-1.800971213125524,-2.2729077615089204
ENSGALG00010021316,PLA2G12B,6,0,ENSGALG00000004332,-2.2772616969633277,-0.477094853701707
ENSGALG00010018808,KIAA0895,2,0,ENSGALG00000036301;ENSGALG00000042973,-1.6220571368708425,
ENSGALG00010023639,KLHL23,7,0,ENSGALG00000020737;ENSGALG00000020736,-0.9961873929104961,
ENSGALG00010020240,SV2B,10,0,ENSGALG00000030250;ENSGALG00000030341,-0.6449364177109684,
ENSGALG00010024155,SNX7,8,0,ENSGALG00000005478,-0.33837043586857896,-1.026678561621951
ENSGALG00010021758,RASSF10,5,0,ENSGALG00000039822,-3.6672132999493927,
ENSGALG00010021903,MORC1,15,0,ENSGALG00000007512,-1.508267785883608,-3.118018519440969
ENSGALG00010025139,COPB2,9,0,ENSGALG00000005357,-0.24355736812066742,0.3335967037171712
ENSGALG00010018008,ABCF3,9,0,ENSGALG00000008480,-2.290790316129541,-3.320011083146979
ENSGALG00010022236,SHF,10,0,ALDBGALG0000001159;ENSGALG00000038637;ENSGALG00000034240;ALDBGALG0000001160,-2.237045074146282,
ENSGALG00010028377,PDCL,17,0,ENSGALG00000039483;ENSGALG00000001275,-1.456039443040154,
ENSGALG00010027570,NDUFS2,25,0,ENSGALG00000041418,-1.6044447010988434,-0.5174778255579521
ENSGALG00010029230,PPM1E,19,0,INRAGALG00000101905;ENSGALG00000005061,-1.6238186845986682,
ENSGALG00010025384,SYCP1,26,0,ENSGALG00000054224;ENSGALG00000002511;ENSGALG00000002550,-0.671286772513899,
ENSGALG00010019673,NID2,5,0,ENSGALG00000053371;ENSGALG00000012394,-2.531312657564358,
ENSGALG00010018709,SNX5,3,0,ENSGALG00000008691,-0.19560442980805803,0.0932066926801733
ENSGALG00010027040,CLIP1,15,0,ENSGALG00000004467,-1.406675811083817,-1.4706296697592092
ENSGALG00010024473,RAVER2,8,0,ENSGALG00000033759,-1.187076092343879,-1.642670638935655
ENSGALG00010029563,ADPRM,18,0,ENSGALG00000041763,-1.7257175717143733,-1.985559423316652
ENSGALG00010020912,PDE8A,10,0,INRAGALG00000003568;ENSGALG00000005992;ENSGALG00000042277;ENSGALG00000025614;ENSGALG00000029828,-0.8650715651266446,
ENSGALG00010024747,TULP3,1,0,,-1.7126451201332273,
ENSGALG00010022028,FGD5,12,0,ENSGALG00000008546,-1.4234551231587675,-2.064355146823013
ENSGALG00010025917,SCUBE3,26,0,ENSGALG00000002675;NONGGAG003180,-2.3151558973990047,
ENSGALG00010024173,CBLN1,11,0,ENSGALG00000042664,-1.4948830182335686,
ENSGALG00010027375,CFTII,17,0,ENSGALG00000034975,-2.1506121050147895,-0.8712837703391617
ENSGALG00010018533,PCYOX1,22,0,ENSGALG00000013878,-1.1424259733473556,-0.1711762554129633
ENSGALG00010029343,SCARF1,19,0,ENSGALG00000050026,-2.528023823650139,
ENSGALG00010023426,KCNJ1,24,0,ENSGALG00000001167,-0.6310074489403339,
ENSGALG00010027536,USP21,25,0,,-2.820945435114295,
ENSGALG00010027520,FANCE,26,0,ENSGALG00000002561,-3.1162146097675265,-3.5541541262424454
ENSGALG00010019032,GNMT,3,0,ENSGALG00000043290;ENSGALG00000049318,-2.401235652722183,
ENSGALG00010022782,TMPRSS13,24,0,ENSGALG00000021273,-2.470967620972598,-4.439167384123017
ENSGALG00010028574,ENDOG,17,0,ENSGALG00000026221,-2.12862365528649,-0.5113539802999135
ENSGALG00010020965,DHX37,15,0,ENSGALG00000002964,-0.9193788156698871,-1.5086663318245317
ENSGALG00010025064,GPN3,15,0,ENSGALG00000003807,-0.3728854539916434,0.319415842101893
ENSGALG00010028498,C9orf78,17,0,ENSGALG00000004152,-1.1530924713201272,-0.622383243030833
ENSGALG00010024264,AMER3,9,0,INRAGALG00000016470;ENSGALG00000041501,-1.7523759035821753,
ENSGALG00010023317,RAPGEF3,34,0,ENSGALG00000043775,-2.8540773941386877,-4.968664126113588
ENSGALG00010027213,KCNC4,26,0,ENSGALG00000000400,-1.7617421628920162,
ENSGALG00010021293,PCNX1,5,0,ENSGALG00000000296,-1.2578827220310758,-1.9235224590076163
ENSGALG00010021875,TMEM72,6,0,ENSGALG00000026808,-2.1725902326541595,
ENSGALG00010029250,SPAG9,18,0,ENSGALG00000034001,-0.9113718783480635,-1.1574855660131012
ENSGALG00010018829,PTPN4,7,0,INRAGALG00000015691;INRAGALG00000015692;INRAGALG00000015693;INRAGALG00000015694;ENSGALG00000011596,-0.7655502197422549,
ENSGALG00010025272,NCAPD3,24,0,ENSGALG00000001491,-1.3580703707700255,
ENSGALG00010021050,CTR9,5,0,ENSGALG00000005618,-0.4296533281802215,-0.2023619929381558
ENSGALG00010025048,ESYT2,2,0,ENSGALG00000006542,-1.0415070590411903,-0.4178023654618547
ENSGALG00010025405,GRASP,34,0,ENSGALG00000047861,-2.307129651080616,
ENSGALG00010027557,C6orf132,26,0,ENSGALG00000001373;ENSGALG00000028570,-2.7776627748714624,
ENSGALG00010027977,BOLA1,25,0,ENSGALG00000054703,-3.5559328387912035,
ENSGALG00010018948,POLR3E,14,0,107057040;ENSGALG00000007008,-0.8622204362882161,
ENSGALG00010023806,PATJ,8,0,ENSGALG00000010934;ALDBGALG0000005440,-0.783172836225082,
ENSGALG00010023102,RNF10,15,0,ENSGALG00000036417;ENSGALG00000051836,-1.3226036046128171,
ENSGALG00010018985,NOL9,21,0,ENSGALG00000028958,-1.7486923594454549,-3.377210435669015
ENSGALG00010018080,BRICD5,14,0,ENSGALG00000050677;ENSGALG00000005888,-1.330466239117853,
ENSGALG00010027567,PARP3,12,0,ENSGALG00000004517,-2.233967553753747,-1.839617155146944
ENSGALG00010021810,ANKRD13A,15,0,ENSGALG00000043357,-1.0618761207312435,-1.4309168644376669
ENSGALG00010019962,SNX8,14,0,ENSGALG00000004255,-1.3055545400256467,-0.8767192158027634
ENSGALG00010023883,TBX21,27,0,ENSGALG00000050240,-2.022655970616217,
ENSGALG00010022196,PLXNA1,12,0,ENSGALG00000006097;INRAGALG00000101300,-2.20590823025598,
ENSGALG00010021452,SLC25A1,15,0,ENSGALG00000047077;ENSGALG00000037002,-1.2750173084706407,
ENSGALG00010021734,PARD3B,7,0,ENSGALG00000042645,-1.0544907841689466,-3.1746644918912
ENSGALG00010024225,BCDIN3D,34,0,ENSGALG00000043400,-2.4871740142461043,-0.7199113703419455
ENSGALG00010021933,PRR14L,15,0,ENSGALG00000052648,-1.1172745860896196,
ENSGALG00010026448,ADORA2A,15,0,NONGGAG001686;ENSGALG00000006642,-0.9233091519884493,
ENSGALG00010021829,ERCC6,6,0,ENSGALG00000006254,-0.531394376260305,-1.7620077017602718
ENSGALG00010020770,B4GALNT4,5,0,ENSGALG00000004250,-2.136167411019921,-4.103474410198767
ENSGALG00010019123,PLEKHO2,10,0,ENSGALG00000007248,-1.2918761387850057,-1.3610391859733435
ENSGALG00010022269,CNTD1,27,0,ENSGALG00000043285,-1.2488186047275498,
ENSGALG00010028013,CBARP,28,0,ENSGALG00000048923,-2.783259697034594,
ENSGALG00010024183,MTX2,7,0,ENSGALG00000009264,-0.48947606284102496,0.6499285658542997
ENSGALG00010021696,FBXO47,27,0,ENSGALG00000019738,-1.6339254865344062,
ENSGALG00010026106,TESK2,8,0,ENSGALG00000010230;INRAGALG00000016272,-1.3396785733452203,
ENSGALG00010019789,ARNT2,10,0,ENSGALG00000006445,-1.3712659009380233,-1.7119014707766027
ENSGALG00010024207,KCTD18,7,0,ENSGALG00000008155,-0.885143138896626,-1.6661712302782212
ENSGALG00010025575,TRPM2,9,0,ENSGALG00000005631,-2.012388780569246,
ENSGALG00010018049,SUGCT,2,0,ENSGALG00000031758;ENSGALG00000048100,0.2312979034250907,
ENSGALG00010018170,SLC5A11,14,0,ENSGALG00000005933,-0.9638828563140158,-2.927411879045557
ENSGALG00010020614,FAIM,7,0,ENSGALG00000012082,-0.15234861549668688,1.032397850343636
ENSGALG00010029545,OMG,19,0,ENSGALG00000005594,-0.6540656427995986,
ENSGALG00010023431,BCAR1,11,0,ENSGALG00000042895,-2.4706829063508344,-2.518703334613611
ENSGALG00010023184,SMARCD1,34,0,ENSGALG00000029247,-1.4519874872091374,-1.38637363830187
ENSGALG00010025448,CHD1L,1,0,ENSGALG00000015038,-0.7609364681567004,-0.9340701944136643
ENSGALG00010021047,TMC5,14,0,ENSGALG00000006911,-0.2250424716832159,-0.6513121468869529
ENSGALG00010029227,UTP18,18,0,ENSGALG00000002985,-0.6002332333010996,-0.0136231311039726
ENSGALG00010024162,SRCIN1,27,0,ENSGALG00000032628,-2.8937778554132887,
ENSGALG00010020605,STAMBP,22,0,ENSGALG00000042555,-1.5636332998674223,-0.8811603877121721
ENSGALG00010019786,R3HDM1,7,0,INRAGALG00000015765;INRAGALG00000015766;INRAGALG00000015767;INRAGALG00000015768;INRAGALG00000015769;INRAGALG00000015770;INRAGALG00000015771;ENSGALG00000012246;ENSGALG00000018332,-1.4026020186800352,
ENSGALG00010029648,NIPSNAP2,19,0,ENSGALG00000002388,-0.8164077828059247,-0.1873123303780298
ENSGALG00010029335,RNF222,18,0,ENSGALG00000001156,-3.564738855667874,
ENSGALG00010019024,CNPY3,3,0,ENSGALG00000045228;ENSGALG00000028471,-2.7420789655730795,
ENSGALG00010025274,PDK2,27,0,ENSGALG00000045846,-2.330659197428499,
ENSGALG00010019127,TMBIM1,7,0,ENSGALG00000011436,-1.0953060787310198,0.1133026722843067
ENSGALG00010025659,COBLL1,7,0,ENSGALG00000011068,-0.8485370673885972,-0.5318708049847963
ENSGALG00010027712,STOM,17,0,ENSGALG00000001434;NONGGAG001835,0.1485065331880281,
ENSGALG00010029569,TMEM220,18,0,ENSGALG00000033996,-1.250935966954492,-0.1868410835176977
ENSGALG00010025168,POPDC2,1,0,ENSGALG00000014988,-2.517671363979458,
ENSGALG00010027209,TRAF3IP3,26,0,ENSGALG00000001373,-2.842169395700951,-2.538594290935851
ENSGALG00010027704,MDFI,26,0,,-2.6582780361351945,
ENSGALG00010022645,,8,0,,-2.536442670980232,
ENSGALG00010023815,PLCD3,27,0,ENSGALG00000045212,-2.593331124078612,-3.936861654190065
ENSGALG00010024204,PTBP2,8,0,ENSGALG00000005552,0.060779906440564746,-0.1830696130215169
ENSGALG00010017962,TXNDC16,5,0,ENSGALG00000043613,-1.3006776225724288,-2.273123998326105
ENSGALG00010027077,ARF4,12,0,ENSGALG00000005622,-0.6224180329383563,0.5932253485550374
ENSGALG00010023533,FKBP7,7,0,ENSGALG00000009149;ENSGALG00000047956,-0.5883013887843325,
ENSGALG00010020364,MRPL16,5,0,ENSGALG00000029419,-1.7743031397940934,-1.422658720476147
ENSGALG00010024175,DHRS9,7,0,ENSGALG00000042928;ENSGALG00000010873,0.3737486653772747,
ENSGALG00010024894,ZCCHC11,8,0,ENSGALG00000010629;NONGGAG005238;NONGGAG005239;ENSGALG00000049027,-0.8989732795872415,
ENSGALG00010029150,NARF,18,0,ENSGALG00000001603,-0.5152982419256695,-0.5146483049740583
ENSGALG00010023510,ASPHD1,15,0,ENSGALG00000023396,-2.32103922795195,
ENSGALG00010024210,NXPH3,27,0,ENSGALG00000038645,-2.6205966421189983,
ENSGALG00010020152,ATXN7,12,0,ENSGALG00000007302;ENSGALG00000034255,-1.7609432860465857,
ENSGALG00010023434,ATN1,1,0,ALDBGALG0000000205;INRAGALG00000001436;ENSGALG00000014554,-2.9875653482687876,
ENSGALG00010021826,FBXO40,1,0,ENSGALG00000013999,-1.2439231563460391,-1.0237385613004517
ENSGALG00010023909,FOXRED1,24,0,ENSGALG00000046347,-2.688937771802919,-2.106696984961915
ENSGALG00010021902,LMTK2,14,0,ENSGALG00000047058;NONGGAG008114;ENSGALG00000031306,-1.055656449891329,
ENSGALG00010020450,ANKRD39,22,0,ENSGALG00000049001,-2.324849458191489,
ENSGALG00010028573,KCNN1,28,0,ENSGALG00000036439;ENSGALG00000031411,-2.3018257927495354,
ENSGALG00010018535,FAM174B,10,0,ENSGALG00000006887,-1.6488626804030944,-2.077037941822061
ENSGALG00010027271,FAM212B,26,0,ENSGALG00000001480,-2.707338996482168,-1.5562195442372002
ENSGALG00010020890,RPS15A,14,0,ENSGALG00000051431,-0.07502113033797131,
ENSGALG00010023307,TERB2,10,0,,-1.133483353191281,
ENSGALG00010021230,C1orf174,21,0,ENSGALG00000000975,-1.8676556475638324,-1.38398963314711
ENSGALG00010028451,TMEM59L,28,0,ENSGALG00000021620,-2.594829849701273,
ENSGALG00010029549,KSR1,19,0,ENSGALG00000050395;ENSGALG00000005685,-1.4953411796202785,
ENSGALG00010022169,TOX2,20,0,ENSGALG00000003106,-2.256589567960992,-2.201199326408938
ENSGALG00010022659,TIE1,8,0,ENSGALG00000009957,-2.0697670367819403,-2.8660863125722544
ENSGALG00010021803,TLL2,6,0,ENSGALG00000005519,-0.8461592241908097,-1.2990039858309028
ENSGALG00010024423,SERGEF,5,0,ENSGALG00000006231,-0.6042298956728112,-1.4937027848825577
ENSGALG00010028887,SF3B4,25,0,ENSGALG00000013352,-1.4806486192385822,
ENSGALG00010018501,ATG14,5,0,ENSGALG00000012148,-1.9955603973971643,-1.6765421154376388
ENSGALG00010028065,REEP6,28,0,ENSGALG00000045747,-1.8898135900851272,-1.9790571319207984
ENSGALG00010022592,CCDC65,34,0,ENSGALG00000030917,-3.225034890098451,
ENSGALG00010024879,D2HGDH,9,0,ENSGALG00000039535,-1.7335976189302391,-1.1872970186539658
ENSGALG00010024856,SORT1,26,0,ENSGALG00000033572,-2.574763264490694,-1.010148375768395
ENSGALG00010024772,ELAPOR1,26,0,ENSGALG00000030941,-2.512806615872213,-4.271343133743436
ENSGALG00010025238,IGSF9B,24,0,ENSGALG00000033707;ENSGALG00000001450,-2.4234383129093877,
ENSGALG00010029246,DHX33,19,0,ENSGALG00000052647,-1.321838768693649,
ENSGALG00010023266,RFWD3,11,0,ENSGALG00000036234,-2.2257939271785125,-1.8307744596066096
ENSGALG00010020999,IFIH1,7,0,ENSGALG00000041192,-0.7735276819464062,-0.2590927809288408
ENSGALG00010021145,EIF4G3,21,0,ENSGALG00000010084;ENSGALG00000026324,-1.6936071612396537,
ENSGALG00010026262,NAV1,26,0,ENSGALG00000037370,-2.9802254816229827,-2.904490183331516
ENSGALG00010029402,SMG6,19,0,,-2.025067521425927,
ENSGALG00010018410,EXOC6B,4,0,ENSGALG00000016098;ENSGALG00000049939,-1.4178764156693076,
ENSGALG00010018455,RBM20,6,0,ENSGALG00000055026;ENSGALG00000048337,-1.615591762418068,
ENSGALG00010018470,IQCB1,7,0,ENSGALG00000011655,-1.3395461315631487,-3.0540063072595096
ENSGALG00010022460,VAT1,27,0,ENSGALG00000002818,-0.8624761345965679,-0.2093539632703326
ENSGALG00010024205,ANKRD13D,5,0,ENSGALG00000042297,-2.522644665951545,-5.117406711117278
ENSGALG00010029543,NSUN5,19,0,ENSGALG00000000891,-1.9146709798055492,-1.8658191723527997
ENSGALG00010018387,NT5DC4,22,0,ENSGALG00000041161,-2.2015267314367044,
ENSGALG00010018672,PKDCCA,3,0,ENSGALG00000042511,-1.679986293495624,-1.1997427798015377
ENSGALG00010018556,MRPL2,3,0,ENSGALG00000008597,-1.4381107189509161,-2.16545328230105
ENSGALG00010025433,CHPF2,2,0,ENSGALG00000036477,-1.5381311526501675,-0.7947026119027345
ENSGALG00010028111,TRUB2,17,0,ENSGALG00000004920,-1.8366416254551354,-1.7335074117909373
ENSGALG00010029280,USP36,18,0,ENSGALG00000037018,-2.6283914566178934,-3.509543471479899
ENSGALG00010024035,OSBPL5,5,0,ENSGALG00000006401,-1.2946506056368734,-2.0510535191255554
ENSGALG00010024415,SIK2,24,0,ENSGALG00000036873,-2.014678748771231,-1.2665805072493383
ENSGALG00010023253,TACR2,6,0,ENSGALG00000004248,-0.415368112518615,
ENSGALG00010022210,EZH1,27,0,ENSGALG00000003068,-1.33000820300705,-1.4031629585766574
ENSGALG00010024157,CHRNB4,10,0,ENSGALG00000003005,-0.054928347953494217,-0.1669612912399394
ENSGALG00010019050,TNS1,7,0,,-2.5171935364737537,
ENSGALG00010021749,CLASP1,7,0,ENSGALG00000011645,-1.415723064202488,-1.336113261492744
ENSGALG00010023637,RHBDD1,9,0,ENSGALG00000004957,-0.012250081135546043,0.4337611258937978
ENSGALG00010023340,P3H3,1,0,ENSGALG00000014490,-1.522781025431418,-2.697349511283508
ENSGALG00010026827,FAM117A,27,0,ENSGALG00000009943,-2.3896734614064865,-3.5589448182113976
ENSGALG00010028093,SFMBT1,12,0,ALDBGALG0000001419;ENSGALG00000001753;ALDBGALG0000001420,-1.0628100398793656,
ENSGALG00010022655,NRIP2,5,0,ENSGALG00000005903,-2.8347930642327954,
ENSGALG00010023159,DAW1,9,0,ENSGALG00000002992;INRAGALG00000016641,-0.018335520837024943,
ENSGALG00010021715,MMAB,15,0,ENSGALG00000029947;ENSGALG00000049775,-1.5133821113005705,
ENSGALG00010026044,CERKL,7,0,ENSGALG00000048686;ENSGALG00000008910,-0.5683067966151141,
ENSGALG00010023956,KREMEN1,15,0,ALDBGALG0000001801;ENSGALG00000005808,-1.0579855187956095,
ENSGALG00010021226,FEV,7,0,ENSGALG00000025343;ENSGALG00000026698,-1.958585737877677,
ENSGALG00010023218,SSH3,5,0,ENSGALG00000042297,-2.972720102577893,-5.117406711117278
ENSGALG00010023135,GINS3,11,0,INRAGALG00000003770;ENSGALG00000031209,-1.7883034287325428,
ENSGALG00010021756,USP42,14,0,INRAGALG00000004901;ENSGALG00000003378;ENSGALG00000049190,-0.5654549674500313,
ENSGALG00010028675,ZBTB43,17,0,ENSGALG00000000934,-0.7851707854986612,-0.2879654920166207
ENSGALG00010028102,CERCAM,17,0,ENSGALG00000004986,-2.2996830623218933,-2.022397796614984
ENSGALG00010022574,ITPRIPL2,14,0,ENSGALG00000033806,-2.6542141307417424,-5.074251786640413
ENSGALG00010018095,E4F1,14,0,ENSGALG00000005900,-1.250438511892649,-1.845972373102897
ENSGALG00010020938,SMG1,14,0,ENSGALG00000006829,-0.7636197246658716,-1.34091952915119
ENSGALG00010027985,PSMB4,25,0,ENSGALG00000000905,-1.3580856589494492,0.0487216557991298
ENSGALG00010021229,GLO1,3,0,ENSGALG00000010127,0.38565202668678367,0.7278619777417737
ENSGALG00010029367,DUSP14,19,0,ENSGALG00000027641,-1.363581707679102,0.0012396399999965
ENSGALG00010027074,BRPF3,26,0,ENSGALG00000000776,-2.2426827225486696,-3.777122247323069
ENSGALG00010018882,HHAT,3,0,ENSGALG00000009881;ENSGALG00000047104,-0.024894689602877107,
ENSGALG00010020127,FRMD4B,12,0,ENSGALG00000037791,-1.6220820956884656,-1.6642471784614583
ENSGALG00010019278,JPT2,14,0,,-1.479964315360455,
ENSGALG00010019239,CYTH3,14,0,INRAGALG00000005052;ENSGALG00000007133;ALDBGALG0000001649;ENSGALG00000007149,-0.20395009459689684,
ENSGALG00010027203,HSD11B1A,26,0,,-1.4796223216901065,
ENSGALG00010028578,SPOUT1,17,0,ENSGALG00000004622,-2.204527330880389,-1.473636408279145
ENSGALG00010020136,KCNK17,3,0,ENSGALG00000010068,-1.0608921852557587,-0.861806507732229
ENSGALG00010028150,ARMC6,28,0,ENSGALG00000003024,-1.0827480593342194,-0.8675439788697634
ENSGALG00010027208,UBXN6,28,0,ENSGALG00000001146,-1.1107507525606763,-0.3007740129426823
ENSGALG00010023293,COL11A1,8,0,ENSGALG00000046817;ENSGALG00000026650;ENSGALG00000005180;ENSGALG00000033872,0.057203144078655455,
ENSGALG00010028490,NECTIN4,25,0,,-2.8639405420024433,
ENSGALG00010023620,IRS1,9,0,ENSGALG00000051658;ENSGALG00000047754;ENSGALG00000004959,-2.5176466789270875,
ENSGALG00010018356,ADRA1A,22,0,,-0.9080169848375867,
ENSGALG00010023268,KCNJ11,5,0,ENSGALG00000020505,-2.174323881435309,-1.0057503980125142
ENSGALG00010022264,SCN8A,34,0,ENSGALG00000043728,-1.062142741439752,-4.979434662836764
ENSGALG00010025161,MAGOH,8,0,ENSGALG00000010689,-1.4820543363563115,-0.2579951895378998
ENSGALG00010022433,LNPK,7,0,ENSGALG00000037944,-0.5011440274659438,-1.353958269682508
ENSGALG00010029245,SKA2P1,19,0,ENSGALG00000005090;ENSGALG00000021724;ENSGALG00000021775,-1.2254880964322872,
ENSGALG00010022245,PIKFYVE,7,0,INRAGALG00000104812;ENSGALG00000008842;ENSGALG00000053678,-1.3286068206278023,
ENSGALG00010018121,FERMT2,5,0,ENSGALG00000012425,-1.6214340630874462,-1.718380178367827
ENSGALG00010024586,DLGAP4,20,0,ENSGALG00000001046;ENSGALG00000051127,-2.881019727733251,
ENSGALG00010024346,PPM1F,15,0,ENSGALG00000039121;INRAGALG00000005193;INRAGALG00000101616,-0.9187347786707962,
ENSGALG00010024853,TJP1,10,0,ENSGALG00000042552,-0.7508553729211938,-0.2230193129875508
ENSGALG00010023782,TMPRSS5,24,0,ENSGALG00000054900,-2.184998647321042,
ENSGALG00010019246,IL17RC,12,0,,-2.8799997689502796,
ENSGALG00010024921,STRADB,7,0,ENSGALG00000008373,-0.7432367818222864,-0.3476886491909609
ENSGALG00010021361,WRAP73,21,0,ENSGALG00000001017,-1.0567795915423557,-1.2393151146674437
ENSGALG00010023840,SMAGP,34,0,INRAGALG00000018203;ENSGALG00000039311,-1.540369839336225,
ENSGALG00010023527,TMEM98,27,0,ENSGALG00000031762,-1.6778745762379397,-2.8644722643798097
ENSGALG00010025268,ZBTB39,34,0,,-2.7716602781280577,
ENSGALG00010020597,ARID5A,22,0,ENSGALG00000039206,-2.2214925388205033,-2.7899300266218727
ENSGALG00010023914,CCDC117,15,0,ENSGALG00000005784,-1.4279854970741905,-1.0130889408895989
ENSGALG00010024988,RNF32,2,0,ENSGALG00000006387,-0.9065187648584256,
ENSGALG00010021367,GRIP2,12,0,ALDBGALG0000001460;ENSGALG00000037545,-1.8580695884409089,
ENSGALG00010027195,CENPP,12,0,,-0.9669149562908593,
ENSGALG00010025887,ZNF76,26,0,ENSGALG00000002630,-1.6653260292623187,-1.8055179139868331
ENSGALG00010022303,DUSP13A,6,0,,-0.6549839425749518,
ENSGALG00010026839,FGGY,8,0,ENSGALG00000010879,0.0036100612376809282,0.4271620230721623
ENSGALG00010021026,ADGRA2,22,0,ENSGALG00000003118,-2.4667792150343937,-4.260818639193989
ENSGALG00010021618,NEO1,10,0,ENSGALG00000047824;ALDBGALG0000001080;INRAGALG00000003391;INRAGALG00000003392;NONGGAG000885;ENSGALG00000001774;INRAGALG00000022132,-1.3578990458452946,
ENSGALG00010022216,ROMO1,20,0,ENSGALG00000047011;ENSGALG00000027416,-0.057211521803611554,
ENSGALG00010028510,CILP2,28,0,ENSGALG00000037011,-2.529340364855789,
ENSGALG00010027667,PTPDC1,12,0,ENSGALG00000005128,-0.9518730055693208,-0.7020394725958461
ENSGALG00010024665,MAP1LC3A,20,0,ENSGALG00000038721;ENSGALG00000033337,-2.4919403079691245,
ENSGALG00010021655,USP22,14,0,ENSGALG00000029817,-1.058911135044193,-1.7398196428631572
ENSGALG00010028016,PRF1,17,0,ENSGALG00000045916,-2.125781372806896,-0.6617098538400602
ENSGALG00010022213,IDH1,7,0,ENSGALG00000008818,-0.22918033780606006,0.7086577166060013
ENSGALG00010018485,ATP2C1,2,0,ENSGALG00000034340,0.29802087990562487,-0.6694344280965009
ENSGALG00010023179,KAT2A,27,0,ENSGALG00000003369,-1.9769426629814615,-2.7261540332876164
ENSGALG00010023456,MPI,10,0,ENSGALG00000029296;ENSGALG00000025586,-2.463285525131178,
ENSGALG00010019752,GPAM,6,0,ENSGALG00000008795;INRAGALG00000015088;INRAGALG00000015089;INRAGALG00000015090;INRAGALG00000015091;INRAGALG00000015092;INRAGALG00000015093;INRAGALG00000015094;INRAGALG00000015095,-0.8150531955880859,
ENSGALG00010021800,TMEM82,21,0,ENSGALG00000052592,-2.6716554829602077,
ENSGALG00010024986,PTS,24,0,ENSGALG00000007848,-1.51277587254291,-0.6040733979860777
ENSGALG00010021881,PHF20,20,0,ENSGALG00000001522,-0.9620210173921423,-1.65686253678425
ENSGALG00010026113,MFRP,24,0,,-2.9199264033051016,
ENSGALG00010018941,KLHL21,21,0,ENSGALG00000035211,-2.3139039032946735,-1.7059898715699298
ENSGALG00010021401,PDAP1,14,0,ENSGALG00000036552,-0.34575173839133855,-0.2272350440499502
ENSGALG00010024340,NETO2,11,0,ENSGALG00000004071,-0.32032338503004687,
ENSGALG00010025920,GTSF1,27,0,ENSGALG00000001109,-1.420677122885509,0.2499920313101296
ENSGALG00010020971,TMEM51,21,0,ENSGALG00000035819,-2.483980778172136,-2.4903551719541794
ENSGALG00010023192,TDRD1,6,0,ENSGALG00000046180,0.07138452958122798,0.3554685590155644
ENSGALG00010020324,PLEKHH2,3,0,ENSGALG00000009947,-0.9802880668465079,-2.6325874423526514
ENSGALG00010020655,RIC3,5,0,ENSGALG00000005971;ALDBGALG0000004519,-0.9926352749715356,
ENSGALG00010029681,SEZ6,19,0,ENSGALG00000026431,-2.6621112448024116,
ENSGALG00010027289,SMARCC1,2,0,ENSGALG00000032642,-1.2739368946656635,-1.7641114194759404
ENSGALG00010021601,LPAR5,1,0,ENSGALG00000014455,-0.9152259604943047,
ENSGALG00010019020,KCNK2,3,0,ENSGALG00000009687,-0.04824812411537405,
ENSGALG00010018517,ECT2,9,0,ENSGALG00000009157,-0.4896511500037511,
ENSGALG00010027317,MPV17L2,28,0,ENSGALG00000041429,-1.89651831067011,-2.055478534819412
ENSGALG00010026854,SMPD2,26,0,ENSGALG00000033245,-1.5671509764939917,-1.53583796130558
ENSGALG00010027636,SLC1A6,28,0,ENSGALG00000000558,-1.4686046093193694,
ENSGALG00010021606,RNF8,3,0,ENSGALG00000023256,-1.7555954331936794,-0.7576308793148842
ENSGALG00010023324,LAG3,1,0,ENSGALG00000044449,-2.1112299742684146,
ENSGALG00010020754,SLC25A20,12,0,ENSGALG00000028227,-0.08959605749674981,-0.0746467622125636
ENSGALG00010024857,SLC37A4,24,0,ENSGALG00000007716,-1.1406715399781486,-2.592739278115903
ENSGALG00010024148,UGGT1,9,0,ENSGALG00000002141,-0.4015910837401521,-0.5053816425793334
ENSGALG00010023987,TNNI3K,8,0,ENSGALG00000011353,-0.9449515991730445,
ENSGALG00010023448,FAM219B,10,0,ENSGALG00000053823,-2.848640150599555,
ENSGALG00010020484,TRNT1,12,0,ENSGALG00000017368,-0.7038715591170484,0.0974888531225902
ENSGALG00010027188,KCNH2,2,0,ENSGALG00000042836,-2.5197264893861995,
ENSGALG00010029616,TMEM120A,19,0,ENSGALG00000001963;ENSGALG00000001975,-2.4510507438099944,
ENSGALG00010025400,SLC22A15,1,0,INRAGALG00000001496;INRAGALG00000001497;ENSGALG00000015016,-0.8932751906431052,
ENSGALG00010026481,DIXDC1,24,0,ENSGALG00000007929,-1.9307125533886698,-2.515268495093612
ENSGALG00010024403,HMBS,24,0,ENSGALG00000042939,-0.7991218403605317,-0.0521358809695487
ENSGALG00010021329,PSMC3IP,27,0,ENSGALG00000019741,-1.4355880045835776,-1.288500371505094
ENSGALG00010024564,PPP1R3D,20,0,ENSGALG00000021220,-2.2724920773630504,
ENSGALG00010027513,SEMA3G,12,0,ENSGALG00000004476,-2.28953974019882,
ENSGALG00010028112,SWI5,17,0,,-1.964500614815197,
ENSGALG00010029717,TUSC5,19,0,ENSGALG00000047441,-2.699299386964233,
ENSGALG00010020629,TRIM66,5,0,ENSGALG00000005958,-1.6931383974585286,-3.559584924436474
ENSGALG00010028538,FEM1A,28,0,ENSGALG00000032462;ENSGALG00000004168,-1.744091923751589,
ENSGALG00010021697,PIANP,1,0,ENSGALG00000014466;INRAGALG00000001429,-2.529902228610735,
ENSGALG00010017991,RAB26,14,0,ENSGALG00000032418,-1.4628015981954903,
ENSGALG00010026856,UBE2Z,27,0,ENSGALG00000001315,-1.452782192867585,-0.5162748172270822
ENSGALG00010023279,FA2H,11,0,ENSGALG00000002775,-2.045660637932962,-2.367834905437853
ENSGALG00010030106,GPRC5C,18,0,ENSGALG00000021362,-1.9369597029111008,-1.759262680346246
ENSGALG00010024738,NBR1,27,0,ENSGALG00000002765;ENSGALG00000027448,-1.4258350498480516,
ENSGALG00010020207,DRGX,6,0,,-2.157185751033802,
ENSGALG00010023276,ABCC8,5,0,ENSGALG00000006172,-0.25069887564809135,-0.9705830571417045
ENSGALG00010029247,CCDC92B,19,0,,-3.0131528183172596,
ENSGALG00010019065,CAND2,12,0,ENSGALG00000008420,-1.280877319967399,-1.721677099176579
ENSGALG00010025263,SAMD14,27,0,ENSGALG00000046427,-4.415522648727583,
ENSGALG00010018154,SLC16A12,6,0,ENSGALG00000006421,-0.35414350320110405,-0.5100118450888468
ENSGALG00010020193,VSTM4,6,0,ENSGALG00000006174,-0.48067953735626257,-1.0825447339667715
ENSGALG00010024843,BCL9L,24,0,ENSGALG00000007685;INRAGALG00000009326;INRAGALG00000009333;INRAGALG00000009334,-1.974384753718954,
ENSGALG00010017983,SLC4A11,4,0,ENSGALG00000016017,-0.8144441696262078,-1.2945593293099449
ENSGALG00010023071,POLR2M,10,0,,-1.7304497685177251,
ENSGALG00010027394,SLC27A4,17,0,ENSGALG00000004965;ENSGALG00000048630,-1.4532669106114438,
ENSGALG00010022817,KRT23,27,0,ENSGALG00000039447,-1.852034106707761,
ENSGALG00010020257,ZNF710,10,0,ENSGALG00000036163,-2.355574221080149,-2.6444304422811387
ENSGALG00010024243,MPP3,27,0,INRAGALG00000009665;INRAGALG00000009666;ENSGALG00000042521,-0.9806785836839749,
ENSGALG00010021609,,21,0,,-1.8343751401018915,
ENSGALG00010025315,LRRC42,8,0,ENSGALG00000010743,-1.3079187407085027,-1.4956237075525085
ENSGALG00010025664,GPR55,9,0,,-0.7004970188766341,
ENSGALG00010021791,PLEKHM2,21,0,ENSGALG00000003439,-2.3235933539790987,-4.366875579683319
ENSGALG00010021602,,11,0,ENSGALG00000048534;ENSGALG00000023898;ENSGALG00000025528,-1.9046393762732765,
ENSGALG00010019259,L2HGDH,5,0,ENSGALG00000012282,-0.6045262919172427,-0.5313056641290468
ENSGALG00010027232,ARRDC2,28,0,ENSGALG00000003527,-2.32835999304625,-1.3046073292370362
ENSGALG00010019149,COX5B,22,0,ENSGALG00000033446,-1.9919102452078996,
ENSGALG00010022863,FAM81A,10,0,ENSGALG00000004103;ALDBGALG0000001179,-1.4523160947949436,
ENSGALG00010027450,CAMSAP1,17,0,ENSGALG00000001692,-1.1435437373847264,-1.257382149931078
ENSGALG00010028485,USF1,25,0,ENSGALG00000037595,-2.8503556091821842,
ENSGALG00010024748,TRPM1,10,0,ENSGALG00000048663;ENSGALG00000053170;ENSGALG00000003849;ENSGALG00000025242;ENSGALG00000018257,-0.23249519560599918,
ENSGALG00010027185,ATRIP,12,0,ENSGALG00000004670,-1.6877893626409062,-2.483795261296947
ENSGALG00010024654,CCDC92,15,0,ENSGALG00000040841;ENSGALG00000003146,-2.2590326043197826,
ENSGALG00010021781,RAPGEF4,7,0,ENSGALG00000043694,-0.4875059735813563,-0.889182877585877
ENSGALG00010020889,PPRC1,6,0,ENSGALG00000020742,-2.879225309120621,-2.8009794674416377
ENSGALG00010029714,MCHR1,18,0,ENSGALG00000019736,-0.9809625383682411,
ENSGALG00010021383,MSI1,15,0,INRAGALG00000005371;ENSGALG00000041755;ALDBGALG0000001765;ENSGALG00000007227,-1.1677026788999534,
ENSGALG00010026568,BYSL,26,0,ENSGALG00000003467,-2.1446925533361987,-1.4463244511237536
ENSGALG00010027516,PPM1J,26,0,ENSGALG00000001605,-2.3312254645400756,-2.5920040519278515
ENSGALG00010023342,FITM2,20,0,ENSGALG00000053100,-1.1138881963621943,
ENSGALG00010025496,ATG101,34,0,ENSGALG00000042016,-2.844485359944558,-1.188549957819454
ENSGALG00010023954,PLEKHF1,11,0,ENSGALG00000004474,-1.9461331972932152,-1.0854214241060318
ENSGALG00010023482,SOGA1,20,0,ENSGALG00000003409,-3.420782704656196,-3.0877522867450207
ENSGALG00010020946,CTBS,8,0,ENSGALG00000008780,-0.22436290799566538,0.7890052422631542
ENSGALG00010024895,WDR88,11,0,,-0.2526865371651347,
ENSGALG00010019830,JAG2,5,0,ENSGALG00000011696,-1.0340961589626052,-1.5895810501303995
ENSGALG00010023453,ARHGAP33,24,0,ENSGALG00000049586;ENSGALG00000037871;ENSGALG00000052453;ALDBGALG0000003156,-1.9940017611642542,
ENSGALG00010030107,RPTOR,18,0,ENSGALG00000034210,-1.473353805217382,-2.3308761805293825
ENSGALG00010019021,LRR1,5,0,ENSGALG00000046795;ENSGALG00000012230;ENSGALG00000054036,-2.3100831964068576,
ENSGALG00010022041,MAPK8IP1,5,0,ENSGALG00000030732,-2.633238420462868,
ENSGALG00010020609,AVPI1,6,0,,-2.089985186631341,
ENSGALG00010021692,DRC7,11,0,ENSGALG00000030160,-1.2094877135151232,
ENSGALG00010028750,OTUD7B,25,0,ENSGALG00000013348,-2.135824665142539,-2.5679928043826847
ENSGALG00010027530,PHF19,17,0,ENSGALG00000001595,-2.770453536641112,-3.845834705068551
ENSGALG00010024757,PPFIA1,5,0,ENSGALG00000035774,-1.2191492830724242,-1.467764932100216
ENSGALG00010018542,ZMIZ2,22,0,ENSGALG00000014155;ENSGALG00000046801,-2.401907084318104,
ENSGALG00010022251,WNK4,27,0,ENSGALG00000032191;ENSGALG00000053351,-2.8645782978263106,
ENSGALG00010021716,TFCP2L1,7,0,ENSGALG00000011635,-1.4822841655175503,-0.9565393449237608
ENSGALG00010029632,TMEM132E,19,0,ENSGALG00000002312,-2.7910854209401847,
ENSGALG00010025595,ERI3,8,0,ENSGALG00000010106,-0.7920683798335033,0.2506687609809834
ENSGALG00010019778,ABHD17C,10,0,,-0.7289496022402674,
ENSGALG00010020186,MGA,5,0,ENSGALG00000008653;ENSGALG00000025949,-1.0072843204930733,
ENSGALG00010025666,CUX2,15,0,INRAGALG00000005295;INRAGALG00000005296;ENSGALG00000004598,-2.7326814703115625,
ENSGALG00010029699,ANKRD13B,19,0,ENSGALG00000032723,-3.0603855792184396,
ENSGALG00010029628,UNC45B,19,0,ENSGALG00000002186,-1.3332974894023113,
ENSGALG00010022997,ARHGAP1,5,0,ENSGALG00000042357,-1.509035559541613,-0.425283071615064
ENSGALG00010027283,RAB7A,12,0,ENSGALG00000005902,-0.48913284937964857,0.4510038788959368
ENSGALG00010029691,NUFIP2,19,0,ALDBGALG0000002039;ENSGALG00000004042;INRAGALG00000006035;INRAGALG00000006036;INRAGALG00000006037;INRAGALG00000006038;INRAGALG00000006039;ENSGALG00000037914,-1.5852388987127426,
ENSGALG00010022184,PRKAR1B,14,0,ENSGALG00000003675,-0.8057572572746833,-0.7902965267556427
ENSGALG00010027212,IRF6,26,0,ENSGALG00000001405,-1.674863341597435,-1.7033310519458151
ENSGALG00010020462,CNNM4,22,0,ENSGALG00000029646,-2.5287734252553298,-1.81106290452549
ENSGALG00010028076,ST6GALNAC6,17,0,ENSGALG00000005298,-2.4649967789985294,-5.335735900480262
ENSGALG00010024024,AGL,8,0,ENSGALG00000005407,0.07993975604934755,0.1003938988432327
ENSGALG00010027803,SAPCD2,17,0,ENSGALG00000047102,-2.978087498351789,
ENSGALG00010023684,SLC32A1,20,0,ENSGALG00000038919;ALDBGALG0000002925,-1.192320194090855,
ENSGALG00010029398,RHBDF2,18,0,ENSGALG00000001943,-2.5174801260404425,-2.610270493669307
ENSGALG00010023876,,34,0,,-1.746833833964555,
ENSGALG00010027175,NOS3,2,0,ENSGALG00000050508,-2.9016590674649767,
ENSGALG00010026183,SESTD1,7,0,107053800;ENSGALG00000009031,-1.1822180360577526,
ENSGALG00010022827,CMTR2,11,0,ENSGALG00000002356,-0.7764922911226922,-1.1194277303517235
ENSGALG00010021332,OIT3,6,0,ENSGALG00000004345,-1.8772054142467152,0.2856175412820216
ENSGALG00010021375,TUBG1,27,0,ENSGALG00000030003,-1.8330547604051775,-0.7542558396136217
ENSGALG00010028528,UHRF1,28,0,ENSGALG00000034271;107055378;INRAGALG00000103162,-0.353553277163549,
ENSGALG00010021058,CCP110,14,0,ENSGALG00000006925;ALDBGALG0000001645,-1.0653720622042853,
ENSGALG00010021839,C1orf50,21,0,ENSGALG00000004796;ENSGALG00000004800,-1.9973393046644197,
ENSGALG00010028056,SLC25A25,17,0,ENSGALG00000005095;INRAGALG00000005580;INRAGALG00000005581;INRAGALG00000005582;INRAGALG00000005583;INRAGALG00000005584;INRAGALG00000005585;INRAGALG00000005586,-0.9791229204645053,
ENSGALG00010024206,KRT80,34,0,ENSGALG00000039634,-2.5104284343141865,
ENSGALG00010024925,GTF2E1,1,0,ENSGALG00000042320,-1.345857175289331,-0.8946277054141106
ENSGALG00010029204,HELZ,18,0,ENSGALG00000027152,-1.2153783457078897,-1.4743322469935611
ENSGALG00010022312,ZNF592,10,0,ENSGALG00000031589,-1.6490126219825427,-2.5032847223897865
ENSGALG00010024208,SERPIND1,15,0,ENSGALG00000039239,0.08521783448852582,1.2130867288664915
ENSGALG00010029200,GAS7,18,0,ENSGALG00000032452,-1.4909116567290763,-2.6254395522860228
ENSGALG00010018902,NOXO1,14,0,ENSGALG00000005572,-2.173125183187047,-1.231416504405228
ENSGALG00010029685,ATP5H,18,0,ENSGALG00000007926,-0.27405293475785386,0.4679259972828665
ENSGALG00010021062,MYO9A,10,0,ENSGALG00000033618,-2.032995290587482,-3.272862955533882
ENSGALG00010025499,STAC3,34,0,ENSGALG00000053625,-1.9189211630974792,
ENSGALG00010021065,CNNM2,6,0,ENSGALG00000008160,-1.6846506980048281,-3.939018823998554
ENSGALG00010023213,FUK,11,0,ENSGALG00000002648,-2.4196125652980873,-3.31083911379339
ENSGALG00010018604,FAM43A,9,0,ENSGALG00000041898,-3.1751390242376707,-5.953183185077506
ENSGALG00010027315,RAB3A,28,0,ENSGALG00000030068,-1.7306261995249628,
ENSGALG00010028374,FDPS,25,0,ENSGALG00000028880,-1.6590849253404016,-0.215601509832296
ENSGALG00010027951,FAM32A,28,0,ENSGALG00000003959;ENSGALG00000036474,-1.8250943744568402,
ENSGALG00010024186,HAO2,1,0,ENSGALG00000014766,-0.7606170132720084,
ENSGALG00010024191,DPYD,8,0,ENSGALG00000005509,-0.3275299116120317,-0.1251123369009197
ENSGALG00010027626,SEMA3B,12,0,ENSGALG00000013722,-2.77316466233245,-3.340724301453517
ENSGALG00010022967,ADAMTS15,24,0,ENSGALG00000001407,-2.296428798044289,-2.94322918947908
ENSGALG00010021624,HSD11B2,11,0,ENSGALG00000028326,-2.187808366731738,
ENSGALG00010025960,GPR1,7,0,NONGGAG004935;ENSGALG00000008589,-0.34331045703715346,
ENSGALG00010024752,MPP2,27,0,ENSGALG00000035580,-2.320692721710844,-2.003413814408011
ENSGALG00010024344,YEATS2,9,0,ENSGALG00000036356,-1.185927485596452,-1.2958428812447966
ENSGALG00010024475,ADGRG1,11,0,ENSGALG00000037939,-2.069374849318098,-1.2824182152673225
ENSGALG00010021275,MAP3K2,7,0,INRAGALG00000104836;ENSGALG00000011502;ENSGALG00000035706,-1.1251373730129282,
ENSGALG00010022044,PXMP4,20,0,ENSGALG00000003042,-0.9409339378509547,-1.0466495148516095
ENSGALG00010017818,SLC38A6,5,0,NONGGAG004588;ENSGALG00000011893,-0.6299869240546678,
ENSGALG00010027321,IFI30,28,0,ENSGALG00000033694,-2.494118720512665,-1.4556414867982932
ENSGALG00010026249,YPEL4,5,0,,-2.3722233374450457,
ENSGALG00010024452,SLC16A1,26,0,,-0.9561451164290552,
ENSGALG00010025164,C11orf52,24,0,ENSGALG00000040842;ENSGALG00000032467,-1.3214514308504102,
ENSGALG00010029507,VPS37D,19,0,ENSGALG00000053999,-3.05060476279696,
ENSGALG00010023545,PTPRT,20,0,ENSGALG00000037889;INRAGALG00000008528,-1.2603193443702585,
ENSGALG00010027900,REN,26,0,ENSGALG00000000545,-2.013275877854962,-5.761651120296419
ENSGALG00010021550,MAP2K3,14,0,ENSGALG00000041285,-1.6502406037207424,-0.1290637997501536
ENSGALG00010028433,MSTO1,25,0,ENSGALG00000019794,-1.5429326367699492,-1.574024819711989
ENSGALG00010018428,PPP2R5D,3,0,INRAGALG00000009961;INRAGALG00000009962;INRAGALG00000009963;INRAGALG00000009964;ENSGALG00000040005,-1.1876198759139998,
ENSGALG00010023366,GDAP1L1,20,0,ENSGALG00000004309,-1.958884215546099,
ENSGALG00010026942,CDK18,26,0,ENSGALG00000000692,-2.3553053783499656,-0.3840231760903368
ENSGALG00010020517,UBR4,21,0,ENSGALG00000050374;ENSGALG00000030563;ENSGALG00000029132;ENSGALG00000052333,-1.4779734936320064,
ENSGALG00010029142,RGS3,17,0,ENSGALG00000008881;ENSGALG00000054209,-2.1621043828976325,
ENSGALG00010022232,GPR27,12,0,ENSGALG00000054150,-1.958710438900424,
ENSGALG00010028777,CFAP77,17,0,ENSGALG00000003545,-1.6456486651709086,
ENSGALG00010028877,FAM163B,17,0,ENSGALG00000026179,-2.829181291547145,
ENSGALG00010022067,TMEM130,14,0,ENSGALG00000003569,-1.233543041764435,-0.8255077267119895
ENSGALG00010023160,DDX21,6,0,,-0.7764164734335232,
ENSGALG00010018317,ZMAT3,9,0,ENSGALG00000040948,-1.380737012760286,-0.5078617132077732
ENSGALG00010024410,C12orf10,34,0,ENSGALG00000037688,-2.6619001414734034,-1.3840981606463283
ENSGALG00010024096,MYO1D,27,0,ENSGALG00000032658;ENSGALG00000000674,-1.2107321945243552,
ENSGALG00010022911,SMPD3,11,0,ENSGALG00000034950,-0.9454641206182933,
ENSGALG00010024643,ETV7,26,0,ENSGALG00000000504,-2.2634870394428543,-1.4418001234011892
ENSGALG00010019315,PRRT3,12,0,,-2.872508742381858,
ENSGALG00010025127,PAMR1,5,0,ENSGALG00000007886;INRAGALG00000023248;ENSGALG00000050112,-0.9563432736410993,
ENSGALG00010018983,MDGA2,5,0,ENSGALG00000029878;ENSGALG00000035737;ENSGALG00000012228,-1.6444486021000173,
ENSGALG00010024648,MMP24,20,0,ENSGALG00000041093,-0.6090591943467717,-1.4883842098233273
ENSGALG00010018515,SEMA4G,6,0,ENSGALG00000026957;INRAGALG00000015029;INRAGALG00000015030,-2.638606440176846,
ENSGALG00010027089,CTSE,26,0,ENSGALG00000000786,-2.0515997730531446,
ENSGALG00010028686,TAGLN2,25,0,ENSGALG00000036086,-2.3631376869525735,-1.1837379027511268
ENSGALG00010022448,C12orf4,1,0,ENSGALG00000017289,-0.6063879258060548,0.2829395101152865
ENSGALG00010022885,M6PR,1,0,ENSGALG00000031681,-1.0090354489439388,-0.9832652283749
ENSGALG00010027326,MRPL24,25,0,ENSGALG00000030994,-1.9080030863509219,-1.0348865073451083
ENSGALG00010027243,HRH1,12,0,INRAGALG00000004248;ENSGALG00000004930,-0.646975025975262,
ENSGALG00010022749,HSPA12A,6,0,ENSGALG00000009248;ENSGALG00000050437,-0.5581177869580538,
ENSGALG00010027425,CFD,28,0,ENSGALG00000040832,-2.0537887763826004,-0.6028858486806105
ENSGALG00010025523,B4GALT4,1,0,ENSGALG00000015069,-0.8041325022816134,-0.5493401547771095
ENSGALG00010021138,DDX18,7,0,ENSGALG00000012147,-0.1796455078872934,-0.4536976404553766
ENSGALG00010023996,MYO7B,9,0,ENSGALG00000001936;ENSGALG00000053580,-0.9591784268573287,
ENSGALG00010029708,TMEM94,18,0,ENSGALG00000008023,-1.7401689205047828,-2.0961609904179017
ENSGALG00010029363,PIK3R6,18,0,ENSGALG00000042351,-2.3003607368318013,-4.3232670434541705
ENSGALG00010022787,ENO4,6,0,ENSGALG00000009254,-0.36186628383518665,
ENSGALG00010029561,SCO1,18,0,,-1.033777262307244,
ENSGALG00010027371,PRSS57,28,0,ENSGALG00000035762,-2.226002614145621,
ENSGALG00010025506,R3HDM2,34,0,ENSGALG00000043736,-2.7196656346417836,-2.4027057621024546
ENSGALG00010019697,EIF4EBP1,22,0,ENSGALG00000003205,-1.3697500370556606,-0.748748502194344
ENSGALG00010018623,ARRDC4,10,0,ENSGALG00000007012,-1.38605462902586,-1.8422277522583
ENSGALG00010022117,FAM20C,14,0,INRAGALG00000004916;ENSGALG00000038768,-0.9018586020098397,
ENSGALG00010029607,ZNF207,18,0,ENSGALG00000003454;ENSGALG00000033377,0.22807866708014302,
ENSGALG00010028501,USP20,17,0,ENSGALG00000041104;INRAGALG00000005595;INRAGALG00000005596,-1.5423058186086978,
ENSGALG00010027080,TBC1D22B,26,0,ENSGALG00000039130,-1.697290892568245,-2.9635246030024667
ENSGALG00010025055,ALS2,7,0,ENSGALG00000008415;INRAGALG00000015462;INRAGALG00000015463;INRAGALG00000015471;INRAGALG00000015473;INRAGALG00000104904,-0.7882025821320872,
ENSGALG00010023073,POMGNT1,8,0,ENSGALG00000010351,-1.3053413326860928,-1.9853825810577228
ENSGALG00010025060,GPR156,1,0,INRAGALG00000001485;ENSGALG00000014973,-2.738853684938924,
ENSGALG00010028876,ADAMTSL2,17,0,ENSGALG00000002955,-1.833529475287621,-3.022899185442489
ENSGALG00010028689,CFAP45,25,0,ENSGALG00000043885,-2.7341002042350713,-2.5893245073498323
ENSGALG00010022223,DOK4,11,0,ENSGALG00000049157,-2.6289690403755466,
ENSGALG00010017972,RNPEPL1,9,0,INRAGALG00000105269;ENSGALG00000008321,-1.445621589990192,
ENSGALG00010020662,BFAR,14,0,ENSGALG00000003111,-0.4159452214291278,-0.2237325696239175
ENSGALG00010022311,DLL4,5,0,ENSGALG00000008514,-1.5607541202194346,-0.2917163847542222
ENSGALG00010021033,RNF122,22,0,ENSGALG00000001640,-1.3918983866871877,-3.749114639767158
ENSGALG00010024499,CA12,10,0,ENSGALG00000003456,-0.5524570126510803,
ENSGALG00010018996,IL20RB,14,0,ENSGALG00000013169,-1.360492098273645,
ENSGALG00010021554,SNX11,27,0,ENSGALG00000017553,-2.6132757846018064,-2.0434699078238245
ENSGALG00010023245,TANC2,27,0,ENSGALG00000035915;ENSGALG00000000478,-2.369336926650235,
ENSGALG00010028392,ASH1L,25,0,ENSGALG00000014638,-1.3686335773835374,-2.8382189726927995
ENSGALG00010025805,ATXN2,15,0,ENSGALG00000004625,-1.0795165202178332,-0.186527429533886
ENSGALG00010020743,PURB,22,0,INRAGALG00000105369;ENSGALG00000031447,-2.574121034320715,
ENSGALG00010024327,PPP1R1B,27,0,ENSGALG00000044406,-3.3039466129967505,-3.3014654968648047
ENSGALG00010020246,ADAMTS9,12,0,ENSGALG00000041750,-1.754560454260035,-3.784239078199764
ENSGALG00010025222,FAM117B,7,0,ENSGALG00000008466;ENSGALG00000049421;NONGGAG010472,-1.942185422567733,
ENSGALG00010021727,MVK,15,0,ENSGALG00000013848,-2.0954907888535637,-0.8682920094814565
ENSGALG00010021700,FLCN,14,0,ENSGALG00000004816,-1.6286795232511495,-1.4314573727339814
ENSGALG00010020727,ANO9,5,0,NONGGAG004284;ENSGALG00000004280,-1.2282781187513931,
ENSGALG00010020170,SORCS1,6,0,ENSGALG00000008465;ENSGALG00000051717;ENSGALG00000050507;ENSGALG00000052135,-1.0792780629986334,
ENSGALG00010022923,CD63,34,0,ENSGALG00000055094,-1.934897387891716,
ENSGALG00010020117,AKAP13,10,0,ENSGALG00000046938;ENSGALG00000006840;ENSGALG00000046779;INRAGALG00000101135;INRAGALG00000101136;INRAGALG00000101137;INRAGALG00000101138;INRAGALG00000101139,-1.8556201052020445,
ENSGALG00010021965,PEX16,5,0,ENSGALG00000008421,-2.724823132260031,-1.1727181667161275
ENSGALG00010018274,ZNF711,4,0,ENSGALG00000006929,-0.21867239855892828,-1.7801296494411567
ENSGALG00010021052,C3orf14,12,0,ENSGALG00000048873,0.07703720942559011,
ENSGALG00010021104,INA,6,0,,-3.0007050083073237,
ENSGALG00010029427,SPNS3,19,0,ENSGALG00000001410;NONGGAG001982,0.03665538523183731,
ENSGALG00010021169,CAMK2G,6,0,ENSGALG00000005088,-1.2740387815847574,-1.8984757046583696
ENSGALG00010026960,SEC61A1,12,0,ENSGALG00000005966,0.33956094226490363,1.0313624699248936
ENSGALG00010022052,IFFO1,1,0,ENSGALG00000014443,-2.4895831941634348,-2.5124383933886567
ENSGALG00010023219,TEX9,10,0,ENSGALG00000042476,-0.9199912926059712,-0.652233681315729
ENSGALG00010027278,H1-10,12,0,ENSGALG00000037991,-1.6850097345645794,
ENSGALG00010029724,CACNA1G,18,0,ENSGALG00000007623;ENSGALG00000025442,-2.139257158598856,
ENSGALG00010029334,PIRT,18,0,ENSGALG00000054919,-2.4413075166639775,
ENSGALG00010026234,ZDHHC5,5,0,ENSGALG00000007362,-2.415810846276767,-2.2751660541964034
ENSGALG00010021134,CHFR,15,0,ENSGALG00000002180,-0.9976378706670965,-1.200930193428049
ENSGALG00010024704,FOXB1,10,0,ENSGALG00000027498,-2.2371046357703466,
ENSGALG00010028140,HEMK1,12,0,ENSGALG00000002253;INRAGALG00000004172;INRAGALG00000004173;INRAGALG00000004174;INRAGALG00000004176;INRAGALG00000004177;INRAGALG00000004179;INRAGALG00000004181;INRAGALG00000004184;INRAGALG00000004186,-1.7817011358321917,
ENSGALG00010027265,IP6K3,26,0,ENSGALG00000026536,-2.0180749458429807,
ENSGALG00010025156,DLAT,24,0,ENSGALG00000007904,-0.08419528039440227,-0.4645125423900353
ENSGALG00010021201,TRMT1L,8,0,ENSGALG00000033077,-0.2954641223977006,0.0309055092062952
ENSGALG00010021795,NDRG3,20,0,ENSGALG00000029930;ENSGALG00000001492,-1.3358020387653173,
ENSGALG00010021102,GOLGA3,15,0,ENSGALG00000002158;INRAGALG00000005216;ENSGALG00000050504,-1.955380837826004,
ENSGALG00010021509,DDIT4,6,0,ENSGALG00000041459,-4.4609084754523,
ENSGALG00010024964,ITM2C,9,0,ENSGALG00000036111;INRAGALG00000016544,-1.365867233792582,
ENSGALG00010029449,UBALD2,18,0,INRAGALG00000005785;ENSGALG00000040877,-3.1780938139042667,
ENSGALG00010018384,LAMP5,3,0,ENSGALG00000008918,-1.9942660175149771,-1.2536905626819157
ENSGALG00010023606,LRRC7,8,0,ALDBGALG0000005445;ENSGALG00000011284,-1.7854701782252835,
ENSGALG00010029783,RAD51C,19,0,ENSGALG00000040380,-1.2527671274045105,-1.218164838027772
ENSGALG00010019237,SORCS3,6,0,ENSGALG00000008434;INRAGALG00000015046,-1.2815376861549939,
ENSGALG00010024926,ELF5,5,0,ENSGALG00000035867,-1.1291851726970048,
ENSGALG00010029369,MFSD11,18,0,INRAGALG00000005775;ALDBGALG0000001961;ENSGALG00000001777,0.47858074273686435,
ENSGALG00010022942,NEU2,9,0,ENSGALG00000037467,-1.15091562143646,-0.3153581275640091
ENSGALG00010020940,CEP152,10,0,,-1.1785559580657783,
ENSGALG00010024826,RBM33,2,0,ENSGALG00000006372,-1.6321797536730784,-2.2543899848623448
ENSGALG00010028110,COQ4,17,0,ENSGALG00000004927,-2.703089440268057,-1.704155533549088
ENSGALG00010027361,FANCD2,12,0,ENSGALG00000003720,-1.5355879079644421,-2.2577516334805425
ENSGALG00010024737,STK38,26,0,ENSGALG00000000523,-0.30698151010638164,-0.728381176101658
ENSGALG00010029579,WBSCR17,19,0,ENSGALG00000001130,-1.5403821296737874,-4.861175899179512
ENSGALG00010022248,FIGNL2,34,0,ENSGALG00000033339,-2.584050431335765,-5.123093489347007
ENSGALG00010027948,PRPF4,17,0,ENSGALG00000008857,-1.7475088032135067,-0.4379722970247502
ENSGALG00010021905,RBSN,12,0,ENSGALG00000008500,-1.3619063353409118,-1.2663291696210757
ENSGALG00010024144,HNRNPA3,7,0,ENSGALG00000009250,0.6251566018050195,0.2559761814017049
ENSGALG00010021348,SLC4A3,7,0,ENSGALG00000011224,-1.6154650216571715,-5.627744578792982
ENSGALG00010028892,FAM129B,17,0,ENSGALG00000023872,-2.256986499234224,-2.2272540034575488
ENSGALG00010027473,DNAH1,12,0,ENSGALG00000004297,-1.3640004567549573,
ENSGALG00010019322,EGR3,22,0,ENSGALG00000037437,-2.291061183991143,
ENSGALG00010022299,MRGBP,20,0,ENSGALG00000005531,-1.0898397190041835,-1.8108408531942015
ENSGALG00010025362,G6PC2,7,0,ENSGALG00000010899,0.3064627511974082,-3.5445334480981283
ENSGALG00010020775,UBR1,5,0,ENSGALG00000009249,-0.6395532512486646,-0.2613145416143675
ENSGALG00010028000,MRPL9,25,0,,-2.417231098655979,
ENSGALG00010027143,GALNT11,2,0,ENSGALG00000006233,-0.8193694795168641,-1.9737986732665915
ENSGALG00010020816,TRMT2A,15,0,ENSGALG00000002094,-0.9042160388756396,-0.8735051479546009
ENSGALG00010025647,JHY,24,0,ENSGALG00000051773,-1.6330627869212337,
ENSGALG00010022217,LRMDA,6,0,,0.6169487513566357,
ENSGALG00010029191,GSG1L2,18,0,ENSGALG00000042022,0.21742196195396712,
ENSGALG00010028879,DBH,17,0,ENSGALG00000040045,-1.663175747090019,
ENSGALG00010025010,SLC7A10,11,0,ENSGALG00000004729,-0.43225962801735923,0.069201991361626
ENSGALG00010025407,MLXIP,15,0,ENSGALG00000004397;NONGGAG001637,-1.7700394356475564,
ENSGALG00010018701,SFXN2,6,0,ENSGALG00000008114,-1.395602662155388,-0.4323111300787831
ENSGALG00010020648,TET3,22,0,ENSGALG00000037860;ALDBGALG0000003048,-2.440121348713072,
ENSGALG00010022072,SMTN,15,0,ENSGALG00000011865;ENSGALG00000025342,-3.176666326017228,
ENSGALG00010023862,TRMT13,8,0,ENSGALG00000005290,-0.6312534069778333,-1.295904162630637
ENSGALG00010022351,C11orf91,5,0,ENSGALG00000044645,-2.1782152034634916,
ENSGALG00010022552,GPR155,7,0,INRAGALG00000015569;ENSGALG00000014209,0.003362793105734063,
ENSGALG00010021186,SWT1,8,0,ENSGALG00000034230,-0.4770406377774934,-1.0444090755490352
ENSGALG00010018349,KCNMB2,9,0,ENSGALG00000031929,-0.635166625865234,
ENSGALG00010026794,SCN10A,2,0,,-0.33707195738942364,
ENSGALG00010027993,CLIC3,17,0,ENSGALG00000038789,-2.5772998349271496,-0.3297198094069921
ENSGALG00010020390,KLHL25,10,0,ENSGALG00000006826,-1.4476440586429313,-1.132106641160438
ENSGALG00010020958,FAM3D,12,0,ENSGALG00000007152,-1.6497672613936876,0.2818981468394705
ENSGALG00010023145,WDR78,8,0,ENSGALG00000045792;ENSGALG00000047760,-0.7688115313960674,
ENSGALG00010020719,RPH3A,15,0,INRAGALG00000005302;INRAGALG00000005303;INRAGALG00000005304;INRAGALG00000005305;ENSGALG00000051750;ENSGALG00000004840,-2.016999094814585,
ENSGALG00010027995,POLR2E,28,0,ENSGALG00000002591,-2.0743630829087607,-0.3378550798808894
ENSGALG00010018717,MEIOB,14,0,,-0.339523670605993,
ENSGALG00010025428,VANGL1,1,0,ENSGALG00000015025;INRAGALG00000100761,-1.331484419680466,
ENSGALG00010023742,SP6,27,0,,-2.887631887002455,
ENSGALG00010018030,POLB,22,0,ENSGALG00000040828;INRAGALG00000017460;INRAGALG00000017461,-0.9405146805159057,
ENSGALG00010024363,EDEM2,20,0,ENSGALG00000003128,-0.9177920064056053,-1.5736490296011405
ENSGALG00010025386,TPCN2,5,0,ENSGALG00000007550,-0.41629622776606184,-0.9964360006720964
ENSGALG00010024935,KLHL30,9,0,ENSGALG00000006260,-2.50491737069219,
ENSGALG00010029765,KCNJ16,18,0,ENSGALG00000004373,-0.7915892791985331,-0.2204117818378928
ENSGALG00010024660,KMT2D,34,0,ENSGALG00000031702,-2.898581641366244,-4.915701723387747
ENSGALG00010022439,IFI35,27,0,ENSGALG00000002832,-2.244451858966996,-0.8430131214374637
ENSGALG00010022957,SLTM,10,0,ENSGALG00000052242;ENSGALG00000004192,-0.8741964609494133,
ENSGALG00010027333,PROK1,26,0,ENSGALG00000047297,-2.0771673611206523,
ENSGALG00010029747,TRPV3,19,0,ENSGALG00000004660;ENSGALG00000055056,-0.3419179329228803,
ENSGALG00010021267,LRRC47,21,0,ENSGALG00000050995,-2.3951321034327533,
ENSGALG00010022737,CYLD,11,0,ENSGALG00000003753;ENSGALG00000038621,-0.5686826193203275,
ENSGALG00010024519,MIEN1,27,0,ENSGALG00000026328,-2.425884042254129,-0.8266872933243652
ENSGALG00010017825,PLPP5,22,0,ENSGALG00000044574;ENSGALG00000031007,-1.3429929375829275,
ENSGALG00010027331,SLC16A4,26,0,ENSGALG00000000417,-1.580731928560692,-1.8869616592623475
ENSGALG00010029756,ELAC2,18,0,ENSGALG00000001036,-1.0268860626505725,-0.4710559261632321
ENSGALG00010025424,IRX6,11,0,ENSGALG00000048295,-1.9053232256150183,
ENSGALG00010023210,ZNHIT6,8,0,ENSGALG00000008658,-0.8259837975424281,-0.937812457051498
ENSGALG00010027821,NMRK2,28,0,ENSGALG00000025751,-1.8894709159387912,-2.0159057016669197
ENSGALG00010018264,CFAP61,3,0,ENSGALG00000008416;ENSGALG00000051181;ENSGALG00000049282,-0.5748140116468015,
ENSGALG00010026559,RAB36,15,0,ALDBGALG0000001807;ENSGALG00000006710,-0.06420504625888457,
ENSGALG00010025160,MRPS22,9,0,ENSGALG00000005367,-0.5006382355859061,0.3299248783919742
ENSGALG00010023099,DNAJC22,34,0,ENSGALG00000049231,-2.450557271320674,
ENSGALG00010023271,PATL2,10,0,ENSGALG00000002167,-2.879632121301854,-4.164015686562688
ENSGALG00010018314,SLC24A3,3,0,ENSGALG00000008445;ALDBGALG0000003369,-0.4148612863216174,
ENSGALG00010029238,CAMKK1,19,0,ENSGALG00000001617;ENSGALG00000035616,-0.9598280168895269,
ENSGALG00010020352,ABCG5,3,0,ENSGALG00000009955,-0.2674634042216181,-0.429280793407765
ENSGALG00010024783,UBE2T,26,0,ENSGALG00000000102,-1.3018237623563058,-0.2291534889800881
ENSGALG00010027909,TIMP4,12,0,ENSGALG00000004969,-1.0483767825529753,-1.4584130073851873
ENSGALG00010018704,PGPEP1L,10,0,,-0.027869789656584598,
ENSGALG00010020164,C10orf71,6,0,ENSGALG00000027353,-1.4776466924580391,
ENSGALG00010020369,CNTN3,12,0,ENSGALG00000007862,-0.5877056343410529,
ENSGALG00010022937,BLOC1S1,34,0,ENSGALG00000034988;ENSGALG00000047704,-2.8999820972699055,
ENSGALG00010027915,GSTM3,26,0,ENSGALG00000042008,-1.7540632496375128,
ENSGALG00010020307,SHQ1,12,0,ENSGALG00000007798,-0.7448645627097419,0.2832246675179095
ENSGALG00010027904,MORN5,17,0,ENSGALG00000044151,-1.730018123424246,
ENSGALG00010019820,BBOX1,5,0,ENSGALG00000013297,-0.5604296598866545,0.0829595145225074
ENSGALG00010021458,USP30,15,0,ENSGALG00000040265,-1.7922612716518591,-0.4605930701793691
ENSGALG00010019004,ECE2,9,0,ENSGALG00000006272;ENSGALG00000052633,-2.3605416267749093,
ENSGALG00010022791,PCSK9,8,0,ENSGALG00000047448,-2.7751267444894605,
ENSGALG00010029599,RNF43,19,0,ENSGALG00000001028,-2.8058578702651773,-4.047092546892417
ENSGALG00010026874,TEAD3,26,0,ENSGALG00000043513,-1.844992055461296,-1.4712095548574942
ENSGALG00010024058,SLC44A5,8,0,ENSGALG00000011379,0.869013481682179,-0.5567610000905641
ENSGALG00010028005,IER5L,17,0,ENSGALG00000053552,-2.2599304017360837,
ENSGALG00010021426,SLC38A7,11,0,ENSGALG00000002313,-1.7190408809644935,-1.891157420083745
ENSGALG00010027073,DNAH12,12,0,ENSGALG00000005601,-0.17720287439034188,
ENSGALG00010020787,TMEM132C,15,0,ENSGALG00000002714,-1.0512154744746944,
ENSGALG00010022553,PRPF6,20,0,ENSGALG00000006001,-0.9866436415524502,-0.4427317282208515
ENSGALG00010018412,CXorf65,4,0,ENSGALG00000005638,-2.014016099121373,-0.3844007357047034
ENSGALG00010029222,TRAF4,19,0,ENSGALG00000003987,-2.8975379563480073,-2.8635070834609806
ENSGALG00010022027,EIF4ENIF1,15,0,ENSGALG00000006898,-1.192672640826465,-0.4392390792403484
ENSGALG00010029606,ABHD11,19,0,ENSGALG00000001056,-1.9342572553875432,-1.0630096214928808
ENSGALG00010024907,PHLDB1,24,0,ENSGALG00000040030,-3.000690784023932,-3.550755003204712
ENSGALG00010020736,LRRTM4,22,0,ENSGALG00000000476,-1.4931978897260525,
ENSGALG00010019130,RPS6KC1,3,0,ENSGALG00000009796;INRAGALG00000010255;INRAGALG00000010256,-1.5941427633687413,
ENSGALG00010027888,PFKFB2,26,0,ENSGALG00000001117,-1.6963861247562244,-2.69716251587628
ENSGALG00010027313,BSN,12,0,ENSGALG00000001849,-2.9156807069186716,
ENSGALG00010028875,DUSP23,25,0,ENSGALG00000050459,-2.5962591105323924,
ENSGALG00010022820,SHTN1,6,0,ENSGALG00000030276,-1.317205074584334,-0.9437015185008872
ENSGALG00010020764,PRKAR2A,12,0,ENSGALG00000007023,-0.9431355016862123,-1.287253398398277
ENSGALG00010024728,SLC5A9,8,0,ENSGALG00000010494,-0.5246516484721966,
ENSGALG00010024446,GRM4,26,0,ENSGALG00000002840,-2.068151932071716,
ENSGALG00010019280,MESDC1,10,0,ENSGALG00000006399;NONGGAG000967,-2.5518487080245205,
ENSGALG00010027959,TPM4,28,0,,-1.5436152586657774,
ENSGALG00010026635,C8A,8,0,ENSGALG00000010850,-1.2372294407937412,-0.5717447322573591
ENSGALG00010027644,NAA80,12,0,,-3.1536950247100175,
ENSGALG00010022945,KCNA4,5,0,ENSGALG00000012142,-1.2216066425907268,
ENSGALG00010024114,TMEM52B,1,0,ENSGALG00000034698,-1.614820167094142,
ENSGALG00010029581,DGKE,18,0,ENSGALG00000003131;INRAGALG00000005804;INRAGALG00000005805,-0.8488131067177593,
ENSGALG00010025486,B3GALT1,7,0,ENSGALG00000010931;ENSGALG00000049151;ENSGALG00000025485;ALDBGALG0000005313,-0.1597149004423286,
ENSGALG00010019310,CRELD1,12,0,ENSGALG00000042387,-2.6396271578233055,-3.087477875903675
ENSGALG00010018381,C16orf72,14,0,ENSGALG00000007291,-1.7140793485658574,-1.2530599807831095
ENSGALG00010022558,NYAP2,9,0,ENSGALG00000004966,-1.637959872479093,
ENSGALG00010018594,GLTSCR1L,3,0,INRAGALG00000010287;INRAGALG00000010289;ENSGALG00000009911,-1.2216780939233967,
ENSGALG00010019012,ADAMDEC1,22,0,ENSGALG00000000357,-0.6227604419873722,0.1984709683227988
ENSGALG00010018302,RAB11FIP5,4,0,ENSGALG00000047393,-2.6581185608785516,
ENSGALG00010025138,MAATS1,1,0,INRAGALG00000100759;ENSGALG00000050404;ENSGALG00000014980,-1.1289504933628531,
ENSGALG00010021835,NUDT8,5,0,ENSGALG00000030153,-2.870667546106616,-2.902786171835751
ENSGALG00010024512,CCNDBP1,20,0,ENSGALG00000004837,-0.8698436301661009,-0.6204466239920127
ENSGALG00010023108,TET1,6,0,ENSGALG00000053342;ENSGALG00000053729;INRAGALG00000014793;ENSGALG00000031604;ALDBGALG0000004915;ALDBGALG0000004916,-1.2650333408589567,
ENSGALG00010023261,SNX1,10,0,ENSGALG00000002189,-1.6701900252140605,-1.249937820101355
ENSGALG00010027204,OMD,12,0,,-0.3597121700929746,
ENSGALG00010019622,C2orf42,22,0,ENSGALG00000034855;ENSGALG00000013881,-2.4765259020145325,
ENSGALG00010028430,NR2C2AP,28,0,ENSGALG00000027375,-2.0050520413104698,-1.0686805252773883
ENSGALG00010021143,ABCA4,8,0,ENSGALG00000048056;ENSGALG00000005752,-0.38706930862249006,
ENSGALG00010021534,KIFC2,11,0,ENSGALG00000043034,-3.3781616112007757,-4.250216583411115
ENSGALG00010028149,SNAPC4,17,0,ENSGALG00000044726,-1.5281862015007137,-2.8363756530956232
ENSGALG00010027826,ARHGEF11,25,0,ENSGALG00000039163,-2.9347875523027604,-4.511251764745451
ENSGALG00010023746,TTC28,15,0,,-1.6665162001733007,
ENSGALG00010020009,MACROD2,3,0,,-1.4665238773458653,
ENSGALG00010027891,CCDC66,12,0,ALDBGALG0000001386;ENSGALG00000005450,-1.0392740411828565,
ENSGALG00010029192,DTX2,19,0,ENSGALG00000001905,-1.7704312094242667,-1.4038301315084225
ENSGALG00010020395,CTXND1,10,0,,-0.22756454666010317,
ENSGALG00010028001,SBNO2,28,0,ENSGALG00000037522,-1.6322762416466103,-2.407573161157759
ENSGALG00010021205,CDK5R2,7,0,ENSGALG00000025729,-2.6752473335076394,
ENSGALG00010029211,SDF2,19,0,ENSGALG00000037709,-2.128402118015588,-1.698477360098673
ENSGALG00010024889,SLC2A4RG,20,0,,-3.0590989816849703,
ENSGALG00010021877,PLEKHN1,21,0,ENSGALG00000002121,-2.859622303704998,-2.7384278506643245
ENSGALG00010024910,UBTF,27,0,ENSGALG00000042976,-2.543872980410898,-2.5507086864119595
ENSGALG00010023439,ACSS2,20,0,ENSGALG00000003362,-1.0633610722556845,-0.6567556599522975
ENSGALG00010024822,RPS26,34,0,ENSGALG00000048612,-1.7457787326419307,
ENSGALG00010025398,TSPAN2,26,0,INRAGALG00000103036;ENSGALG00000002554,0.5956004486603773,
ENSGALG00010020429,ZNF148,7,0,ENSGALG00000036494;ENSGALG00000012049;INRAGALG00000104946;INRAGALG00000104947;INRAGALG00000104948,-1.0601480848330884,
ENSGALG00010024038,NKD1,11,0,ENSGALG00000003767,-1.4732024738162548,-1.6127512393807284
ENSGALG00010026013,RABIF,26,0,ENSGALG00000000436,-1.9200141663397963,
ENSGALG00010027923,AMPD2,26,0,ENSGALG00000034009,-2.58450900788084,-2.7152444382318217
ENSGALG00010022397,ATF1,34,0,ENSGALG00000033614,-1.0947758298994472,0.4806895383597923
ENSGALG00010022933,UNC119B,15,0,ENSGALG00000040198;ENSGALG00000026722,-1.4229768822638933,
ENSGALG00010021233,COASY,27,0,,-2.608414331894708,
ENSGALG00010029753,AKAP10,19,0,ENSGALG00000030206;ENSGALG00000004679,-1.119796676446002,
ENSGALG00010023277,KCNH4,27,0,,-2.375564242078973,
ENSGALG00010024989,TIMELESS,34,0,ENSGALG00000034688,-2.903591933727136,-3.603683820131104
ENSGALG00010023925,NCOA3,20,0,INRAGALG00000102668;ENSGALG00000004570,-1.2730525762457112,
ENSGALG00010019956,SLC29A3,6,0,ENSGALG00000049446,-2.0199227181126944,
ENSGALG00010029231,CBX8,18,0,ENSGALG00000050692,-2.551712640984028,
ENSGALG00010023716,FASTKD1,7,0,INRAGALG00000015590;ENSGALG00000009841,-0.830592539142202,
ENSGALG00010027954,KIAA1257,12,0,INRAGALG00000004279;ENSGALG00000029680;INRAGALG00000004282;INRAGALG00000004283;ENSGALG00000044299,-0.8068881866008836,
ENSGALG00010027140,IL19,26,0,ENSGALG00000000911,-2.205192424326548,
ENSGALG00010020728,TMEM37,7,0,ENSGALG00000012111,-2.3894155337511185,-0.8457011732184403
ENSGALG00010029380,RGS9,18,0,ENSGALG00000036003;ENSGALG00000029610,-0.4469528285755273,
ENSGALG00010024984,FAM159A,8,0,ENSGALG00000049577,-1.5105347676587457,
ENSGALG00010018344,SFXN5,4,0,ENSGALG00000016094,-1.0670241182173865,-0.5474749639757641
ENSGALG00010023067,C15orf62,5,0,ENSGALG00000040929,-1.9017747691943474,
ENSGALG00010024948,HGD,1,0,ENSGALG00000014966,-1.1031189881729877,0.2454190599878238
ENSGALG00010020485,LMAN2L,22,0,ENSGALG00000046805,-1.6369537113326031,
ENSGALG00010021128,CALHM1,6,0,ENSGALG00000008271,-2.2980581248999328,
ENSGALG00010024356,PARL,9,0,ENSGALG00000002315,-0.33396751791619617,-0.3340079111699704
ENSGALG00010027191,AOC1,2,0,ENSGALG00000036190,-2.656478316729755,-0.5364855116176551
ENSGALG00010019416,GPR39,7,0,,-0.9479420557371492,
ENSGALG00010027305,LSM4,28,0,ENSGALG00000003385,-1.0200507939820387,-0.8590969570295718
ENSGALG00010018855,SYNDIG1,3,0,ENSGALG00000039587,-2.0110081783532565,
ENSGALG00010021132,CALHM3,6,0,ENSGALG00000008273,-1.6432351993960015,
ENSGALG00010023655,C1R,1,0,ENSGALG00000014659,-1.2510715477309537,0.3980241688491784
ENSGALG00010025121,WDR60,2,0,ENSGALG00000006558,-0.9400289558574264,-0.610406102544229
ENSGALG00010029384,WDR81,19,0,ENSGALG00000026822,-2.1379782411948542,-2.284981953590802
ENSGALG00010027322,CRABP2,25,0,,-2.7590192659652955,
ENSGALG00010019916,NOC3L,6,0,ENSGALG00000035667,-0.33293562580460734,-0.4787136608170774
ENSGALG00010029677,PHF12,19,0,ENSGALG00000031368,-1.9250049920369858,-3.317597652340755
ENSGALG00010019598,KCNAB2,21,0,ENSGALG00000037241,-2.110966637489983,-1.068152857709748
ENSGALG00010025056,RBMS2,34,0,ENSGALG00000038757,-2.561298456377454,-1.8150761799085615
ENSGALG00010018721,LRCH2,4,0,ENSGALG00000005882,-1.2455770621243485,-1.9808306680613077
ENSGALG00010021702,PLD6,14,0,ENSGALG00000052641,-2.781054958117646,
ENSGALG00010027170,,28,0,ENSGALG00000033971;ENSGALG00000051278;NONGGAG005919;ENSGALG00000051146,-3.3095680022614338,
ENSGALG00010029210,SGK494,19,0,ENSGALG00000003766,-2.708465551945358,-3.4077988162741484
ENSGALG00010024819,H2BK1,2,0,ENSGALG00000034573;ENSGALG00000031804,-1.7342690441387794,
ENSGALG00010020476,TMEM132A,5,0,ENSGALG00000031067,-3.216989355467319,-3.376181381613402
ENSGALG00010026673,DEPDC5,15,0,ENSGALG00000006766;ENSGALG00000027758,-1.360456220844059,
ENSGALG00010027329,FAM188B,2,0,ENSGALG00000005188;ALDBGALG0000002060,-1.7257396004926153,
ENSGALG00010019964,PKD2L1,6,0,ENSGALG00000047112;ENSGALG00000005766,-1.1210896108001769,
ENSGALG00010024656,HYLS1,24,0,,-1.9852533957099538,
ENSGALG00010020291,SNX29,14,0,ENSGALG00000050024;ENSGALG00000039855;INRAGALG00000004872;INRAGALG00000004873,-0.8149756896989748,
ENSGALG00010027622,FCN3,17,0,ENSGALG00000003866,-2.4152202525586404,
ENSGALG00010021523,CELF6,10,0,ENSGALG00000031313,-1.688283862689412,-2.9116726171184486
ENSGALG00010022564,VTCN1,1,0,ENSGALG00000014820,-1.7209264199763288,
ENSGALG00010026681,PLXDC1,27,0,ENSGALG00000041330;ENSGALG00000023881,-2.3694235841023263,
ENSGALG00010017967,ACSM3,14,0,ENSGALG00000002200,-0.8879158781591817,0.4616761679425331
ENSGALG00010025232,PRIM1,34,0,ENSGALG00000041973,-2.2199058101056734,-1.6887258465005484
ENSGALG00010018807,RD3,3,0,ENSGALG00000009861;NONGGAG003446;107052944,-2.0779942894697307,
ENSGALG00010021108,PCGF6,6,0,ENSGALG00000008230,-1.5764865381221256,-1.6706621169384
ENSGALG00010026999,MLEC,15,0,ENSGALG00000007102,-1.2211991903576318,-1.204237018574703
ENSGALG00010021183,CFAP100,12,0,ENSGALG00000044610,-1.06806063460069,0.4093767855347382
ENSGALG00010029548,BAIAP2,18,0,ENSGALG00000042538;ENSGALG00000028904,-1.630332209581142,
ENSGALG00010019273,CFAP161,10,0,ENSGALG00000021183,-0.3794305127712212,
ENSGALG00010021412,ZNF319,11,0,ENSGALG00000000999,-2.9010940305227626,
ENSGALG00010026162,MED1,27,0,ENSGALG00000001708,-1.5807856155234679,-1.9181577673008832
ENSGALG00010022513,NDUFAF1,5,0,ENSGALG00000008587,-0.4580515598756292,-0.1311184425176603
ENSGALG00010024373,TCAP,27,0,,-4.181341772207974,
ENSGALG00010018534,NCEH1,9,0,ENSGALG00000009170,-0.3801349788809558,-0.4713750152652661
ENSGALG00010025116,ANAPC7,15,0,ENSGALG00000003826;INRAGALG00000005263;INRAGALG00000005264,-0.49443943056039896,
ENSGALG00010019090,NPSR1,2,0,ENSGALG00000041820,-0.6588759743993766,
ENSGALG00010018350,CNNM1,6,0,ENSGALG00000007489,-3.009407110361436,-4.654122833730531
ENSGALG00010029754,NLE1,19,0,ENSGALG00000004691,-1.823448087582833,
ENSGALG00010022415,DIP2B,34,0,ENSGALG00000034965;ENSGALG00000040979,-0.8744983945523185,
ENSGALG00010022271,SLC18A2,6,0,ENSGALG00000009289,-0.5099148671743547,
ENSGALG00010026137,LPXN,5,0,ENSGALG00000053601,-2.3934398439612354,
ENSGALG00010025491,ZMYND11,2,0,ENSGALG00000006599,-1.085168372016641,-0.4445939717986461
ENSGALG00010020762,TTBK2,5,0,ENSGALG00000041420;ENSGALG00000009176,-1.4514704801312879,
ENSGALG00010022877,KYAT3,8,0,ENSGALG00000006188,0.26488435744187167,0.8196570072623321
ENSGALG00010021634,PLCD4,7,0,ENSGALG00000026687,-2.552388993610472,-3.7819325732784734
ENSGALG00010022567,PAOX,6,0,ENSGALG00000054212,-2.7999069211754657,
ENSGALG00010024615,SYT8,5,0,ENSGALG00000006602,-1.6914184516284674,
ENSGALG00010024678,AMOTL2,9,0,ENSGALG00000054723,-3.252611507332579,
ENSGALG00010024579,ZNF740,34,0,ENSGALG00000033246,-2.734778578414405,-2.967458436463692
ENSGALG00010017973,PKD1,14,0,ENSGALG00000038851;ENSGALG00000005714,-1.7487791449369823,
ENSGALG00010024683,SHISA4,26,0,ENSGALG00000032893,-2.117659403142951,-2.6442324520436906
ENSGALG00010024933,CS,34,0,ENSGALG00000030466,-2.1084840961643154,-0.8832053526479463
ENSGALG00010024671,KCTD20,26,0,ENSGALG00000000511,-1.0579962409546937,-0.3396589837136642
ENSGALG00010020111,ADRA2B,22,0,,-2.027413186314509,
ENSGALG00010020284,HEG1,7,0,ENSGALG00000011813,-2.225714628579838,-2.5727319581218624
ENSGALG00010023726,PNPO,27,0,ENSGALG00000036683,-2.120124501141755,-1.3260044147104078
ENSGALG00010029725,TSEN54,18,0,ENSGALG00000047163,-2.329792923659244,
ENSGALG00010022673,KLHL42,1,0,ENSGALG00000017296,-1.70913960635148,-0.5837072201074955
ENSGALG00010024425,MRPL40,15,0,ENSGALG00000053063,-0.8063062599470592,
ENSGALG00010026565,RSPH14,15,0,ENSGALG00000006712,-1.2313770536622204,
ENSGALG00010022830,MTG2,20,0,ENSGALG00000005164,-0.3285705817386355,-0.2358277077802631
ENSGALG00010024898,NABP2,34,0,ENSGALG00000031958,-2.368278230305587,
ENSGALG00010026363,FAM187A,27,0,ENSGALG00000000914,-1.6428499823285807,
ENSGALG00010018102,ZDHHC4,14,0,ENSGALG00000005905,-0.44336293072725863,-0.0104606329546977
ENSGALG00010023229,HKDC1,6,0,ENSGALG00000021039,-0.3589870743273325,-0.0304215787895043
ENSGALG00010024657,DPY19L3,11,0,ENSGALG00000004559;ALDBGALG0000001261,0.25508000051708335,
ENSGALG00010024847,PPIL1,26,0,ENSGALG00000034630,-1.7997427434670539,-1.071335266455183
ENSGALG00010020633,HOGA1,6,0,ENSGALG00000006134,-2.7484772093686693,-0.0361632233414048
ENSGALG00010024850,CDK2AP1,15,0,ENSGALG00000034919;ENSGALG00000025202,-1.2720090601018605,
ENSGALG00010028039,STAB1,12,0,INRAGALG00000004150;ENSGALG00000043672,-1.4571986468033415,
ENSGALG00010022667,PTEN,6,0,ENSGALG00000003634,-0.008090338858140256,-2.093308532602913
ENSGALG00010023866,AMBRA1,5,0,ENSGALG00000008358,-2.2600695749873,-1.3739754487393043
ENSGALG00010021413,SYNJ2BP,5,0,ENSGALG00000035537;ENSGALG00000009387,-1.4156448811072764,
ENSGALG00010023177,LZTS2,6,0,ENSGALG00000023612,-3.7666796756274956,-4.672636681144027
ENSGALG00010018098,EGR4,4,0,ENSGALG00000016086,-3.086356944404036,
ENSGALG00010022219,EIF4E3,12,0,ENSGALG00000007780,-1.5040017300924964,-1.941601769088612
ENSGALG00010020545,STYX,5,0,ENSGALG00000052448,-0.09492166298762339,
ENSGALG00010020657,DALRD3,12,0,ENSGALG00000036976,-2.407478222669237,-2.963121746082054
ENSGALG00010027739,FGD3,12,0,ENSGALG00000005237;INRAGALG00000101349;INRAGALG00000101350,-1.2991120236400027,
ENSGALG00010029588,RAB11FIP4,18,0,ENSGALG00000003227;ALDBGALG0000001935;ENSGALG00000025552;ENSGALG00000040912;INRAGALG00000005808;INRAGALG00000005809;ENSGALG00000021737,-2.0298821856399316,
ENSGALG00010019206,RNF207,21,0,ENSGALG00000050086,-2.9774550960681125,
ENSGALG00010019064,DPY19L1,2,0,ENSGALG00000038978,0.28355001995518336,-0.7661274956783439
ENSGALG00010025703,UBASH3B,24,0,ENSGALG00000006567,-1.4159369003275852,-2.130357177009468
ENSGALG00010022149,NBEAL1,7,0,ENSGALG00000008786,-0.8528482129416654,-1.3106785379970305
ENSGALG00010023702,COL4A4,9,0,ENSGALG00000004946;ENSGALG00000052075,-0.17439611618402162,
ENSGALG00010020943,FAM107A,12,0,ENSGALG00000007139,-2.5341883538290646,-2.054855876536718
ENSGALG00010024122,SOCS7,27,0,ENSGALG00000050797,-2.4712071301489207,
ENSGALG00010022237,SUN1,14,0,ENSGALG00000003781,-0.4534283651359946,-0.0536914356481851
ENSGALG00010028121,TUSC2,12,0,ENSGALG00000041338,-1.5664967814974557,-2.713136175284413
ENSGALG00010023070,SIDT2,24,0,ENSGALG00000030139;ENSGALG00000046843,-1.6234008998020806,
ENSGALG00010024749,APOA5,24,0,ENSGALG00000014368,-3.344948905333944,-1.135414912308796
ENSGALG00010027151,C19orf70,28,0,ENSGALG00000049273,-0.685677697470553,
ENSGALG00010029614,MDH2,19,0,ENSGALG00000001949,-0.3123977170539567,0.798336571212469
ENSGALG00010029750,TEN1,18,0,ENSGALG00000002116,-2.174404928575369,
ENSGALG00010023927,KPNB1,27,0,ENSGALG00000036962,-1.1211671883637744,-0.5643845276635207
ENSGALG00010021259,CEP104,21,0,ENSGALG00000000978,-0.66552154728921,-1.1627594775450991
ENSGALG00010029647,RSAD1,18,0,,-2.4663463092291398,
ENSGALG00010018010,VDAC3,22,0,,0.4307760845336338,
ENSGALG00010029298,ENDOV,18,0,ENSGALG00000006963,-1.822625709004173,-3.2735232152044373
ENSGALG00010021004,PSD,6,0,ENSGALG00000042551,-2.779639345080049,-2.964425939399264
ENSGALG00010022979,LAMA5,20,0,ENSGALG00000005321,-2.1594834771669253,-2.715604237622344
ENSGALG00010024180,HINFP,24,0,ENSGALG00000006806,-2.6176085194229284,-1.844204784247984
ENSGALG00010022864,CSTPP1,5,0,ENSGALG00000008255,-1.169373886147158,0.0161717496142505
ENSGALG00010019925,RDH11,5,0,ENSGALG00000009538,-1.352186662679623,-0.8233581991006573
ENSGALG00010024133,PSMD11,27,0,ENSGALG00000024112,-2.0380116509981208,-1.191566312104444
ENSGALG00010028484,NOXA1,17,0,ENSGALG00000008952,-1.7788560935943218,-1.259145661428809
ENSGALG00010020199,DET1,10,0,ENSGALG00000006750;INRAGALG00000101069,-1.7712713729093714,
ENSGALG00010022280,PDZD8,6,0,ENSGALG00000029095,-1.0208690003926064,-2.463035173470701
ENSGALG00010029638,EPN3,18,0,ENSGALG00000023279,-2.643230305495211,-2.1317544221647347
ENSGALG00010029428,FN3K,18,0,ENSGALG00000001531,0.34860253708742783,1.3656208772369125
ENSGALG00010022765,KRT12,27,0,ENSGALG00000019715,-1.4905152167664695,
ENSGALG00010020572,PPP1R3C,6,0,ENSGALG00000006670,-1.4854318427887363,0.4843184039511847
ENSGALG00010029642,NAT9,18,0,ENSGALG00000007723,-1.6520494428067787,-2.8862260055954967
ENSGALG00010027217,SEMA6B,28,0,ENSGALG00000001171,-2.382631135545019,-4.416835723535332
ENSGALG00010029573,MAP2K4,18,0,ENSGALG00000032178;ENSGALG00000025323,-0.5386124478271419,
ENSGALG00010025849,OBSCN,2,0,ENSGALG00000032534,-1.4106424757550724,
ENSGALG00010028580,PRUNE1,25,0,ENSGALG00000042220,-3.0864465361810045,-2.921879630811333
ENSGALG00010028211,GATAD2B,25,0,ENSGALG00000051276,-2.4018343986694095,
ENSGALG00010027592,MAP1S,28,0,ENSGALG00000039108,-2.982655689627055,-2.656907594347904
ENSGALG00010021254,FNBP1L,8,0,ENSGALG00000005850,-0.3932058913380805,-0.3366681407168525
ENSGALG00010028782,MLLT11,25,0,ENSGALG00000044125,-3.3803438914407997,
ENSGALG00010028466,MAMDC4,17,0,ENSGALG00000052829,-2.4982785344243355,
ENSGALG00010022559,SSH1,15,0,ENSGALG00000004928,-2.178202815252224,-2.464211644659708
ENSGALG00010028199,DPP9,28,0,ENSGALG00000004200,-0.8333183896153996,-0.2598702373416166
ENSGALG00010029269,WSCD1,19,0,ENSGALG00000005886,-1.2338914542771957,-2.0736931720108656
ENSGALG00010018864,ABCA3,14,0,ENSGALG00000037837,-1.9330041375721327,-2.748133507010754
ENSGALG00010028399,SLC35E1,28,0,ENSGALG00000003794,-0.5766769529788998,-1.3174592561634686
ENSGALG00010028208,AMIGO3,12,0,ENSGALG00000049511,-3.44657747138555,
ENSGALG00010019657,PPP1R17,2,0,ENSGALG00000036390,-1.4786108128333315,-0.4387624853818213
ENSGALG00010021532,DPP10,7,0,ENSGALG00000054456;ENSGALG00000012156,-0.4151189469119012,
ENSGALG00010028589,PHYHD1,17,0,ENSGALG00000043394,-1.8558863439422288,-1.0067006990943288
ENSGALG00010024788,SIK3,24,0,ENSGALG00000007144,-2.0312710534229095,-1.5457174065242911
ENSGALG00010019209,VCPKMT,5,0,ENSGALG00000051460;ENSGALG00000012269,-2.4832625807336126,
ENSGALG00010021455,CFAP58,6,0,ENSGALG00000008417,-1.0732789952218524,-2.6426328079600974
ENSGALG00010027878,AQP10,25,0,ENSGALG00000034501,-1.9266118809818353,-5.25322334827188
ENSGALG00010018370,ZBTB8A,23,0,ENSGALG00000003420;ENSGALG00000047184,-1.9271829674114413,
ENSGALG00010024904,ALS2L,2,0,ENSGALG00000005430;ENSGALG00000046808,-1.0035666596159196,
ENSGALG00010021512,CPNE9,12,0,ENSGALG00000033529,-2.2921239147906816,-3.0292245613455178
ENSGALG00010029542,AATK,18,0,ENSGALG00000006901;ENSGALG00000050898,-2.953675719481713,
ENSGALG00010029174,CALN1,19,0,ENSGALG00000001122,-1.1300673983496707,
ENSGALG00010029154,UTS2R5,18,0,ENSGALG00000023581,-2.1023834533659094,
ENSGALG00010021691,PIGB,10,0,ENSGALG00000037734,-0.3448685210383371,0.1577741756941876
ENSGALG00010024823,ASB10,2,0,ENSGALG00000034573;ENSGALG00000032845,-2.8357184984544284,
ENSGALG00010029781,UNC13D,18,0,INRAGALG00000101832;ENSGALG00000002234,-2.810883662155089,
ENSGALG00010023507,TMEM45B,24,0,ENSGALG00000001203,-1.0677549329280849,-0.1504447070779602
ENSGALG00010029151,CYBC1,18,0,ENSGALG00000001607,-0.7962063551101766,-0.7959704928066043
ENSGALG00010028568,MLLT1,28,0,ENSGALG00000001596,-2.1513608552725385,-1.9843953755719457
ENSGALG00010020992,KCNH7,7,0,ENSGALG00000035938;NONGGAG010481;ENSGALG00000038543,-0.4458791642447407,
ENSGALG00010021178,NDST2,6,0,ENSGALG00000005107,-1.384646401718311,-2.209406187440771
ENSGALG00010021863,CLDN19,21,0,ENSGALG00000023580,-1.917799252427701,
ENSGALG00010024349,R3HDML,20,0,ENSGALG00000046204,-2.2158909073533435,
ENSGALG00010026259,MED15,15,0,ENSGALG00000054447;ENSGALG00000006430,-2.1053784809355918,
ENSGALG00010028123,RASSF1,12,0,ENSGALG00000038951,-2.926418663802215,-3.29465751529312
ENSGALG00010025985,CHCHD10,15,0,ENSGALG00000028810,-1.7864824929995353,-1.226385136573087
ENSGALG00010026775,BTG2,26,0,ENSGALG00000052763,-1.9594939890086027,
ENSGALG00010027113,PIAS4,28,0,ENSGALG00000034413,-2.050711772227004,-1.5046865728177703
ENSGALG00010020667,UBTD1,6,0,ENSGALG00000029166,-2.5026696719343575,-4.2950100020739965
ENSGALG00010020194,PRICKLE2,12,0,ENSGALG00000007332,-2.467204699320725,-2.353385639062
ENSGALG00010017958,CAPN10,9,0,ENSGALG00000034562,-1.194891830620132,-2.240282965000867
ENSGALG00010026782,HOXB9,27,0,,-1.5136399124727755,
ENSGALG00010024054,,34,0,,-1.9965596635515457,
ENSGALG00010020528,NEUROG3,6,0,,-2.190187686517149,
ENSGALG00010029575,ANKFN1,18,0,ENSGALG00000003105,-1.3814258436206726,
ENSGALG00010019227,CLCN5,4,0,ENSGALG00000007234,-0.505533356816779,-0.8213780608664969
ENSGALG00010027711,WNK2,12,0,ENSGALG00000038850,-1.4269815906287384,
ENSGALG00010021695,FNBP4,5,0,ENSGALG00000029702,-2.2793640426648434,-4.02434566521652
ENSGALG00010024143,UBE2Q2,10,0,ENSGALG00000046862,-1.0307745051213026,
ENSGALG00010027642,FAM69B,17,0,ENSGALG00000002437,-1.739631006470176,-3.757778565909687
ENSGALG00010029309,ALKBH4,19,0,,-1.8036687357623724,
ENSGALG00010020131,SNRNP200,22,0,ENSGALG00000049780;ENSGALG00000047673;ENSGALG00000031298,-2.0888282523323642,
ENSGALG00010019305,SNRNP27,22,0,ENSGALG00000013883,-2.518415549678978,-2.2015608002648084
ENSGALG00010024932,ANKK1,24,0,ENSGALG00000007815,-1.610491308142004,
ENSGALG00010018917,DNAJC11,21,0,ENSGALG00000000627,-0.6842995024550446,-0.1865156112557968
ENSGALG00010025852,BTBD19,8,0,ENSGALG00000028978,-3.0700215508795807,
ENSGALG00010024169,FAM168B,9,0,ENSGALG00000002172;NONGGAG005308,0.3410752812141792,
ENSGALG00010026061,MPEG1,5,0,ENSGALG00000053601,-2.3806687228289425,
ENSGALG00010022637,DMXL2,10,0,ENSGALG00000039924,-0.46346510032498917,-0.6325680379453114
ENSGALG00010029720,TIMM22,19,0,ENSGALG00000004383,-0.3046874005685858,-1.6339174021653693
ENSGALG00010028559,WDR34,17,0,ENSGALG00000004702,-1.8863320441530895,-1.8124887761249728
ENSGALG00010024832,HTR5A,2,0,ENSGALG00000006362,-1.9854860840389668,
ENSGALG00010028031,NISCH,12,0,ENSGALG00000043825,-1.0472294045898585,-2.864469242312857
ENSGALG00010021864,GFI1,8,0,ENSGALG00000043650,-2.5682835005848754,-2.037877408650404
ENSGALG00010018042,ZWILCH,10,0,ENSGALG00000007736,-0.8643155194981815,0.1019571510687414
ENSGALG00010028144,FAM78A,17,0,ENSGALG00000003789;ENSGALG00000052408,-2.121718320444695,
ENSGALG00010024077,SFT2D3,9,0,ENSGALG00000040113,-2.4495458489874298,
ENSGALG00010020760,TXNDC11,14,0,ENSGALG00000003154,-1.0984364042909014,-1.5972298980225443
ENSGALG00010029740,GSG2,19,0,ENSGALG00000035831,-1.7916102550415252,
ENSGALG00010024325,PCBP2,34,0,ENSGALG00000041030;ENSGALG00000030451,-1.917397852808659,
ENSGALG00010021029,PRDM2,21,0,ENSGALG00000047991;ENSGALG00000038780,-1.3061796116249869,
ENSGALG00010025894,DYTN,7,0,ENSGALG00000008562,-0.8975620792099887,
ENSGALG00010023299,PASK,9,0,ENSGALG00000006016,-1.5749233194414582,
ENSGALG00010024798,FBXO45,9,0,ENSGALG00000053490,-2.1026818640373,
ENSGALG00010023053,MAN1A2,1,0,ENSGALG00000041564,-0.26563510794164913,
ENSGALG00010018944,NEFL,22,0,ENSGALG00000000314,-2.7570195054318427,
ENSGALG00010021891,GPR19,1,0,ENSGALG00000045619,-0.3398127037103118,
ENSGALG00010021168,IVNS1ABP,8,0,ENSGALG00000045555,-0.6900162959701888,
ENSGALG00010020576,AKR7A2,21,0,ENSGALG00000004005,-1.3562320902096432,0.579705701392404
ENSGALG00010021796,VENTX,6,0,ENSGALG00000054558,-2.4559100673483467,
ENSGALG00010023695,CLSTN3,1,0,ENSGALG00000014674,-1.6213246791321705,-0.8320720332438197
ENSGALG00010022348,G6PC,27,0,ENSGALG00000030034,-1.3847601212839282,-0.6539349840579518
ENSGALG00010019483,SCUBE2,5,0,ENSGALG00000032161,-0.9946191053252162,-2.0021182360613503
ENSGALG00010028570,ACER1,28,0,ENSGALG00000001592,-1.008340239887394,
ENSGALG00010027576,GADD45B,28,0,,-2.370584860694082,
ENSGALG00010028198,UCK1,17,0,ENSGALG00000003732,-2.1098638979878492,-0.8072834288046258
ENSGALG00010020569,DTX3L,7,0,ENSGALG00000012075,-0.582775759145905,0.154543303180489
ENSGALG00010028051,GNL3,12,0,ENSGALG00000001613;ENSGALG00000025952;ENSGALG00000025646;ENSGALG00000025603;ENSGALG00000047661;ENSGALG00000025665;ENSGALG00000030874,-0.8268965038299702,
ENSGALG00010022377,ZHX3,20,0,ENSGALG00000039155,-2.2917411056017767,-3.244017159396834
ENSGALG00010028206,RBM15B,12,0,ENSGALG00000050969,-2.303917779849992,
ENSGALG00010021498,B3GALT6,21,0,ENSGALG00000001859,-2.1497216259438643,-2.4495920410287
ENSGALG00010028122,SEC16A,17,0,ENSGALG00000002364,-0.9693047731813718,-0.4555008736362465
ENSGALG00010024335,AMHR2,34,0,ENSGALG00000052541,-2.8749133842359527,
ENSGALG00010024274,ACSBG1,10,0,INRAGALG00000003429;ENSGALG00000003286,-0.39741091164528997,
ENSGALG00010017816,PRKCH,5,0,ENSGALG00000011889,-1.4213207011515454,-2.2757288947452023
ENSGALG00010030103,C1QTNF1,18,0,ENSGALG00000011816,-2.3984766338956613,-2.7052759169112184
ENSGALG00010024901,ZGPAT,20,0,ENSGALG00000006092,-1.9555815355925898,-1.2786598257866355
ENSGALG00010021250,ISLR,10,0,ENSGALG00000021525,-2.724135928260417,-1.0491364692851637
ENSGALG00010029141,C5,17,0,ENSGALG00000001565,0.30660088452436807,1.0182995094881593
ENSGALG00010023559,PJVK,7,0,ENSGALG00000023439,-0.09399724861539371,-3.035591912486523
ENSGALG00010017890,ANAPC1,3,0,ENSGALG00000008254,-0.9630306129582369,-1.4267434878673269
ENSGALG00010020878,XYLT1,14,0,ENSGALG00000006757;ENSGALG00000025220,-1.6045012453638996,
ENSGALG00010018415,PELI2,5,0,ENSGALG00000012124,-1.100536432481046,-0.3461555145386638
ENSGALG00010024849,CCDC84,24,0,ENSGALG00000007689,-1.8381746124302913,-1.725562788341004
ENSGALG00010021002,SLC44A3,8,0,ENSGALG00000005610,-0.11374236091695344,-1.3692861749645275
ENSGALG00010024480,CDC45,15,0,ENSGALG00000001616,-0.4942892715818737,-0.1784182483981852
ENSGALG00010025346,PXYLP1,9,0,ENSGALG00000029102,-0.7067035905809365,-0.0516125931912603
ENSGALG00010017946,PTGDR,5,0,ENSGALG00000029768,-2.3032618399116505,-1.859612901151107
ENSGALG00010029313,CCDC40,18,0,ENSGALG00000007042,-1.7303417897992472,-2.867996211729168
ENSGALG00010025874,MDH1B,7,0,ENSGALG00000008548,-0.28002486440585783,
ENSGALG00010024150,PDZD3,24,0,ENSGALG00000006779,-2.41826594130211,-6.71223359355769
ENSGALG00010024960,ARFRP1,20,0,ENSGALG00000006101,-0.5210694350542576,0.9145390888841988
ENSGALG00010025204,TRAF6,5,0,ENSGALG00000007932,-1.2733295927990165,0.0008758666979199
ENSGALG00010028599,VPS72,25,0,ENSGALG00000000793,-2.8774966880704924,-2.8229197533891504
ENSGALG00010019015,GSG1L,14,0,ENSGALG00000036373,-1.5445290093650952,
ENSGALG00010024554,ST6GALNAC3,8,0,ENSGALG00000009027;ENSGALG00000027857,0.23313849093656824,
ENSGALG00010028544,ZNF414,28,0,ENSGALG00000024378,-2.2885964339661995,-2.1435657699955724
ENSGALG00010021768,FAM69A,8,0,ENSGALG00000005918,0.5685263310881729,-0.7653245399149535
ENSGALG00010025403,MTERF4,9,0,,-2.5197504030832505,
ENSGALG00010023643,SCN4B,24,0,ENSGALG00000007409,-1.6743711130497771,-1.634875117028077
ENSGALG00010023103,DGKD,9,0,ENSGALG00000001730,-1.6896104636205376,-2.7646041710493696
ENSGALG00010024873,HYOU1,24,0,,-1.1304464562724679,
ENSGALG00010022325,MIGA1,8,0,ENSGALG00000008951,-0.5104026190731832,-0.5215082319454634
ENSGALG00010024637,DUSP8,5,0,ENSGALG00000006608;ENSGALG00000006647,-2.778950099989146,
ENSGALG00010019726,PEBP4,22,0,ENSGALG00000049236,-2.538670370687015,
ENSGALG00010028097,TTC24,25,0,ENSGALG00000051918,-2.3593208697810795,
ENSGALG00010018943,ACKR4,2,0,ENSGALG00000041491,0.20660469876459475,0.935592731602355
ENSGALG00010023881,VSTM2B,11,0,ENSGALG00000051048;NONGGAG007886;ENSGALG00000032402,-2.364138095455976,
ENSGALG00010028021,ATP5D,28,0,ENSGALG00000032875,-1.5674143203804534,0.1374156365236276
ENSGALG00010025720,FAM109A,15,0,ENSGALG00000041153,-2.105453504469929,
ENSGALG00010021099,HMCN1,8,0,ENSGALG00000031129;101750397;107053952;INRAGALG00000105072,-0.7511772413697733,
ENSGALG00010028104,GOLGA1,17,0,ENSGALG00000001025;ALDBGALG0000001869,-1.3139708010324447,
ENSGALG00010021679,MASP2,21,0,ENSGALG00000003016,-0.40964753856933617,0.2402159962103963
ENSGALG00010022824,PUS1,15,0,ENSGALG00000002354,-0.7587885691517093,-1.021501190445488
ENSGALG00010020149,FAHD2A,22,0,ENSGALG00000033356,-2.039912114193709,-2.052254549788086
ENSGALG00010028205,PRRT1B,17,0,ENSGALG00000046322,-2.340244917977708,
ENSGALG00010028915,ADGRD2,17,0,ENSGALG00000001094,-1.61406758861758,
ENSGALG00010020057,RBKS,3,0,ENSGALG00000010043,-0.19352199946674964,0.6994237616823884
ENSGALG00010024123,PLPPR4,8,0,ENSGALG00000025896,-0.9557853802512692,
ENSGALG00010021783,GIT2,15,0,,-1.3744369069888893,
ENSGALG00010018024,TAS1R3,21,0,ENSGALG00000032317,-1.579622165076895,
ENSGALG00010021607,SLC9A5,11,0,ENSGALG00000007867,-2.1689966060786388,-3.146176714739792
ENSGALG00010023211,TLK1,7,0,ENSGALG00000009569;INRAGALG00000021113;INRAGALG00000015584;INRAGALG00000104827,-0.914028315891203,
ENSGALG00010024179,ATG4C,8,0,NONGGAG005260;ENSGALG00000037045;ENSGALG00000010985,0.028359942287758177,
ENSGALG00010024504,CASC3,27,0,ENSGALG00000031813,-2.274280572042903,-2.166991315508008
ENSGALG00010029732,PIGL,19,0,ENSGALG00000004492,-0.9893706379254618,-1.921768433432524
ENSGALG00010022759,THSD4,10,0,ENSGALG00000004087,-1.3757075125863452,-1.5463716259401523
ENSGALG00010021677,FAM98B,5,0,ENSGALG00000009744,-0.27474927213394684,-0.0212850935285576
ENSGALG00010024835,FAM189A1,10,0,ENSGALG00000003944,-1.9745788980996761,
ENSGALG00010024220,SIAH1,11,0,ENSGALG00000003916,-0.6924355651936466,0.9365270210060916
ENSGALG00010026083,MUTYH,8,0,ENSGALG00000010226,-2.1118485667316804,-3.2405039773253383
ENSGALG00010028108,IQGAP3,25,0,ENSGALG00000049193,-2.664272411872266,
ENSGALG00010028581,NR2F6,28,0,INRAGALG00000023084;ENSGALG00000043010;INRAGALG00000009837,-2.2506615823471177,
ENSGALG00010017850,TRMT5,5,0,ENSGALG00000011904,-0.5719324354627539,-0.4694553062225643
ENSGALG00010020866,LCOR,6,0,INRAGALG00000015021;ENSGALG00000028512,-2.539732885865412,
ENSGALG00010028457,KANK3,28,0,ENSGALG00000000621,-2.9129430693173193,-3.685190304518906
ENSGALG00010021731,SRM,21,0,ENSGALG00000003039,-1.9162165728770648,
ENSGALG00010027668,RANBP3,28,0,ENSGALG00000000577,-1.5792095189591633,-0.8484179595458743
ENSGALG00010029297,SH2B1,19,0,ENSGALG00000030792;ENSGALG00000001828,-2.6667088658625864,
ENSGALG00010026972,TNNT3,5,0,ENSGALG00000006572,-0.9440856838921219,-3.989875748932028
ENSGALG00010028553,NFILZ,28,0,ENSGALG00000033094,-1.6935964907105685,
ENSGALG00010027173,AES,28,0,ENSGALG00000051146,-2.8379842693454163,
ENSGALG00010023128,IWS1,9,0,ENSGALG00000001803,-1.6932369696636766,-1.3566856177892472
ENSGALG00010029293,DNAH17,18,0,ENSGALG00000047043,-2.0460266002021323,
ENSGALG00010019738,ADRA2A,6,0,ENSGALG00000023521,-2.0295195778272386,-2.5454332714619907
ENSGALG00010029688,PIPOX,19,0,ENSGALG00000026392,-2.34701201022485,-1.0356450122957188
ENSGALG00010029736,,19,0,ENSGALG00000004509,-2.5503863312253627,-0.3357228105670947
ENSGALG00010024561,ROBO3,24,0,ENSGALG00000053318;ENSGALG00000045816,-2.7441332681794677,
ENSGALG00010026436,PLCD1,2,0,ENSGALG00000005805,-1.0111326987734657,-0.7484228802996714
ENSGALG00010027594,ITPR3,26,0,ENSGALG00000003149,-2.1536661592672655,-2.144630282186303
ENSGALG00010027889,RBM8A,25,0,ENSGALG00000036283,-1.5201142093702988,
ENSGALG00010024328,YDJC,15,0,ENSGALG00000029198,-0.5669861590900919,-1.0902046877209877
ENSGALG00010027611,B3GNT3,28,0,ENSGALG00000037712;ENSGALG00000050532,-2.2152759876786687,
ENSGALG00010028130,TMEM115,12,0,ENSGALG00000050948,-2.5302195742953755,
ENSGALG00010026458,DLEC1,2,0,ENSGALG00000005826;ENSGALG00000025663,-0.8399266466009035,
ENSGALG00010029502,BTBD17,18,0,ENSGALG00000023359,-2.7291035289908687,
ENSGALG00010029574,SGSM2,19,0,ENSGALG00000005737,-0.9752156716725695,-2.5783950512309697
ENSGALG00010029644,MYCBPAP,18,0,,-1.910478168526763,
ENSGALG00010022609,RBBP8NL,20,0,ENSGALG00000045938,-2.6678308728363476,
ENSGALG00010021633,CCNJ,6,0,ENSGALG00000006955,-1.1455772311661003,-1.457046330093288
ENSGALG00010025289,KDM2B,15,0,ENSGALG00000004225;ENSGALG00000054222;ENSGALG00000053228,-1.5315695796357018,
ENSGALG00010022788,CYBRD1,7,0,ENSGALG00000030703,0.13641415832500503,-0.532917844564804
ENSGALG00010023778,FANCF,5,0,ENSGALG00000003660,-2.6840265938399446,-3.6618220728910753
ENSGALG00010022526,PPP1CA,5,0,ENSGALG00000040016,-2.3510135887622474,-0.3623766046894406
ENSGALG00010024609,PRR33,5,0,,-1.8635300432568807,
ENSGALG00010018276,ARHGAP17,14,0,ENSGALG00000041213,-1.0793749699232937,-0.476890810231081
ENSGALG00010024776,MPHOSPH10,10,0,ENSGALG00000003906;107052146;ENSGALG00000003944;ENSGALG00000042552;ENSGALG00000004046;NONGGAG007844;NONGGAG007845;ENSGALG00000053176;NONGGAG007846;NONGGAG007847;ENSGALG00000004096;ENSGALG00000004103;ALDBGALG0000001179;107052131;ENSGALG00000004161;ENSGALG00000004171,-0.4040517400847756,
ENSGALG00010029539,FKBP6,19,0,ENSGALG00000029211,-0.8699265870291921,
ENSGALG00010028738,MIDN,28,0,ENSGALG00000033150,-3.5379951603516253,
ENSGALG00010027272,DDX20,26,0,ENSGALG00000001373;ENSGALG00000001504,-0.8856781123570293,
ENSGALG00010024742,PAK2,9,0,ENSGALG00000006426;INRAGALG00000105225,-0.4720878216751129,
ENSGALG00010018831,WBP1L,6,0,INRAGALG00000015035;INRAGALG00000015036;INRAGALG00000015037;INRAGALG00000015038;INRAGALG00000015039;INRAGALG00000015040;ENSGALG00000041010,-2.631732933058026,
ENSGALG00010025252,PPP1R19B,27,0,ENSGALG00000029276,-2.8287725828887313,-4.621267210468671
ENSGALG00010024795,NRROS,9,0,ENSGALG00000006402,-2.66304986726967,-2.2871398135208305
ENSGALG00010024380,PNMT,27,0,ENSGALG00000053690,-2.920870956902253,
ENSGALG00010029618,TEX2,18,0,ENSGALG00000003496;INRAGALG00000005830;INRAGALG00000005832,-1.0816345974456156,
ENSGALG00010029314,MED13,19,0,ENSGALG00000005230,-0.8683128634896432,-2.4177344734570405
ENSGALG00010021459,ARHGEF16,21,0,ENSGALG00000001058,-2.6546577994424014,-2.677422845784156
ENSGALG00010021177,OBSL1,7,0,ENSGALG00000011242,-2.969957135346775,
ENSGALG00010026581,DNER,9,0,ENSGALG00000002958,-1.4866114515054563,
ENSGALG00010027751,ANGPTL4,28,0,ENSGALG00000000619,-2.8517913894770737,-1.977532971269348
ENSGALG00010020160,SYT7,5,0,ENSGALG00000043139,-2.724868314188962,
ENSGALG00010025188,PPFIA4,26,0,ENSGALG00000000217,-3.0273530034535923,
ENSGALG00010023312,UBR3,7,0,ENSGALG00000009608;ENSGALG00000035605,-0.7918915276088453,
ENSGALG00010027149,C1orf116,26,0,ENSGALG00000001091,-2.3300836028628997,-0.961908054052369
ENSGALG00010018513,RPUSD1,14,0,ENSGALG00000005315,-2.1629285311975357,-3.968954327135877
ENSGALG00010022573,AP4E1,10,0,ENSGALG00000038286,-0.9561844808025075,-0.4918645987988349
ENSGALG00010019263,SNRPB2,3,0,ENSGALG00000026999,0.030581743593917188,0.4215947073760998
ENSGALG00010023255,SNX22,10,0,ENSGALG00000046823,-3.2186787343918293,
ENSGALG00010021813,WDR72,10,0,ENSGALG00000004545,-0.4184880395466344,-0.584750031304587
ENSGALG00010026117,LZTR1,26,0,ENSGALG00000031175,-1.0845633527142335,-0.8873711455956128
ENSGALG00010024486,GPR37L1,26,0,INRAGALG00000009425;INRAGALG00000009426;INRAGALG00000009427;ENSGALG00000000607,-2.4500407890974802,
ENSGALG00010019614,MICALL2,14,0,ENSGALG00000004070;INRAGALG00000004949;ALDBGALG0000001687;ALDBGALG0000001688,-2.033160206127791,
ENSGALG00010019257,SLC1A4,3,0,ENSGALG00000008811,-0.726919496925202,-1.0423722914887938
ENSGALG00010020865,BICDL1,15,0,ENSGALG00000007319,-3.0667698096529135,
ENSGALG00010023784,LRRC46,27,0,ENSGALG00000046384,-3.363054721881774,
ENSGALG00010021440,CCR10,27,0,,-2.369341029014549,
ENSGALG00010021149,Dlx4,27,0,ENSGALG00000045023,-3.001703870395589,
ENSGALG00010023722,PRR15L,27,0,ENSGALG00000046413,-2.1659244214469746,-1.161437745962827
ENSGALG00010020582,KANSL3,22,0,ENSGALG00000014540,-2.168014013637089,
ENSGALG00010024902,LARP6,10,0,ENSGALG00000004046,-1.1412821319978868,-2.2384162055028285
ENSGALG00010025847,DEF6,26,0,ENSGALG00000002615,-2.72912325281567,-3.2323588823092626
ENSGALG00010021335,NFATC3,11,0,ENSGALG00000003396,-1.5151360664978117,-1.3478981242001626
ENSGALG00010019931,ZFYVE26,5,0,ENSGALG00000028762,-1.3529700123679742,-1.8753517478430253
ENSGALG00010025889,TESMIN,5,0,ALDBGALG0000004749;INRAGALG00000013738;NONGGAG004368;NONGGAG011098;ENSGALG00000041774,-0.7782904193665524,
ENSGALG00010022098,CDC7,8,0,ENSGALG00000006051,-0.31523090166852463,
ENSGALG00010024740,SLC38A8,11,0,ENSGALG00000003302,-1.8793960903128415,
ENSGALG00010019443,NCKAP5,7,0,ENSGALG00000012177;ENSGALG00000055018,-1.586131348693935,
ENSGALG00010024744,KLF13,10,0,ENSGALG00000026590,-1.1631013718599879,-0.4444114521727676
ENSGALG00010019540,UNC5D,22,0,ENSGALG00000001608;ALDBGALG0000003046,-1.4509403688566307,
ENSGALG00010019834,PLCH2,21,0,ENSGALG00000001207;INRAGALG00000008833,-1.1317691950864903,
ENSGALG00010028168,PTGES2,17,0,ENSGALG00000033760,-0.6276310753662143,-0.3565600275924779
ENSGALG00010024557,TSPAN32,5,0,,-0.9029382818149464,
ENSGALG00010017813,DDHD2,22,0,ENSGALG00000042181,-2.2239124238650865,-1.674277064414951
ENSGALG00010024791,SHANK2,5,0,ENSGALG00000049105;ENSGALG00000035916;NONGGAG010194;ENSGALG00000038779;ENSGALG00000050964,-1.1924683538664593,
ENSGALG00010029718,ABR,19,0,ENSGALG00000004364,-2.1303028444880767,-2.639224211627771
ENSGALG00010019166,PNPT1,3,0,ENSGALG00000043545,0.19609519148826327,0.3769127415052994
ENSGALG00010028391,MED26,28,0,ENSGALG00000027132,-1.4879624728628484,-1.263855661238355
ENSGALG00010029525,SLC38A10,18,0,ENSGALG00000006880;ENSGALG00000042060,-1.5510007477571124,
ENSGALG00010024119,AMMECR1L,9,0,ENSGALG00000050605;ENSGALG00000026728,-1.5922642655987254,
ENSGALG00010029234,TOM1L1,18,0,ENSGALG00000003011,-1.0302050344874638,-0.9586820810978056
ENSGALG00010018198,BTBD3,3,0,ENSGALG00000009028;INRAGALG00000103499;INRAGALG00000010073;INRAGALG00000010074;INRAGALG00000010075,-0.548274203312566,
ENSGALG00010024466,ADGRG3,11,0,ENSGALG00000040627,-2.0371388527386944,
ENSGALG00010022649,PATZ1,15,0,ENSGALG00000006934,-1.9273177251158038,-3.189737084040242
ENSGALG00010023983,SUSD2,15,0,ENSGALG00000005824,-0.7652527287791875,
ENSGALG00010024153,KCNQ1,5,0,ENSGALG00000037138,-0.9244630798239806,-0.3394689576014517
ENSGALG00010027897,AP3D1,28,0,ENSGALG00000000996;ENSGALG00000049811,-1.1757105513332586,
ENSGALG00010029626,AP2B1,19,0,ENSGALG00000042125;ENSGALG00000025021,-1.4516832315193497,
ENSGALG00010024725,GCNT3,10,0,,-2.5528176498683472,
ENSGALG00010020010,SORBS3,22,0,INRAGALG00000019920;INRAGALG00000019923;ENSGALG00000050260,-3.0508057348158912,
ENSGALG00010021970,ERGIC3,20,0,ENSGALG00000027834,-0.4448368654071609,0.1538205934116446
ENSGALG00010019550,ACMSD,7,0,ENSGALG00000012197,-0.11254254506689076,
ENSGALG00010028101,MRPL54,28,0,,-2.4577794544390086,
ENSGALG00010026484,TNKS1BP1,5,0,ENSGALG00000054034,-2.987530531279631,
ENSGALG00010025983,RNF26,24,0,ENSGALG00000039907;ENSGALG00000044805,-2.937871666338224,
ENSGALG00010024690,,34,0,ENSGALG00000040260,-2.3264483121575577,-1.885638557909376
ENSGALG00010024542,ZNFX1,20,0,ENSGALG00000004859,-1.1829396755726456,-0.6152950572637876
ENSGALG00010022373,AK5,8,0,ENSGALG00000031652,-0.6077042432822006,
ENSGALG00010019859,BIN3,22,0,ENSGALG00000052825,-2.191140926184924,
ENSGALG00010021154,CHST13,12,0,ENSGALG00000029632,-2.182260724417176,-2.005769176108657
ENSGALG00010029673,TMEM248,19,0,ENSGALG00000027202;ENSGALG00000033954,-0.9342989590983104,
ENSGALG00010021676,TP53INP2,20,0,ENSGALG00000001209,-3.6500505507858905,-2.0520531561559268
ENSGALG00010025723,SETD2,2,0,ENSGALG00000042051,-2.152603757938544,-3.971267628369682
ENSGALG00010020343,PATL1,5,0,ENSGALG00000042641,-3.135529465128059,-3.3807360621878466
ENSGALG00010021474,PPFIBP2,5,0,ENSGALG00000005294,-1.209016896357388,-1.1465654650406178
ENSGALG00010027159,TMUB1,2,0,ENSGALG00000047536,-2.2230602729869764,
ENSGALG00010020132,SHC4,10,0,,-1.4721609936203053,
ENSGALG00010018887,ADAMTS17,10,0,ENSGALG00000038688,-1.3611514133411764,-1.9819055489073747
ENSGALG00010027540,PPOX,25,0,ENSGALG00000054130;ENSGALG00000051361,-2.7656414409886807,
ENSGALG00010019832,MAD2L1BP,3,0,ENSGALG00000027871,-1.5651776137307563,-1.1985111325146944
ENSGALG00010021549,ANAPC16,6,0,ENSGALG00000004410,-1.5411053173743232,-0.4189998876864709
ENSGALG00010025696,MTCH1,26,0,ENSGALG00000018307;ENSGALG00000018308;INRAGALG00000103027;ENSGALG00000000186,-1.4303556746606967,
ENSGALG00010019208,PLXND1,12,0,ENSGALG00000008473,-1.8307592915746145,-2.730473437607017
ENSGALG00010028518,MAU2,28,0,ENSGALG00000002969,-1.7302704201354118,-1.0857170301504229
ENSGALG00010017861,PRSS56,9,0,ENSGALG00000045413,-3.010589697490717,
ENSGALG00010028183,CRTC1,28,0,ALDBGALG0000003342;ENSGALG00000003304,-2.515594614374223,
ENSGALG00010024864,MPHOSPH9,15,0,ENSGALG00000051644;ENSGALG00000003419,-1.3070039933209845,
ENSGALG00010018007,DNAAF9,4,0,ENSGALG00000053000;ENSGALG00000025551,-0.8046106854992708,
ENSGALG00010017858,GPR65,5,0,ENSGALG00000010595,-0.40175324335329665,-0.5802137643679343
ENSGALG00010027740,MARCHF2,28,0,ENSGALG00000000599;INRAGALG00000009744,-1.8088876451699343,
ENSGALG00010022158,CWC25,27,0,ENSGALG00000001624,-1.9647061187637282,-1.214718838744946
ENSGALG00010029586,COIL,18,0,ENSGALG00000049473,-1.5433540181955796,
ENSGALG00010020375,LRPPRC,3,0,ENSGALG00000009967,-0.30251529598399696,0.6285797971260432
ENSGALG00010026062,ITGA4,7,0,ENSGALG00000041577,-0.18944984420126731,-0.3948564726229026
ENSGALG00010024588,TTC39A,8,0,ENSGALG00000010540,-0.24481182395264567,-0.2854806422620364
ENSGALG00010022695,PIK3IP1,15,0,ENSGALG00000006942,-1.5582639058459353,-1.17696758649332
ENSGALG00010028414,KBTBD12,12,0,ENSGALG00000005972;ENSGALG00000051867,-0.8775739621475749,
ENSGALG00010022976,FAM63B,10,0,ENSGALG00000004204,-1.7125651248259148,-3.145140772577853
ENSGALG00010022628,SVOP,15,0,ENSGALG00000039600;ENSGALG00000034278,-0.4981478697539763,
ENSGALG00010024521,HEPACAM,24,0,ENSGALG00000039356,-2.8109538836159342,
ENSGALG00010025992,MMP11,15,0,ENSGALG00000005968,-1.746942136196885,-0.4202422245108277
ENSGALG00010029519,STX1A,19,0,ENSGALG00000041722,-2.1569824713667027,-3.111496632296594
ENSGALG00010021664,TYSND1,6,0,ENSGALG00000033807,-3.1106206717306697,-3.2247398083554217
ENSGALG00010020083,CFAP74,21,0,NONGGAG002836;ENSGALG00000048721;ENSGALG00000051970;ENSGALG00000047361;ENSGALG00000001288,-0.7945406167173421,
ENSGALG00010025594,UPK1B,1,0,ENSGALG00000015079,-0.2389814735527066,
ENSGALG00010027346,SIN3B,28,0,ALDBGALG0000003345;ENSGALG00000003771,-1.4035752765274865,
ENSGALG00010026109,SPDEF,26,0,INRAGALG00000009535;INRAGALG00000009536;ENSGALG00000002792,-2.1791326508913382,
ENSGALG00010025862,PTCH2,8,0,ENSGALG00000010133,-2.5444886326247538,-1.8932639296473983
ENSGALG00010029383,GNA13,18,0,ENSGALG00000036028;INRAGALG00000005847,-1.179517086611642,
ENSGALG00010028270,RAPGEF1,17,0,ENSGALG00000003712,-1.8746262651888173,-2.230579209707561
ENSGALG00010019392,NIN,5,0,ENSGALG00000012361,-2.8004584784937445,-3.452297522689026
ENSGALG00010022250,SLC25A28,6,0,ENSGALG00000007479,-1.8903427346727764,-2.166019202506804
ENSGALG00010029731,NCOR1,19,0,ENSGALG00000004477;ENSGALG00000052725;INRAGALG00000101934,-1.2549713402311673,
ENSGALG00010021461,SNX33,10,0,ENSGALG00000033110,-2.365373050858356,-4.220125420220954
ENSGALG00010027883,ATP8B2,25,0,ENSGALG00000034501,-2.286567329134367,-5.25322334827188
ENSGALG00010028588,ABHD8,28,0,ENSGALG00000036297,-2.0900343142434097,
ENSGALG00010022774,A1CF,6,0,ENSGALG00000003765,-0.27879193406476355,-0.1079735873851368
ENSGALG00010024393,OGFOD1,11,0,ENSGALG00000003071,-2.420327227099714,0.0295698294315422
ENSGALG00010022840,MARVELD1,6,0,INRAGALG00000015020;ENSGALG00000032206,-1.4947720646348195,
ENSGALG00010024872,RUNDC3A,27,0,ENSGALG00000026518,-3.261757410602311,
ENSGALG00010027811,MEX3D,28,0,ENSGALG00000052296,-2.6651606520358557,
ENSGALG00010022544,SPICE1,1,0,ENSGALG00000045606;ENSGALG00000050620;ENSGALG00000049892;ENSGALG00000052278,-1.5556232116042623,
ENSGALG00010021919,PARVA,5,0,ALDBGALG0000004725;ENSGALG00000005438;INRAGALG00000013533,-0.9953720511248326,
ENSGALG00010021789,CHD9,11,0,ENSGALG00000039178;ENSGALG00000053471,-0.8079702783614605,
ENSGALG00010023002,ATG16L2,9,0,ENSGALG00000001619;ENSGALG00000040699;ENSGALG00000035412,-1.5001514359374433,
ENSGALG00010028458,TRAF2,17,0,ENSGALG00000042838,-1.7398134271115118,-1.4522652596954406
ENSGALG00010024884,ZBTB46,20,0,ENSGALG00000006062;ENSGALG00000031365,-1.985641273450078,
ENSGALG00010018847,CGRRF1,5,0,ENSGALG00000012206,-0.6141389441299746,-0.1397825090422766
ENSGALG00010021556,CAMK1,12,0,ENSGALG00000029912,-2.3041786523249805,-2.1425106440592563
ENSGALG00010023233,SEZ6L,15,0,ENSGALG00000032415,-2.5674142798835193,
ENSGALG00010028604,PI4KB,25,0,ENSGALG00000031784;ENSGALG00000024034,-2.6521275081625952,
ENSGALG00010025303,TMCC2,26,0,ENSGALG00000034281,-3.102276661047315,-2.9416003890606985
ENSGALG00010027914,BTBD2,28,0,ENSGALG00000001019,-1.573110131630739,-1.3766497384431484
ENSGALG00010024042,DCPS,24,0,ENSGALG00000031143,-1.8351507156670297,-0.9212450779236868
ENSGALG00010027721,SUSD3,12,0,ENSGALG00000025886,-1.5021987590769343,-1.0407760297572193
ENSGALG00010019079,CAPG,22,0,ENSGALG00000036175,-2.714130381682345,-1.2974036913067877
ENSGALG00010018075,MLST8,14,0,ENSGALG00000005878,-1.6411410206060468,-2.5628187331943733
ENSGALG00010019403,TMEM206,3,0,NONGGAG003440;ENSGALG00000025222;ENSGALG00000009822,-0.5065817043357523,
ENSGALG00010021980,GLMN,8,0,ENSGALG00000005959,-0.45416756774438427,0.8544151516479672
ENSGALG00010027918,CSNK1G2,28,0,ENSGALG00000027540;INRAGALG00000022731;INRAGALG00000022730;INRAGALG00000009793;INRAGALG00000009794;INRAGALG00000009795;INRAGALG00000009796;INRAGALG00000009797,-1.732750499360138,
ENSGALG00010019967,CEP170B,5,0,ENSGALG00000041565;ENSGALG00000011639;ENSGALG00000042835,-1.7289245380024816,
ENSGALG00010022828,PRKG1,6,0,ENSGALG00000053749;ENSGALG00000050983;ENSGALG00000003805;ENSGALG00000038293,-0.7356864516872869,
ENSGALG00010029268,PCTP,18,0,ENSGALG00000003099,0.06989458284704697,0.8702358790319302
ENSGALG00010022396,PPP1R1C,7,0,ENSGALG00000008896,-2.297301114059037,-1.2930132978143376
ENSGALG00010025190,PRR5L,5,0,ENSGALG00000007920,-2.088647012385416,-2.3223975813156605
ENSGALG00010022090,TRRAP,14,0,ENSGALG00000003596,-0.6457827359281665,-1.550723439473489
ENSGALG00010019713,NUDT14,5,0,ENSGALG00000028940,-0.31196941095206443,0.1712675735541181
ENSGALG00010029321,TBX2,19,0,ENSGALG00000034297;INRAGALG00000006080,-2.3122861995454262,
ENSGALG00010024963,TNFRSF6B,20,0,ENSGALG00000006106,-2.8326702057566466,
ENSGALG00010022858,HERC4,6,0,ENSGALG00000003861;ENSGALG00000048505;ENSGALG00000047312;ENSGALG00000025300,0.06909493301812664,
ENSGALG00010022406,SSFA2,7,0,ENSGALG00000008903,-1.8905923967560665,-2.4939704207528
ENSGALG00010029780,TEX14,19,0,ENSGALG00000051549;ENSGALG00000005037;ENSGALG00000053144;ENSGALG00000025958;ENSGALG00000051839;INRAGALG00000006069;INRAGALG00000006071,-1.202896119971388,
ENSGALG00010029749,ASPA,19,0,ENSGALG00000004669,0.3758895131752972,0.4708594942876381
ENSGALG00010028026,ANKMY1,17,0,ENSGALG00000033920,-0.7601589241785223,-5.269830490381056
ENSGALG00010022656,FKBP10,27,0,ENSGALG00000025764,-2.330687938562126,-0.991253204608332
ENSGALG00010027146,KXD1,28,0,ENSGALG00000036736,-2.3148044506355534,-2.781762424738456
ENSGALG00010024451,PHOSPHO1,27,0,ENSGALG00000033683,-1.2901360847272971,-2.614611759279424
ENSGALG00010024966,AGAP3,2,0,ENSGALG00000043576,-2.8258561201097105,
ENSGALG00010019613,FRMD6,5,0,ENSGALG00000012374,-2.6950610607467906,-2.39455261125307
ENSGALG00010027229,MDM4,26,0,ENSGALG00000000636;INRAGALG00000009469;INRAGALG00000009470,-1.2303981351436872,
ENSGALG00010018383,METRN,14,0,ENSGALG00000052388,-3.114824619379619,
ENSGALG00010029948,MYADML2,18,0,ENSGALG00000029882,-0.8545422184138572,
ENSGALG00010024352,MAP6D1,9,0,,-2.41029831681365,
ENSGALG00010026277,SMARCD2,27,0,ENSGALG00000029304,-2.1619329266015357,-1.5286418272982796
ENSGALG00010021146,AP5Z1,14,0,ENSGALG00000040528,-2.1743358921580986,-1.3968640371781915
ENSGALG00010025330,USH1C,5,0,ENSGALG00000006192;ENSGALG00000054690,-0.2233283307883004,
ENSGALG00010023068,CDPF1,1,0,,-1.281567811928178,
ENSGALG00010021874,TMCC1,12,0,ENSGALG00000008487;NONGGAG008042;INRAGALG00000004516;INRAGALG00000004517;INRAGALG00000004518;INRAGALG00000004519,-1.902943108409925,
ENSGALG00010025791,FIGN,7,0,ENSGALG00000011069,-1.4685887738208807,-1.759361130846885
ENSGALG00010020345,AGBL1,10,0,ENSGALG00000006819;ENSGALG00000050171;ENSGALG00000053174,-1.2861665982325086,
ENSGALG00010018258,OSCP1,23,0,ENSGALG00000032925;ENSGALG00000002123,-1.156737776461342,
ENSGALG00010021797,SLC25A34,21,0,ENSGALG00000033034,-2.0612795224525615,-4.313818267806907
ENSGALG00010024814,APBA2,10,0,ENSGALG00000003930,-0.6749292249300479,
ENSGALG00010027304,PTPN23,2,0,ENSGALG00000038522;ENSGALG00000051792;ENSGALG00000050691,-2.293874462442167,
ENSGALG00010024655,IGF2BP2,9,0,ENSGALG00000033195,-1.7828809735383442,-1.928041729566862
ENSGALG00010019418,ZNF703,22,0,ENSGALG00000034229;INRAGALG00000009014,-2.7106978706930773,
ENSGALG00010021299,CYP27C1,7,0,ENSGALG00000011532;ALDBGALG0000005191,-0.7877959496099913,
ENSGALG00010029145,RC3H2,17,0,NONGGAG001840;ENSGALG00000001253;ENSGALG00000025165;ENSGALG00000025501;INRAGALG00000005657;INRAGALG00000005658;INRAGALG00000005659,-1.122131961875155,
ENSGALG00010020282,MAGI1,12,0,ENSGALG00000007431,-2.1150223833775974,-2.600362930595978
ENSGALG00010023998,GSC2,15,0,ENSGALG00000044245,-3.1315703244557924,
ENSGALG00010021774,FBXL20,27,0,ENSGALG00000001682,-2.46945639025552,-2.064769506435964
ENSGALG00010024638,ZNF507,11,0,ENSGALG00000004532,-1.062834550920552,-0.0960313445223827
ENSGALG00010029682,CDR2L,18,0,ENSGALG00000026295,-3.1692944085260497,
ENSGALG00010025520,ACOT11,8,0,ENSGALG00000010785,-2.2435057374120677,-2.104774688310674
ENSGALG00010024813,RNF168,9,0,ENSGALG00000006392,-1.7557470366610324,-0.8422422861931775
ENSGALG00010018026,CCDC39,9,0,ENSGALG00000054444;ENSGALG00000052252;ENSGALG00000021855,-1.0631186914317412,
ENSGALG00010028783,DDX31,17,0,ENSGALG00000041473,-1.199731718649034,-0.928219581199632
ENSGALG00010027562,SLC39A3,28,0,ENSGALG00000020582,-1.9091446942310273,-1.076587910286784
ENSGALG00010023438,HOXB2,27,0,ENSGALG00000025774,-2.520795869241921,-3.152329724103133
ENSGALG00010027183,CD34,26,0,ENSGALG00000001177,-2.9302864031785933,-0.5124770317428483
ENSGALG00010028169,DNLZ,17,0,ENSGALG00000048117,-2.4594211628369878,
ENSGALG00010018229,AS3MT,6,0,ENSGALG00000008133,-1.8976018782306188,-1.0169806691522614
ENSGALG00010021175,IPO7,5,0,ENSGALG00000005807;ENSGALG00000017862,-0.3902591228069214,
ENSGALG00010028009,RRP9,12,0,ENSGALG00000043359,-2.071079404046386,-1.8204564205626783
ENSGALG00010021782,ADAM11,27,0,ENSGALG00000035673;ENSGALG00000053242,-2.3475705902602715,
ENSGALG00010019307,ATF3,3,0,ENSGALG00000049422,-0.9588356513544896,
ENSGALG00010021148,GPATCH8,27,0,ENSGALG00000041556;ENSGALG00000028331,-2.609762033452575,
ENSGALG00010027256,PHTF1,26,0,ENSGALG00000001845,-1.1832251463044814,-3.4639180570510577
ENSGALG00010027334,PRCC,25,0,ENSGALG00000040696,-1.8572724293834457,-1.9741931825331576
ENSGALG00010025355,STAT6,34,0,ENSGALG00000048759;ENSGALG00000051500;INRAGALG00000021518;INRAGALG00000021517,-2.9461846244612606,
ENSGALG00010021693,PPA1,6,0,ENSGALG00000004442,-0.39950755305394475,0.3681237871760202
ENSGALG00010027324,PIK3R2,28,0,ENSGALG00000003428,-2.6230137109641927,-3.01280371630015
ENSGALG00010023075,PKDREJ,1,0,ENSGALG00000051852,-0.6961446003630625,
ENSGALG00010024146,,5,0,INRAGALG00000013658,-3.10520591997735,
ENSGALG00010024702,C1orf106,26,0,ENSGALG00000044612,-3.0261584972812217,
ENSGALG00010027130,NCKIPSD,12,0,ENSGALG00000005713,-2.358987349803095,-2.207410826231344
ENSGALG00010024965,STAT2,34,0,ENSGALG00000030661,-3.3500768565371666,-3.062987438287257
ENSGALG00010023833,PIP4K2C,34,0,ENSGALG00000031640,-2.2517253230436958,
ENSGALG00010018852,NDUFB10,14,0,ENSGALG00000005465,-1.2161136976118945,-0.4575104366133411
ENSGALG00010021817,EVI5,8,0,ENSGALG00000029582,-1.1851332779938293,-1.4428194727975048
ENSGALG00010022520,TMOD2,10,0,ENSGALG00000004740,-0.755477631529651,
ENSGALG00010027332,HDGF,25,0,ENSGALG00000032847,-2.1154308226395444,-2.0059269048991006
ENSGALG00010027102,DUS3L,28,0,ENSGALG00000001800,-1.514411830022817,-1.926932196299785
ENSGALG00010023931,CSRNP2,34,0,INRAGALG00000023747;INRAGALG00000023748;ENSGALG00000032004,-2.9451595239629813,
ENSGALG00010021181,DAGLA,5,0,ENSGALG00000036492,-1.856383247533838,-3.696159152389516
ENSGALG00010017826,PABPC4,23,0,ENSGALG00000003800;ENSGALG00000017846;ENSGALG00000017847;ENSGALG00000017848,-0.5228861305381312,
ENSGALG00010024977,LRP3,11,0,ENSGALG00000004839;ENSGALG00000004853,-1.687558915361005,
ENSGALG00010027164,CR1,26,0,,-1.7680458345280958,
ENSGALG00010024391,TBC1D2B,10,0,INRAGALG00000003430;INRAGALG00000003431;ENSGALG00000003322,-1.4094591417149966,
ENSGALG00010029300,TEKT1,19,0,ENSGALG00000006064,-0.8778386571577796,
ENSGALG00010018363,TCTE1,3,0,ENSGALG00000010165,-2.1052981368657036,
ENSGALG00010029345,RILP,19,0,ENSGALG00000002843,-3.089784138364635,-2.8978485211483034
ENSGALG00010019213,RHBDF1,14,0,ENSGALG00000007434;INRAGALG00000005104;INRAGALG00000005106;INRAGALG00000005107;INRAGALG00000005108;INRAGALG00000005109;INRAGALG00000005110;INRAGALG00000005111;INRAGALG00000101601,-1.51235012827809,
ENSGALG00010022085,MLLT6,27,0,ENSGALG00000034693;ENSGALG00000025474,-3.124868623568487,
ENSGALG00010020183,XPNPEP1,6,0,ENSGALG00000008523,-0.4652284003238482,-4.436751927469618e-05
ENSGALG00010024431,FEZ1,24,0,ENSGALG00000038885,-2.911307113696498,-4.136629020150169
ENSGALG00010027169,ABCB8,2,0,ENSGALG00000031243,-2.485188785239666,-2.6932567501585623
ENSGALG00010025508,PTTG1IP,9,0,,-1.9500851696820645,
ENSGALG00010019390,TVP23A,14,0,ENSGALG00000007216,-0.8999972049848742,-2.6492859614242947
ENSGALG00010018259,WDR90,14,0,ENSGALG00000028172,-2.185087015810465,-4.373745112323201
ENSGALG00010027268,UQCRC1,12,0,ENSGALG00000005789,-0.852464643343038,-0.335833769851763
ENSGALG00010020101,KIF15,2,0,ENSGALG00000036645,-1.1920127063669839,
ENSGALG00010021164,SLC41A3,12,0,ENSGALG00000034289,-0.8055515426140327,-1.6379266798482903
ENSGALG00010021636,C1orf159,21,0,ENSGALG00000027363,-0.58129109152591,0.1322574869520461
ENSGALG00010028584,LRRC8A,17,0,ENSGALG00000004573;ENSGALG00000028013,-1.169441577888452,
ENSGALG00010018027,EML5,5,0,INRAGALG00000104534;ENSGALG00000010639,-0.08899839599534476,
ENSGALG00010018758,TNFRSF9,21,0,ENSGALG00000052935,-1.9746970312926466,
ENSGALG00010022900,MMP17,15,0,ENSGALG00000002461;INRAGALG00000005241,-1.6992639538228502,
ENSGALG00010022669,MANSC4,1,0,ENSGALG00000026372,-1.0058008489681347,
ENSGALG00010021414,BUD31,14,0,ENSGALG00000004705,-1.1978482296258797,0.3773878820856507
ENSGALG00010020098,GABRD,21,0,ENSGALG00000030856;ENSGALG00000001282,-0.41163000141649264,
ENSGALG00010021100,EMC7,5,0,ENSGALG00000009637,-0.4541569145059124,0.3756346114612378
ENSGALG00010024896,RNF41,34,0,ENSGALG00000032819,-2.308707244104523,-3.2827363220013246
ENSGALG00010029602,MTMR4,19,0,ENSGALG00000001042;ENSGALG00000032652,-2.0620800693567554,
ENSGALG00010019625,INTS1,14,0,ENSGALG00000004104,-1.716558609801515,-1.7436768800026798
ENSGALG00010022528,SIDT1,1,0,ENSGALG00000014812,-0.8551942013182465,-1.627357325702894
ENSGALG00010018046,CAPN15,14,0,ENSGALG00000002018,-2.6011683198291045,-3.556309603237518
ENSGALG00010020820,VWA5B1,21,0,ENSGALG00000053608,-2.689155656137648,
ENSGALG00010028190,ILF2,25,0,ENSGALG00000011570,-1.9081442600459035,-1.320974133386192
ENSGALG00010020437,SNX4,7,0,ENSGALG00000012052,-0.99653907933646,-0.4415050008603222
ENSGALG00010024045,PSTPIP1,10,0,ENSGALG00000002786,-0.8178411631073966,-2.266821423215358
ENSGALG00010022159,KIAA2013,21,0,ENSGALG00000004533;INRAGALG00000008912,-1.8882474542512862,
ENSGALG00010021241,TMEM43,12,0,ENSGALG00000006345,-0.7199790693198991,0.2553093721664792
ENSGALG00010025071,CDK15,7,0,ENSGALG00000008428,-1.5131920936993906,
ENSGALG00010024696,TRADD,11,0,ENSGALG00000003195,-2.44356691740879,-0.866055040325333
ENSGALG00010022930,GTF2B,8,0,ENSGALG00000006205,0.1685665139776219,0.6380558534514016
ENSGALG00010021535,SUSD6,5,0,ENSGALG00000009428,-1.3271243154121355,-1.1373601301094838
ENSGALG00010029413,B3GNTL1,18,0,ENSGALG00000001433,-0.8040929272910179,-2.18270701729539
ENSGALG00010021580,KCTD10,15,0,ENSGALG00000005138,-1.240111626880295,-0.2815131471894349
ENSGALG00010021092,VPS13D,21,0,ENSGALG00000034777,-0.8635317736500394,-1.346765655036844
ENSGALG00010022809,MYO1E,10,0,NONGGAG000922;ENSGALG00000004150,-0.37953080233171516,
ENSGALG00010020285,ADAMTS14,6,0,ENSGALG00000039219,-2.633645496765484,
ENSGALG00010018986,CTDSP1,7,0,ENSGALG00000027768;ENSGALG00000028051,-2.2542367579549722,
ENSGALG00010022652,CARMIL2,11,0,ENSGALG00000021442,-2.8978060077278855,-4.295381378403231
ENSGALG00010028096,TOR2A,17,0,ENSGALG00000026424,-2.159387133429546,-1.4677876082827748
ENSGALG00010028023,,28,0,,-3.080025432255585,
ENSGALG00010021450,OLFML1,5,0,ENSGALG00000027184,0.41755949028601724,0.83938340059312
ENSGALG00010029695,TAOK1,19,0,ENSGALG00000004082,-1.642119505837642,-2.1747162450651123
ENSGALG00010024818,FBXO3,5,0,ENSGALG00000034029,-0.48024807761501037,0.2767863801746958
ENSGALG00010027822,DPH7,17,0,ENSGALG00000008750,-1.8584665397201898,-2.1983137653400027
ENSGALG00010025063,TEX12,24,0,ENSGALG00000048129,-1.7717958413442312,
ENSGALG00010025907,ARHGEF12,24,0,ENSGALG00000006663,-1.6840025060473787,-3.6381081211020856
ENSGALG00010023126,CGNL1,10,0,ENSGALG00000004294,-1.2101155809994713,-0.8199304048673373
ENSGALG00010027901,MOB3A,28,0,ENSGALG00000031729,-1.410302226648148,-1.3813760100154349
ENSGALG00010026173,CDK12,27,0,ENSGALG00000001731,-2.1970621095327316,-2.6653732237489924
ENSGALG00010018288,CRNKL1,3,0,ENSGALG00000008429,-0.0365834610968514,0.5550380986439192
ENSGALG00010023363,CPEB1,10,0,ENSGALG00000002150,-1.7914168805319468,-2.892013249904364
ENSGALG00010022532,CBX5,34,0,INRAGALG00000103780;ENSGALG00000036856,-1.580076597045565,
ENSGALG00010021173,KLF15,12,0,ENSGALG00000036133;ALDBGALG0000001456;ENSGALG00000034962;ENSGALG00000042231;INRAGALG00000004384,-1.5359239526165882,
ENSGALG00010022958,SFSWAP,15,0,ENSGALG00000002487,-1.0072061182806216,-2.049607730703693
ENSGALG00010018022,XPO6,14,0,ENSGALG00000035360,-2.130445740076356,-2.692773373465919
ENSGALG00010022022,STAMBPL1,6,0,ENSGALG00000006331,-0.7598385932052709,-0.5827007557926486
ENSGALG00010025042,BCO2,24,0,ENSGALG00000007868,-1.159186386238669,-1.4906587991142808
ENSGALG00010018361,ASIC4,7,0,ENSGALG00000011250,-2.372167739682472,
ENSGALG00010021051,GDE1,14,0,INRAGALG00000005046;INRAGALG00000005047;ENSGALG00000006916,-1.0978535549259978,
ENSGALG00010029734,SEC14L1,18,0,ENSGALG00000001684,-0.8908932016899517,-0.286861893231182
ENSGALG00010029534,NF1,19,0,ENSGALG00000005660,-0.7194194426623797,-1.523357747588443
ENSGALG00010018335,AQP8,14,0,ENSGALG00000053053,-1.777724154716485,
ENSGALG00010018351,RIN2,3,0,INRAGALG00000103181;ENSGALG00000042483;ENSGALG00000008457,-1.2027455944461547,
ENSGALG00010025855,CPO,7,0,ENSGALG00000008516,-0.8259352249680133,
ENSGALG00010018241,RALGAPA2,3,0,ENSGALG00000044730;NONGGAG009146;ENSGALG00000032964;ENSGALG00000025266;INRAGALG00000009952;ENSGALG00000041287,-0.9549514489102684,
ENSGALG00010017955,IKBKB,22,0,,-1.4495167888376548,
ENSGALG00010028362,TMPRSS9,28,0,ENSGALG00000000458,-1.8390570841645268,
ENSGALG00010029173,ZNHIT3,19,0,ENSGALG00000026031,-1.8723350407496349,-2.216953050688463
ENSGALG00010024674,DHH,34,0,ENSGALG00000031707,-2.4010924902290274,-3.2862685898479054
ENSGALG00010021011,SCARB1,15,0,ENSGALG00000046226,-1.41399154306104,-0.7979957082782583
ENSGALG00010024539,RAPGEFL1,27,0,ENSGALG00000035690;ENSGALG00000052417,-2.991661200167741,
ENSGALG00010022279,EP400,15,0,ENSGALG00000002336,-1.1477578561941106,-1.777299661249545
ENSGALG00010029406,TMEM199,19,0,ENSGALG00000023757,-2.3967307626493324,-1.574099241754385
ENSGALG00010028028,C19orf24,28,0,ENSGALG00000029614,-2.3268912451568196,-1.5399322615069329
ENSGALG00010020520,ARHGAP22,6,0,ALDBGALG0000005052;ENSGALG00000006137;ENSGALG00000054917,-2.0522125970589076,
ENSGALG00010017927,PCSK2,3,0,ENSGALG00000008734,-0.6380445781789628,-1.0083737102229866
ENSGALG00010020402,SLC3A1,3,0,ENSGALG00000009973,-0.3576375916979281,0.3244421161951713
ENSGALG00010024533,CDKN2C,8,0,INRAGALG00000016318;ENSGALG00000010537,-1.75519561438343,
ENSGALG00010018057,SSTR4,3,0,ENSGALG00000008362,-2.2426546088141923,
ENSGALG00010028585,FAM63A,25,0,ENSGALG00000028499,-2.5519917563909864,-3.8036209383975432
ENSGALG00010024677,LMBR1L,34,0,ENSGALG00000037665,-2.11727646286122,-2.591661436441611
ENSGALG00010021514,TPR,8,0,ENSGALG00000005105,-1.4033370901395592,-0.6889136821447545
ENSGALG00010027913,PYGO2,25,0,ENSGALG00000051065,-2.1304366396999592,
ENSGALG00010018166,MSS51,14,0,ENSGALG00000002597,-1.8123731148056148,
ENSGALG00010017941,DIS3L,10,0,ENSGALG00000007643,-0.7744129573406393,-0.9133743105003256
ENSGALG00010018502,ARHGEF10L,21,0,ENSGALG00000043128;INRAGALG00000008806,-2.307477326848776,
ENSGALG00010029456,RNF157,18,0,ENSGALG00000002008,-2.7943808137394646,
ENSGALG00010025080,BAZ2A,34,0,ENSGALG00000052945;ENSGALG00000029588;ENSGALG00000052195,-3.049375051362085,
ENSGALG00010024152,ZNF423,11,0,INRAGALG00000003877;ENSGALG00000003891,-1.97384152271859,
ENSGALG00010024962,MAB21L4,9,0,ENSGALG00000006044,-2.9259665099676626,
ENSGALG00010028903,ASTN2,17,0,ENSGALG00000007038;ENSGALG00000053817,-2.591566428587535,
ENSGALG00010019346,POU3F4,4,0,ALDBGALG0000004278;ENSGALG00000029329,-2.939931975181878,
ENSGALG00010029354,TLCD2,19,0,ENSGALG00000021592;INRAGALG00000101928;INRAGALG00000006017;INRAGALG00000006019;ENSGALG00000024507,-1.2754517894990007,
ENSGALG00010019581,SLC35B2,3,0,ENSGALG00000010174;ENSGALG00000047531,-0.9821811939200655,
ENSGALG00010018193,ANK1,22,0,ENSGALG00000003594;ENSGALG00000025684,-2.1113730837764653,
ENSGALG00010021978,NR2C2,12,0,ENSGALG00000008519,-0.3181617390351801,-1.7775541494777696
ENSGALG00010018083,PAX1,3,0,,-2.330951487775794,
ENSGALG00010019474,TMEM163,7,0,ENSGALG00000012190,-0.4399844085042367,
ENSGALG00010019495,EMP2,14,0,ENSGALG00000050207,0.5750851533502009,
ENSGALG00010022065,PABPC1L,20,0,ENSGALG00000004123,-1.625016847629844,-3.4348246763426777
ENSGALG00010017882,LZTS3,4,0,ENSGALG00000016001;INRAGALG00000013373;ENSGALG00000047030;INRAGALG00000013376;INRAGALG00000013377,-2.5613944539285747,
ENSGALG00010029392,RTN4RL1,19,0,ENSGALG00000021589,-2.455438159891004,
ENSGALG00010028692,RALGPS1,17,0,ENSGALG00000000906;INRAGALG00000020352,-0.9486152318733911,
ENSGALG00010027471,SDHC,25,0,ENSGALG00000054449,-1.8067583798463094,
ENSGALG00010020293,SEMA4B,10,0,ENSGALG00000008297,-2.628374280660976,-2.8389101999489084
ENSGALG00010019325,SLITRK4,4,0,ENSGALG00000007242,-0.9533967062415329,
ENSGALG00010024797,IKZF4,34,0,ENSGALG00000035734,-2.611585399760437,-4.779521126574921
ENSGALG00010019600,MAP3K19,7,0,ENSGALG00000054339;ENSGALG00000028457,-0.49566958165293173,
ENSGALG00010022950,ITGA7,34,0,ENSGALG00000035879,-2.5546393239912675,
ENSGALG00010028626,CRAT,17,0,ENSGALG00000037443;INRAGALG00000020989,-1.0653248149838301,
ENSGALG00010020283,FBXO42,21,0,ENSGALG00000003731,-2.020453957275524,-2.821412206786688
ENSGALG00010024631,EPB41L1,20,0,ENSGALG00000034171,-1.9718904207053822,
ENSGALG00010020393,SHISA9,14,0,ENSGALG00000035799,-1.133289963291528,
ENSGALG00010025438,EXOSC6,11,0,ENSGALG00000050575,-2.6512444544024936,
ENSGALG00010018434,HSPBAP1,7,0,ENSGALG00000011677,-1.0756812070750406,-1.737866128445846
ENSGALG00010023375,ST14,24,0,ENSGALG00000001331,-1.823356446224026,-2.200824852186699
ENSGALG00010022079,ABI2,7,0,ENSGALG00000008714;INRAGALG00000015504,-1.2301959752776397,
ENSGALG00010024483,ALX3,26,0,,-2.6981960288480327,
ENSGALG00010028182,SMG5,25,0,ENSGALG00000029918;ENSGALG00000049544;ENSGALG00000054006,-2.1112743473932287,
ENSGALG00010019799,DOK2,22,0,ENSGALG00000053321,-2.7661513232055563,
ENSGALG00010020568,PLA2G4F,5,0,ENSGALG00000043591,-1.030161952097116,
ENSGALG00010028070,MEX3A,25,0,ENSGALG00000014016;ENSGALG00000040524;ALDBGALG0000003198,-2.4171425250634924,
ENSGALG00010019509,ZNF106,5,0,ENSGALG00000009081,-1.349036804886309,-1.9998358766152091
ENSGALG00010025628,SCN3A,7,0,ENSGALG00000053819;ENSGALG00000011040,0.25743214586761753,
ENSGALG00010021494,SLC2A10,20,0,,-1.0575115661049224,
ENSGALG00010020779,SLC15A4,15,0,ENSGALG00000002695,-0.40976052305317784,-0.1364691180506862
ENSGALG00010027547,B4GALT3,25,0,ENSGALG00000030605,-2.4842935717765324,
ENSGALG00010019926,KIF7,10,0,ENSGALG00000006611,-3.1251947459974794,-3.295790012508153
ENSGALG00010017957,THUMPD1,14,0,ENSGALG00000053304;ENSGALG00000031384,-1.4831329363437002,
ENSGALG00010028329,HAPLN2,25,0,INRAGALG00000009387;ENSGALG00000013234,-2.404891072468009,
ENSGALG00010019524,HHIPL2,3,0,ENSGALG00000045729,-0.30334987743736164,
ENSGALG00010018355,PRKCB,14,0,ENSGALG00000037943;ENSGALG00000025156,-1.3805260277692892,
ENSGALG00010025069,PODN,8,0,INRAGALG00000105019;ENSGALG00000021869,-1.6252504832753703,
ENSGALG00010029934,TEKT3,18,0,ENSGALG00000001348,-2.5248017581850024,
ENSGALG00010017891,GOLGA7B,6,0,ENSGALG00000031372,-2.817423854944987,
ENSGALG00010027641,HYAL3,12,0,ENSGALG00000029000;ENSGALG00000049722,-2.59107664459587,
ENSGALG00010029308,GAA,18,0,ENSGALG00000038853,-2.3506225033362798,-1.8790922331992213
ENSGALG00010019692,MMEL1,21,0,ENSGALG00000001115,-0.4269999441941031,
ENSGALG00010029751,SPATA22,19,0,ENSGALG00000049567,-0.6430211117197489,
ENSGALG00010017829,TRNP1,23,0,ENSGALG00000047327,-2.1045998851941534,
ENSGALG00010019221,VASH2,3,0,ENSGALG00000020067,-1.7347754874972026,-3.173719791596337
ENSGALG00010022806,SPPL3,15,0,ENSGALG00000039342;ENSGALG00000006979,-0.6683557262239277,
ENSGALG00010025028,HES6,9,0,ENSGALG00000048261,-3.048603728085974,
ENSGALG00010024604,MFSD5,34,0,ENSGALG00000033927,-2.664733200657269,-3.2537156747862754
ENSGALG00010018380,SLC20A1,22,0,ENSGALG00000013740;ENSGALG00000041161,-2.0527004949068663,
ENSGALG00010020548,CMTR1,3,0,ENSGALG00000010149,-1.1019810085085049,-0.7644521495737647
ENSGALG00010024532,TMEM86A,5,0,ENSGALG00000047827,-0.45367312661486486,
ENSGALG00010021491,SLC10A1,5,0,,-0.23833387556733943,
ENSGALG00010029242,DERL2,19,0,ENSGALG00000041844,-0.8368656062145964,-0.198028410417645
ENSGALG00010026298,SNF8,27,0,ENSGALG00000001309,-0.6177897384177002,-0.4060677851522408
ENSGALG00010020360,ABCG8,3,0,ENSGALG00000009958,-0.5818192713912623,0.1755065458088407
ENSGALG00010023056,SAG,9,0,ENSGALG00000001696,-0.9268099094259021,
ENSGALG00010022804,SNX19,24,0,ENSGALG00000047156;ENSGALG00000001425,-2.6326588911255033,
ENSGALG00010023354,SEPTIN2,9,0,ENSGALG00000005809;ENSGALG00000031942,-0.23894881332178175,
ENSGALG00010018064,TTC8,5,0,ENSGALG00000010663,-0.5169220015034897,-0.2806695865801649
ENSGALG00010026759,OMA1,8,0,ENSGALG00000010861,-1.0774659906311719,0.6241103393435654
ENSGALG00010029741,EMC6,19,0,ENSGALG00000026492,-0.8471420390799329,-1.8239532747334368
ENSGALG00010024625,SPRYD3,34,0,ENSGALG00000031222,-2.3210792624854144,-2.670281095607041
ENSGALG00010029426,ZNF750,18,0,ENSGALG00000001518,-1.238080640550134,
ENSGALG00010024679,MSL1,27,0,ENSGALG00000030739,-2.951689507561164,-4.662255011406916
ENSGALG00010018179,PRADC1,4,0,ENSGALG00000016089,-1.5567926648713186,-1.0779086998667176
ENSGALG00010027628,C9orf116,17,0,ENSGALG00000040773,-2.2625083051136436,-0.0675051939178863
ENSGALG00010020428,SEMA4C,22,0,ENSGALG00000055081,-2.5443719218161487,
ENSGALG00010024946,KIF1A,9,0,ENSGALG00000006221,-2.433254323861428,-3.016489119503244
ENSGALG00010024701,EIF2B1,15,0,ENSGALG00000003259,-1.0779056165179406,0.8252542704231857
ENSGALG00010018025,CPTP,21,0,ENSGALG00000028898,-2.6719491870801453,-1.739305480049572
ENSGALG00010024608,DENND2D,26,0,ENSGALG00000000154,-2.210300849958813,-1.7494593825904143
ENSGALG00010024139,SLC67A1,5,0,ENSGALG00000006454,-0.7418653609156998,-0.2709983855160048
ENSGALG00010018283,POF1B,4,0,ENSGALG00000006919,-2.2395995482017206,-3.373789774336662
ENSGALG00010024538,,8,0,,-0.6883618638382664,
ENSGALG00010020362,CDS2,22,0,ENSGALG00000030406,-1.0285550065913558,0.0233590724003179
ENSGALG00010025430,IRX5,11,0,ENSGALG00000003588,-1.9129319624483578,
ENSGALG00010023749,RPP25,10,0,ENSGALG00000052307,-2.4232153653938866,
ENSGALG00010024863,LMOD1,26,0,ENSGALG00000028721,-2.0783559505681,-1.3029173813585295
ENSGALG00010024011,AGPS,7,0,ENSGALG00000009236;INRAGALG00000015542,0.08122745902659312,
ENSGALG00010018790,PRR35,14,0,ENSGALG00000001994,-2.4551034271541328,
ENSGALG00010019277,IGFBP5,7,0,ENSGALG00000011468;ENSGALG00000031398,-2.7859879082601706,
ENSGALG00010019557,TRIM9,5,0,ENSGALG00000012367;ENSGALG00000025508,-2.43434726454501,
ENSGALG00010023677,MN1,15,0,ALDBGALG0000001800;INRAGALG00000020510;ENSGALG00000026119,-2.6187118643432523,
ENSGALG00010024233,FAIM2,34,0,ENSGALG00000031615,-0.9875611940520792,
ENSGALG00010018366,MARCHF4,7,0,NONGGAG005007;ENSGALG00000029675,-1.7734305271224868,
ENSGALG00010027254,INSR,28,0,ENSGALG00000041282;ENSGALG00000040758,-1.439547022262407,
ENSGALG00010017888,MPLKIP,2,0,ENSGALG00000031294,-1.5248313052936893,-0.9171801976293108
ENSGALG00010029603,RHBDL3,18,0,NONGGAG001913;ENSGALG00000003426,-0.892854070681019,
ENSGALG00010017930,TSC2,14,0,ENSGALG00000005646,-1.2732974573911076,-1.5174948267069568
ENSGALG00010028595,SCNM1,25,0,ENSGALG00000046607,-2.380973303141887,-3.654976629491324
ENSGALG00010022135,CHST1,5,0,ENSGALG00000008440,-2.631208110508966,
ENSGALG00010027911,PTPN22,26,0,ENSGALG00000021656,-1.8145098585874826,-2.495995285087381
ENSGALG00010017849,FBXO48,3,0,ENSGALG00000008753,-1.3075780493771905,-1.1975671766454632
ENSGALG00010021068,MAFIP,14,0,ENSGALG00000005247,-1.3846071459853386,
ENSGALG00010019854,CCDC14,7,0,ENSGALG00000044814,-1.2104000112532565,-1.3104606125643197
ENSGALG00010029411,SARM1,19,0,ENSGALG00000003595;ENSGALG00000050176,-2.479815472597314,
ENSGALG00010017852,LETM2,22,0,ENSGALG00000036049,-1.9825956409071197,-3.064582978802183
ENSGALG00010027907,MKNK2,28,0,ENSGALG00000003845,-2.999643298986606,-3.235129120663358
ENSGALG00010022105,DLG5,6,0,ENSGALG00000043018,-1.064141889059095,-2.374550237951148
ENSGALG00010025301,MORN3,15,0,ENSGALG00000004247;INRAGALG00000005277,-0.742221593790551,
ENSGALG00010019977,ZMIZ1,6,0,ENSGALG00000004850;ENSGALG00000025404;INRAGALG00000014839,-1.3715733447734955,
ENSGALG00010027147,KMT2C,2,0,ENSGALG00000049653;INRAGALG00000006275;INRAGALG00000006278,-1.2416377951788173,
ENSGALG00010021661,DUSP16,1,0,ENSGALG00000028155;INRAGALG00000100723;INRAGALG00000001288;INRAGALG00000001289,-2.093615709267153,
ENSGALG00010029414,SLC13A2,19,0,ENSGALG00000003647,-0.6493721448396566,
ENSGALG00010029778,DOC2B,19,0,ENSGALG00000004917,-1.883624163272053,
ENSGALG00010021434,ANKZF1,7,0,ENSGALG00000011332,-2.6802118771507892,-2.220573607765702
ENSGALG00010024366,PARD6A,11,0,ENSGALG00000001214;INRAGALG00000003777,-3.1590018336434156,
ENSGALG00010022890,MYPN,6,0,INRAGALG00000014782;ENSGALG00000003925,-0.9774874435095191,
ENSGALG00010026612,MFF,9,0,ENSGALG00000003079,-1.3653302961370724,-0.9492918400118916
ENSGALG00010021988,FAM180B,5,0,ENSGALG00000051142,-1.7314844787346682,
ENSGALG00010021958,BHLHA15,14,0,ENSGALG00000031306,-1.5102782418730527,
ENSGALG00010018289,HEYL,23,0,ENSGALG00000034986,-1.97391965173196,
ENSGALG00010023194,MRC2,27,0,ENSGALG00000000461;NONGGAG003219,-2.547681766539606,
ENSGALG00010020102,TMEM127,22,0,,-2.677479956944305,
ENSGALG00010018858,EPB41L5,7,0,ENSGALG00000011605,-1.015439468653337,-0.7684043553960376
ENSGALG00010029935,SYNRG,19,0,ENSGALG00000005468,-1.1070141064624166,-1.294771711490284
ENSGALG00010027225,CREB3L3,28,0,ENSGALG00000001252,-2.642013246010276,-0.7979860231428149
ENSGALG00010028128,DNM1,17,0,ENSGALG00000004852,-1.5016511906938645,-1.595462931466178
ENSGALG00010029466,SLC39A11,18,0,ENSGALG00000004413,-1.6353603869312079,-0.9199002435584396
ENSGALG00010024736,DGKA,34,0,ENSGALG00000038110,-2.489393418924799,-3.244136229547804
ENSGALG00010022867,ATPAF1,8,0,ENSGALG00000010444,-1.127583503511325,0.0107449511532281
ENSGALG00010024670,SENP2,9,0,ENSGALG00000031128,-1.0836934698363538,-2.6197341215903385
ENSGALG00010024078,KIRREL3,24,0,ENSGALG00000029197,-2.458510848104282,
ENSGALG00010022093,CHD4,1,0,ENSGALG00000050127;ENSGALG00000046776;ENSGALG00000025615;ENSGALG00000013565,-0.9540754626961083,
ENSGALG00010027234,SLC6A11,12,0,ALDBGALG0000001374;ENSGALG00000004879,0.892234167901328,
ENSGALG00010024851,CPNE5,26,0,ENSGALG00000030676;ENSGALG00000054313,-2.0680681939629744,
ENSGALG00010024607,RARG,34,0,ENSGALG00000033404,-2.4850309614678925,
ENSGALG00010020932,CASP9,21,0,ENSGALG00000001366,-2.2847781132974574,-1.0574696988826369
ENSGALG00010018226,JAG1,3,0,ENSGALG00000009020,-1.0785009666054743,-0.6011595108645598
ENSGALG00010029654,EME1,18,0,ENSGALG00000007676,-1.3173556101765949,-2.1450698336867173
ENSGALG00010021518,CPEB3,6,0,ENSGALG00000006912,-1.4156664193190744,-0.7237981909265084
ENSGALG00010021142,WNT6,7,0,ENSGALG00000011358,-1.9761107953690193,
ENSGALG00010020886,GBF1,6,0,ENSGALG00000005637,-1.4630698829249158,-1.0633586137264943
ENSGALG00010028547,ZNF618,17,0,ENSGALG00000008886,-1.398835456498539,-3.406194007738024
ENSGALG00010027335,MAST3,28,0,ENSGALG00000003499,-3.117217820880697,-3.799264365550592
ENSGALG00010018685,ARL3,6,0,ENSGALG00000040589;ENSGALG00000008049,-1.161942693934009,
ENSGALG00010020489,IFFO2,21,0,ENSGALG00000029831,-1.59614604935188,-1.8489701951370687
ENSGALG00010023590,S1PR1,8,0,ENSGALG00000005208;ALDBGALG0000005482;ENSGALG00000020884;ENSGALG00000025580,-0.9224138683854785,
ENSGALG00010027257,FAM19A3,26,0,ENSGALG00000026585,-3.1859807751185407,-3.4059323753260164
ENSGALG00010024928,THAP4,9,0,ENSGALG00000006283,-2.314358536070752,-1.5893162274135328
ENSGALG00010019871,FAM19A1,12,0,ENSGALG00000049667,-1.0328068295327566,
ENSGALG00010027012,RILPL1,15,0,ENSGALG00000003314;ENSGALG00000049339;ENSGALG00000030645,-1.8983121943057326,
ENSGALG00010023019,CABP1,15,0,ENSGALG00000007116,-2.2431790534928893,-2.2870291331904307
ENSGALG00010029592,MNT,19,0,ENSGALG00000005830;ENSGALG00000025334;INRAGALG00000006116;INRAGALG00000006117;INRAGALG00000006118;INRAGALG00000006119,-2.367797009334014,
ENSGALG00010019991,EIF3B,14,0,ENSGALG00000040999,-1.1779505107065482,-0.8959290262511189
ENSGALG00010027299,PGPEP1,28,0,ALDBGALG0000003343;ENSGALG00000042080,-1.989936947253125,
ENSGALG00010023028,TMEM61,8,0,ENSGALG00000010801,-2.8125670227565114,
ENSGALG00010020147,ABHD2,10,0,ALDBGALG0000001196;ENSGALG00000006689,-0.7264201857385741,
ENSGALG00010023090,LRRC41,8,0,ENSGALG00000010359,-2.0696820920203804,-2.1893607443859526
ENSGALG00010021307,MAP3K9,5,0,ENSGALG00000037326,-1.7979739991655916,-5.190384306665808
ENSGALG00010021469,CSPG4,10,0,ENSGALG00000002678,-2.728114036975601,
ENSGALG00010021620,TTLL10,21,0,ENSGALG00000001935;ENSGALG00000021778;ENSGALG00000018294;ENSGALG00000018295;INRAGALG00000008860;NONGGAG002849;INRAGALG00000102795,-1.6946434071536478,
ENSGALG00010022462,ITGA5,34,0,INRAGALG00000017728,-2.055494665200944,
ENSGALG00010021067,SLC4A10,7,0,ENSGALG00000030032,-0.576293101620595,
ENSGALG00010027171,ATG9B,2,0,ENSGALG00000038330,-2.8556824433345938,
ENSGALG00010028425,DAP3,25,0,ENSGALG00000019796,-1.6886490153036637,-0.5088247096374084
ENSGALG00010027902,UBE2Q1,25,0,ENSGALG00000029450,-1.7575024111473045,-2.869280549567209
ENSGALG00010029624,RASL10B,19,0,ENSGALG00000002086,-2.4622141937089723,
ENSGALG00010028486,ARHGAP30,25,0,ENSGALG00000054971;ENSGALG00000051056,-2.7834927185600433,
ENSGALG00010023127,CERS5,34,0,ENSGALG00000039734,-0.38905008397875657,-0.095074473552071
ENSGALG00010024937,ILKAP,9,0,ENSGALG00000006253,-1.5355076484190278,-1.2104876625370695
ENSGALG00010029930,ARHGAP44,18,0,ENSGALG00000001311,-2.176127177787104,-3.865951873826658
ENSGALG00010022411,ADRB1,6,0,ENSGALG00000008949,-2.24257352340706,-3.706058584230288
ENSGALG00010028162,CARD9,17,0,ENSGALG00000001889,-2.3256335945530773,-3.2544316155441484
ENSGALG00010020383,BAAT,5,0,ENSGALG00000040619,-2.179164857305012,-0.3233542940957036
ENSGALG00010025163,LDLRAD3,5,0,ENSGALG00000039032;ENSGALG00000050535;ENSGALG00000038913,-2.116005126683688,
ENSGALG00010018119,GRID2IP,14,0,ENSGALG00000040720,-2.5687886860365667,
ENSGALG00010024474,STRIP1,26,0,ENSGALG00000037995,-2.0459476414454714,-1.974601357811972
ENSGALG00010024809,KANSL1,27,0,ENSGALG00000000603;ENSGALG00000048608,-2.7720226305262505,
ENSGALG00010024106,WDR33,9,0,ENSGALG00000002043;ENSGALG00000053889;ENSGALG00000044118;INRAGALG00000018053;ENSGALG00000052210,-1.1314080084912221,
ENSGALG00010021785,CCDC71,12,0,ENSGALG00000006787,-1.4765046608124694,-1.7809257027809544
ENSGALG00010027895,LIX1L,25,0,ENSGALG00000046765;INRAGALG00000022820;ENSGALG00000048069,-2.917609743985716,
ENSGALG00010020379,COL13A1,6,0,ENSGALG00000051554;ENSGALG00000004286,-0.7514211130213573,
ENSGALG00010022416,CCDC186,6,0,ENSGALG00000008956,-1.1346114177363529,-1.1249725511054458
ENSGALG00010019848,MAD1L1,14,0,ENSGALG00000004224,-2.310370879541317,-2.364165129457789
ENSGALG00010021144,FOXK1,14,0,ENSGALG00000004460;ENSGALG00000047899;ENSGALG00000025659,-1.4706304479696035,
ENSGALG00010028605,GTPBP3,28,0,ENSGALG00000037256,-2.883919017548417,-3.294892853908337
ENSGALG00010023093,POP5,15,0,ENSGALG00000007124,-2.235479880700227,-1.5393962965759496
ENSGALG00010021561,TGIF2,20,0,ENSGALG00000024081,-2.5001479179422517,-3.785429622604196
ENSGALG00010029423,MYBBP1A,19,0,ENSGALG00000001363,-1.5237989826861162,-1.2039130633452984
ENSGALG00010021485,SMOC1,5,0,ENSGALG00000009415,-2.0305106704327205,
ENSGALG00010021908,EDC4,11,0,ENSGALG00000040875,-2.21654961939266,-1.1523670741197407
ENSGALG00010021054,FEZF2,12,0,ENSGALG00000007184,-1.8705239738522499,
ENSGALG00010029622,MMP28,19,0,ENSGALG00000002081,-1.9255138307662376,-2.152561227976219
ENSGALG00010028116,HYAL1,12,0,ENSGALG00000000785,-2.5902321421225607,-0.916903699374002
ENSGALG00010029198,PPM1D,19,0,ENSGALG00000035610,-1.745890651704502,-1.974387487823656
ENSGALG00010024565,FAM217B,20,0,ENSGALG00000026542,-0.8995130987355082,-1.9058676643096848
ENSGALG00010021457,USB1,11,0,ENSGALG00000035604,-2.686891267636108,-3.599868180089061
ENSGALG00010028602,ZNF687,25,0,ENSGALG00000040270,-2.975882520635264,-2.513833585905043
ENSGALG00010022231,ZNF503,6,0,ENSGALG00000051505,-2.6106990047784975,
ENSGALG00010023097,LURAP1,8,0,ENSGALG00000049851,-3.0882683014588412,
ENSGALG00010025569,PPTC7,15,0,ENSGALG00000004550,-0.8377660806884666,-1.7113899618084385
ENSGALG00010027873,RFX2,28,0,ENSGALG00000001773;INRAGALG00000103138,-1.7377851140038296,
ENSGALG00010029515,NPLOC4,18,0,ENSGALG00000004583,-1.2460646518285503,-0.7232882599749659
ENSGALG00010027134,DYRK3,26,0,ENSGALG00000000863,-1.0496765435728452,-2.1162633505916686
ENSGALG00010020341,DYNC2LI1,3,0,ENSGALG00000009954,-0.4909626688952239,0.7358220166442805
ENSGALG00010027186,PLXNA2,26,0,ENSGALG00000001264;ENSGALG00000026712;INRAGALG00000009504;NONGGAG009092;ENSGALG00000049518,-2.4677018586936477,
ENSGALG00010029379,GTF2I,19,0,ENSGALG00000021665;ENSGALG00000048401,-0.6032349898974032,
ENSGALG00010024642,RAB3B,8,0,ENSGALG00000010567,-0.6342882111636514,0.7489935048212708
ENSGALG00010027870,HAX1,25,0,ENSGALG00000039865,-2.8037834522667486,
ENSGALG00010024636,PANX3,24,0,ENSGALG00000021443,-1.6838267115917702,
ENSGALG00010024741,RILPL2,15,0,,-3.454477579538902,
ENSGALG00010028461,ECM1,25,0,,-3.0064186916897135,
ENSGALG00010024724,HOXD3,7,0,ENSGALG00000023420;ENSGALG00000025481;ENSGALG00000023419;ENSGALG00000018331;INRAGALG00000015553,-2.568447143041104,
ENSGALG00010020497,OSBPL11,7,0,ENSGALG00000012059;INRAGALG00000015730;INRAGALG00000015731,-0.9267423354241647,
ENSGALG00010027345,GOLT1A,26,0,ENSGALG00000050224,-0.9331721465187534,
ENSGALG00010022619,MADD,5,0,ENSGALG00000008181;INRAGALG00000104478,-1.4549346147867057,
ENSGALG00010019295,MAP4K5,5,0,ENSGALG00000012321,-0.838581359241429,-2.4064454969683404
ENSGALG00010018172,ACTL6A,9,0,ENSGALG00000009061,-0.1257322834657737,0.9029061777283138
ENSGALG00010027548,PCBP4,12,0,ENSGALG00000027695,-2.7792938572286325,-4.352703542528372
ENSGALG00010024361,H2AX,24,0,ENSGALG00000045705,-1.8061608313547228,-1.258338412547087
ENSGALG00010019350,SAV1,5,0,ENSGALG00000012341,-1.5096731536989192,-3.3413365206464363
ENSGALG00010029629,MILR1,18,0,ENSGALG00000046212,-0.9401728858228164,-0.3010012002909028
ENSGALG00010021077,SEC31B,6,0,ENSGALG00000005722,-1.5248965827010976,-0.3315699819506363
ENSGALG00010027109,C19orf44,28,0,ENSGALG00000021883,-1.3924914299460767,0.0366842275901358
ENSGALG00010028503,NDOR1,17,0,ENSGALG00000008920,-1.9678934068285954,-1.6762358322002473
ENSGALG00010021155,RADIL,14,0,ENSGALG00000004504,-2.9845873432743844,-2.7328284411528334
ENSGALG00010024811,NIF3L1,7,0,ENSGALG00000008226,-2.020815188187648,-0.3566284155932151
ENSGALG00010028441,ONECUT3,28,0,,-2.09027335593084,
ENSGALG00010020672,RNF186,21,0,,-1.0999608839211783,
ENSGALG00010028480,,25,0,,-2.702260081484265,
ENSGALG00010027813,LRRC71,25,0,ENSGALG00000027351,-2.9362127408753267,
ENSGALG00010024490,TGM3,20,0,ENSGALG00000004804,-0.7246811641879067,
ENSGALG00010027160,FASTK,2,0,ENSGALG00000033058,-3.0352226562603373,-4.836532599146265
ENSGALG00010027863,CHDH,12,0,ENSGALG00000005363,-0.11243205768526454,0.9169822938516696
ENSGALG00010018279,INSM1,3,0,,-2.4671444046269775,
ENSGALG00010021759,NIFK,7,0,ENSGALG00000011650,-1.536678735622151,-0.3706237406687981
ENSGALG00010018177,KIF20B,6,0,ENSGALG00000050687;ENSGALG00000034232;ENSGALG00000038416,-0.875980435323303,
ENSGALG00010022152,ZNF644,8,0,ENSGALG00000034253,-0.8812823266817617,-0.9255942200181526
ENSGALG00010028474,PEX19,25,0,ENSGALG00000029657,-3.456827997511528,
ENSGALG00010027443,MED16,28,0,ENSGALG00000001978,-1.9413066974066648,-0.7530483836401136
ENSGALG00010028786,GTF3C4,17,0,ENSGALG00000031016,-1.2980609884830927,-0.5019981468868127
ENSGALG00010023119,NDRG4,11,0,ENSGALG00000043662,-1.8686697884832104,-1.0433734316554102
ENSGALG00010024004,EIF4B,34,0,ENSGALG00000045352,-2.747373270901315,
ENSGALG00010028869,ADAMTS13,17,0,ENSGALG00000033597,-1.3774575537960325,0.0757932800589219
ENSGALG00010027975,IQSEC1,12,0,ENSGALG00000030439;ENSGALG00000005042;ENSGALG00000036916;NONGGAG001215,-1.644589869234633,
ENSGALG00010024649,NCOR2,15,0,ENSGALG00000003120;ENSGALG00000025372;NONGGAG001617,-2.6229389559304908,
ENSGALG00010027145,CELSR3,12,0,ENSGALG00000036763,-2.3465885864297724,
ENSGALG00010023096,SPATS2,34,0,ENSGALG00000033957,-1.9851844403579832,-1.6017572781307683
ENSGALG00010029621,TAF15,19,0,ENSGALG00000002060,-0.2439992029073893,0.8390356984108008
ENSGALG00010021574,TTLL4,7,0,ENSGALG00000027991,-2.3212770887808825,-2.4905797189098138
ENSGALG00010021531,RAB15,5,0,ENSGALG00000045529,-2.631145067249678,
ENSGALG00010027983,POGZ,25,0,ENSGALG00000036365,-2.2415390920042575,-1.815114596204055
ENSGALG00010020011,TLE3,10,0,ENSGALG00000008120,-2.2432894913291266,-2.746312258847277
ENSGALG00010021515,FGF23,1,0,ENSGALG00000027791,-0.8696535150454008,-1.2457435778526271
ENSGALG00010024970,CAB39,9,0,ENSGALG00000027262;INRAGALG00000016547,-0.10544327526982955,
ENSGALG00010024377,CIB2,10,0,ENSGALG00000026674;INRAGALG00000003430,-0.7640947745515906,
ENSGALG00010029291,RNFT1,19,0,ENSGALG00000005205,-1.1300817776381902,-1.708332934061715
ENSGALG00010025562,GRAMD1B,24,0,ENSGALG00000006494,-2.4120860513884046,-2.0497929880048664
ENSGALG00010027702,FOXP4,26,0,ENSGALG00000033497,-3.1521400899473724,-2.670122332931524
ENSGALG00010026315,SYT2,26,0,ENSGALG00000026033,-1.3608704184816873,
ENSGALG00010024540,PTPN5,5,0,INRAGALG00000013644;ENSGALG00000006368,-0.8946019527548162,
ENSGALG00010021635,FOXJ3,1,0,ENSGALG00000014329,-1.8703458181630093,-1.0556373641255472
ENSGALG00010025579,CSRNP3,7,0,ENSGALG00000010971,-1.6162140006624213,
ENSGALG00010023207,MNS1,10,0,INRAGALG00000022072;ENSGALG00000013893,-1.01706771515247,
ENSGALG00010019546,HSD17B12,5,0,ENSGALG00000036787,-0.0424271418239347,0.2814835892662463
ENSGALG00010021421,GLB1L,7,0,ENSGALG00000011328,-1.93083179149024,-2.903287881549121
ENSGALG00010018582,RCC2,21,0,ENSGALG00000031684;NONGGAG002815,-1.832718116267607,
ENSGALG00010027586,HJV,25,0,INRAGALG00000019608;INRAGALG00000022763;INRAGALG00000022036;INRAGALG00000022037;ENSGALG00000052250,-2.230550220915734,
ENSGALG00010027381,KLHL40,2,0,ENSGALG00000005292,-1.4692373062548534,
ENSGALG00010028818,TSC1,17,0,ENSGALG00000047988;ENSGALG00000043548;ENSGALG00000003500;ALDBGALG0000001908;INRAGALG00000005616;INRAGALG00000005617;INRAGALG00000005618;INRAGALG00000005619,-1.6514175345972486,
ENSGALG00010024548,CDC6,27,0,ENSGALG00000051645,-3.044281725318853,
ENSGALG00010021974,GFAP,27,0,ENSGALG00000000909,-3.258619812203373,
ENSGALG00010029728,TNRC6C,18,0,ENSGALG00000001725,-1.8256790501472007,-2.844145821690848
ENSGALG00010023204,SRGN,6,0,,-2.714856651011785,
ENSGALG00010018585,GDPD2,4,0,ENSGALG00000005842,-2.094810667283867,
ENSGALG00010018347,CTXN2,10,0,ENSGALG00000038266,-0.38730231931384257,
ENSGALG00010025155,CZIB,8,0,ENSGALG00000026516,-0.8833041618787488,0.209765912864655
ENSGALG00010022796,RIMKLB,1,0,INRAGALG00000001400;ENSGALG00000040184;INRAGALG00000001402,-1.2142090858269792,
ENSGALG00010025157,NOP58,7,0,ENSGALG00000008454;ENSGALG00000024697;ENSGALG00000025093;ENSGALG00000025679;ENSGALG00000025599,-0.08321064995704108,
ENSGALG00010020113,CIAO1,22,0,ENSGALG00000035817,-3.01389357889354,-0.8510445673605208
ENSGALG00010022825,SS18L1,20,0,ENSGALG00000005145,-1.2437221919680856,
ENSGALG00010024345,STARD3,27,0,ENSGALG00000014607,-1.262935043454308,-1.4687260954782793
ENSGALG00010017823,PPIE,23,0,ENSGALG00000013383,-1.4157746455867386,-0.7570377342945411
ENSGALG00010025536,CIMAP2,8,0,,-2.299517265440101,
ENSGALG00010029511,CUEDC1,19,0,ENSGALG00000005549,-2.3478895947395744,-4.200963610306942
ENSGALG00010027784,PEAR1,25,0,ENSGALG00000028622;ENSGALG00000052868,-3.0214081741779424,
ENSGALG00010029936,SERPINF2,19,0,ENSGALG00000002987,-1.466159125671107,0.5279492593705952
ENSGALG00010028772,TTF1,17,0,ENSGALG00000027242,-0.9983529458698839,-0.8032189597932475
ENSGALG00010023390,HSPB8,15,0,ENSGALG00000007383,-3.2338448958828994,-0.97993528833915
ENSGALG00010026628,FYB2,8,0,ENSGALG00000044889,-1.495219188135239,-1.3435481807781962
ENSGALG00010029147,RABL6,17,0,ENSGALG00000030263,-1.6294103003401097,-2.0315178548422788
ENSGALG00010022886,PLA2G15,11,0,ENSGALG00000041787,-0.605701755515255,-0.1571822712951569
ENSGALG00010019488,TEKT5,14,0,ENSGALG00000007257,-1.2571195750923212,
ENSGALG00010017921,SPATA7,5,0,ENSGALG00000010607,-1.5744173816864795,-1.0875041148812588
ENSGALG00010024544,ZNF536,11,0,ENSGALG00000035602;ENSGALG00000025274;ENSGALG00000025360,-1.425243178252063,
ENSGALG00010023997,ARFGEF2,20,0,ENSGALG00000004663,-0.3096040413506661,-0.4931552137960093
ENSGALG00010024613,ORMDL3,27,0,ENSGALG00000040017;ENSGALG00000029142,-2.3507467612396575,
ENSGALG00010023724,CYP2R1,5,0,ENSGALG00000006050,-0.37237793936843067,-0.3219415629402355
ENSGALG00010027729,EPS8L3,26,0,ENSGALG00000046687,-3.0872063225438438,
ENSGALG00010029760,SHISA6,18,0,ENSGALG00000034516;ENSGALG00000052191,-1.8176294261160022,
ENSGALG00010024080,PAPD5,11,0,ENSGALG00000031851,-1.1379550005514396,-0.1404358814849598
ENSGALG00010029386,SLC16A6,18,0,ALDBGALG0000001970;ENSGALG00000004162,-0.3667825252687173,
ENSGALG00010024687,RYK,9,0,ENSGALG00000006488,-0.9021349281959727,-2.9192852979491004
ENSGALG00010019680,CCDC34,5,0,ENSGALG00000012194,-0.5321079087902216,-0.2097881858124826
ENSGALG00010026409,VILL,2,0,ENSGALG00000005763,-1.3004452975100973,-0.5951847577695075
ENSGALG00010027961,TINCR,28,0,,-1.151589202295003,
ENSGALG00010025865,LGR6,26,0,ENSGALG00000000568;INRAGALG00000009432,-2.5172024359100487,
ENSGALG00010029318,C17orf58,18,0,ENSGALG00000003590,-1.5288225765980559,
ENSGALG00010024449,CACHD1,8,0,ENSGALG00000046570;ENSGALG00000011024,-1.004200200766033,
ENSGALG00010018192,IQCH,10,0,ENSGALG00000007909,-1.210887316465461,-2.685449000303984
ENSGALG00010019323,LRIG1,12,0,ENSGALG00000007483,-1.8917513468251754,-2.152519953083647
ENSGALG00010024973,RTEL1,20,0,ENSGALG00000006123;ENSGALG00000025367,-0.9056892802953315,
ENSGALG00010022525,ISCU,15,0,ENSGALG00000004869,-0.7686110339446925,-0.1473939192285567
ENSGALG00010022498,NAA50,1,0,,-0.9005059208130338,
ENSGALG00010018188,UBP1,2,0,ENSGALG00000035630,-1.0121982694561082,-3.036422898945008
ENSGALG00010024378,ZDHHC1,11,0,ENSGALG00000002091,-1.4104005942102265,-3.407554392803842
ENSGALG00010021662,RASGRP1,5,0,ENSGALG00000009740,-0.5796939111549892,-1.525721542169747
ENSGALG00010024723,ITCH,20,0,INRAGALG00000008507;ENSGALG00000040474,-0.774184672870162,
ENSGALG00010018756,EML4,3,0,ENSGALG00000009915,-0.9356112720804173,-1.060425495217031
ENSGALG00010024669,STIL,8,0,ENSGALG00000010478,-1.2218319798686021,-1.3762409425909596
ENSGALG00010028191,KLHL26,28,0,ENSGALG00000033270,-1.6467849844546119,-1.0905706109871172
ENSGALG00010019083,OTOA,14,0,ENSGALG00000054272;ENSGALG00000007070;INRAGALG00000005050,-0.6602282205454995,
ENSGALG00010022419,DUOX1,10,0,ENSGALG00000041510,-1.8222776350522574,-1.2850673314660126
ENSGALG00010029625,PECAM1,18,0,ENSGALG00000046125,-0.0587399591039105,
ENSGALG00010027397,RFX5,25,0,ENSGALG00000000836,-2.7575045615675906,-3.538175647510287
ENSGALG00010021477,ZFAND2B,7,0,ENSGALG00000029226,-2.6154992427057806,-2.9884512181016887
ENSGALG00010026209,MED19,5,0,ENSGALG00000007341,-2.4008889340154402,-2.251939083329308
ENSGALG00010027928,FLAD1,25,0,ENSGALG00000027700,-1.948488106668031,-2.2779189637506803
ENSGALG00010022560,SAMD10,20,0,ENSGALG00000006007,-2.7164066052468776,
ENSGALG00010023113,MYZAP,10,0,ENSGALG00000034550;ENSGALG00000036680,-1.1198229038984624,
ENSGALG00010028504,RNF224,17,0,,-2.7087853681006573,
ENSGALG00010018568,FAM136A,22,0,,-2.602553740410484,
ENSGALG00010024086,GABARAPL1,1,0,ENSGALG00000014723,-1.2936129749092031,1.1269513869613863
ENSGALG00010029766,MRM3,19,0,,-1.4370250665413642,
ENSGALG00010021405,IDE,6,0,ENSGALG00000038924;ALDBGALG0000004944,-0.18022664308616165,
ENSGALG00010022425,VWA2,6,0,ENSGALG00000008980;107053732,-1.582293294552467,
ENSGALG00010024309,ABCB11,7,0,NONGGAG004978;ENSGALG00000010891,0.32498045552683175,
ENSGALG00010026242,CCDC141,7,0,ENSGALG00000020788,-0.9433800171300544,-2.7201931408099256
ENSGALG00010027935,ISY1,12,0,ENSGALG00000005012,-0.4323638116616366,-0.8735550736531618
ENSGALG00010024430,ZNF652,27,0,ENSGALG00000001279,-1.658412850677622,-2.3287632799928604
ENSGALG00010025994,INO80D,7,0,ENSGALG00000029701;ALDBGALG0000005148,-2.2900722920103025,
ENSGALG00010027731,OLFML2A,17,0,ENSGALG00000001048,-2.0829212828640986,-2.2320225668155773
ENSGALG00010024514,FAF1,8,0,ENSGALG00000010536;NONGGAG005230,-0.8556166316835858,
ENSGALG00010025990,FAM124B,9,0,ENSGALG00000005118,-1.799248084633405,
ENSGALG00010027133,CELF5,28,0,ENSGALG00000027147;ENSGALG00000026716,-1.8576247298709037,
ENSGALG00010024003,ERICH3,8,0,ENSGALG00000011356;INRAGALG00000016400,-1.4453031433502952,
ENSGALG00010024712,LRIF1,26,0,ENSGALG00000000106,-0.8957633249433867,
ENSGALG00010023123,RNF214,24,0,ENSGALG00000036993,-2.0270747110318945,-2.455402024362068
ENSGALG00010019371,TMEM87A,5,0,ENSGALG00000009018,0.30596766364761685,-0.025676920399784
ENSGALG00010027350,INSRR,25,0,ENSGALG00000013253,-2.3667158544308218,-5.721107428556974
ENSGALG00010027867,UBAP2L,25,0,ENSGALG00000024094;ENSGALG00000027560;ENSGALG00000025620,-2.453041226423984,
ENSGALG00010025816,EVX2,7,0,ENSGALG00000020768,-1.8128021334991273,
ENSGALG00010029522,AKAP1,19,0,ENSGALG00000005575,-1.4544533002163442,-0.9413226720085288
ENSGALG00010019232,SOS2,5,0,ENSGALG00000012273,-1.1418526440317773,-2.893108732967818
ENSGALG00010018425,CYP26B1,4,0,ENSGALG00000016102,-2.5134912361233774,-2.256983168125486
ENSGALG00010027743,C1orf74,26,0,ENSGALG00000001378,-2.4372620119600743,-2.680948152365106
ENSGALG00010025705,ACSL3,9,0,ENSGALG00000005206,0.3958102725030871,0.3913430583740116
ENSGALG00010029208,CACNG5,18,0,ENSGALG00000003911,-1.8623246347175888,
ENSGALG00010018482,TWNK,6,0,ENSGALG00000017627,-2.4053922676997708,-4.046167070759092
ENSGALG00010029601,HSF5,19,0,ENSGALG00000001031,-1.9240099901934324,-0.498739672117848
ENSGALG00010023841,OSBPL7,27,0,ENSGALG00000032149,-3.125344897186262,-4.251481607578901
ENSGALG00010027976,LRSAM1,17,0,ENSGALG00000008819,-2.0270087607937106,-2.4961500612746184
ENSGALG00010020673,MMS19,6,0,ENSGALG00000007572,-2.670082178562256,-2.413004578622824
ENSGALG00010024953,NCAPG2,2,0,ENSGALG00000006525,-0.43368516069306307,
ENSGALG00010021416,PLEKHH3,27,0,ENSGALG00000037269,-3.082180826763761,-3.5449000017402774
ENSGALG00010029597,ADAP2,18,0,ENSGALG00000003319,-0.5296521945045121,-1.246135669317749
ENSGALG00010018638,SEC14L5,14,0,ENSGALG00000045758,-1.777313047982781,-2.918056706479951
ENSGALG00010028601,ANO8,28,0,ENSGALG00000034615,-2.559280014697304,
ENSGALG00010021153,PTPRF,8,0,ALDBGALG0000005420;ENSGALG00000051830;ENSGALG00000010053,-1.7165588046369287,
ENSGALG00010028517,RNF208,17,0,ENSGALG00000008911,-2.5572754099345203,-5.692964759372027
ENSGALG00010021503,KCNS1,20,0,ENSGALG00000004074,-2.759766528737192,
ENSGALG00010027921,MKRN2OS,12,0,ENSGALG00000025959,-1.3959136648928319,1.7078928822486517
ENSGALG00010018073,TUNAR,5,0,,0.43354110638830423,
ENSGALG00010019938,FAM19A4,12,0,ENSGALG00000042228,-1.049065779402635,
ENSGALG00010019595,GRIN2A,14,0,ALDBGALG0000001651;ENSGALG00000007278;ALDBGALG0000001652,-0.5076588141773506,
ENSGALG00010028079,ITIH3,12,0,ENSGALG00000001697;ENSGALG00000054442,0.2241247920749655,
ENSGALG00010018312,FAM179B,5,0,,-0.3077902465660898,
ENSGALG00010022199,RBM23,20,0,ENSGALG00000001550,-0.7143610319377189,-0.2809041041546066
ENSGALG00010022534,CFAP57,8,0,ENSGALG00000009902,-1.1056777764733812,
ENSGALG00010019041,KATNIP,14,0,ENSGALG00000043363;NONGGAG001553,-0.7289384914351452,
ENSGALG00010022536,SMUG1,34,0,ENSGALG00000053068,-2.3665031009337865,
ENSGALG00010029605,C17orf75,18,0,ENSGALG00000003434,-1.0355722783852914,0.3686365050574992
ENSGALG00010021301,SMURF1,14,0,ENSGALG00000004655,-0.6326044697085202,-1.2867890166212683
ENSGALG00010027168,SSBP4,28,0,ENSGALG00000052268,-1.927569885490085,
ENSGALG00010024104,PLPPR5,8,0,ENSGALG00000005470,0.5336939694775137,-0.224572064313723
ENSGALG00010024618,VPS13C,10,0,ENSGALG00000003705,-0.20558930694394317,-0.5742935779130046
ENSGALG00010020664,ESYT3,7,0,ENSGALG00000012092,-1.2362056850950822,-0.5900884039137014
ENSGALG00010022422,RPS6KB2,5,0,ENSGALG00000031629,-2.2189870821098507,-4.360431621461087
ENSGALG00010021729,RBPJL,20,0,ENSGALG00000003952;ENSGALG00000050415;ENSGALG00000054343,-2.5685923748141555,
ENSGALG00010029180,CA4,19,0,ENSGALG00000005360,-0.5602588517104402,0.7929977047550492
ENSGALG00010022866,KLHL11,27,0,ENSGALG00000050999;ENSGALG00000003536,-1.300436136435569,
ENSGALG00010020264,GKN1,22,0,,0.00152598654242031,
ENSGALG00010023336,GPR162,1,0,INRAGALG00000001434;ENSGALG00000022926,-2.2502944230459225,
ENSGALG00010024116,MCAM,24,0,,-2.40156656266433,
ENSGALG00010029595,CLUH,19,0,ENSGALG00000005854,-1.4527061252220488,-0.5570751643205646
ENSGALG00010024389,AAAS,34,0,ENSGALG00000032843,-3.0498568347064863,-2.2225377947095586
ENSGALG00010026696,CSRNP1,2,0,INRAGALG00000006255;ENSGALG00000027905,-2.675641788708753,
ENSGALG00010022143,KIAA0895L,11,0,ENSGALG00000001779,-2.461406472914802,-3.8447124685608345
ENSGALG00010024652,PUS3,24,0,ENSGALG00000000962,-2.2572426179829534,-1.355899019929948
ENSGALG00010021582,STK36,7,0,ENSGALG00000054909,-2.568472123912525,
ENSGALG00010027931,ABHD17A,28,0,ENSGALG00000041163,-1.8296305943820594,-3.736434869578686
ENSGALG00010025580,RASSF7,5,0,ENSGALG00000044251;INRAGALG00000013716;INRAGALG00000013717;INRAGALG00000013718,-3.2605275697378295,
ENSGALG00010023242,MYT1,20,0,ENSGALG00000005932,-2.456001536905931,
ENSGALG00010022616,GLDN,10,0,ENSGALG00000048838;ENSGALG00000013293,-0.28979689118425134,
ENSGALG00010022711,LRRC49,10,0,ENSGALG00000004059;INRAGALG00000003476,-1.0323270113895973,
ENSGALG00010022522,TNS4,27,0,ENSGALG00000028308,-3.092679963678379,
ENSGALG00010029260,DHX40,19,0,ENSGALG00000005126,-1.2829882595779223,-1.4188513219322885
ENSGALG00010026076,C1orf35,2,0,ENSGALG00000037519,-2.8689304116938144,-2.2867609679504497
ENSGALG00010027970,GRIN3B,28,0,ENSGALG00000026241,-2.8009407282449867,-5.829609547002553
ENSGALG00010023730,SP2,27,0,ENSGALG00000000233,-2.530110920744748,-2.372628426746417
ENSGALG00010027362,RPS27,25,0,,-1.6119340289119677,
ENSGALG00010025951,TBRG4,2,0,ENSGALG00000038102;ENSGALG00000025355;ENSGALG00000017836;ENSGALG00000025361;ENSGALG00000026888,-2.6254656043195985,
ENSGALG00010024465,SENP1,34,0,ENSGALG00000034421,-2.233929723874479,-2.39692291523334
ENSGALG00010018690,C16orf89,14,0,ENSGALG00000049514,-0.41832162234634124,
ENSGALG00010025382,MAB21L3,1,0,ENSGALG00000015006;INRAGALG00000001495,-1.8011145815851233,
ENSGALG00010021492,PARP6,10,0,ENSGALG00000001981,-2.0917832961574345,-5.092397788095477
ENSGALG00010029928,USP43,18,0,ENSGALG00000037812,-3.07759135420518,-4.677947955790885
ENSGALG00010025552,HOXC12,34,0,ENSGALG00000033272,-2.451297599638657,
ENSGALG00010028355,RBM18,17,0,ENSGALG00000028167,-0.996985864527933,-0.9902013017989876
ENSGALG00010028506,SHD,28,0,ENSGALG00000052159,-2.6415137206255945,
ENSGALG00010024536,URI1,11,0,ENSGALG00000004506,-1.0665415007484655,-2.546089904651185
ENSGALG00010028586,BABAM1,28,0,ENSGALG00000038189,-2.630074788217579,-2.515590591061101
ENSGALG00010026221,CRKL,15,0,ENSGALG00000006390,-1.5564675088717568,0.1461372505141858
ENSGALG00010018334,ANKEF1,3,0,ENSGALG00000008996,0.38945716487818094,
ENSGALG00010020368,FFAR4,6,0,ENSGALG00000026733,-1.047849661767782,
ENSGALG00010024675,NR1D1,27,0,ENSGALG00000047662,-2.0026605203704233,
ENSGALG00010024020,MAIP1,7,0,ENSGALG00000031070,-0.42208235133201605,-1.034664973159292
ENSGALG00010027899,PMVK,25,0,ENSGALG00000046656,-1.6199667484739961,-1.6510916286495028
ENSGALG00010024190,WARS2,1,0,ENSGALG00000014772,-0.575455889182772,0.4186814659816565
ENSGALG00010020100,MOCS1,3,0,ENSGALG00000010051,-1.0018255097839235,-1.540621542000338
ENSGALG00010021191,MYRF,5,0,ENSGALG00000041253;ALDBGALG0000004699,-2.2093098038369483,
ENSGALG00010029408,KIF12,19,0,ENSGALG00000053631,-2.8349216052915303,
ENSGALG00010024476,KCNB1,20,0,ENSGALG00000004758,-0.8754301572777794,
ENSGALG00010028768,NTNG2,17,0,ENSGALG00000003677,-2.1488696317423575,-2.875636641430701
ENSGALG00010021562,LRP6,1,0,ENSGALG00000031503;ENSGALG00000047528,-1.0170150503589919,
ENSGALG00010026052,HOXB13,27,0,ENSGALG00000033154,-1.9765435351480054,
ENSGALG00010021432,SYT9,5,0,ENSGALG00000005265,-0.699684737420327,
ENSGALG00010020323,ARHGAP25,22,0,ENSGALG00000035194,-2.318486970490932,-1.2676130713651943
ENSGALG00010027396,GRM2,12,0,ENSGALG00000003839,-1.7741450159552081,-3.040867963465889
ENSGALG00010019594,TMX1,5,0,ENSGALG00000020340;ALDBGALG0000004689,-0.9233168058997405,
ENSGALG00010021439,ITPRIP,6,0,ALDBGALG0000005076;ENSGALG00000025780;INRAGALG00000104763;INRAGALG00000104764;INRAGALG00000104765,-1.0396717177417532,
ENSGALG00010021076,TBR1,7,0,ENSGALG00000036378,-2.0032256976144933,
ENSGALG00010018975,PAPOLG,3,0,ENSGALG00000007853,-0.18022401854653702,
ENSGALG00010021584,OVCH2,5,0,ENSGALG00000005318;ENSGALG00000049914,-0.4679185228482583,
ENSGALG00010027284,CTTNBP2NL,26,0,ENSGALG00000026182,-2.3657863811963846,-1.20352976628579
ENSGALG00010023110,LIMA1,34,0,ENSGALG00000034742,-1.4723625424274553,-0.324353313103734
ENSGALG00010026192,SMIM29,26,0,,-2.4953176646189736,
ENSGALG00010028512,NDUFA13,28,0,ENSGALG00000041897;ENSGALG00000039212,-1.6109525700681453,
ENSGALG00010021689,MPRIP,14,0,ENSGALG00000004798,-2.709452715640485,-3.2832609919544997
ENSGALG00010028594,LYSMD1,25,0,,-1.9910937564549074,
ENSGALG00010020684,P4HTM,12,0,ENSGALG00000006937,-2.151730157816047,-1.8791251917177405
ENSGALG00010021409,MEGF6,21,0,ENSGALG00000046976;ENSGALG00000047653,-2.6946634641394276,
ENSGALG00010020128,KIF6,3,0,ENSGALG00000010057,-0.6824452302055791,
ENSGALG00010022660,METAP1D,7,0,ENSGALG00000030254,-0.6808039319743786,-0.7423735540380149
ENSGALG00010025464,VPS33A,15,0,ENSGALG00000004440,-1.438105449954699,-0.6952458340261038
ENSGALG00010028444,MEF2B,28,0,ENSGALG00000037558,-2.9241070706139514,
ENSGALG00010020798,C1QL2,7,0,ENSGALG00000040992,-2.052683974506808,
ENSGALG00010028460,CRLF1,28,0,ENSGALG00000049746;ENSGALG00000026146,-2.4072133450981963,
ENSGALG00010026295,SMPD4,15,0,ENSGALG00000006455,-0.9412161492478016,0.0754621883769313
ENSGALG00010028197,INTS3,25,0,ENSGALG00000027046,-2.5324429735714835,-3.0607621281298285
ENSGALG00010019000,TRERF1,3,0,ENSGALG00000009896;INRAGALG00000010280;INRAGALG00000010281;INRAGALG00000010282,-1.6914608539866942,
ENSGALG00010024732,AHCY,20,0,ENSGALG00000033677,-0.167846684131712,0.2261048543600607
ENSGALG00010029540,TRIM50,19,0,ENSGALG00000021696,-2.7142650393125596,
ENSGALG00010027876,ANAPC2,17,0,ENSGALG00000008625,-2.6539887501121138,-1.7307460340208132
ENSGALG00010029528,TBL2,19,0,ENSGALG00000031263,-1.4007905849295457,-1.5493989346404926
ENSGALG00010025481,TMEM39A,1,0,ENSGALG00000015073,-1.3698417115405785,-1.957723269757303
ENSGALG00010018189,MIS18BP1,5,0,ENSGALG00000012452,-1.0099599458407373,-1.547067814370536
ENSGALG00010027341,SH2D2A,25,0,,-2.63805020190062,
ENSGALG00010017700,C16orf62,14,0,ENSGALG00000002119,-0.37008890387536,-0.1795229796174169
ENSGALG00010029744,CTNS,19,0,ENSGALG00000004628,0.2376808844389916,-0.4264138761100575
ENSGALG00010027692,PHF2,12,0,ENSGALG00000039208,-0.9447992226315929,-0.5752605386628277
ENSGALG00010020351,CROCC,21,0,ENSGALG00000039329;ENSGALG00000035362,-3.6214927437642914,
ENSGALG00010024520,MAP3K13,9,0,ENSGALG00000006655,-2.0704760299662968,-2.8871320642520706
ENSGALG00010021479,SKAP1,27,0,ENSGALG00000027305,-2.2593465888057693,-2.619261378313885
ENSGALG00010023612,GPT2,11,0,ENSGALG00000033338,-0.0838933177383453,-0.3980856499800576
ENSGALG00010021625,HCN4,10,0,ENSGALG00000001764;NONGGAG000891,-2.29724068798342,
ENSGALG00010018920,ACAD11,2,0,,-0.8238695302216766,
ENSGALG00010027973,GAPVD1,17,0,INRAGALG00000005678;ENSGALG00000000993,-1.016979851851438,
ENSGALG00010023080,MCRS1,34,0,ENSGALG00000035203,-2.224457921896196,-2.9226446011780647
ENSGALG00010027249,C2CD4C,28,0,ENSGALG00000001273,-3.04787499201886,
ENSGALG00010027614,LONP1,28,0,ENSGALG00000040492,-1.0779975364494243,-0.8080536637149696
ENSGALG00010029372,METTL23,18,0,ENSGALG00000001790,-1.2577249084923299,-0.175814311755271
ENSGALG00010019184,PNKD,7,0,ENSGALG00000022166;ENSGALG00000049239,-2.4832270496770317,
ENSGALG00010021265,SIPA1L1,5,0,ENSGALG00000009381;ALDBGALG0000004779,-1.2747658484920246,
ENSGALG00010021626,ZNF142,7,0,ENSGALG00000011393,-2.4431019753979615,-3.257282922314343
ENSGALG00010023305,PLCB2,5,0,ALDBGALG0000004703;ENSGALG00000042105,-1.2179135754166357,
ENSGALG00010029529,TEPSIN,18,0,ENSGALG00000044464,-3.1016739534089695,-2.871870007113813
ENSGALG00010021109,SH2D5,21,0,ENSGALG00000044997,-2.6018080122371026,
ENSGALG00010027968,FKBP15,17,0,ENSGALG00000008838,-1.415098857960734,-1.3676211310015745
ENSGALG00010020356,STX3,5,0,ENSGALG00000035153,-2.349514391711184,-3.1108830317949048
ENSGALG00010019934,TKFC,5,0,ENSGALG00000037854,-2.18737315586493,-1.3731283869232749
ENSGALG00010029164,CYB5D2,19,0,ENSGALG00000001479,-2.2757513708967503,-2.155472714340292
ENSGALG00010018452,SPSB3,14,0,ENSGALG00000002285,-1.6562257522236918,-0.555690821138389
ENSGALG00010027123,WDR86,2,0,ENSGALG00000019690,-2.127932101354099,
ENSGALG00010023626,LOXL1,10,0,ENSGALG00000038458,-2.0389764133980157,
ENSGALG00010017959,PDZD7,6,0,ENSGALG00000020726;ENSGALG00000048448,-2.8330115340059243,
ENSGALG00010024005,STYK1,1,0,ALDBGALG0000000208;ENSGALG00000014759,-1.097055144016794,
ENSGALG00010027156,ISYNA1,28,0,ENSGALG00000030344,-2.56511361619854,
ENSGALG00010026120,C1QTNF5,24,0,ENSGALG00000006758,-2.281772025475811,-1.280681075634624
ENSGALG00010027943,RAB43,12,0,ENSGALG00000005021,-1.2039569945802575,-1.255832751830702
ENSGALG00010024401,KCNC1,5,0,ENSGALG00000006220;NONGGAG004332,-1.4063966616515744,
ENSGALG00010025996,CUL3,9,0,ENSGALG00000005108,0.013733450752278276,-0.4384228729435843
ENSGALG00010025421,NR4A1,34,0,ENSGALG00000043727;INRAGALG00000017724,-2.6863027228929433,
ENSGALG00010024994,NDUFB4,1,0,ENSGALG00000027688,-1.3164303350427076,-0.2853108772280147
ENSGALG00010022493,NFE2,34,0,ENSGALG00000051041,-2.6680166049189946,
ENSGALG00010024708,BNIP2,10,0,ENSGALG00000003788,-0.03858502690371757,-0.8339730322156536
ENSGALG00010028301,FBN3,28,0,,-1.7752578333891589,
ENSGALG00010025420,STK39,7,0,ENSGALG00000010930,-0.19383099434337991,-1.4208177707763552
ENSGALG00010022614,DAO,15,0,ENSGALG00000043053,-1.8291732798053997,0.1863502657561692
ENSGALG00010027639,SLC5A5,28,0,ENSGALG00000037712;ENSGALG00000041932,-2.107632542260113,
ENSGALG00010027574,GNG7,28,0,ENSGALG00000049579,-2.682046161196716,
ENSGALG00010022049,EPHX3,8,0,ENSGALG00000006019,-0.4612568122639714,-4.09590203661844
ENSGALG00010028184,TMEM79,25,0,,-2.586152307714686,
ENSGALG00010021255,EIF3F,6,0,ENSGALG00000005326,-1.0041556034915315,-0.4134051399745301
ENSGALG00010022550,TRIM45,1,0,ENSGALG00000014818,-2.4283204166556676,-2.958408498311804
ENSGALG00010028106,ARPC5L,17,0,ENSGALG00000001014,-2.1065486421627786,-0.0013702991339927
ENSGALG00010021042,LRRC38,21,0,,-1.6881236479072272,
ENSGALG00010021167,KIAA1671,15,0,ENSGALG00000005512,-1.5312015203915024,-1.8331112408343304
ENSGALG00010026154,ZNF385B,7,0,ENSGALG00000009012,-0.8494172516478534,-0.5910469869854393
ENSGALG00010017841,GALC,5,0,ENSGALG00000010593,-0.27428301253186016,-0.5306151576793503
ENSGALG00010021090,ADM,5,0,ENSGALG00000046593,-2.34486034043763,-0.9609475725669456
ENSGALG00010021490,ACACB,15,0,ENSGALG00000030996;ENSGALG00000048882;ENSGALG00000045573;ENSGALG00000005043,-1.7827810358704799,
ENSGALG00010028153,MANF,12,0,ENSGALG00000002362,-1.7782832923916874,-1.042216886040393
ENSGALG00010029207,SPAG5,19,0,,-3.449257740440394,
ENSGALG00010018423,IGFALS,14,0,ENSGALG00000002325,-2.9263297990384514,-0.7656467228733014
ENSGALG00010028069,NEK4,12,0,ENSGALG00000041428,-1.1265751141570923,-2.214893838728501
ENSGALG00010025993,MEIOC,27,0,ENSGALG00000045889,-1.0588100764288337,
ENSGALG00010021541,CYP27A1,7,0,ENSGALG00000002470,-2.288955811473403,-1.729864484099402
ENSGALG00010027906,LHX6,17,0,INRAGALG00000101814;ENSGALG00000001347;ENSGALG00000026454,-2.2793427342578094,
ENSGALG00010029416,UNC119,19,0,ENSGALG00000003657,-1.0709161039013404,
ENSGALG00010021465,ABCB6,7,0,ENSGALG00000029672,-2.541833029145272,-1.8334288540291463
ENSGALG00010017805,DPP8,10,0,ENSGALG00000039462;ENSGALG00000007437,-0.5723996873197069,
ENSGALG00010024326,KLHL24,9,0,ENSGALG00000002277,-0.9444000088171874,-0.2743153797228903
ENSGALG00010029178,NOTUM,18,0,ENSGALG00000002900,-1.820894679520745,-2.171484132854832
ENSGALG00010022473,ZNF385A,34,0,ENSGALG00000039638;ENSGALG00000046448,-2.550219114063242,
ENSGALG00010021101,TMEM240,21,0,ENSGALG00000035387,-1.4521033967702568,
ENSGALG00010020602,DENND2B,5,0,ENSGALG00000047559,-2.1742751935929134,
ENSGALG00010022069,NOP2,1,0,ENSGALG00000037807,-1.5601564268180694,-0.6821128443856328
ENSGALG00010021313,KPNA7,14,0,ENSGALG00000004665,-2.113638330171408,
ENSGALG00010020680,CFAP221,7,0,ENSGALG00000012100,-0.39111049552200533,
ENSGALG00010021071,HIF1AN,6,0,ENSGALG00000005698,-0.8284872925633721,0.4888814036945904
ENSGALG00010022506,EBNA1BP2,8,0,ENSGALG00000009045,-0.8913299648520799,-0.6711199097099143
ENSGALG00010023050,RUFY2,6,0,ENSGALG00000003990;ENSGALG00000039161,-0.865776081509534,
ENSGALG00010025615,AQP5,34,0,ENSGALG00000041878,-1.385822159875353,
ENSGALG00010018843,MCRIP2,14,0,ENSGALG00000046992,-1.8379612526913056,
ENSGALG00010029789,BHLHA9,19,0,,-2.343301552308156,
ENSGALG00010020095,LRFN2,3,0,ENSGALG00000010050,-1.2070960502110277,
ENSGALG00010029371,AUTS2,19,0,ENSGALG00000040229;ENSGALG00000001153;ENSGALG00000025293;ENSGALG00000025291;ENSGALG00000025553,-2.264854966300438,
ENSGALG00010024821,NECAP1,1,0,ENSGALG00000037656,-0.9891186497628733,0.0399585791154081
ENSGALG00010024959,AGXT,9,0,ENSGALG00000020943,-2.648006910704995,-0.5840886102719611
ENSGALG00010017898,SLC9A3R2,14,0,ENSGALG00000005608,-2.8901785783673493,-1.4708100151703618
ENSGALG00010029946,METRNL,18,0,ENSGALG00000028354,-1.5939585694994676,-1.919485313338684
ENSGALG00010020486,MKL2,14,0,ENSGALG00000052117;ENSGALG00000050631;ENSGALG00000003026,-1.3670341654021807,
ENSGALG00010029315,TBC1D16,18,0,ENSGALG00000007054,-2.361801165757094,-3.5623978916088648
ENSGALG00010021180,TMEM198,7,0,ENSGALG00000018803,-2.497605901697119,-2.8148279223551
ENSGALG00010023670,EXTL2,8,0,INRAGALG00000104993;INRAGALG00000104994;ENSGALG00000051438,-0.1241549675490532,
ENSGALG00010028114,PFKFB4,12,0,ENSGALG00000002099,-0.5210959994381742,-0.985349500216716
ENSGALG00010020535,LMLN,7,0,ALDBGALG0000005331;ENSGALG00000012067,-1.0123174597377016,
ENSGALG00010027112,XYLB,2,0,ENSGALG00000053252;INRAGALG00000006266;INRAGALG00000006267;INRAGALG00000006268;INRAGALG00000006269;INRAGALG00000102319;ENSGALG00000006173,-0.3862451393603795,
ENSGALG00010024733,MBTPS1,11,0,ENSGALG00000003293,-0.40725885010160245,-2.0979666055520894
ENSGALG00010026006,ITGA2B,27,0,ENSGALG00000041556;ENSGALG00000054766,-2.5551970003830875,
ENSGALG00010022392,EMILIN3,20,0,INRAGALG00000008580;ENSGALG00000030012,-2.894675268717595,
ENSGALG00010024692,DRAM2,26,0,ENSGALG00000036491,-1.0627883082032965,-0.594016929688963
ENSGALG00010020115,LRRC18,6,0,ENSGALG00000053919,-1.046016539240643,
ENSGALG00010025799,SC5D,24,0,ENSGALG00000037065,-1.76595883614853,0.2357989609453365
ENSGALG00010018060,CASKIN1,14,0,ENSGALG00000049728,-2.542814887318601,
ENSGALG00010021779,UNC13C,10,0,,-0.41168969519760923,
ENSGALG00010024368,DPAGT1,24,0,ENSGALG00000032420,-0.37613039189066777,-0.9291105281947576
ENSGALG00010029140,NPDC1,17,0,ENSGALG00000031482,-2.485902661676177,
ENSGALG00010018058,ITPKC,3,0,107052857;INRAGALG00000010063;ENSGALG00000028126;ENSGALG00000009068,-2.4243433224403588,
ENSGALG00010017894,KAT6A,22,0,ENSGALG00000003641,-1.6384959681588547,-1.7736547656382218
ENSGALG00010017918,SIX4,5,0,ENSGALG00000017389,-1.936676994270878,-2.006012295138709
ENSGALG00010020739,PKP3,5,0,ENSGALG00000004260,-2.416144155927539,
ENSGALG00010026122,NEUROD2,27,0,ENSGALG00000039633,-2.652308172111898,
ENSGALG00010025343,NAB2,34,0,ENSGALG00000053803,-2.970064923962055,
ENSGALG00010018378,ARPP21,2,0,ALDBGALG0000002190;ENSGALG00000025546;ALDBGALG0000002191;ENSGALG00000043240;ENSGALG00000018284,-1.6961496779586334,
ENSGALG00010019356,AVL9,2,0,ENSGALG00000041568,-0.9979271619417078,-0.3318084006467122
ENSGALG00010029499,KIF19,18,0,ENSGALG00000004502,-2.7478962166145937,
ENSGALG00010029773,TRIM65,18,0,INRAGALG00000005787,-3.1629456193470995,
ENSGALG00010019875,PLEKHH1,5,0,ENSGALG00000009507,-1.3757525659828318,
ENSGALG00010019591,HSP90AB1,3,0,ENSGALG00000010175,-1.59113343854432,-1.64379614281883
ENSGALG00010019331,CEMIP,10,0,ALDBGALG0000001192;ENSGALG00000006413;ENSGALG00000021171,-0.5885720613435019,
ENSGALG00010017830,DENND4A,10,0,ENSGALG00000041403,-0.7249201915734923,-1.2382636676491183
ENSGALG00010018012,DVL1,21,0,ENSGALG00000001600,-1.9054171859554336,-1.565540357918172
ENSGALG00010021188,TNRC18,14,0,ENSGALG00000040770;ENSGALG00000053225;INRAGALG00000101569,-2.548074444629983,
ENSGALG00010029350,MRPL12,18,0,ENSGALG00000045753,-1.6332583514317358,-1.820450085138688
ENSGALG00010018960,RBFOX1,14,0,ENSGALG00000034325;ENSGALG00000051949;ENSGALG00000052823;ENSGALG00000050152;ENSGALG00000050135,0.13812576902123852,
ENSGALG00010021079,WNT8B,6,0,ENSGALG00000005733,-2.325866373112791,
ENSGALG00010027588,PRDM12,17,0,ENSGALG00000003895;ENSGALG00000025516,-2.820540706904881,
ENSGALG00010021411,MCU,6,0,ENSGALG00000004355,-0.9703658710127601,-1.2993125725654255
ENSGALG00010028088,APOA1BP,25,0,ENSGALG00000046023,-2.056116087016828,-1.2386799338220742
ENSGALG00010018999,THUMPD3,12,0,ENSGALG00000044813,-0.7776148281506883,
ENSGALG00010027789,UAP1L1,17,0,ENSGALG00000034948,-1.2828567841314475,-0.5800419804919472
ENSGALG00010026692,NMNAT3,9,0,ENSGALG00000037875;ENSGALG00000026187,-0.7700209122302782,
ENSGALG00010027569,ATP5PB,26,0,ENSGALG00000001373;ENSGALG00000001452;ENSGALG00000048244,-0.807939305424222,
ENSGALG00010022122,PSMB3,27,0,ENSGALG00000001597,-1.5333475746714167,0.8509571951494145
ENSGALG00010028189,GPSM1,17,0,ENSGALG00000041477;ENSGALG00000001797,-1.5942470106518951,
ENSGALG00010025031,ECHDC2,8,0,ENSGALG00000010647,0.18288729977126195,0.0539493437318213
ENSGALG00010022097,INPP5J,15,0,ENSGALG00000054099;ENSGALG00000053217,-2.3880405460211436,
ENSGALG00010020679,OTUD3,21,0,ENSGALG00000043920,-1.6485664012305619,-1.4381573402209995
ENSGALG00010024497,ABI3,27,0,ENSGALG00000044071,-2.8714937034284778,-1.9266826061826905
ENSGALG00010019602,SLC29A1,3,0,ENSGALG00000010182;INRAGALG00000023137,-0.8332610236783529,
ENSGALG00010020290,NELL1,5,0,ENSGALG00000003777;ENSGALG00000025380,-1.2940184063015427,
ENSGALG00010027455,R3HDM4,28,0,ENSGALG00000001998,-2.2752201169911186,-1.1080448465368735
ENSGALG00010017843,WHSC1L1,22,0,ENSGALG00000031007;ENSGALG00000003299,-1.0417089945990592,
ENSGALG00010021239,USP54,6,0,INRAGALG00000014895;ENSGALG00000005232,-1.8331927466150888,
ENSGALG00010018186,SPTLC3,3,0,ENSGALG00000009037;ENSGALG00000051972;ENSGALG00000055099,0.3575543580844277,
ENSGALG00010021159,MMD2,14,0,ENSGALG00000004530,-1.6399171369566812,
ENSGALG00010023223,CEP164,24,0,ENSGALG00000007310;ENSGALG00000051767,-1.977444847970398,
ENSGALG00010018440,MEA1,3,0,ENSGALG00000033894,-3.5588682299656162,
ENSGALG00010019316,CLEC16A,14,0,ENSGALG00000007167,-0.4636456650657013,-1.073666955190412
ENSGALG00010020382,MFAP2,21,0,ENSGALG00000030647,-2.450290201762614,
ENSGALG00010028924,TMEM203,17,0,ENSGALG00000008925,-2.590753767838117,-3.2719702388755705
ENSGALG00010028881,SARDH,17,0,ENSGALG00000047321;ENSGALG00000002855,-1.8522674299583834,
ENSGALG00010024909,SLC39A5,34,0,ENSGALG00000046197,-2.9529811603179295,-4.370912504351542
ENSGALG00010020473,TMEM109,5,0,INRAGALG00000013412,-2.9030482019664694,
ENSGALG00010021204,NAGLU,27,0,ENSGALG00000032610,-2.079702505386291,-2.090355714385091
ENSGALG00010021346,RPS21,20,0,ENSGALG00000005338,0.058919202187862396,-0.0905654313401226
ENSGALG00010025223,C11orf1,24,0,ENSGALG00000040842;ENSGALG00000007950,-1.3234407440086569,
ENSGALG00010019264,HK2,22,0,ENSGALG00000034855,-1.7687033232885891,-2.179452787262592
ENSGALG00010025635,CHKA,5,0,ENSGALG00000036754;ENSGALG00000051601,-0.8268905784887923,
ENSGALG00010021197,CHCHD1,6,0,ENSGALG00000028809,-0.3718205899775219,-1.018255518024243
ENSGALG00010017920,AP3M2,22,0,ENSGALG00000038155,-0.7310214162307304,-0.8340216907750889
ENSGALG00010029143,SH2D3C,17,0,ENSGALG00000005036,-2.6341702252471353,-2.8568493471962078
ENSGALG00010021966,ADGRA1,6,0,ENSGALG00000007045,-0.6585039135599849,-1.5645405197374431
ENSGALG00010025631,CCDC63,15,0,ENSGALG00000051704,-2.2337848636368385,
ENSGALG00010028918,AGPAT2,17,0,ENSGALG00000023517,-1.2917501912984557,-1.128430435068872
ENSGALG00010022986,ALG9,24,0,ENSGALG00000021174,-0.4294019949547842,-0.3887262753778738
ENSGALG00010027365,PLEKHA6,26,0,ENSGALG00000038399;ENSGALG00000027673,-2.7864807304178085,
ENSGALG00010023257,PAK6,5,0,ENSGALG00000036710;ENSGALG00000034605,-1.8049943257858332,
ENSGALG00010029745,SHPK,19,0,ENSGALG00000004637,-1.064989572489879,-0.6177894800007542
ENSGALG00010023189,RMDN3,5,0,ENSGALG00000035242;ENSGALG00000042669,-1.7969197629210751,
ENSGALG00010018209,GMPPA,7,0,ENSGALG00000002417,-1.8731013932601566,-1.593369290754817
ENSGALG00010017895,MNAT1,5,0,ENSGALG00000011910,-1.4493676261422292,-1.590504409116009
ENSGALG00010024803,CLK1,7,0,ENSGALG00000028438,-1.5266106911829644,-1.7507002055447032
ENSGALG00010020498,FRMPD2,6,0,ENSGALG00000050857;ENSGALG00000053112;ENSGALG00000006095,-1.0349407774013244,
ENSGALG00010022116,CYP20A1,7,0,ENSGALG00000008730;ENSGALG00000025154,-1.564745083071897,
ENSGALG00010020758,WDR63,8,0,ENSGALG00000008696,-0.46003801594984495,
ENSGALG00010029512,TSPAN10,18,0,ENSGALG00000004525,-3.0017309685642477,
ENSGALG00010025940,HECTD3,8,0,,-1.7771743576499461,
ENSGALG00010027550,GUCA1ANB,26,0,ENSGALG00000023924;INRAGALG00000009505,-2.118624795983998,
ENSGALG00010020201,NKX3-1,22,0,NONGGAG002943;INRAGALG00000008985,-2.841345957116541,
ENSGALG00010027370,NUP210L,25,0,ENSGALG00000046828;ENSGALG00000041435;ENSGALG00000047376,-1.43505924726213,
ENSGALG00010017817,REEP1,4,0,ENSGALG00000050058;ENSGALG00000047856,-0.5516780473896297,
ENSGALG00010027127,S1PR4,28,0,ENSGALG00000013371,-2.7677232929294764,-2.137393715602923
ENSGALG00010024839,PA2G4,34,0,ENSGALG00000034218,-0.6544208242909104,-0.8185329580587318
ENSGALG00010023074,CCNT1,34,0,ENSGALG00000047646,-2.569226157873589,
ENSGALG00010024597,DNAJB11,9,0,ENSGALG00000006564,-1.2084959725530235,-0.6070167879369261
ENSGALG00010025554,DIP2C,2,0,ENSGALG00000006652,-0.5945830058620933,-1.4002856895806957
ENSGALG00010028120,TBXA2R,28,0,ENSGALG00000037888,-2.7535988435551872,-4.239593118361331
ENSGALG00010021683,HFM1,8,0,ENSGALG00000006091;ENSGALG00000050568,-0.12362941612571787,
ENSGALG00010028372,PTGS1,17,0,ENSGALG00000001314,-1.7057844174946326,
ENSGALG00010021415,SIRT4,15,0,ENSGALG00000007244,-1.6524574851784566,-1.1013720206648772
ENSGALG00010023830,AGFG1,9,0,ENSGALG00000003052,-0.7479880082116644,-0.8619370456049124
ENSGALG00010029152,HEXDC,18,0,ENSGALG00000039839,-1.144354726568421,-1.248008694606535
ENSGALG00010022505,ZFP511,6,0,ENSGALG00000003533,-2.2289271006747344,-1.7752189551657866
ENSGALG00010029656,MRPL27,18,0,ENSGALG00000038812,-0.5018779552110539,0.8158803216696168
ENSGALG00010027001,SLC26A8,26,0,ENSGALG00000040498,-0.6304403220783322,-1.6469336891149626
ENSGALG00010024645,PARP11,1,0,ENSGALG00000014347,-0.1960461553808479,0.608843441815691
ENSGALG00010022533,TMEM119,15,0,ENSGALG00000004901;ENSGALG00000004893,-2.1381515804554114,
ENSGALG00010020692,TUB,5,0,INRAGALG00000104423;INRAGALG00000013576;ENSGALG00000005986;ENSGALG00000025448,-1.1730452424633697,
ENSGALG00010017809,C16orf52,14,0,ENSGALG00000006933;ALDBGALG0000001646,-0.025283507181643294,
ENSGALG00010019284,CHD5,21,0,ENSGALG00000000747,-1.6650977733116987,-4.915825920209952
ENSGALG00010023350,ZNRF1,11,0,ENSGALG00000029017,-1.7353624942925219,-3.555754720460237
ENSGALG00010019520,CD6,5,0,,-2.9371493792318115,
ENSGALG00010022974,INPP5D,9,0,ENSGALG00000035498,-1.9150095569855758,-1.6757171789096184
ENSGALG00010017860,CYSLTR1,4,0,ENSGALG00000004128,-1.264564772078511,
ENSGALG00010024647,RPUSD4,24,0,ENSGALG00000024326,-1.20975732678541,-4.82242255091945
ENSGALG00010021784,ANGPTL7,21,0,ENSGALG00000003179,-0.5285423435949163,
ENSGALG00010019961,HTATSF1,4,0,ENSGALG00000006410,-0.6135441530191187,-0.2107106039842225
ENSGALG00010020309,GXYLT2,12,0,ENSGALG00000007804,-0.302961324739221,-3.3746325686278142
ENSGALG00010027158,XRCC2,2,0,ENSGALG00000026865,-0.40025461587770694,-0.4756294775941162
ENSGALG00010026167,CABIN1,15,0,ENSGALG00000006363,-1.3695935203370395,-1.339735000050336
ENSGALG00010019334,ATL1,5,0,INRAGALG00000014554;ENSGALG00000012339,-1.3148390228004092,
ENSGALG00010018834,SAMD4A,5,0,ENSGALG00000041790;ENSGALG00000025173,-2.8841290286070413,
ENSGALG00010022480,PIF1,8,0,ENSGALG00000009032,-1.9768826698609274,
ENSGALG00010021253,TMEM169,7,0,ENSGALG00000033344;ENSGALG00000011493;INRAGALG00000015671;INRAGALG00000015672,-1.1939215094153914,
ENSGALG00010018838,WFIKKN1,14,0,ENSGALG00000000044,-2.5461939728967597,
ENSGALG00010023118,LRRC27,5,0,ENSGALG00000040729;ENSGALG00000054561,-2.3261425653282863,
ENSGALG00010028442,CHTOP,25,0,ENSGALG00000042129,-1.476036703001602,-1.58318053798365
ENSGALG00010029680,OTOP3,18,0,ENSGALG00000028214,-1.8468196666128356,-0.3533675985067236
ENSGALG00010028671,CADM3,25,0,ENSGALG00000036925;ENSGALG00000048074,-3.03532440129148,
ENSGALG00010023686,MYLK3,11,0,ENSGALG00000004334,-0.7681942997505508,
ENSGALG00010023984,FMNL1,27,0,ENSGALG00000032658,-2.5079659304780626,-2.4295404672659986
ENSGALG00010022274,CCDC91,1,0,ENSGALG00000031666,-0.6330702484400388,-2.4947751724260288
ENSGALG00010024626,TSHZ3,11,0,ENSGALG00000004528,-1.1932659991923193,
ENSGALG00010028901,PAPPA,17,0,ENSGALG00000007079;ENSGALG00000051635,-2.0492201463117583,
ENSGALG00010018157,FBXL2,2,0,ENSGALG00000030175,-1.1289103613607558,-2.065802001445504
ENSGALG00010020112,AMZ2,14,0,ENSGALG00000004358,-2.613037438631193,
ENSGALG00010018465,NAALADL2,9,0,ENSGALG00000023670,-0.8082797063755861,-1.1573857344105225
ENSGALG00010024541,WIPF2,27,0,INRAGALG00000009702;INRAGALG00000009703;ENSGALG00000037633,-2.80395315761295,
ENSGALG00010029758,DNAH9,18,0,ENSGALG00000048369;ENSGALG00000049799;ENSGALG00000052859;ENSGALG00000054129;ENSGALG00000001111;ENSGALG00000048396;ENSGALG00000054733,-1.4248441792982875,
ENSGALG00010024983,APOF,34,0,,-2.6780416695251703,
ENSGALG00010025995,BEST1,5,0,ENSGALG00000007217,-2.156945440780167,
ENSGALG00010017949,SFXN3,6,0,ENSGALG00000023621,-1.457664665729824,-1.1766002675339635
ENSGALG00010021080,TTLL7,8,0,INRAGALG00000016223;INRAGALG00000016225;INRAGALG00000016228;INRAGALG00000016229;INRAGALG00000016230;ENSGALG00000008850,-0.8374720939357869,
ENSGALG00010029730,TTC19,19,0,ENSGALG00000004416,-1.355882825007433,-1.3748744428894168
ENSGALG00010023732,TM2D1,8,0,ENSGALG00000051415,0.20308499049658957,
ENSGALG00010027972,TMEM259,28,0,ENSGALG00000002029,-1.7103791671157693,-1.7614015746317917
ENSGALG00010025538,ANO1,5,0,ENSGALG00000041808,-0.32350776158185,-0.4343167632287546
ENSGALG00010029366,MGAT5B,18,0,INRAGALG00000005771;ENSGALG00000001740;INRAGALG00000005773;INRAGALG00000005774;ALDBGALG0000001960;INRAGALG00000005775,-2.1047422996927594,
ENSGALG00010023752,C1QL1,27,0,ENSGALG00000028031,-1.4651478910866294,-4.283282925447244
ENSGALG00010017876,COMMD1,3,0,ENSGALG00000008931,-1.4264598494583094,-1.2333408324221358
ENSGALG00010027908,PBXIP1,25,0,ENSGALG00000050763,-3.0383776769302937,
ENSGALG00010024968,TMEM101,27,0,ENSGALG00000043148,-2.2653417759966032,-2.024938683113404
ENSGALG00010023597,MOGAT1,9,0,ENSGALG00000005217,-0.8955733617695493,0.0927978777930933
ENSGALG00010025429,SCN3B,24,0,,-1.2198502005589713,
ENSGALG00010024735,OTUD7A,10,0,ENSGALG00000003802;ENSGALG00000047513,-1.301964515960162,
ENSGALG00010025527,KNTC1,15,0,ENSGALG00000047346;ENSGALG00000004515,-0.20285223369303973,
ENSGALG00010028030,PFDN2,25,0,,-2.534236858009241,
ENSGALG00010023600,CHST14,5,0,ENSGALG00000049181,-2.009221982832623,
ENSGALG00010029782,UNK,18,0,ALDBGALG0000001964;ENSGALG00000002278,-1.9575556960382876,
ENSGALG00010027916,ADAR,25,0,ENSGALG00000021475,-1.7717004096792692,-2.19601515196346
ENSGALG00010024267,MAP3K12,34,0,ENSGALG00000033791;ENSGALG00000031572,-2.8772660695316135,
ENSGALG00010027776,TKT,12,0,ENSGALG00000005309,-0.1368974448690523,0.4534524098901398
ENSGALG00010020646,CEP70,7,0,ENSGALG00000012087,-1.362970606760641,-0.7369557978547203
ENSGALG00010018348,TOGARAM1,5,0,,-1.8198039325791264,
ENSGALG00010027665,TRAF1,17,0,ENSGALG00000001583;ENSGALG00000001565,-1.3724920756955834,
ENSGALG00010020651,LMO1,5,0,ENSGALG00000047957;NONGGAG010062;ENSGALG00000035679,-0.9530437428848375,
ENSGALG00010029683,MRPL58,18,0,ENSGALG00000007822,-1.3008574471611625,-0.6058828022184288
ENSGALG00010021318,TP73,21,0,ENSGALG00000001006,-2.3292409333823674,-1.7375454012469416
ENSGALG00010027920,SCAMP4,28,0,ENSGALG00000001030,-0.5619774039255778,-0.4450344643516885
ENSGALG00010021384,ARTN,8,0,ENSGALG00000032098,-2.2761831033148936,-4.299023313102351
ENSGALG00010018071,GPAT4,22,0,ENSGALG00000003518,-0.8627183396923231,-0.6267097834951139
ENSGALG00010028115,CACTIN,28,0,ENSGALG00000024391,-2.5885498806383165,-2.404456502613165
ENSGALG00010018551,FBXO34,5,0,ENSGALG00000032563;INRAGALG00000014530,-1.7911938575694402,
ENSGALG00010028917,NR6A1,17,0,ENSGALG00000001073,-1.6105781383158628,-4.267849955744259
ENSGALG00010028078,LAMTOR2,25,0,ENSGALG00000053058,-1.6019295022198174,
ENSGALG00010029770,FAM57A,19,0,ENSGALG00000004820,-1.180735319575346,-1.376462819916737
ENSGALG00010025319,LDLRAD1,8,0,ENSGALG00000020647,-2.045332091025531,-3.1853543657226653
ENSGALG00010019659,MRPL14,3,0,ENSGALG00000010285,-0.6681812902789935,1.2516868233030116
ENSGALG00010022571,FAM65A,11,0,NONGGAG001049;ENSGALG00000030055,-2.8219064742710556,
ENSGALG00010028479,CASQ1,25,0,ENSGALG00000054604,-1.7006162358259769,
ENSGALG00010029403,FAM20A,18,0,ENSGALG00000040655,-1.8388061639893531,-2.9218588645655585
ENSGALG00010028514,FNBP1,17,0,ENSGALG00000004088,-0.8863569148813942,-1.1763765382966842
ENSGALG00010020129,MGAT2,5,0,ENSGALG00000031212,-2.5063347454891933,-2.432252920852023
ENSGALG00010028042,DPP7,17,0,ENSGALG00000038145,-0.9754668578985202,0.0371717222126333
ENSGALG00010020998,SYT17,14,0,ENSGALG00000030534,-1.8304390279390497,
ENSGALG00010023079,SLC25A16,6,0,ENSGALG00000004065,0.954668427949746,-1.213943597957703
ENSGALG00010020388,MYOF,6,0,INRAGALG00000014988;INRAGALG00000014989;NONGGAG010341;NONGGAG010342;ENSGALG00000006705;ENSGALG00000051258,-0.1492642639950177,
ENSGALG00010028642,APH1A,25,0,ENSGALG00000045163,-1.8749296622708211,-1.107245229578672
ENSGALG00010018466,DYSF,4,0,ENSGALG00000016105,-2.1463162192818985,-3.3271446774275497
ENSGALG00010025297,SPSB4,9,0,ENSGALG00000032053;ENSGALG00000051045,-0.8993945012822435,
ENSGALG00010028612,DIRAS1,28,0,ENSGALG00000026955,-2.705217347633083,-2.1798432826734024
ENSGALG00010023967,PRPH,34,0,ENSGALG00000039571,-2.730852690772692,
ENSGALG00010022783,STAG1,9,0,INRAGALG00000016410;ENSGALG00000035116;ENSGALG00000047235;INRAGALG00000016412;ENSGALG00000045270,-0.7680548685989745,
ENSGALG00010029310,LRWD1,19,0,ENSGALG00000001852,-1.5446409916728647,-0.756616332133319
ENSGALG00010029382,GTF2IRD1,19,0,ENSGALG00000001263,-1.7245991650825712,-3.2071104449167755
ENSGALG00010021124,CALHM2,6,0,ENSGALG00000008270,-1.5672073463367246,-2.8896061867949645
ENSGALG00010022603,ATRNL1,6,0,ENSGALG00000009152,-0.6236770310411475,-2.2491064194098427
ENSGALG00010027717,ATXN7L2,26,0,ENSGALG00000047631;INRAGALG00000022580,-2.622104711243141,
ENSGALG00010027490,ATP2B4,26,0,ENSGALG00000003601,-1.6764676116418338,-2.3390938917650206
ENSGALG00010022959,ADAMTS8,24,0,ENSGALG00000043880;ENSGALG00000001370,-2.765426080610769,
ENSGALG00010025738,SOX13,26,0,ENSGALG00000000583,-2.7863395114739196,-2.6050797057142443
ENSGALG00010021120,PDCD11,6,0,ENSGALG00000008265,-0.9751496591553475,-0.6550541977488509
ENSGALG00010026393,SLC43A3,5,0,ENSGALG00000020479,-2.1745252232174503,-1.307754531933138
ENSGALG00010020187,MMP23A,21,0,ENSGALG00000001392;INRAGALG00000008843,-0.4853998354127564,
ENSGALG00010029289,PITPNM3,19,0,ENSGALG00000006034,-1.3074951526106378,-4.863241287031367
ENSGALG00010018707,SLC45A1,21,0,ENSGALG00000033340,-1.140866591305761,-3.301177494461615
ENSGALG00010028087,STIMATE,12,0,,-0.6827661954541949,
ENSGALG00010028752,MTMR11,25,0,ENSGALG00000035923,-3.3192411961527464,
ENSGALG00010023835,INAFM2,5,0,ENSGALG00000049063,-1.7497603455711719,
ENSGALG00010019169,GPR153,21,0,ENSGALG00000032060,-2.546666115393168,
ENSGALG00010027874,FRS3,26,0,ENSGALG00000003447,-3.035204992890272,-5.95039764694176
ENSGALG00010022238,COMTD1,6,0,ENSGALG00000005000,-0.3637575193121532,1.2966073672135965
ENSGALG00010025582,DMAP1,8,0,ENSGALG00000010104,-1.1583137959971737,-1.5259380286308717
ENSGALG00010028176,UPF1,28,0,ENSGALG00000003220,-1.1173028412097832,0.0620270935335556
ENSGALG00010020130,PDXDC1,14,0,ENSGALG00000034829,-0.8139883980760354,-0.0317582631482015
ENSGALG00010026480,USP49,26,0,ENSGALG00000003461,-1.6759833302186733,-3.179025652198759
ENSGALG00010024598,LRRC3C,27,0,ENSGALG00000026789,-3.016890525125107,-4.516539366213612
ENSGALG00010027583,GLE1,17,0,ENSGALG00000004738,-1.3079147429591933,-2.0414121539532952
ENSGALG00010024555,EPHB1,9,0,ENSGALG00000006609,-1.6413862444910512,-3.368427637759024
ENSGALG00010029520,MKS1,19,0,ENSGALG00000030979,-1.8044548124195412,-1.519260678131651
ENSGALG00010021680,PIGT,20,0,ENSGALG00000003909,-1.9137243439162592,-0.5911575208695011
ENSGALG00010019650,KBTBD8,12,0,ENSGALG00000007569,-0.36428744178177375,0.2107663576047057
ENSGALG00010021568,TADA3,12,0,ENSGALG00000006688,-2.8485986945026625,-2.7167827426150453
ENSGALG00010020006,PLB1,3,0,ENSGALG00000029862;INRAGALG00000103565;ENSGALG00000010032;ENSGALG00000026739,-0.8870015751030053,
ENSGALG00010028036,NDUFS7,28,0,ENSGALG00000009703,-1.2539539590260271,-0.6253860839154766
ENSGALG00010029159,SSC4D,19,0,,-2.82712790724404,
ENSGALG00010026073,HPDL,8,0,ENSGALG00000023348,-2.684856783929209,
ENSGALG00010020065,TTYH3,14,0,ENSGALG00000047636;ENSGALG00000004310,-1.8716517919171491,
ENSGALG00010021685,DBNDD2,20,0,,-2.916842737140646,
ENSGALG00010027198,ECM2,12,0,ENSGALG00000004695,-0.671578744305345,0.8159862307810272
ENSGALG00010018124,FBXO41,4,0,ENSGALG00000039477,-2.8169628080383244,
ENSGALG00010028582,KYAT1,17,0,ENSGALG00000004604,-1.338299495806499,-1.1403923741955508
ENSGALG00010028478,PEA15,25,0,ENSGALG00000051412,-2.9677577266361355,
ENSGALG00010020143,KCNK5,3,0,ENSGALG00000034077,0.1381038680404295,-0.6009403046237397
ENSGALG00010020036,TMF1,12,0,ENSGALG00000013408,-1.1775217024840023,-1.4760456766147985
ENSGALG00010026919,NICN1,12,0,ENSGALG00000036089,-2.7566678530451694,-3.6854867544630254
ENSGALG00010021242,BCAR3,8,0,ENSGALG00000005782,-1.1547984729239946,-0.1952085684765946
ENSGALG00010028905,COLGALT1,17,0,,-1.9357504898885045,
ENSGALG00010019994,PLD4,5,0,ENSGALG00000011646,-0.6003084520889683,0.5691964443173425
ENSGALG00010020137,NTAN1,14,0,ENSGALG00000040905,-0.7784867717204019,-1.3938961288089615
ENSGALG00010029446,PRPSAP1,18,0,ENSGALG00000021539,-0.5326345873078777,-0.8046320761533874
ENSGALG00010029261,IFT22,19,0,ENSGALG00000021653,-1.1445813865751493,0.4313098969911908
ENSGALG00010026068,UHRF1BP1,26,0,ENSGALG00000002762,-1.9329303263388593,-3.054448419230703
ENSGALG00010024494,DDAH1,8,0,,-1.5310346275201399,
ENSGALG00010024576,CSAD,34,0,ENSGALG00000035850;ENSGALG00000047035,-2.616043043855014,
ENSGALG00010023384,AP3B2,10,0,ENSGALG00000035202;ENSGALG00000025395,-2.437496361518932,
ENSGALG00010028771,SETX,17,0,ENSGALG00000003661,-0.9824663822930747,-1.6074203746750553
ENSGALG00010028129,CYB561D2,12,0,ENSGALG00000050390,-1.991288287615086,
ENSGALG00010024583,ITGB7,34,0,ENSGALG00000050875,-3.202232613337408,
ENSGALG00010028068,POLE4,28,0,ALDBGALG0000003327;ENSGALG00000031679,-0.7736855901025155,
ENSGALG00010024842,ZFYVE9,8,0,NONGGAG005236;INRAGALG00000016326;ENSGALG00000010613,-0.9160579473292445,
ENSGALG00010026291,SERPING1,5,0,ENSGALG00000007381,-2.9066129021779443,-0.6902077548005261
ENSGALG00010020109,WDFY4,6,0,ENSGALG00000006165;ENSGALG00000050564;ENSGALG00000048372,-1.04929744337368,
ENSGALG00010028151,DOCK3,12,0,ENSGALG00000002335;ENSGALG00000027850;INRAGALG00000004189,-1.4398074275471404,
ENSGALG00010027654,C9ORF58,17,0,ENSGALG00000029834,-0.943960755253169,-0.4664198870816182
ENSGALG00010026163,CTNND1,5,0,ENSGALG00000007330,-2.000028350785659,-1.24991154850545
ENSGALG00010028753,SV2A,25,0,INRAGALG00000009376;INRAGALG00000009377;ENSGALG00000050830,-2.1187353707625247,
ENSGALG00010027868,CACNA2D3,12,0,ENSGALG00000005400,0.09714570510201082,
ENSGALG00010023208,BACE1,24,0,ENSGALG00000007298,-1.8207612014108854,-3.828850617547854
ENSGALG00010028135,C19orf71,28,0,,-3.562513657294965,
ENSGALG00010027052,APPL1,12,0,ENSGALG00000005527,-0.6356572296524595,-0.6860718710480205
ENSGALG00010026268,GARS1,2,0,,-0.5320444488934543,
ENSGALG00010023808,DHX35,20,0,ENSGALG00000003658,0.014172261575264522,-1.052725134172141
ENSGALG00010025397,HOXC13,34,0,ENSGALG00000036082,-1.7909840810701807,
ENSGALG00010028897,TMEM268,17,0,ENSGALG00000007186,-2.0651417657158313,-1.8268599556333325
ENSGALG00010022778,GDF11,34,0,ENSGALG00000036806,-2.4739433064216363,-3.647171982981733
ENSGALG00010020981,CIT,15,0,ENSGALG00000007354,-1.441324863240454,
ENSGALG00010025488,SLC4A8,34,0,ENSGALG00000031274,-1.7721124220399784,-4.711481594600951
ENSGALG00010020596,SUMF1,12,0,ENSGALG00000008286,-1.1220720684329284,-0.5935385566397258
ENSGALG00010017886,DDRGK1,4,0,ENSGALG00000016003;ENSGALG00000024497,-1.2040890271149505,
ENSGALG00010023788,RTCA,8,0,ENSGALG00000005277,0.06671982924574604,0.5680218832515925
ENSGALG00010027260,LEMD2,26,0,ENSGALG00000002870,-2.08414001520282,-1.3537827550768646
ENSGALG00010019534,PPP2R5A,3,0,ENSGALG00000009828,-0.5490918478554595,-1.1865536239702843
ENSGALG00010027605,FCHO1,28,0,ENSGALG00000037712,-2.959025130640691,-5.323822305820802
ENSGALG00010029306,CEP95,18,0,ENSGALG00000003540,-1.0591964048645224,-0.1759943805660477
ENSGALG00010026453,LASP1NB,27,0,ENSGALG00000051638,0.09657423131420051,
ENSGALG00010026443,UPB1,15,0,ENSGALG00000006627,-0.4275359569058927,0.3560957740282108
ENSGALG00010019016,PLEKHG5,21,0,ENSGALG00000027476,-3.295790516165991,-4.028622168316555
ENSGALG00010025846,GRIK4,24,0,ENSGALG00000006638,-2.1405952719127934,-2.688163963298412
ENSGALG00010028132,CACNA2D2,12,0,ENSGALG00000038242;ENSGALG00000017904,-1.8862088178850174,
ENSGALG00010018128,SEPTIN12,14,0,ENSGALG00000029027,-2.857682870063631,-2.736594340998976
ENSGALG00010027871,LRTM1,12,0,ENSGALG00000005404,-0.7244485482154376,
ENSGALG00010023974,PREX1,20,0,ENSGALG00000004621,-1.0567455242513484,-1.9406942245035217
ENSGALG00010029303,SLC26A11,18,0,ENSGALG00000007018,-2.2325322214404966,-4.02974265103702
ENSGALG00010028748,PIAS3,25,0,ENSGALG00000034042,-2.762862673696774,-4.791809196872142
ENSGALG00010022257,KCNK18,6,0,ENSGALG00000009265,0.07255930335036376,
ENSGALG00010023083,HARBI1,5,0,ENSGALG00000008354,-2.181048443641845,-1.72746260939529
ENSGALG00010027939,BSPRY,17,0,ENSGALG00000008861,-2.5570209674287496,-1.224274942912287
ENSGALG00010024890,SMARCC2,34,0,ENSGALG00000041592,-2.5143897762963654,-2.5269542444408506
ENSGALG00010023254,MYO3B,7,0,ENSGALG00000009602,-0.050396199326125046,
ENSGALG00010021738,PRDM11,5,0,ENSGALG00000008053;ENSGALG00000047879,-1.5293193295919159,
ENSGALG00010019743,KCNU1,22,0,ENSGALG00000045668,-1.0769028081479048,
ENSGALG00010021953,PITPNM1,5,0,ENSGALG00000047125;ENSGALG00000034939,-2.7303126679986396,
ENSGALG00010020226,C8orf4,22,0,ENSGALG00000024083,-1.4921560583862001,-1.8209541416265889
ENSGALG00010022144,SNTA1,20,0,ENSGALG00000029694,-2.3927651506917536,-3.2780222883030747
ENSGALG00010023215,TRIP12,9,0,ENSGALG00000002929,-0.8910233333663173,-0.7967663113592289
ENSGALG00010024878,RHPN2,11,0,ENSGALG00000004814;ENSGALG00000047293,-0.6005996840212615,
ENSGALG00010020166,HAPLN3,10,0,ENSGALG00000021135,-2.3287276196748534,-0.0298333940301816
ENSGALG00010025304,DDX28,11,0,ENSGALG00000048700,-2.291998479772955,
ENSGALG00010028592,SEMA6C,25,0,ENSGALG00000045312,-2.5098860900232682,-3.342474614793177
ENSGALG00010019825,BCL2A1,10,0,,0.07923659014714468,
ENSGALG00010020125,NAV2,5,0,ENSGALG00000003999;ENSGALG00000025793,-1.7770783623868662,
ENSGALG00010023134,KNL1,5,0,ENSGALG00000030367;ENSGALG00000045185,-0.7600185134929122,
ENSGALG00010021660,RNF223,21,0,ENSGALG00000023906,-2.6950037442723995,
ENSGALG00010017807,MRPL35,4,0,ENSGALG00000022950;ALDBGALG0000004230,-1.6213050064938486,
ENSGALG00010028565,PKN3,17,0,ENSGALG00000004689,-0.6737579924517316,-0.6378804467401642
ENSGALG00010021627,NCOA6,20,0,ENSGALG00000001182,-1.3370224637337949,-2.290320681415183
ENSGALG00010019648,PRDM16,21,0,INRAGALG00000102786;ENSGALG00000036728;ALDBGALG0000002999;ENSGALG00000051432;ENSGALG00000001078;ALDBGALG0000003000;INRAGALG00000008828;INRAGALG00000008830;ENSGALG00000001136,-1.9682391162261657,
ENSGALG00010017881,KCNK10,5,0,ENSGALG00000010598;ALDBGALG0000004814,-0.9981959734019785,
ENSGALG00010029926,KIAA0100,19,0,ENSGALG00000003766,-2.706676725430638,-3.4077988162741484
ENSGALG00010028904,TRIM32,17,0,ENSGALG00000034426,-1.7039325834619774,-0.4342271282698288
ENSGALG00010027905,SYN2,12,0,ENSGALG00000052061;ENSGALG00000004955,-1.3213970693702781,
ENSGALG00010019982,PLCE1,6,0,ENSGALG00000039528,-1.0363656130722103,
ENSGALG00010024858,SLC25A39,27,0,ENSGALG00000042894,-2.2815039384567735,-3.3503897002901413
ENSGALG00010025270,NDC1,8,0,ENSGALG00000031606,-0.9017825124805542,-0.7430469314785745
ENSGALG00010029148,RGL4,17,0,ENSGALG00000003412,-2.683152941274039,-3.3996469093047565
ENSGALG00010018919,RALB,7,0,ENSGALG00000026493,-0.5191978356590268,-0.2909753335633214
ENSGALG00010023485,BARX2,24,0,ENSGALG00000029382,-2.3523879732311603,
ENSGALG00010025949,GPATCH1,11,0,ENSGALG00000004839,-0.7024020931071893,-1.3762930959855733
ENSGALG00010018143,MRPL47,9,0,ENSGALG00000013759,-1.0670506065671144,-0.33670190634785
ENSGALG00010023201,ZNF280D,10,0,ENSGALG00000037723,-1.0898484202312013,-1.637812631144461
ENSGALG00010025195,P2RX7,15,0,ENSGALG00000003863,-0.5847266370243507,-0.1889735808544069
ENSGALG00010021720,CACNB1,27,0,ENSGALG00000025788,-2.645916597379428,-5.609759123162157
ENSGALG00010029738,TRPV2,19,0,INRAGALG00000006048;ENSGALG00000004509;ENSGALG00000004519,-0.922947134398838,
ENSGALG00010020104,BRAT1,14,0,ENSGALG00000004348,-1.7008959942713884,-3.238179801417553
ENSGALG00010024682,,34,0,,-2.146291760524369,
ENSGALG00010029536,BAZ1B,19,0,ENSGALG00000029408,-1.32260823146108,-1.3894283325474608
ENSGALG00010018063,DECR2,14,0,ENSGALG00000002683,-1.855631773874602,-1.444022849775593
ENSGALG00010019423,LYPD1,7,0,ENSGALG00000050403,-0.19044601694809316,
ENSGALG00010023694,PPCDC,10,0,ENSGALG00000001711,-1.8067153520080028,-1.3113873291067677
ENSGALG00010020666,TMCO4,21,0,ENSGALG00000004081,-1.0902714651727428,-1.4510869483775577
ENSGALG00010028483,EXD3,17,0,ENSGALG00000052646;INRAGALG00000005539,-1.7212248529780714,
ENSGALG00010024242,KMT2A,24,0,ENSGALG00000006818,-1.4189587583473187,-2.451282795737124
ENSGALG00010026403,GUCD1,15,0,ENSGALG00000006607;ENSGALG00000027040,-1.6426248056968293,
ENSGALG00010025919,RGS9BP,11,0,,-1.7869166637381806,
ENSGALG00010027650,CCDC124,28,0,ENSGALG00000037712,-2.0616152316514182,-5.323822305820802
ENSGALG00010021543,PLEKHD1,5,0,ENSGALG00000009431;INRAGALG00000013917,-2.586445921144046,
ENSGALG00010027747,TMEM81,26,0,INRAGALG00000009472;ENSGALG00000045530,-1.9178902133052187,
ENSGALG00010024525,GP1BB,15,0,ENSGALG00000021529,-1.482642198438975,-1.29956625445641
ENSGALG00010021447,OCSTAMP,20,0,ENSGALG00000044719,-2.047059779067307,
ENSGALG00010024419,PGAP3,27,0,ENSGALG00000022030,-1.7159767580028586,-2.3037192804164084
ENSGALG00010022151,PIP4K2B,27,0,ENSGALG00000031845;ENSGALG00000001610,-1.3856022202647449,
ENSGALG00010024663,ICE2,10,0,ENSGALG00000046000,-0.4616227062125104,-2.070807705446424
ENSGALG00010023244,PPIB,10,0,,-1.6275223350757593,
ENSGALG00010019676,NEUROD6,2,0,ENSGALG00000030287,-1.571265928379573,
ENSGALG00010020091,SUPT7L,3,0,INRAGALG00000010391;INRAGALG00000103250;ENSGALG00000010048,-2.273224164479331,
ENSGALG00010029445,SPHK1,18,0,ENSGALG00000023541,-2.1876798701283193,-3.306717757847472
ENSGALG00010023823,MUC2,5,0,,-0.9977104508453761,
ENSGALG00010022203,DNAAF5,14,0,INRAGALG00000004929;ENSGALG00000003684,-1.6834943713665833,
ENSGALG00010024482,USP3,10,0,ENSGALG00000003427;INRAGALG00000101111,-0.7795639949617925,
ENSGALG00010021172,SLC29A4,14,0,ALDBGALG0000001625;INRAGALG00000004978;INRAGALG00000004979;INRAGALG00000004980;ENSGALG00000010497,-1.9156881407585935,
ENSGALG00010018832,EEPD1,2,0,ENSGALG00000039983,-1.8605670786251816,-1.362840365251648
ENSGALG00010027600,KIRREL1,25,0,ENSGALG00000029528,-2.279830914550253,-3.861372495165365
ENSGALG00010021106,ITGB6,7,0,ENSGALG00000046842;ENSGALG00000011141,-1.0578541203513463,
ENSGALG00010029633,POLG2,18,0,ENSGALG00000003520,-1.6000456156377445,-2.977232377930019
ENSGALG00010028366,MRRF,17,0,ENSGALG00000001333,-1.4969364582335012,-0.6480849525369206
ENSGALG00010023437,KCNJ5,24,0,ENSGALG00000001181;NONGGAG003049,-1.215808359842478,
ENSGALG00010023358,COPZ1,34,0,ENSGALG00000043336;ENSGALG00000049214,-2.184477154151657,
ENSGALG00010018021,ATRN,4,0,ENSGALG00000016034;ENSGALG00000025428;ENSGALG00000052563,-1.063757789790361,
ENSGALG00010023140,CCAR1,6,0,ENSGALG00000004108;ENSGALG00000025283;ENSGALG00000049431,-1.0718652877095072,
ENSGALG00010022767,CACNB3,34,0,ENSGALG00000050887,-3.0954936177663193,
ENSGALG00010021074,TTC17,5,0,ENSGALG00000039558,-1.2299979434575268,-0.5844197842294486
ENSGALG00010028059,GZMM,28,0,ENSGALG00000015192;ENSGALG00000047233;ENSGALG00000048805,-2.9042638651387307,
ENSGALG00010023174,KCNQ2,20,0,ENSGALG00000037346;ENSGALG00000005822,-1.898989450140156,
ENSGALG00010021252,XPC,12,0,ENSGALG00000006357,-0.9523829330585427,-1.7165285147138534
ENSGALG00010018899,ACSS1A,3,0,NONGGAG003406;ENSGALG00000008632,-0.30694366508151794,
ENSGALG00010028744,HOMER3,28,0,ENSGALG00000003058;ENSGALG00000003074;ENSGALG00000043409,-2.143532157291899,
ENSGALG00010027787,DCP1A,12,0,ENSGALG00000041547,-1.5436025635519184,
ENSGALG00010027531,UFC1,25,0,,-2.591400197812793,
ENSGALG00010023476,SCAMP2,10,0,ENSGALG00000001689,-1.2270398773779299,-0.5408652470311737
ENSGALG00010026885,TULP1,26,0,ENSGALG00000031301,-1.7515161385026068,
ENSGALG00010020976,GDF10,6,0,ENSGALG00000005985,-1.2548409013112676,0.9646937459011664
ENSGALG00010020272,MTA3,3,0,ENSGALG00000009925;INRAGALG00000010303,-0.5022261549811688,
ENSGALG00010029791,GALK1,18,0,ENSGALG00000002311,-1.8189646476249295,-1.3554357243732706
ENSGALG00010023519,DGKG,9,0,ENSGALG00000005721,-2.459139296121117,
ENSGALG00010025587,LRRC56,5,0,ENSGALG00000041955;INRAGALG00000019365;NONGGAG006511,-2.0383109074970225,
ENSGALG00010023955,C1QL4,34,0,,-1.7149293676834438,
ENSGALG00010026422,P2RX3,5,0,ENSGALG00000040479,-2.5328841338043513,
ENSGALG00010022833,HRH3,20,0,ENSGALG00000005170;INRAGALG00000008629,-1.0911556322896758,
ENSGALG00010029163,ANKFY1,19,0,ENSGALG00000050216;ENSGALG00000001467;ENSGALG00000036797,-0.6221890770906517,
ENSGALG00010018379,SRBD1,3,0,ENSGALG00000009990,-0.32288822817700513,-0.6048081461629661
ENSGALG00010024956,VPS37B,15,0,ENSGALG00000003743,-1.5098865883318628,-1.684734522537648
ENSGALG00010025953,CCDC160,24,0,ENSGALG00000006673,-2.5375826125253016,
ENSGALG00010022751,SLC25A12,7,0,ENSGALG00000009545,0.10002772726675269,-0.6404691869066964
ENSGALG00010022227,TMEM80,5,0,ENSGALG00000053398;ENSGALG00000036056,-0.6419040259083801,
ENSGALG00010025882,LDHD,11,0,ENSGALG00000048399,-2.4216767604566596,
ENSGALG00010023518,METTL5,7,0,ENSGALG00000009676,-0.08193878069744742,0.2842937360378886
ENSGALG00010028134,INPP5E,17,0,ENSGALG00000001964,-1.5604176817478104,-3.3146740400047614
ENSGALG00010027929,CDK5RAP2,17,0,ENSGALG00000041102;ENSGALG00000048936;ENSGALG00000052726,-1.251478708698934,
ENSGALG00010025243,PAXIP1,2,0,ENSGALG00000036064,-1.510284151010017,-0.7364034455741238
ENSGALG00010021298,RPGRIP1L,11,0,ENSGALG00000003602,-0.7616427829538845,-0.9101437766174246
ENSGALG00010022455,C7orf50,14,0,ENSGALG00000004055,-1.9074432006454551,-0.8397708110576645
ENSGALG00010019355,ENTPD4,22,0,ENSGALG00000000390,-0.5372865698501272,-1.5349844989216297
ENSGALG00010028049,MAN1B1,17,0,ENSGALG00000037375,-1.0053364959310767,-2.274717257104072
ENSGALG00010024421,DAPK2,10,0,INRAGALG00000101018;INRAGALG00000101019;ENSGALG00000003336,-0.554727773665468,
ENSGALG00010020134,KCNK16,3,0,ENSGALG00000020049,-1.094157647692365,
ENSGALG00010023860,TRIP4,10,0,ENSGALG00000030672;ENSGALG00000027464,-2.0527943551527743,
ENSGALG00010021320,SLC6A6,12,0,ENSGALG00000006425;NONGGAG007975;ALDBGALG0000001395,-0.26335043686859994,
ENSGALG00010021493,UNC93B1,5,0,ENSGALG00000039347,-1.4666270994657151,
ENSGALG00010025743,SH2B3,15,0,ENSGALG00000004610,-2.634783622427261,-4.244123391442736
ENSGALG00010022157,EPS8L2,5,0,ENSGALG00000043025;ENSGALG00000054304,-1.7735217880308274,
ENSGALG00010022685,ATAD1,6,0,INRAGALG00000014757;ENSGALG00000003652,-0.5700343179752653,
ENSGALG00010017880,CDK13,2,0,ENSGALG00000043243;ENSGALG00000046769,-1.6877654212330495,
ENSGALG00010022308,OGFR,20,0,ENSGALG00000005609,-1.1988447091513188,-1.1792047321902284
ENSGALG00010019640,MGRN1,14,0,ENSGALG00000037492,-2.091354348142477,-1.198013619499124
ENSGALG00010029415,FOXN1,19,0,ENSGALG00000043868,-1.9262247509283528,
ENSGALG00010019585,PDE1C,2,0,ENSGALG00000039935,-0.8669624085498112,
ENSGALG00010025734,PLK3,8,0,ENSGALG00000010129,-2.120059567621801,-2.4837046611056848
ENSGALG00010027699,VANGL2,25,0,ENSGALG00000030643,-2.3968025542147755,
ENSGALG00010028044,GAMT,28,0,ENSGALG00000040182,-2.076343834086378,-0.4720078805384843
ENSGALG00010027752,SCAI,17,0,ENSGALG00000001037,-0.6512442520413148,-0.9418250323191246
ENSGALG00010025305,GPR182,34,0,ENSGALG00000042177;INRAGALG00000011947,-2.1780681526759826,
ENSGALG00010018215,CFAP70,14,0,ENSGALG00000002551,-1.520001978565639,-2.360991004846669
ENSGALG00010027193,CAMK1G,26,0,ENSGALG00000001319,-1.4865723583042425,
ENSGALG00010022220,PPP1R14D,5,0,ENSGALG00000051905,-2.151647477992308,
ENSGALG00010021069,PGAM5,15,0,ENSGALG00000002137,-1.7885714013129488,-0.8878650443079337
ENSGALG00010025869,FASTKD2,7,0,ENSGALG00000008529,-0.9455996526990676,-0.5291360888750589
ENSGALG00010029161,HNF1B,19,0,ENSGALG00000005504,-3.0094640683358964,-2.34432944413098
ENSGALG00010022033,RAPH1,7,0,INRAGALG00000015501;INRAGALG00000104805;INRAGALG00000104806;ENSGALG00000054939;ALDBGALG0000005152,-1.673254817254461,
ENSGALG00010027511,POLRMT,28,0,ENSGALG00000001377,-1.8329965186213095,-1.6185137262388474
ENSGALG00010022994,LIPC,10,0,ENSGALG00000004230,-0.20461798573775625,1.0324062597411567
ENSGALG00010025787,KCNE4,9,0,ENSGALG00000031350,-1.9825935199957918,-0.0605464291158733
ENSGALG00010020880,PXK,12,0,ENSGALG00000007052,-0.8693242650105275,-0.1950042941331025
ENSGALG00010029713,CPD,19,0,ENSGALG00000004295,-1.4065883042042273,-1.100570132142462
ENSGALG00010024664,DNAH10,15,0,ENSGALG00000043806,-0.34184604737616986,
ENSGALG00010025265,TRIM42,9,0,ENSGALG00000005286,-0.900057747013001,
ENSGALG00010025323,KLHDC8A,26,0,ENSGALG00000000684;NONGGAG003153;ENSGALG00000044191,-1.477959794671437,
ENSGALG00010024860,NEU4,9,0,ENSGALG00000006361,-2.4007738085429358,
ENSGALG00010026569,GNAZ,15,0,ENSGALG00000006719,-0.8437223773755188,-1.671619662371445
ENSGALG00010018427,PIGF,3,0,ENSGALG00000020057,-0.2978121596032216,0.0533787525633516
ENSGALG00010027577,ADORA3,26,0,ENSGALG00000001462,-0.556341216861957,-0.9312993611798828
ENSGALG00010025832,ENKD1,11,0,ENSGALG00000001204,-2.7913998797249833,-3.646366909043538
ENSGALG00010029613,SRRM3,19,0,ENSGALG00000054047;ENSGALG00000001932,-3.2510618738486214,
ENSGALG00010018557,TBCC,3,0,ENSGALG00000048103;INRAGALG00000010288,-3.591053629932935,
ENSGALG00010024528,TBX1,15,0,INRAGALG00000005203;INRAGALG00000005204;INRAGALG00000005205;INRAGALG00000005212;INRAGALG00000005213;INRAGALG00000005214;ENSGALG00000041182,-1.7874348844832968,
ENSGALG00010018395,MED12,4,0,ENSGALG00000036322,-1.9470899992425776,-3.0968713154418803
ENSGALG00010029241,STXBP4,18,0,ENSGALG00000003033;ENSGALG00000025478,-0.6808121580905127,
ENSGALG00010021338,PDIA5,7,0,ENSGALG00000011689,-0.1752729502654904,-0.1591011942732654
ENSGALG00010029504,GPR142,18,0,ENSGALG00000022536,-2.3141724962399453,
ENSGALG00010023200,VPS26A,6,0,ENSGALG00000004174,0.16855902745567442,1.1711293882787657
ENSGALG00010029572,,19,0,,-2.09427721812722,
ENSGALG00010025660,KIF2C,8,0,ENSGALG00000010120,-0.7856502626828851,-0.8109389998179211
ENSGALG00010025959,UROD,8,0,ENSGALG00000010219,-1.832817526839991,-1.5515083402211052
ENSGALG00010026305,ATP5G1,27,0,ENSGALG00000001330,-0.35615961846122035,0.3679594621504511
ENSGALG00010021036,E2F8,5,0,ENSGALG00000041299,-1.4605520833528574,-2.236866672046068
ENSGALG00010025338,FADD,5,0,ENSGALG00000007625,-1.1464645549556243,0.0489171178460022
ENSGALG00010022779,BSND,8,0,ENSGALG00000047448;ENSGALG00000043998,-2.8531169082654295,
ENSGALG00010025341,VPS26B,24,0,ENSGALG00000001521;ALDBGALG0000003136,-1.0262860676922074,
ENSGALG00010029404,SRR,19,0,ENSGALG00000003155,-1.3536185451044322,-1.7593862283332578
ENSGALG00010029305,SMTNL2,19,0,ENSGALG00000006069,-1.537360452108907,-2.558747063944559
ENSGALG00010024362,DHX8,27,0,ENSGALG00000032305,-0.7457297797619584,-0.466056874566045
ENSGALG00010018530,FAM161A,3,0,ENSGALG00000008810,-2.070276675290317,-2.6105597878323703
ENSGALG00010028471,TPGS1,28,0,ENSGALG00000026780,-2.4195022658830263,-1.5084969065094709
ENSGALG00010022359,ZZZ3,8,0,ENSGALG00000008988,-1.308227817515405,-1.3862872185662325
ENSGALG00010025736,KIF9,2,0,ENSGALG00000005517,-1.0103503916298489,-2.295842921150754
ENSGALG00010024488,ADGRG5,11,0,ENSGALG00000001149,-2.578806711830038,-2.5306012257470862
ENSGALG00010026112,ZFP91,5,0,ENSGALG00000007287,-2.291921594198353,-2.9060546839565027
ENSGALG00010022459,FGF6,1,0,ENSGALG00000017287,-0.07493017328489304,
ENSGALG00010019618,NPHP4,21,0,ENSGALG00000000966,-2.6987771949873363,-4.475345851804493
ENSGALG00010023888,CTH,8,0,ENSGALG00000011331,-0.467235005088798,0.5198588226084145
ENSGALG00010022718,C12orf43,15,0,ENSGALG00000049331;ENSGALG00000006965,-1.7824454822721756,
ENSGALG00010018458,SEMA5B,7,0,ENSGALG00000011686,-1.591138552078621,-1.7363939433728823
ENSGALG00010022266,COA3,27,0,ENSGALG00000034345,-2.462024841842666,-0.4219129492509325
ENSGALG00010021972,PISD,15,0,ENSGALG00000006872,-1.0070440274994783,0.1819742698918886
ENSGALG00010024845,FAM126B,7,0,ENSGALG00000020869;INRAGALG00000015461,-1.1505555454103082,
ENSGALG00010027534,KCNN3,25,0,ENSGALG00000041559;INRAGALG00000009395;ENSGALG00000030554,-2.6641912196555793,
ENSGALG00010022764,MFAP5,1,0,ENSGALG00000047320,-1.4753497132824243,
ENSGALG00010023190,SF3B3,11,0,ENSGALG00000002531;ENSGALG00000025493;ENSGALG00000025319,-1.188533773973201,
ENSGALG00010023750,FAM83D,20,0,,-1.7776969492122145,
ENSGALG00010029627,PEX12,19,0,ENSGALG00000002151,-1.6118757849705623,-0.6456634663296713
ENSGALG00010017937,PTPN21,5,0,ALDBGALG0000004815;ENSGALG00000010616,-0.7887614609944863,
ENSGALG00010028119,HYAL2,12,0,ENSGALG00000002138,-2.125921520075628,-2.239746966332108
ENSGALG00010028541,PLIN3,28,0,,-0.860866940226006,
ENSGALG00010021019,VSIG10,15,0,ENSGALG00000039903,-2.5339583834744492,-2.604543606054357
ENSGALG00010027045,MAPK13,26,0,ENSGALG00000030966;INRAGALG00000102984;ALDBGALG0000003213,-0.9040530869237698,
ENSGALG00010027745,BICD2,12,0,ENSGALG00000005249;ALDBGALG0000001446,-1.9804561426196434,
ENSGALG00010019008,HERPUD2,2,0,ENSGALG00000040364,-0.9174019854172031,-1.1846927006398205
ENSGALG00010022494,FHIP2A,6,0,ENSGALG00000031404,-0.9811250691849673,-0.5766514679074086
ENSGALG00010028566,ZDHHC12,17,0,ENSGALG00000050757,-1.1579815310905932,
ENSGALG00010028086,MATK,28,0,ENSGALG00000000736,-2.310790454586445,-2.614737282621657
ENSGALG00010018469,IGSF21,21,0,,-1.8261557061569142,
ENSGALG00010021740,PDLIM1,6,0,ENSGALG00000005422,-2.0545427702240806,-0.0587082652981285
ENSGALG00010025404,CERS6,7,0,ALDBGALG0000005311;ENSGALG00000010902;ENSGALG00000025244,-0.4291265321858603,
ENSGALG00010023623,OSBPL6,7,0,ENSGALG00000035757;ENSGALG00000009172,-0.88265575089417,
ENSGALG00010027184,MPND,28,0,ENSGALG00000054577,-2.6113459199594042,
ENSGALG00010023166,KDM2A,5,0,ENSGALG00000041953,-1.9872581784705523,-1.5015558202774328
ENSGALG00010021742,MATN4,20,0,ENSGALG00000004028,-2.146601133251361,
ENSGALG00010020236,SLC35G1,6,0,ENSGALG00000041456,0.4957393459017535,0.1209710748010931
ENSGALG00010021746,MTOR,21,0,ENSGALG00000003339;ENSGALG00000026126,-1.0653216285512916,
ENSGALG00010022581,TMEM125,8,0,ENSGALG00000053697,-3.1689318694486555,
ENSGALG00010019717,ZRANB3,7,0,INRAGALG00000015762;ENSGALG00000054624;ENSGALG00000012223,-0.7055696420514089,
ENSGALG00010023149,ADGRD1,15,0,ENSGALG00000002557,-0.5230275924536605,
ENSGALG00010022128,PLA2G3,15,0,,-1.9178148349749304,
ENSGALG00010028232,C9orf69,17,0,ENSGALG00000001728;ENSGALG00000032627,-1.2015802054931226,
ENSGALG00010026954,MFSD4A,26,0,ENSGALG00000000695,-1.4167682990538872,-1.6419536929678764
ENSGALG00010023227,RNPC3,8,0,ENSGALG00000005162,-0.7631722647970999,-0.8318541354684792
ENSGALG00010028614,GIPC3,28,0,,-2.334259456181144,
ENSGALG00010023328,TCEA2,20,0,ENSGALG00000005976,-1.4125121838379637,-2.650840495393727
ENSGALG00010025904,RPL10A,26,0,ENSGALG00000002644,-1.494932675656699,-1.4876164921718602
ENSGALG00010028473,CDC34,28,0,ENSGALG00000024332,-1.961213239774176,-0.4874649620974581
ENSGALG00010022226,FBRSL1,15,0,ENSGALG00000002205;NONGGAG008225;ENSGALG00000054877;ENSGALG00000050502;INRAGALG00000005225,-2.632769812308165,
ENSGALG00010021604,SPTB,5,0,ENSGALG00000036805,-2.7904133485342215,-5.41385078434867
ENSGALG00010028780,BARHL1,17,0,ENSGALG00000043217;ENSGALG00000029903,-3.2741075955508707,
ENSGALG00010029678,USH1G,18,0,ENSGALG00000038769,-1.8810094147397711,
ENSGALG00010027220,ANKRD24,28,0,ENSGALG00000001235,-3.152029506622261,
ENSGALG00010020340,DCAF5,5,0,ENSGALG00000009463,-1.7908268225872446,-0.8314385637183136
ENSGALG00010022848,SGIP1,8,0,ENSGALG00000011113,-2.012394641238977,
ENSGALG00010022983,PKN2,8,0,ENSGALG00000006237,-0.6636681745785821,-0.9017267044962024
ENSGALG00010023889,SAMD8,6,0,ENSGALG00000005004,-0.11794535566692821,-0.7877090303404206
ENSGALG00010023587,SLC12A3,11,0,ENSGALG00000002957,-1.844975889561227,
ENSGALG00010026287,NASP,8,0,ENSGALG00000010255,-0.7189581540431667,-0.5501579597770633
ENSGALG00010025674,GRB14,7,0,ENSGALG00000020703,-0.20959148573724629,-0.8441067832786875
ENSGALG00010024159,NLRX1,24,0,ENSGALG00000044053;ENSGALG00000037948,-2.6253099375958517,
ENSGALG00010026770,SCN1A,7,0,ALDBGALG0000005173;ENSGALG00000010943,-0.018523895054350814,
ENSGALG00010019707,SLC5A12,5,0,ENSGALG00000013304,0.15342870408664322,
ENSGALG00010028075,RAB25,25,0,ENSGALG00000037802;ENSGALG00000029812,-2.010750346774023,
ENSGALG00010022698,SEMA6D,10,0,ENSGALG00000050354;ENSGALG00000048482;ENSGALG00000046123;ENSGALG00000048589;ENSGALG00000050954;ENSGALG00000054372;ENSGALG00000030542;ENSGALG00000025506,-0.5322017220112449,
ENSGALG00010018915,DOCK5,22,0,ENSGALG00000000311;NONGGAG002940;NONGGAG002941,-0.9375503935986292,
ENSGALG00010028157,PRRC2B,17,0,INRAGALG00000005607;ENSGALG00000041505;ENSGALG00000025654,-2.002692983828763,
ENSGALG00010022733,PCCB,9,0,ENSGALG00000037238,-0.5351696507187385,-0.253625126144215
ENSGALG00010029218,RPL23A,19,0,,-0.1536014959601525,
ENSGALG00010029157,,19,0,,-1.554828620875873,
ENSGALG00010029812,SAP30BP,18,0,ENSGALG00000002415,-0.7414898677166383,0.209083461479287
ENSGALG00010022441,FICD,15,0,ENSGALG00000004858,-1.2830105536344,-0.9356806071234968
ENSGALG00010027714,SYPL2,26,0,ENSGALG00000032619,-1.4943688560004302,-3.335954185975541
ENSGALG00010020252,DMTN,22,0,ENSGALG00000053970;ENSGALG00000040807,-2.9713862948477705,
ENSGALG00010029307,SGSH,18,0,ENSGALG00000007027,-2.1858988218492486,-2.0452237887147318
ENSGALG00010019076,ESPN,21,0,ENSGALG00000000645;ENSGALG00000038532,-2.6107531339144976,
ENSGALG00010022314,DUSP13,6,0,ENSGALG00000005017,-1.313231696399614,-0.5511821132651784
ENSGALG00010018011,LIPA,6,0,ENSGALG00000006378,-0.001996232579378865,0.6036800389288931
ENSGALG00010028469,ACTL9,28,0,,-1.8518086798799798,
ENSGALG00010018051,GNPNAT1,5,0,ENSGALG00000012414,-0.3180351175129176,0.7956172547529929
ENSGALG00010021160,ZNF143,5,0,ENSGALG00000005787,-0.314990091758376,0.2348600331714002
ENSGALG00010021666,CCDC47,27,0,ENSGALG00000000564,-0.2597242263914137,0.0394639816386684
ENSGALG00010024498,CCDC102A,11,0,ENSGALG00000029999,-3.911740799661637,-4.080410685821112
ENSGALG00010021588,RNF25,7,0,ENSGALG00000011375,-2.5316283461793603,-1.7976561365166297
ENSGALG00010023704,ANKRD13C,8,0,ENSGALG00000047190;ENSGALG00000031210,-1.3239905845116664,
ENSGALG00010024238,ATF7,34,0,ENSGALG00000038648;ENSGALG00000039134;ENSGALG00000038523,-3.1117957602250246,
ENSGALG00010018860,AGTR2,4,0,INRAGALG00000012036;INRAGALG00000012037,-0.7592623930930158,
ENSGALG00010027553,FGF22,28,0,ENSGALG00000041822,-2.590196150398199,
ENSGALG00010023699,PPIG,7,0,ENSGALG00000009839,-1.6343827840299423,-0.9486947769132694
ENSGALG00010021240,SLK,6,0,ENSGALG00000008318,-1.1683165435964826,-1.402286733705664
ENSGALG00010019630,AJAP1,21,0,INRAGALG00000008820;INRAGALG00000008821;NONGGAG005602;ENSGALG00000027265,-2.747578220530903,
ENSGALG00010023115,RPLP2,5,0,ENSGALG00000034811;ENSGALG00000025270,0.22591535323054013,
ENSGALG00010020986,C3orf67,12,0,ENSGALG00000007168,-1.4993841020893475,-0.4694618179370869
ENSGALG00010028569,ZER1,17,0,ENSGALG00000004659,-1.8775983268807286,-1.2089712829167318
ENSGALG00010024025,CLCN1,1,0,ENSGALG00000014695,-0.84456585654083,
ENSGALG00010028127,MFSD12,28,0,ENSGALG00000000795,-2.0116044423342547,-1.834036186710408
ENSGALG00010021202,UROC1,12,0,ENSGALG00000006306;NONGGAG001257,-0.2097614463958284,
ENSGALG00010028043,NT5DC2,12,0,ENSGALG00000035596,-0.6771046383311441,-1.3990043175133755
ENSGALG00010019267,STARD5,10,0,ENSGALG00000021193,-0.963599034799345,-0.702995443528496
ENSGALG00010024632,IFITM10,5,0,ENSGALG00000006608;ENSGALG00000031657;ENSGALG00000051943,-2.0949388695258064,
ENSGALG00010025970,KLHL12,26,0,ENSGALG00000000518,-1.6519656666796334,-2.5909172414091337
ENSGALG00010027724,TTLL11,17,0,INRAGALG00000005651;ENSGALG00000001389;ENSGALG00000048457,-0.5212005170568061,
ENSGALG00010022668,CCDC172,6,0,,-0.6165776352077638,
ENSGALG00010029679,OTOP2,18,0,ENSGALG00000007791,-1.50279140690977,-0.1789894916466676
ENSGALG00010030108,LLGL2,18,0,ENSGALG00000008057,-1.3700197231184568,-0.9764937414354016
